algorithm,benchmark,seed,evaluations,best_value
evolution_strategy,rosenbrock,100,100,153556.77896098024
evolution_strategy,rosenbrock,100,200,144024.7091225442
evolution_strategy,rosenbrock,100,300,102551.46792086166
evolution_strategy,rosenbrock,100,400,74712.74555028287
evolution_strategy,rosenbrock,100,500,61836.86326558904
evolution_strategy,rosenbrock,100,600,48102.33888369083
evolution_strategy,rosenbrock,100,700,35736.770564204366
evolution_strategy,rosenbrock,100,800,22492.035087688044
evolution_strategy,rosenbrock,100,900,17696.970091021994
evolution_strategy,rosenbrock,100,1000,11522.429836825926
evolution_strategy,rosenbrock,100,1100,7094.814617121685
evolution_strategy,rosenbrock,100,1200,4677.867200203069
evolution_strategy,rosenbrock,100,1300,3128.611421033085
evolution_strategy,rosenbrock,100,1400,2849.8815445874534
evolution_strategy,rosenbrock,100,1500,2065.4895015054262
evolution_strategy,rosenbrock,100,1600,1672.3515239950696
evolution_strategy,rosenbrock,100,1700,1403.121372075192
evolution_strategy,rosenbrock,100,1800,809.3796540322636
evolution_strategy,rosenbrock,100,1900,809.3796540322636
evolution_strategy,rosenbrock,100,2000,348.5092155285283
evolution_strategy,rosenbrock,100,2100,348.5092155285283
evolution_strategy,rosenbrock,100,2200,348.5092155285283
evolution_strategy,rosenbrock,100,2300,348.5092155285283
evolution_strategy,rosenbrock,100,2400,270.26465161637566
evolution_strategy,rosenbrock,100,2500,270.26465161637566
evolution_strategy,rosenbrock,100,2600,178.0399375008489
evolution_strategy,rosenbrock,100,2700,172.7328051855003
evolution_strategy,rosenbrock,100,2800,172.7328051855003
evolution_strategy,rosenbrock,100,2900,167.20998490087473
evolution_strategy,rosenbrock,100,3000,167.20998490087473
evolution_strategy,rosenbrock,100,3100,167.20998490087473
evolution_strategy,rosenbrock,100,3200,164.88428876447557
evolution_strategy,rosenbrock,100,3300,164.88428876447557
evolution_strategy,rosenbrock,100,3400,164.88428876447557
evolution_strategy,rosenbrock,100,3500,140.20822422849878
evolution_strategy,rosenbrock,100,3600,140.20822422849878
evolution_strategy,rosenbrock,100,3700,140.20822422849878
evolution_strategy,rosenbrock,100,3800,140.20822422849878
evolution_strategy,rosenbrock,100,3900,140.20822422849878
evolution_strategy,rosenbrock,100,4000,140.20822422849878
evolution_strategy,rosenbrock,100,4100,137.72200577647789
evolution_strategy,rosenbrock,100,4200,137.72200577647789
evolution_strategy,rosenbrock,100,4300,137.72200577647789
evolution_strategy,rosenbrock,100,4400,137.72200577647789
evolution_strategy,rosenbrock,100,4500,137.72200577647789
evolution_strategy,rosenbrock,100,4600,137.72200577647789
evolution_strategy,rosenbrock,100,4700,137.72200577647789
evolution_strategy,rosenbrock,100,4800,137.72200577647789
evolution_strategy,rosenbrock,100,4900,137.72200577647789
evolution_strategy,rosenbrock,100,5000,137.72200577647789
evolution_strategy,rosenbrock,100,5100,137.72200577647789
evolution_strategy,rosenbrock,100,5200,134.6507557870211
evolution_strategy,rosenbrock,100,5300,134.6507557870211
evolution_strategy,rosenbrock,100,5400,134.6507557870211
evolution_strategy,rosenbrock,100,5500,134.6507557870211
evolution_strategy,rosenbrock,100,5600,134.6507557870211
evolution_strategy,rosenbrock,100,5700,134.6507557870211
evolution_strategy,rosenbrock,100,5800,134.6507557870211
evolution_strategy,rosenbrock,100,5900,134.6507557870211
evolution_strategy,rosenbrock,100,6000,134.6507557870211
evolution_strategy,rosenbrock,100,6100,134.6507557870211
evolution_strategy,rosenbrock,100,6200,134.6507557870211
evolution_strategy,rosenbrock,100,6300,134.6507557870211
evolution_strategy,rosenbrock,100,6400,134.6507557870211
evolution_strategy,rosenbrock,100,6500,134.6507557870211
evolution_strategy,rosenbrock,100,6600,134.6507557870211
evolution_strategy,rosenbrock,100,6700,124.55056027980139
evolution_strategy,rosenbrock,100,6800,124.55056027980139
evolution_strategy,rosenbrock,100,6900,124.55056027980139
evolution_strategy,rosenbrock,100,7000,124.55056027980139
evolution_strategy,rosenbrock,100,7100,124.55056027980139
evolution_strategy,rosenbrock,100,7200,124.55056027980139
evolution_strategy,rosenbrock,100,7300,93.58366368243775
evolution_strategy,rosenbrock,100,7400,93.58366368243775
evolution_strategy,rosenbrock,100,7500,75.04776514319649
evolution_strategy,rosenbrock,100,7600,75.04776514319649
evolution_strategy,rosenbrock,100,7700,72.20453485569023
evolution_strategy,rosenbrock,100,7800,65.47539821018879
evolution_strategy,rosenbrock,100,7900,29.340669142847904
evolution_strategy,rosenbrock,100,8000,29.340669142847904
evolution_strategy,rosenbrock,100,8100,29.340669142847904
evolution_strategy,rosenbrock,100,8200,29.340669142847904
evolution_strategy,rosenbrock,100,8300,29.340669142847904
evolution_strategy,rosenbrock,100,8400,29.340669142847904
evolution_strategy,rosenbrock,100,8500,21.17182994834811
evolution_strategy,rosenbrock,100,8600,21.17182994834811
evolution_strategy,rosenbrock,100,8700,21.17182994834811
evolution_strategy,rosenbrock,100,8800,21.17182994834811
evolution_strategy,rosenbrock,100,8900,21.17182994834811
evolution_strategy,rosenbrock,100,9000,21.17182994834811
evolution_strategy,rosenbrock,100,9100,21.17182994834811
evolution_strategy,rosenbrock,100,9200,21.17182994834811
evolution_strategy,rosenbrock,100,9300,21.17182994834811
evolution_strategy,rosenbrock,100,9400,21.17182994834811
evolution_strategy,rosenbrock,100,9500,21.17182994834811
evolution_strategy,rosenbrock,100,9600,21.17182994834811
evolution_strategy,rosenbrock,100,9700,21.17182994834811
evolution_strategy,rosenbrock,100,9800,21.17182994834811
evolution_strategy,rosenbrock,100,9900,21.17182994834811
evolution_strategy,rosenbrock,100,10000,21.17182994834811
evolution_strategy,rosenbrock,100,10100,21.17182994834811
evolution_strategy,rosenbrock,100,10200,21.17182994834811
evolution_strategy,rosenbrock,100,10300,21.17182994834811
evolution_strategy,rosenbrock,100,10400,21.17182994834811
evolution_strategy,rosenbrock,100,10500,21.17182994834811
evolution_strategy,rosenbrock,100,10600,21.17182994834811
evolution_strategy,rosenbrock,100,10700,21.17182994834811
evolution_strategy,rosenbrock,100,10800,21.17182994834811
evolution_strategy,rosenbrock,100,10900,21.17182994834811
evolution_strategy,rosenbrock,100,11000,21.17182994834811
evolution_strategy,rosenbrock,100,11100,21.17182994834811
evolution_strategy,rosenbrock,100,11200,21.17182994834811
evolution_strategy,rosenbrock,100,11300,21.17182994834811
evolution_strategy,rosenbrock,100,11400,21.17182994834811
evolution_strategy,rosenbrock,100,11500,21.17182994834811
evolution_strategy,rosenbrock,100,11600,21.17182994834811
evolution_strategy,rosenbrock,100,11700,21.17182994834811
evolution_strategy,rosenbrock,100,11800,21.17182994834811
evolution_strategy,rosenbrock,100,11900,21.17182994834811
evolution_strategy,rosenbrock,100,12000,21.17182994834811
evolution_strategy,rosenbrock,100,12100,21.17182994834811
evolution_strategy,rosenbrock,100,12200,21.17182994834811
evolution_strategy,rosenbrock,100,12300,21.17182994834811
evolution_strategy,rosenbrock,100,12400,21.17182994834811
evolution_strategy,rosenbrock,100,12500,21.17182994834811
evolution_strategy,rosenbrock,100,12600,21.17182994834811
evolution_strategy,rosenbrock,100,12700,21.17182994834811
evolution_strategy,rosenbrock,100,12800,21.17182994834811
evolution_strategy,rosenbrock,100,12900,21.17182994834811
evolution_strategy,rosenbrock,100,13000,21.17182994834811
evolution_strategy,rosenbrock,100,13100,21.17182994834811
evolution_strategy,rosenbrock,100,13200,21.17182994834811
evolution_strategy,rosenbrock,100,13300,21.17182994834811
evolution_strategy,rosenbrock,100,13400,21.17182994834811
evolution_strategy,rosenbrock,100,13500,21.17182994834811
evolution_strategy,rosenbrock,100,13600,21.17182994834811
evolution_strategy,rosenbrock,100,13700,21.17182994834811
evolution_strategy,rosenbrock,100,13800,21.17182994834811
evolution_strategy,rosenbrock,100,13900,21.17182994834811
evolution_strategy,rosenbrock,100,14000,21.17182994834811
evolution_strategy,rosenbrock,100,14100,21.17182994834811
evolution_strategy,rosenbrock,100,14200,21.17182994834811
evolution_strategy,rosenbrock,100,14300,21.17182994834811
evolution_strategy,rosenbrock,100,14400,21.17182994834811
evolution_strategy,rosenbrock,100,14500,21.17182994834811
evolution_strategy,rosenbrock,100,14600,21.17182994834811
evolution_strategy,rosenbrock,100,14700,21.17182994834811
evolution_strategy,rosenbrock,100,14800,21.17182994834811
evolution_strategy,rosenbrock,100,14900,21.17182994834811
evolution_strategy,rosenbrock,100,15000,21.17182994834811
evolution_strategy,rosenbrock,100,15100,21.17182994834811
evolution_strategy,rosenbrock,100,15200,21.17182994834811
evolution_strategy,rosenbrock,100,15300,21.17182994834811
evolution_strategy,rosenbrock,100,15400,21.17182994834811
evolution_strategy,rosenbrock,100,15500,21.17182994834811
evolution_strategy,rosenbrock,100,15600,21.17182994834811
evolution_strategy,rosenbrock,100,15700,21.17182994834811
evolution_strategy,rosenbrock,100,15800,21.17182994834811
evolution_strategy,rosenbrock,100,15900,21.17182994834811
evolution_strategy,rosenbrock,100,16000,21.17182994834811
evolution_strategy,rosenbrock,100,16100,21.17182994834811
evolution_strategy,rosenbrock,100,16200,21.17182994834811
evolution_strategy,rosenbrock,100,16300,21.17182994834811
evolution_strategy,rosenbrock,100,16400,21.17182994834811
evolution_strategy,rosenbrock,100,16500,21.17182994834811
evolution_strategy,rosenbrock,100,16600,21.17182994834811
evolution_strategy,rosenbrock,100,16700,21.17182994834811
evolution_strategy,rosenbrock,100,16800,21.17182994834811
evolution_strategy,rosenbrock,100,16900,21.17182994834811
evolution_strategy,rosenbrock,100,17000,21.17182994834811
evolution_strategy,rosenbrock,100,17100,21.17182994834811
evolution_strategy,rosenbrock,100,17200,21.17182994834811
evolution_strategy,rosenbrock,100,17300,21.17182994834811
evolution_strategy,rosenbrock,100,17400,21.17182994834811
evolution_strategy,rosenbrock,100,17500,21.17182994834811
evolution_strategy,rosenbrock,100,17600,21.17182994834811
evolution_strategy,rosenbrock,100,17700,21.17182994834811
evolution_strategy,rosenbrock,100,17800,21.17182994834811
evolution_strategy,rosenbrock,100,17900,21.17182994834811
evolution_strategy,rosenbrock,100,18000,21.17182994834811
evolution_strategy,rosenbrock,100,18100,21.17182994834811
evolution_strategy,rosenbrock,100,18200,21.17182994834811
evolution_strategy,rosenbrock,100,18300,21.17182994834811
evolution_strategy,rosenbrock,100,18400,21.17182994834811
evolution_strategy,rosenbrock,100,18500,21.17182994834811
evolution_strategy,rosenbrock,100,18600,21.17182994834811
evolution_strategy,rosenbrock,100,18700,21.17182994834811
evolution_strategy,rosenbrock,100,18800,21.17182994834811
evolution_strategy,rosenbrock,100,18900,21.17182994834811
evolution_strategy,rosenbrock,100,19000,21.17182994834811
evolution_strategy,rosenbrock,100,19100,21.17182994834811
evolution_strategy,rosenbrock,100,19200,21.17182994834811
evolution_strategy,rosenbrock,100,19300,21.17182994834811
evolution_strategy,rosenbrock,100,19400,21.17182994834811
evolution_strategy,rosenbrock,100,19500,21.17182994834811
evolution_strategy,rosenbrock,100,19600,21.17182994834811
evolution_strategy,rosenbrock,100,19700,21.17182994834811
evolution_strategy,rosenbrock,100,19800,21.17182994834811
evolution_strategy,rosenbrock,100,19900,21.17182994834811
evolution_strategy,rosenbrock,100,20000,21.17182994834811
evolution_strategy,rosenbrock,101,100,164048.62965726934
evolution_strategy,rosenbrock,101,200,143500.11039831617
evolution_strategy,rosenbrock,101,300,107326.70975585496
evolution_strategy,rosenbrock,101,400,86396.78781870191
evolution_strategy,rosenbrock,101,500,74569.38403974021
evolution_strategy,rosenbrock,101,600,59934.257409881284
evolution_strategy,rosenbrock,101,700,45411.18849964256
evolution_strategy,rosenbrock,101,800,36896.743538428855
evolution_strategy,rosenbrock,101,900,27242.323893469053
evolution_strategy,rosenbrock,101,1000,23379.959507864405
evolution_strategy,rosenbrock,101,1100,19667.708870026938
evolution_strategy,rosenbrock,101,1200,13623.360288643154
evolution_strategy,rosenbrock,101,1300,11855.038196253154
evolution_strategy,rosenbrock,101,1400,8324.757110317169
evolution_strategy,rosenbrock,101,1500,5623.7524892860865
evolution_strategy,rosenbrock,101,1600,4749.085350222645
evolution_strategy,rosenbrock,101,1700,3198.576117181564
evolution_strategy,rosenbrock,101,1800,1990.0286518034025
evolution_strategy,rosenbrock,101,1900,1623.172047456204
evolution_strategy,rosenbrock,101,2000,1036.2352090211066
evolution_strategy,rosenbrock,101,2100,656.213542652858
evolution_strategy,rosenbrock,101,2200,502.63866301648636
evolution_strategy,rosenbrock,101,2300,279.17975083246563
evolution_strategy,rosenbrock,101,2400,234.72062954795922
evolution_strategy,rosenbrock,101,2500,145.27924379273335
evolution_strategy,rosenbrock,101,2600,145.27924379273335
evolution_strategy,rosenbrock,101,2700,137.9892105162349
evolution_strategy,rosenbrock,101,2800,91.30514520758115
evolution_strategy,rosenbrock,101,2900,91.30514520758115
evolution_strategy,rosenbrock,101,3000,46.393570907263744
evolution_strategy,rosenbrock,101,3100,46.393570907263744
evolution_strategy,rosenbrock,101,3200,46.393570907263744
evolution_strategy,rosenbrock,101,3300,46.393570907263744
evolution_strategy,rosenbrock,101,3400,46.393570907263744
evolution_strategy,rosenbrock,101,3500,46.393570907263744
evolution_strategy,rosenbrock,101,3600,37.01137900508516
evolution_strategy,rosenbrock,101,3700,37.01137900508516
evolution_strategy,rosenbrock,101,3800,37.01137900508516
evolution_strategy,rosenbrock,101,3900,37.01137900508516
evolution_strategy,rosenbrock,101,4000,37.01137900508516
evolution_strategy,rosenbrock,101,4100,37.01137900508516
evolution_strategy,rosenbrock,101,4200,37.01137900508516
evolution_strategy,rosenbrock,101,4300,37.01137900508516
evolution_strategy,rosenbrock,101,4400,37.01137900508516
evolution_strategy,rosenbrock,101,4500,37.01137900508516
evolution_strategy,rosenbrock,101,4600,37.01137900508516
evolution_strategy,rosenbrock,101,4700,37.01137900508516
evolution_strategy,rosenbrock,101,4800,36.23036757408544
evolution_strategy,rosenbrock,101,4900,36.23036757408544
evolution_strategy,rosenbrock,101,5000,36.23036757408544
evolution_strategy,rosenbrock,101,5100,36.23036757408544
evolution_strategy,rosenbrock,101,5200,36.23036757408544
evolution_strategy,rosenbrock,101,5300,35.23917671091031
evolution_strategy,rosenbrock,101,5400,35.23917671091031
evolution_strategy,rosenbrock,101,5500,35.23917671091031
evolution_strategy,rosenbrock,101,5600,31.279240336479845
evolution_strategy,rosenbrock,101,5700,31.279240336479845
evolution_strategy,rosenbrock,101,5800,26.591468421964194
evolution_strategy,rosenbrock,101,5900,26.591468421964194
evolution_strategy,rosenbrock,101,6000,26.591468421964194
evolution_strategy,rosenbrock,101,6100,26.591468421964194
evolution_strategy,rosenbrock,101,6200,26.591468421964194
evolution_strategy,rosenbrock,101,6300,26.591468421964194
evolution_strategy,rosenbrock,101,6400,26.591468421964194
evolution_strategy,rosenbrock,101,6500,26.591468421964194
evolution_strategy,rosenbrock,101,6600,26.591468421964194
evolution_strategy,rosenbrock,101,6700,26.591468421964194
evolution_strategy,rosenbrock,101,6800,26.591468421964194
evolution_strategy,rosenbrock,101,6900,26.591468421964194
evolution_strategy,rosenbrock,101,7000,26.591468421964194
evolution_strategy,rosenbrock,101,7100,26.591468421964194
evolution_strategy,rosenbrock,101,7200,26.591468421964194
evolution_strategy,rosenbrock,101,7300,26.591468421964194
evolution_strategy,rosenbrock,101,7400,26.591468421964194
evolution_strategy,rosenbrock,101,7500,26.591468421964194
evolution_strategy,rosenbrock,101,7600,26.591468421964194
evolution_strategy,rosenbrock,101,7700,26.591468421964194
evolution_strategy,rosenbrock,101,7800,26.591468421964194
evolution_strategy,rosenbrock,101,7900,26.591468421964194
evolution_strategy,rosenbrock,101,8000,26.591468421964194
evolution_strategy,rosenbrock,101,8100,26.591468421964194
evolution_strategy,rosenbrock,101,8200,26.591468421964194
evolution_strategy,rosenbrock,101,8300,26.591468421964194
evolution_strategy,rosenbrock,101,8400,26.591468421964194
evolution_strategy,rosenbrock,101,8500,26.591468421964194
evolution_strategy,rosenbrock,101,8600,26.591468421964194
evolution_strategy,rosenbrock,101,8700,26.591468421964194
evolution_strategy,rosenbrock,101,8800,26.591468421964194
evolution_strategy,rosenbrock,101,8900,26.506343400198332
evolution_strategy,rosenbrock,101,9000,26.506343400198332
evolution_strategy,rosenbrock,101,9100,26.506343400198332
evolution_strategy,rosenbrock,101,9200,26.506343400198332
evolution_strategy,rosenbrock,101,9300,26.506343400198332
evolution_strategy,rosenbrock,101,9400,26.506343400198332
evolution_strategy,rosenbrock,101,9500,26.506343400198332
evolution_strategy,rosenbrock,101,9600,26.506343400198332
evolution_strategy,rosenbrock,101,9700,26.506343400198332
evolution_strategy,rosenbrock,101,9800,26.506343400198332
evolution_strategy,rosenbrock,101,9900,26.506343400198332
evolution_strategy,rosenbrock,101,10000,26.506343400198332
evolution_strategy,rosenbrock,101,10100,26.506343400198332
evolution_strategy,rosenbrock,101,10200,26.506343400198332
evolution_strategy,rosenbrock,101,10300,26.506343400198332
evolution_strategy,rosenbrock,101,10400,26.506343400198332
evolution_strategy,rosenbrock,101,10500,26.506343400198332
evolution_strategy,rosenbrock,101,10600,26.506343400198332
evolution_strategy,rosenbrock,101,10700,26.506343400198332
evolution_strategy,rosenbrock,101,10800,26.506343400198332
evolution_strategy,rosenbrock,101,10900,26.506343400198332
evolution_strategy,rosenbrock,101,11000,26.506343400198332
evolution_strategy,rosenbrock,101,11100,26.506343400198332
evolution_strategy,rosenbrock,101,11200,26.506343400198332
evolution_strategy,rosenbrock,101,11300,26.506343400198332
evolution_strategy,rosenbrock,101,11400,26.506343400198332
evolution_strategy,rosenbrock,101,11500,26.506343400198332
evolution_strategy,rosenbrock,101,11600,26.506343400198332
evolution_strategy,rosenbrock,101,11700,26.506343400198332
evolution_strategy,rosenbrock,101,11800,26.506343400198332
evolution_strategy,rosenbrock,101,11900,26.506343400198332
evolution_strategy,rosenbrock,101,12000,26.506343400198332
evolution_strategy,rosenbrock,101,12100,26.506343400198332
evolution_strategy,rosenbrock,101,12200,26.506343400198332
evolution_strategy,rosenbrock,101,12300,26.506343400198332
evolution_strategy,rosenbrock,101,12400,26.506343400198332
evolution_strategy,rosenbrock,101,12500,26.506343400198332
evolution_strategy,rosenbrock,101,12600,26.506343400198332
evolution_strategy,rosenbrock,101,12700,26.506343400198332
evolution_strategy,rosenbrock,101,12800,26.506343400198332
evolution_strategy,rosenbrock,101,12900,26.506343400198332
evolution_strategy,rosenbrock,101,13000,26.506343400198332
evolution_strategy,rosenbrock,101,13100,26.506343400198332
evolution_strategy,rosenbrock,101,13200,26.506343400198332
evolution_strategy,rosenbrock,101,13300,26.506343400198332
evolution_strategy,rosenbrock,101,13400,22.558086279961973
evolution_strategy,rosenbrock,101,13500,22.558086279961973
evolution_strategy,rosenbrock,101,13600,22.558086279961973
evolution_strategy,rosenbrock,101,13700,22.558086279961973
evolution_strategy,rosenbrock,101,13800,22.558086279961973
evolution_strategy,rosenbrock,101,13900,22.558086279961973
evolution_strategy,rosenbrock,101,14000,22.558086279961973
evolution_strategy,rosenbrock,101,14100,22.558086279961973
evolution_strategy,rosenbrock,101,14200,22.558086279961973
evolution_strategy,rosenbrock,101,14300,22.558086279961973
evolution_strategy,rosenbrock,101,14400,22.558086279961973
evolution_strategy,rosenbrock,101,14500,22.558086279961973
evolution_strategy,rosenbrock,101,14600,22.558086279961973
evolution_strategy,rosenbrock,101,14700,22.558086279961973
evolution_strategy,rosenbrock,101,14800,22.558086279961973
evolution_strategy,rosenbrock,101,14900,22.558086279961973
evolution_strategy,rosenbrock,101,15000,22.558086279961973
evolution_strategy,rosenbrock,101,15100,22.558086279961973
evolution_strategy,rosenbrock,101,15200,22.558086279961973
evolution_strategy,rosenbrock,101,15300,22.558086279961973
evolution_strategy,rosenbrock,101,15400,22.558086279961973
evolution_strategy,rosenbrock,101,15500,22.558086279961973
evolution_strategy,rosenbrock,101,15600,22.558086279961973
evolution_strategy,rosenbrock,101,15700,22.558086279961973
evolution_strategy,rosenbrock,101,15800,22.558086279961973
evolution_strategy,rosenbrock,101,15900,22.558086279961973
evolution_strategy,rosenbrock,101,16000,22.558086279961973
evolution_strategy,rosenbrock,101,16100,22.558086279961973
evolution_strategy,rosenbrock,101,16200,22.558086279961973
evolution_strategy,rosenbrock,101,16300,22.558086279961973
evolution_strategy,rosenbrock,101,16400,22.558086279961973
evolution_strategy,rosenbrock,101,16500,22.558086279961973
evolution_strategy,rosenbrock,101,16600,22.558086279961973
evolution_strategy,rosenbrock,101,16700,22.558086279961973
evolution_strategy,rosenbrock,101,16800,22.558086279961973
evolution_strategy,rosenbrock,101,16900,22.558086279961973
evolution_strategy,rosenbrock,101,17000,22.558086279961973
evolution_strategy,rosenbrock,101,17100,22.558086279961973
evolution_strategy,rosenbrock,101,17200,22.558086279961973
evolution_strategy,rosenbrock,101,17300,22.558086279961973
evolution_strategy,rosenbrock,101,17400,22.558086279961973
evolution_strategy,rosenbrock,101,17500,22.558086279961973
evolution_strategy,rosenbrock,101,17600,22.558086279961973
evolution_strategy,rosenbrock,101,17700,22.558086279961973
evolution_strategy,rosenbrock,101,17800,22.558086279961973
evolution_strategy,rosenbrock,101,17900,22.558086279961973
evolution_strategy,rosenbrock,101,18000,22.558086279961973
evolution_strategy,rosenbrock,101,18100,22.558086279961973
evolution_strategy,rosenbrock,101,18200,22.558086279961973
evolution_strategy,rosenbrock,101,18300,22.558086279961973
evolution_strategy,rosenbrock,101,18400,22.558086279961973
evolution_strategy,rosenbrock,101,18500,22.558086279961973
evolution_strategy,rosenbrock,101,18600,22.558086279961973
evolution_strategy,rosenbrock,101,18700,22.558086279961973
evolution_strategy,rosenbrock,101,18800,22.558086279961973
evolution_strategy,rosenbrock,101,18900,22.558086279961973
evolution_strategy,rosenbrock,101,19000,22.558086279961973
evolution_strategy,rosenbrock,101,19100,22.558086279961973
evolution_strategy,rosenbrock,101,19200,22.558086279961973
evolution_strategy,rosenbrock,101,19300,22.558086279961973
evolution_strategy,rosenbrock,101,19400,22.558086279961973
evolution_strategy,rosenbrock,101,19500,22.558086279961973
evolution_strategy,rosenbrock,101,19600,22.558086279961973
evolution_strategy,rosenbrock,101,19700,22.558086279961973
evolution_strategy,rosenbrock,101,19800,22.558086279961973
evolution_strategy,rosenbrock,101,19900,22.558086279961973
evolution_strategy,rosenbrock,101,20000,22.558086279961973
evolution_strategy,rosenbrock,102,100,41214.6946431564
evolution_strategy,rosenbrock,102,200,39480.75205745849
evolution_strategy,rosenbrock,102,300,38897.54623252167
evolution_strategy,rosenbrock,102,400,29066.425356892803
evolution_strategy,rosenbrock,102,500,22769.056928461665
evolution_strategy,rosenbrock,102,600,20544.882199269847
evolution_strategy,rosenbrock,102,700,13707.492295511052
evolution_strategy,rosenbrock,102,800,10756.82828443054
evolution_strategy,rosenbrock,102,900,7142.872419068337
evolution_strategy,rosenbrock,102,1000,6231.612804428551
evolution_strategy,rosenbrock,102,1100,4245.408580692369
evolution_strategy,rosenbrock,102,1200,2481.6854596606686
evolution_strategy,rosenbrock,102,1300,2321.451405116499
evolution_strategy,rosenbrock,102,1400,1352.3736123589679
evolution_strategy,rosenbrock,102,1500,742.2909997930927
evolution_strategy,rosenbrock,102,1600,445.68130836070463
evolution_strategy,rosenbrock,102,1700,301.12612213527905
evolution_strategy,rosenbrock,102,1800,196.33836596924573
evolution_strategy,rosenbrock,102,1900,110.09201798643065
evolution_strategy,rosenbrock,102,2000,96.61805801451405
evolution_strategy,rosenbrock,102,2100,96.61805801451405
evolution_strategy,rosenbrock,102,2200,96.61805801451405
evolution_strategy,rosenbrock,102,2300,81.05271490483976
evolution_strategy,rosenbrock,102,2400,39.413950499686614
evolution_strategy,rosenbrock,102,2500,39.413950499686614
evolution_strategy,rosenbrock,102,2600,39.413950499686614
evolution_strategy,rosenbrock,102,2700,39.413950499686614
evolution_strategy,rosenbrock,102,2800,39.413950499686614
evolution_strategy,rosenbrock,102,2900,39.413950499686614
evolution_strategy,rosenbrock,102,3000,39.413950499686614
evolution_strategy,rosenbrock,102,3100,39.413950499686614
evolution_strategy,rosenbrock,102,3200,39.413950499686614
evolution_strategy,rosenbrock,102,3300,39.413950499686614
evolution_strategy,rosenbrock,102,3400,39.413950499686614
evolution_strategy,rosenbrock,102,3500,39.413950499686614
evolution_strategy,rosenbrock,102,3600,39.413950499686614
evolution_strategy,rosenbrock,102,3700,39.413950499686614
evolution_strategy,rosenbrock,102,3800,39.413950499686614
evolution_strategy,rosenbrock,102,3900,39.413950499686614
evolution_strategy,rosenbrock,102,4000,39.413950499686614
evolution_strategy,rosenbrock,102,4100,39.413950499686614
evolution_strategy,rosenbrock,102,4200,39.413950499686614
evolution_strategy,rosenbrock,102,4300,39.413950499686614
evolution_strategy,rosenbrock,102,4400,39.413950499686614
evolution_strategy,rosenbrock,102,4500,39.413950499686614
evolution_strategy,rosenbrock,102,4600,39.413950499686614
evolution_strategy,rosenbrock,102,4700,39.413950499686614
evolution_strategy,rosenbrock,102,4800,39.413950499686614
evolution_strategy,rosenbrock,102,4900,39.413950499686614
evolution_strategy,rosenbrock,102,5000,39.413950499686614
evolution_strategy,rosenbrock,102,5100,39.413950499686614
evolution_strategy,rosenbrock,102,5200,38.57271532580997
evolution_strategy,rosenbrock,102,5300,38.57271532580997
evolution_strategy,rosenbrock,102,5400,38.57271532580997
evolution_strategy,rosenbrock,102,5500,38.57271532580997
evolution_strategy,rosenbrock,102,5600,38.57271532580997
evolution_strategy,rosenbrock,102,5700,38.57271532580997
evolution_strategy,rosenbrock,102,5800,38.57271532580997
evolution_strategy,rosenbrock,102,5900,38.52687859805931
evolution_strategy,rosenbrock,102,6000,38.52687859805931
evolution_strategy,rosenbrock,102,6100,38.52687859805931
evolution_strategy,rosenbrock,102,6200,38.52687859805931
evolution_strategy,rosenbrock,102,6300,38.52687859805931
evolution_strategy,rosenbrock,102,6400,38.52687859805931
evolution_strategy,rosenbrock,102,6500,38.52687859805931
evolution_strategy,rosenbrock,102,6600,38.52687859805931
evolution_strategy,rosenbrock,102,6700,33.91394376390375
evolution_strategy,rosenbrock,102,6800,33.91394376390375
evolution_strategy,rosenbrock,102,6900,33.91394376390375
evolution_strategy,rosenbrock,102,7000,33.91394376390375
evolution_strategy,rosenbrock,102,7100,33.91394376390375
evolution_strategy,rosenbrock,102,7200,33.91394376390375
evolution_strategy,rosenbrock,102,7300,33.91394376390375
evolution_strategy,rosenbrock,102,7400,33.91394376390375
evolution_strategy,rosenbrock,102,7500,33.91394376390375
evolution_strategy,rosenbrock,102,7600,33.91394376390375
evolution_strategy,rosenbrock,102,7700,33.91394376390375
evolution_strategy,rosenbrock,102,7800,33.91394376390375
evolution_strategy,rosenbrock,102,7900,33.91394376390375
evolution_strategy,rosenbrock,102,8000,33.91394376390375
evolution_strategy,rosenbrock,102,8100,33.91394376390375
evolution_strategy,rosenbrock,102,8200,25.34296981937839
evolution_strategy,rosenbrock,102,8300,25.34296981937839
evolution_strategy,rosenbrock,102,8400,25.34296981937839
evolution_strategy,rosenbrock,102,8500,25.34296981937839
evolution_strategy,rosenbrock,102,8600,25.34296981937839
evolution_strategy,rosenbrock,102,8700,25.34296981937839
evolution_strategy,rosenbrock,102,8800,25.34296981937839
evolution_strategy,rosenbrock,102,8900,25.34296981937839
evolution_strategy,rosenbrock,102,9000,25.34296981937839
evolution_strategy,rosenbrock,102,9100,25.34296981937839
evolution_strategy,rosenbrock,102,9200,25.34296981937839
evolution_strategy,rosenbrock,102,9300,25.34296981937839
evolution_strategy,rosenbrock,102,9400,25.34296981937839
evolution_strategy,rosenbrock,102,9500,25.34296981937839
evolution_strategy,rosenbrock,102,9600,25.34296981937839
evolution_strategy,rosenbrock,102,9700,25.34296981937839
evolution_strategy,rosenbrock,102,9800,25.34296981937839
evolution_strategy,rosenbrock,102,9900,25.34296981937839
evolution_strategy,rosenbrock,102,10000,25.34296981937839
evolution_strategy,rosenbrock,102,10100,25.34296981937839
evolution_strategy,rosenbrock,102,10200,25.34296981937839
evolution_strategy,rosenbrock,102,10300,25.34296981937839
evolution_strategy,rosenbrock,102,10400,25.34296981937839
evolution_strategy,rosenbrock,102,10500,25.34296981937839
evolution_strategy,rosenbrock,102,10600,25.34296981937839
evolution_strategy,rosenbrock,102,10700,25.34296981937839
evolution_strategy,rosenbrock,102,10800,25.34296981937839
evolution_strategy,rosenbrock,102,10900,25.34296981937839
evolution_strategy,rosenbrock,102,11000,25.34296981937839
evolution_strategy,rosenbrock,102,11100,25.34296981937839
evolution_strategy,rosenbrock,102,11200,25.34296981937839
evolution_strategy,rosenbrock,102,11300,25.34296981937839
evolution_strategy,rosenbrock,102,11400,25.34296981937839
evolution_strategy,rosenbrock,102,11500,25.34296981937839
evolution_strategy,rosenbrock,102,11600,25.34296981937839
evolution_strategy,rosenbrock,102,11700,25.34296981937839
evolution_strategy,rosenbrock,102,11800,25.34296981937839
evolution_strategy,rosenbrock,102,11900,25.34296981937839
evolution_strategy,rosenbrock,102,12000,25.34296981937839
evolution_strategy,rosenbrock,102,12100,25.34296981937839
evolution_strategy,rosenbrock,102,12200,25.34296981937839
evolution_strategy,rosenbrock,102,12300,25.34296981937839
evolution_strategy,rosenbrock,102,12400,25.34296981937839
evolution_strategy,rosenbrock,102,12500,25.34296981937839
evolution_strategy,rosenbrock,102,12600,25.34296981937839
evolution_strategy,rosenbrock,102,12700,25.34296981937839
evolution_strategy,rosenbrock,102,12800,25.34296981937839
evolution_strategy,rosenbrock,102,12900,25.34296981937839
evolution_strategy,rosenbrock,102,13000,25.34296981937839
evolution_strategy,rosenbrock,102,13100,25.34296981937839
evolution_strategy,rosenbrock,102,13200,25.34296981937839
evolution_strategy,rosenbrock,102,13300,25.34296981937839
evolution_strategy,rosenbrock,102,13400,25.34296981937839
evolution_strategy,rosenbrock,102,13500,25.34296981937839
evolution_strategy,rosenbrock,102,13600,25.34296981937839
evolution_strategy,rosenbrock,102,13700,25.34296981937839
evolution_strategy,rosenbrock,102,13800,25.34296981937839
evolution_strategy,rosenbrock,102,13900,25.34296981937839
evolution_strategy,rosenbrock,102,14000,25.34296981937839
evolution_strategy,rosenbrock,102,14100,25.34296981937839
evolution_strategy,rosenbrock,102,14200,25.34296981937839
evolution_strategy,rosenbrock,102,14300,25.255281621516133
evolution_strategy,rosenbrock,102,14400,25.255281621516133
evolution_strategy,rosenbrock,102,14500,25.255281621516133
evolution_strategy,rosenbrock,102,14600,25.255281621516133
evolution_strategy,rosenbrock,102,14700,25.255281621516133
evolution_strategy,rosenbrock,102,14800,25.255281621516133
evolution_strategy,rosenbrock,102,14900,25.255281621516133
evolution_strategy,rosenbrock,102,15000,25.255281621516133
evolution_strategy,rosenbrock,102,15100,25.255281621516133
evolution_strategy,rosenbrock,102,15200,25.255281621516133
evolution_strategy,rosenbrock,102,15300,25.255281621516133
evolution_strategy,rosenbrock,102,15400,25.255281621516133
evolution_strategy,rosenbrock,102,15500,25.255281621516133
evolution_strategy,rosenbrock,102,15600,25.255281621516133
evolution_strategy,rosenbrock,102,15700,25.255281621516133
evolution_strategy,rosenbrock,102,15800,25.255281621516133
evolution_strategy,rosenbrock,102,15900,25.255281621516133
evolution_strategy,rosenbrock,102,16000,25.255281621516133
evolution_strategy,rosenbrock,102,16100,25.255281621516133
evolution_strategy,rosenbrock,102,16200,25.255281621516133
evolution_strategy,rosenbrock,102,16300,25.255281621516133
evolution_strategy,rosenbrock,102,16400,25.255281621516133
evolution_strategy,rosenbrock,102,16500,25.255281621516133
evolution_strategy,rosenbrock,102,16600,25.255281621516133
evolution_strategy,rosenbrock,102,16700,25.255281621516133
evolution_strategy,rosenbrock,102,16800,25.255281621516133
evolution_strategy,rosenbrock,102,16900,25.255281621516133
evolution_strategy,rosenbrock,102,17000,25.255281621516133
evolution_strategy,rosenbrock,102,17100,25.255281621516133
evolution_strategy,rosenbrock,102,17200,25.255281621516133
evolution_strategy,rosenbrock,102,17300,25.255281621516133
evolution_strategy,rosenbrock,102,17400,25.255281621516133
evolution_strategy,rosenbrock,102,17500,25.255281621516133
evolution_strategy,rosenbrock,102,17600,25.255281621516133
evolution_strategy,rosenbrock,102,17700,25.255281621516133
evolution_strategy,rosenbrock,102,17800,25.255281621516133
evolution_strategy,rosenbrock,102,17900,25.255281621516133
evolution_strategy,rosenbrock,102,18000,25.255281621516133
evolution_strategy,rosenbrock,102,18100,25.255281621516133
evolution_strategy,rosenbrock,102,18200,25.255281621516133
evolution_strategy,rosenbrock,102,18300,25.255281621516133
evolution_strategy,rosenbrock,102,18400,25.255281621516133
evolution_strategy,rosenbrock,102,18500,25.255281621516133
evolution_strategy,rosenbrock,102,18600,25.255281621516133
evolution_strategy,rosenbrock,102,18700,25.255281621516133
evolution_strategy,rosenbrock,102,18800,25.255281621516133
evolution_strategy,rosenbrock,102,18900,25.255281621516133
evolution_strategy,rosenbrock,102,19000,25.255281621516133
evolution_strategy,rosenbrock,102,19100,25.255281621516133
evolution_strategy,rosenbrock,102,19200,25.255281621516133
evolution_strategy,rosenbrock,102,19300,25.255281621516133
evolution_strategy,rosenbrock,102,19400,25.255281621516133
evolution_strategy,rosenbrock,102,19500,25.255281621516133
evolution_strategy,rosenbrock,102,19600,25.255281621516133
evolution_strategy,rosenbrock,102,19700,25.255281621516133
evolution_strategy,rosenbrock,102,19800,25.255281621516133
evolution_strategy,rosenbrock,102,19900,25.255281621516133
evolution_strategy,rosenbrock,102,20000,25.255281621516133
evolution_strategy,rosenbrock,103,100,157926.29713726547
evolution_strategy,rosenbrock,103,200,130949.84529303834
evolution_strategy,rosenbrock,103,300,102385.90023540084
evolution_strategy,rosenbrock,103,400,95777.73389573235
evolution_strategy,rosenbrock,103,500,66899.62512763248
evolution_strategy,rosenbrock,103,600,56047.29467630016
evolution_strategy,rosenbrock,103,700,50480.5589471121
evolution_strategy,rosenbrock,103,800,35443.93340811156
evolution_strategy,rosenbrock,103,900,30797.330266676727
evolution_strategy,rosenbrock,103,1000,25730.72476123851
evolution_strategy,rosenbrock,103,1100,19956.158897351772
evolution_strategy,rosenbrock,103,1200,16406.363608377047
evolution_strategy,rosenbrock,103,1300,11129.070090449983
evolution_strategy,rosenbrock,103,1400,9399.912782393581
evolution_strategy,rosenbrock,103,1500,7680.639289873264
evolution_strategy,rosenbrock,103,1600,6221.603808711232
evolution_strategy,rosenbrock,103,1700,5301.457499359426
evolution_strategy,rosenbrock,103,1800,3751.58904372034
evolution_strategy,rosenbrock,103,1900,3413.61870223402
evolution_strategy,rosenbrock,103,2000,1907.4869446050702
evolution_strategy,rosenbrock,103,2100,1907.4869446050702
evolution_strategy,rosenbrock,103,2200,1355.6494873070367
evolution_strategy,rosenbrock,103,2300,875.0886140465301
evolution_strategy,rosenbrock,103,2400,875.0886140465301
evolution_strategy,rosenbrock,103,2500,863.8263227375631
evolution_strategy,rosenbrock,103,2600,818.9382506573204
evolution_strategy,rosenbrock,103,2700,685.5229380468733
evolution_strategy,rosenbrock,103,2800,624.2150531440558
evolution_strategy,rosenbrock,103,2900,601.0625293481079
evolution_strategy,rosenbrock,103,3000,476.228440248837
evolution_strategy,rosenbrock,103,3100,476.228440248837
evolution_strategy,rosenbrock,103,3200,448.1939497717661
evolution_strategy,rosenbrock,103,3300,416.8479331266856
evolution_strategy,rosenbrock,103,3400,367.06640500331326
evolution_strategy,rosenbrock,103,3500,367.06640500331326
evolution_strategy,rosenbrock,103,3600,367.06640500331326
evolution_strategy,rosenbrock,103,3700,367.06640500331326
evolution_strategy,rosenbrock,103,3800,287.20223482158855
evolution_strategy,rosenbrock,103,3900,287.20223482158855
evolution_strategy,rosenbrock,103,4000,239.76594170683194
evolution_strategy,rosenbrock,103,4100,199.12280116762247
evolution_strategy,rosenbrock,103,4200,165.4694478907993
evolution_strategy,rosenbrock,103,4300,155.34696821880726
evolution_strategy,rosenbrock,103,4400,155.34696821880726
evolution_strategy,rosenbrock,103,4500,121.55515529505297
evolution_strategy,rosenbrock,103,4600,93.22999286893736
evolution_strategy,rosenbrock,103,4700,93.22999286893736
evolution_strategy,rosenbrock,103,4800,68.63956653442929
evolution_strategy,rosenbrock,103,4900,53.096682127966105
evolution_strategy,rosenbrock,103,5000,40.98673203631471
evolution_strategy,rosenbrock,103,5100,40.98673203631471
evolution_strategy,rosenbrock,103,5200,40.98673203631471
evolution_strategy,rosenbrock,103,5300,40.98673203631471
evolution_strategy,rosenbrock,103,5400,40.98673203631471
evolution_strategy,rosenbrock,103,5500,40.98673203631471
evolution_strategy,rosenbrock,103,5600,40.98673203631471
evolution_strategy,rosenbrock,103,5700,40.98673203631471
evolution_strategy,rosenbrock,103,5800,40.98673203631471
evolution_strategy,rosenbrock,103,5900,40.98673203631471
evolution_strategy,rosenbrock,103,6000,40.98673203631471
evolution_strategy,rosenbrock,103,6100,33.504901065010564
evolution_strategy,rosenbrock,103,6200,28.539687410513977
evolution_strategy,rosenbrock,103,6300,28.539687410513977
evolution_strategy,rosenbrock,103,6400,28.539687410513977
evolution_strategy,rosenbrock,103,6500,28.539687410513977
evolution_strategy,rosenbrock,103,6600,28.539687410513977
evolution_strategy,rosenbrock,103,6700,28.539687410513977
evolution_strategy,rosenbrock,103,6800,28.539687410513977
evolution_strategy,rosenbrock,103,6900,28.539687410513977
evolution_strategy,rosenbrock,103,7000,28.539687410513977
evolution_strategy,rosenbrock,103,7100,18.757044170127816
evolution_strategy,rosenbrock,103,7200,18.757044170127816
evolution_strategy,rosenbrock,103,7300,18.757044170127816
evolution_strategy,rosenbrock,103,7400,18.757044170127816
evolution_strategy,rosenbrock,103,7500,18.757044170127816
evolution_strategy,rosenbrock,103,7600,18.757044170127816
evolution_strategy,rosenbrock,103,7700,18.757044170127816
evolution_strategy,rosenbrock,103,7800,18.757044170127816
evolution_strategy,rosenbrock,103,7900,18.757044170127816
evolution_strategy,rosenbrock,103,8000,18.757044170127816
evolution_strategy,rosenbrock,103,8100,18.757044170127816
evolution_strategy,rosenbrock,103,8200,18.757044170127816
evolution_strategy,rosenbrock,103,8300,18.757044170127816
evolution_strategy,rosenbrock,103,8400,18.757044170127816
evolution_strategy,rosenbrock,103,8500,18.757044170127816
evolution_strategy,rosenbrock,103,8600,18.757044170127816
evolution_strategy,rosenbrock,103,8700,18.757044170127816
evolution_strategy,rosenbrock,103,8800,18.757044170127816
evolution_strategy,rosenbrock,103,8900,18.757044170127816
evolution_strategy,rosenbrock,103,9000,18.757044170127816
evolution_strategy,rosenbrock,103,9100,18.757044170127816
evolution_strategy,rosenbrock,103,9200,18.757044170127816
evolution_strategy,rosenbrock,103,9300,18.757044170127816
evolution_strategy,rosenbrock,103,9400,18.757044170127816
evolution_strategy,rosenbrock,103,9500,18.757044170127816
evolution_strategy,rosenbrock,103,9600,18.757044170127816
evolution_strategy,rosenbrock,103,9700,18.757044170127816
evolution_strategy,rosenbrock,103,9800,18.757044170127816
evolution_strategy,rosenbrock,103,9900,18.757044170127816
evolution_strategy,rosenbrock,103,10000,18.757044170127816
evolution_strategy,rosenbrock,103,10100,18.757044170127816
evolution_strategy,rosenbrock,103,10200,18.757044170127816
evolution_strategy,rosenbrock,103,10300,18.757044170127816
evolution_strategy,rosenbrock,103,10400,18.757044170127816
evolution_strategy,rosenbrock,103,10500,18.757044170127816
evolution_strategy,rosenbrock,103,10600,18.757044170127816
evolution_strategy,rosenbrock,103,10700,18.757044170127816
evolution_strategy,rosenbrock,103,10800,18.757044170127816
evolution_strategy,rosenbrock,103,10900,18.757044170127816
evolution_strategy,rosenbrock,103,11000,18.757044170127816
evolution_strategy,rosenbrock,103,11100,18.757044170127816
evolution_strategy,rosenbrock,103,11200,18.757044170127816
evolution_strategy,rosenbrock,103,11300,18.757044170127816
evolution_strategy,rosenbrock,103,11400,18.757044170127816
evolution_strategy,rosenbrock,103,11500,18.757044170127816
evolution_strategy,rosenbrock,103,11600,18.757044170127816
evolution_strategy,rosenbrock,103,11700,18.757044170127816
evolution_strategy,rosenbrock,103,11800,18.757044170127816
evolution_strategy,rosenbrock,103,11900,18.757044170127816
evolution_strategy,rosenbrock,103,12000,18.757044170127816
evolution_strategy,rosenbrock,103,12100,18.757044170127816
evolution_strategy,rosenbrock,103,12200,18.757044170127816
evolution_strategy,rosenbrock,103,12300,18.757044170127816
evolution_strategy,rosenbrock,103,12400,18.757044170127816
evolution_strategy,rosenbrock,103,12500,18.757044170127816
evolution_strategy,rosenbrock,103,12600,18.757044170127816
evolution_strategy,rosenbrock,103,12700,18.757044170127816
evolution_strategy,rosenbrock,103,12800,18.757044170127816
evolution_strategy,rosenbrock,103,12900,18.757044170127816
evolution_strategy,rosenbrock,103,13000,18.757044170127816
evolution_strategy,rosenbrock,103,13100,18.757044170127816
evolution_strategy,rosenbrock,103,13200,18.757044170127816
evolution_strategy,rosenbrock,103,13300,18.757044170127816
evolution_strategy,rosenbrock,103,13400,18.757044170127816
evolution_strategy,rosenbrock,103,13500,18.757044170127816
evolution_strategy,rosenbrock,103,13600,18.757044170127816
evolution_strategy,rosenbrock,103,13700,18.757044170127816
evolution_strategy,rosenbrock,103,13800,18.757044170127816
evolution_strategy,rosenbrock,103,13900,18.757044170127816
evolution_strategy,rosenbrock,103,14000,18.757044170127816
evolution_strategy,rosenbrock,103,14100,18.757044170127816
evolution_strategy,rosenbrock,103,14200,18.757044170127816
evolution_strategy,rosenbrock,103,14300,18.757044170127816
evolution_strategy,rosenbrock,103,14400,18.757044170127816
evolution_strategy,rosenbrock,103,14500,18.757044170127816
evolution_strategy,rosenbrock,103,14600,18.757044170127816
evolution_strategy,rosenbrock,103,14700,18.757044170127816
evolution_strategy,rosenbrock,103,14800,18.757044170127816
evolution_strategy,rosenbrock,103,14900,18.757044170127816
evolution_strategy,rosenbrock,103,15000,18.757044170127816
evolution_strategy,rosenbrock,103,15100,18.757044170127816
evolution_strategy,rosenbrock,103,15200,18.757044170127816
evolution_strategy,rosenbrock,103,15300,18.757044170127816
evolution_strategy,rosenbrock,103,15400,18.757044170127816
evolution_strategy,rosenbrock,103,15500,18.757044170127816
evolution_strategy,rosenbrock,103,15600,18.757044170127816
evolution_strategy,rosenbrock,103,15700,18.757044170127816
evolution_strategy,rosenbrock,103,15800,18.757044170127816
evolution_strategy,rosenbrock,103,15900,18.757044170127816
evolution_strategy,rosenbrock,103,16000,18.757044170127816
evolution_strategy,rosenbrock,103,16100,18.757044170127816
evolution_strategy,rosenbrock,103,16200,18.757044170127816
evolution_strategy,rosenbrock,103,16300,18.757044170127816
evolution_strategy,rosenbrock,103,16400,18.757044170127816
evolution_strategy,rosenbrock,103,16500,18.757044170127816
evolution_strategy,rosenbrock,103,16600,18.757044170127816
evolution_strategy,rosenbrock,103,16700,18.757044170127816
evolution_strategy,rosenbrock,103,16800,18.757044170127816
evolution_strategy,rosenbrock,103,16900,18.757044170127816
evolution_strategy,rosenbrock,103,17000,18.757044170127816
evolution_strategy,rosenbrock,103,17100,18.757044170127816
evolution_strategy,rosenbrock,103,17200,18.757044170127816
evolution_strategy,rosenbrock,103,17300,18.757044170127816
evolution_strategy,rosenbrock,103,17400,18.757044170127816
evolution_strategy,rosenbrock,103,17500,18.757044170127816
evolution_strategy,rosenbrock,103,17600,18.757044170127816
evolution_strategy,rosenbrock,103,17700,18.757044170127816
evolution_strategy,rosenbrock,103,17800,18.757044170127816
evolution_strategy,rosenbrock,103,17900,18.757044170127816
evolution_strategy,rosenbrock,103,18000,18.757044170127816
evolution_strategy,rosenbrock,103,18100,18.757044170127816
evolution_strategy,rosenbrock,103,18200,18.757044170127816
evolution_strategy,rosenbrock,103,18300,18.757044170127816
evolution_strategy,rosenbrock,103,18400,18.757044170127816
evolution_strategy,rosenbrock,103,18500,18.757044170127816
evolution_strategy,rosenbrock,103,18600,18.757044170127816
evolution_strategy,rosenbrock,103,18700,18.757044170127816
evolution_strategy,rosenbrock,103,18800,18.757044170127816
evolution_strategy,rosenbrock,103,18900,18.757044170127816
evolution_strategy,rosenbrock,103,19000,18.757044170127816
evolution_strategy,rosenbrock,103,19100,18.757044170127816
evolution_strategy,rosenbrock,103,19200,18.757044170127816
evolution_strategy,rosenbrock,103,19300,18.757044170127816
evolution_strategy,rosenbrock,103,19400,18.757044170127816
evolution_strategy,rosenbrock,103,19500,18.757044170127816
evolution_strategy,rosenbrock,103,19600,18.757044170127816
evolution_strategy,rosenbrock,103,19700,18.757044170127816
evolution_strategy,rosenbrock,103,19800,18.757044170127816
evolution_strategy,rosenbrock,103,19900,18.757044170127816
evolution_strategy,rosenbrock,103,20000,18.757044170127816
evolution_strategy,rosenbrock,104,100,336239.89802930626
evolution_strategy,rosenbrock,104,200,276785.3729937436
evolution_strategy,rosenbrock,104,300,205005.82688944496
evolution_strategy,rosenbrock,104,400,169601.51097543363
evolution_strategy,rosenbrock,104,500,145708.4061545672
evolution_strategy,rosenbrock,104,600,116677.62576100636
evolution_strategy,rosenbrock,104,700,75790.21613746596
evolution_strategy,rosenbrock,104,800,59260.56360050295
evolution_strategy,rosenbrock,104,900,39755.28028327189
evolution_strategy,rosenbrock,104,1000,26753.406913198978
evolution_strategy,rosenbrock,104,1100,12776.744549528517
evolution_strategy,rosenbrock,104,1200,8029.2177510676165
evolution_strategy,rosenbrock,104,1300,4844.861945953833
evolution_strategy,rosenbrock,104,1400,3379.5117599227374
evolution_strategy,rosenbrock,104,1500,2921.6554517996765
evolution_strategy,rosenbrock,104,1600,2262.7764970154394
evolution_strategy,rosenbrock,104,1700,1401.7024751518145
evolution_strategy,rosenbrock,104,1800,1144.572271976124
evolution_strategy,rosenbrock,104,1900,705.0044284083858
evolution_strategy,rosenbrock,104,2000,439.56083133530194
evolution_strategy,rosenbrock,104,2100,283.80127835060944
evolution_strategy,rosenbrock,104,2200,163.3101329500737
evolution_strategy,rosenbrock,104,2300,153.56343205045692
evolution_strategy,rosenbrock,104,2400,126.26761995462891
evolution_strategy,rosenbrock,104,2500,120.00038373126549
evolution_strategy,rosenbrock,104,2600,94.17738284264031
evolution_strategy,rosenbrock,104,2700,82.8672001350575
evolution_strategy,rosenbrock,104,2800,62.784438344798936
evolution_strategy,rosenbrock,104,2900,62.784438344798936
evolution_strategy,rosenbrock,104,3000,42.405498466106195
evolution_strategy,rosenbrock,104,3100,42.405498466106195
evolution_strategy,rosenbrock,104,3200,42.405498466106195
evolution_strategy,rosenbrock,104,3300,19.93868951483182
evolution_strategy,rosenbrock,104,3400,19.93868951483182
evolution_strategy,rosenbrock,104,3500,19.93868951483182
evolution_strategy,rosenbrock,104,3600,19.93868951483182
evolution_strategy,rosenbrock,104,3700,19.93868951483182
evolution_strategy,rosenbrock,104,3800,19.93868951483182
evolution_strategy,rosenbrock,104,3900,19.93868951483182
evolution_strategy,rosenbrock,104,4000,19.93868951483182
evolution_strategy,rosenbrock,104,4100,19.93868951483182
evolution_strategy,rosenbrock,104,4200,19.93868951483182
evolution_strategy,rosenbrock,104,4300,19.93868951483182
evolution_strategy,rosenbrock,104,4400,19.93868951483182
evolution_strategy,rosenbrock,104,4500,19.93868951483182
evolution_strategy,rosenbrock,104,4600,19.93868951483182
evolution_strategy,rosenbrock,104,4700,19.93868951483182
evolution_strategy,rosenbrock,104,4800,19.93868951483182
evolution_strategy,rosenbrock,104,4900,19.93868951483182
evolution_strategy,rosenbrock,104,5000,19.93868951483182
evolution_strategy,rosenbrock,104,5100,19.93868951483182
evolution_strategy,rosenbrock,104,5200,19.93868951483182
evolution_strategy,rosenbrock,104,5300,19.93868951483182
evolution_strategy,rosenbrock,104,5400,19.93868951483182
evolution_strategy,rosenbrock,104,5500,19.93868951483182
evolution_strategy,rosenbrock,104,5600,19.93868951483182
evolution_strategy,rosenbrock,104,5700,19.93868951483182
evolution_strategy,rosenbrock,104,5800,19.93868951483182
evolution_strategy,rosenbrock,104,5900,19.93868951483182
evolution_strategy,rosenbrock,104,6000,19.93868951483182
evolution_strategy,rosenbrock,104,6100,19.93868951483182
evolution_strategy,rosenbrock,104,6200,19.93868951483182
evolution_strategy,rosenbrock,104,6300,19.93868951483182
evolution_strategy,rosenbrock,104,6400,19.93868951483182
evolution_strategy,rosenbrock,104,6500,19.93868951483182
evolution_strategy,rosenbrock,104,6600,19.93868951483182
evolution_strategy,rosenbrock,104,6700,19.93868951483182
evolution_strategy,rosenbrock,104,6800,19.93868951483182
evolution_strategy,rosenbrock,104,6900,19.93868951483182
evolution_strategy,rosenbrock,104,7000,19.93868951483182
evolution_strategy,rosenbrock,104,7100,19.93868951483182
evolution_strategy,rosenbrock,104,7200,19.93868951483182
evolution_strategy,rosenbrock,104,7300,19.93868951483182
evolution_strategy,rosenbrock,104,7400,19.93868951483182
evolution_strategy,rosenbrock,104,7500,19.93868951483182
evolution_strategy,rosenbrock,104,7600,19.93868951483182
evolution_strategy,rosenbrock,104,7700,19.93868951483182
evolution_strategy,rosenbrock,104,7800,19.93868951483182
evolution_strategy,rosenbrock,104,7900,19.93868951483182
evolution_strategy,rosenbrock,104,8000,19.93868951483182
evolution_strategy,rosenbrock,104,8100,19.93868951483182
evolution_strategy,rosenbrock,104,8200,19.93868951483182
evolution_strategy,rosenbrock,104,8300,19.93868951483182
evolution_strategy,rosenbrock,104,8400,19.93868951483182
evolution_strategy,rosenbrock,104,8500,19.93868951483182
evolution_strategy,rosenbrock,104,8600,19.93868951483182
evolution_strategy,rosenbrock,104,8700,19.93868951483182
evolution_strategy,rosenbrock,104,8800,19.93868951483182
evolution_strategy,rosenbrock,104,8900,19.93868951483182
evolution_strategy,rosenbrock,104,9000,19.93868951483182
evolution_strategy,rosenbrock,104,9100,19.93868951483182
evolution_strategy,rosenbrock,104,9200,19.93868951483182
evolution_strategy,rosenbrock,104,9300,19.93868951483182
evolution_strategy,rosenbrock,104,9400,19.93868951483182
evolution_strategy,rosenbrock,104,9500,19.93868951483182
evolution_strategy,rosenbrock,104,9600,19.93868951483182
evolution_strategy,rosenbrock,104,9700,19.93868951483182
evolution_strategy,rosenbrock,104,9800,19.93868951483182
evolution_strategy,rosenbrock,104,9900,19.93868951483182
evolution_strategy,rosenbrock,104,10000,19.93868951483182
evolution_strategy,rosenbrock,104,10100,19.93868951483182
evolution_strategy,rosenbrock,104,10200,19.93868951483182
evolution_strategy,rosenbrock,104,10300,19.93868951483182
evolution_strategy,rosenbrock,104,10400,19.93868951483182
evolution_strategy,rosenbrock,104,10500,19.93868951483182
evolution_strategy,rosenbrock,104,10600,19.93868951483182
evolution_strategy,rosenbrock,104,10700,19.93868951483182
evolution_strategy,rosenbrock,104,10800,19.93868951483182
evolution_strategy,rosenbrock,104,10900,19.93868951483182
evolution_strategy,rosenbrock,104,11000,19.93868951483182
evolution_strategy,rosenbrock,104,11100,19.93868951483182
evolution_strategy,rosenbrock,104,11200,19.93868951483182
evolution_strategy,rosenbrock,104,11300,19.93868951483182
evolution_strategy,rosenbrock,104,11400,19.93868951483182
evolution_strategy,rosenbrock,104,11500,19.93868951483182
evolution_strategy,rosenbrock,104,11600,19.93868951483182
evolution_strategy,rosenbrock,104,11700,19.93868951483182
evolution_strategy,rosenbrock,104,11800,19.93868951483182
evolution_strategy,rosenbrock,104,11900,19.93868951483182
evolution_strategy,rosenbrock,104,12000,19.93868951483182
evolution_strategy,rosenbrock,104,12100,19.93868951483182
evolution_strategy,rosenbrock,104,12200,19.93868951483182
evolution_strategy,rosenbrock,104,12300,19.93868951483182
evolution_strategy,rosenbrock,104,12400,19.93868951483182
evolution_strategy,rosenbrock,104,12500,19.93868951483182
evolution_strategy,rosenbrock,104,12600,19.93868951483182
evolution_strategy,rosenbrock,104,12700,19.93868951483182
evolution_strategy,rosenbrock,104,12800,19.93868951483182
evolution_strategy,rosenbrock,104,12900,19.93868951483182
evolution_strategy,rosenbrock,104,13000,19.93868951483182
evolution_strategy,rosenbrock,104,13100,19.93868951483182
evolution_strategy,rosenbrock,104,13200,19.93868951483182
evolution_strategy,rosenbrock,104,13300,19.93868951483182
evolution_strategy,rosenbrock,104,13400,19.93868951483182
evolution_strategy,rosenbrock,104,13500,19.93868951483182
evolution_strategy,rosenbrock,104,13600,19.93868951483182
evolution_strategy,rosenbrock,104,13700,19.93868951483182
evolution_strategy,rosenbrock,104,13800,19.93868951483182
evolution_strategy,rosenbrock,104,13900,19.93868951483182
evolution_strategy,rosenbrock,104,14000,19.93868951483182
evolution_strategy,rosenbrock,104,14100,19.93868951483182
evolution_strategy,rosenbrock,104,14200,19.93868951483182
evolution_strategy,rosenbrock,104,14300,19.93868951483182
evolution_strategy,rosenbrock,104,14400,19.93868951483182
evolution_strategy,rosenbrock,104,14500,19.93868951483182
evolution_strategy,rosenbrock,104,14600,19.93868951483182
evolution_strategy,rosenbrock,104,14700,19.93868951483182
evolution_strategy,rosenbrock,104,14800,19.93868951483182
evolution_strategy,rosenbrock,104,14900,19.93868951483182
evolution_strategy,rosenbrock,104,15000,19.93868951483182
evolution_strategy,rosenbrock,104,15100,19.93868951483182
evolution_strategy,rosenbrock,104,15200,19.93868951483182
evolution_strategy,rosenbrock,104,15300,19.93868951483182
evolution_strategy,rosenbrock,104,15400,19.93868951483182
evolution_strategy,rosenbrock,104,15500,19.93868951483182
evolution_strategy,rosenbrock,104,15600,19.93868951483182
evolution_strategy,rosenbrock,104,15700,19.93868951483182
evolution_strategy,rosenbrock,104,15800,19.93868951483182
evolution_strategy,rosenbrock,104,15900,19.93868951483182
evolution_strategy,rosenbrock,104,16000,19.93868951483182
evolution_strategy,rosenbrock,104,16100,19.93868951483182
evolution_strategy,rosenbrock,104,16200,19.93868951483182
evolution_strategy,rosenbrock,104,16300,19.93868951483182
evolution_strategy,rosenbrock,104,16400,19.93868951483182
evolution_strategy,rosenbrock,104,16500,19.93868951483182
evolution_strategy,rosenbrock,104,16600,19.93868951483182
evolution_strategy,rosenbrock,104,16700,19.93868951483182
evolution_strategy,rosenbrock,104,16800,19.93868951483182
evolution_strategy,rosenbrock,104,16900,19.93868951483182
evolution_strategy,rosenbrock,104,17000,19.93868951483182
evolution_strategy,rosenbrock,104,17100,19.93868951483182
evolution_strategy,rosenbrock,104,17200,19.93868951483182
evolution_strategy,rosenbrock,104,17300,19.93868951483182
evolution_strategy,rosenbrock,104,17400,19.93868951483182
evolution_strategy,rosenbrock,104,17500,19.93868951483182
evolution_strategy,rosenbrock,104,17600,19.93868951483182
evolution_strategy,rosenbrock,104,17700,19.93868951483182
evolution_strategy,rosenbrock,104,17800,19.93868951483182
evolution_strategy,rosenbrock,104,17900,19.93868951483182
evolution_strategy,rosenbrock,104,18000,19.93868951483182
evolution_strategy,rosenbrock,104,18100,19.93868951483182
evolution_strategy,rosenbrock,104,18200,19.93868951483182
evolution_strategy,rosenbrock,104,18300,19.93868951483182
evolution_strategy,rosenbrock,104,18400,19.93868951483182
evolution_strategy,rosenbrock,104,18500,19.93868951483182
evolution_strategy,rosenbrock,104,18600,19.93868951483182
evolution_strategy,rosenbrock,104,18700,19.93868951483182
evolution_strategy,rosenbrock,104,18800,19.93868951483182
evolution_strategy,rosenbrock,104,18900,19.93868951483182
evolution_strategy,rosenbrock,104,19000,19.93868951483182
evolution_strategy,rosenbrock,104,19100,19.93868951483182
evolution_strategy,rosenbrock,104,19200,19.93868951483182
evolution_strategy,rosenbrock,104,19300,19.93868951483182
evolution_strategy,rosenbrock,104,19400,19.93868951483182
evolution_strategy,rosenbrock,104,19500,19.93868951483182
evolution_strategy,rosenbrock,104,19600,19.93868951483182
evolution_strategy,rosenbrock,104,19700,19.93868951483182
evolution_strategy,rosenbrock,104,19800,19.93868951483182
evolution_strategy,rosenbrock,104,19900,19.93868951483182
evolution_strategy,rosenbrock,104,20000,19.93868951483182
evolution_strategy,rosenbrock,105,100,118421.36340375655
evolution_strategy,rosenbrock,105,200,101594.11116457476
evolution_strategy,rosenbrock,105,300,78740.04158646104
evolution_strategy,rosenbrock,105,400,68605.46582324112
evolution_strategy,rosenbrock,105,500,52866.2105469482
evolution_strategy,rosenbrock,105,600,41950.27086085275
evolution_strategy,rosenbrock,105,700,30893.698410457324
evolution_strategy,rosenbrock,105,800,20819.87077072055
evolution_strategy,rosenbrock,105,900,15985.770208348848
evolution_strategy,rosenbrock,105,1000,9167.404107383587
evolution_strategy,rosenbrock,105,1100,6096.57844614347
evolution_strategy,rosenbrock,105,1200,4198.538856116031
evolution_strategy,rosenbrock,105,1300,3747.595628675916
evolution_strategy,rosenbrock,105,1400,1479.0850637852045
evolution_strategy,rosenbrock,105,1500,1209.0033587588327
evolution_strategy,rosenbrock,105,1600,884.7050637124164
evolution_strategy,rosenbrock,105,1700,276.43288420912097
evolution_strategy,rosenbrock,105,1800,276.43288420912097
evolution_strategy,rosenbrock,105,1900,276.43288420912097
evolution_strategy,rosenbrock,105,2000,276.43288420912097
evolution_strategy,rosenbrock,105,2100,276.43288420912097
evolution_strategy,rosenbrock,105,2200,276.43288420912097
evolution_strategy,rosenbrock,105,2300,253.66327736531937
evolution_strategy,rosenbrock,105,2400,210.11271348794807
evolution_strategy,rosenbrock,105,2500,210.11271348794807
evolution_strategy,rosenbrock,105,2600,210.11271348794807
evolution_strategy,rosenbrock,105,2700,210.11271348794807
evolution_strategy,rosenbrock,105,2800,210.11271348794807
evolution_strategy,rosenbrock,105,2900,210.11271348794807
evolution_strategy,rosenbrock,105,3000,210.11271348794807
evolution_strategy,rosenbrock,105,3100,187.18449698722327
evolution_strategy,rosenbrock,105,3200,187.18449698722327
evolution_strategy,rosenbrock,105,3300,187.18449698722327
evolution_strategy,rosenbrock,105,3400,187.18449698722327
evolution_strategy,rosenbrock,105,3500,187.18449698722327
evolution_strategy,rosenbrock,105,3600,170.04301028226502
evolution_strategy,rosenbrock,105,3700,170.04301028226502
evolution_strategy,rosenbrock,105,3800,170.04301028226502
evolution_strategy,rosenbrock,105,3900,170.04301028226502
evolution_strategy,rosenbrock,105,4000,159.13576421059153
evolution_strategy,rosenbrock,105,4100,125.14890675525838
evolution_strategy,rosenbrock,105,4200,125.14890675525838
evolution_strategy,rosenbrock,105,4300,125.14890675525838
evolution_strategy,rosenbrock,105,4400,125.14890675525838
evolution_strategy,rosenbrock,105,4500,125.14890675525838
evolution_strategy,rosenbrock,105,4600,125.14890675525838
evolution_strategy,rosenbrock,105,4700,125.14890675525838
evolution_strategy,rosenbrock,105,4800,125.14890675525838
evolution_strategy,rosenbrock,105,4900,125.14890675525838
evolution_strategy,rosenbrock,105,5000,125.14890675525838
evolution_strategy,rosenbrock,105,5100,125.14890675525838
evolution_strategy,rosenbrock,105,5200,125.14890675525838
evolution_strategy,rosenbrock,105,5300,125.14890675525838
evolution_strategy,rosenbrock,105,5400,125.14890675525838
evolution_strategy,rosenbrock,105,5500,125.14890675525838
evolution_strategy,rosenbrock,105,5600,125.14890675525838
evolution_strategy,rosenbrock,105,5700,116.98636112151115
evolution_strategy,rosenbrock,105,5800,116.98636112151115
evolution_strategy,rosenbrock,105,5900,116.98636112151115
evolution_strategy,rosenbrock,105,6000,116.98636112151115
evolution_strategy,rosenbrock,105,6100,116.98636112151115
evolution_strategy,rosenbrock,105,6200,116.98636112151115
evolution_strategy,rosenbrock,105,6300,116.98636112151115
evolution_strategy,rosenbrock,105,6400,116.98636112151115
evolution_strategy,rosenbrock,105,6500,116.98636112151115
evolution_strategy,rosenbrock,105,6600,116.98636112151115
evolution_strategy,rosenbrock,105,6700,116.98636112151115
evolution_strategy,rosenbrock,105,6800,116.98636112151115
evolution_strategy,rosenbrock,105,6900,116.98636112151115
evolution_strategy,rosenbrock,105,7000,87.80722700272693
evolution_strategy,rosenbrock,105,7100,83.32801897226908
evolution_strategy,rosenbrock,105,7200,71.2455361927172
evolution_strategy,rosenbrock,105,7300,71.2455361927172
evolution_strategy,rosenbrock,105,7400,51.539158267616216
evolution_strategy,rosenbrock,105,7500,51.539158267616216
evolution_strategy,rosenbrock,105,7600,51.539158267616216
evolution_strategy,rosenbrock,105,7700,51.539158267616216
evolution_strategy,rosenbrock,105,7800,51.539158267616216
evolution_strategy,rosenbrock,105,7900,40.626575780738335
evolution_strategy,rosenbrock,105,8000,40.626575780738335
evolution_strategy,rosenbrock,105,8100,32.59726765689399
evolution_strategy,rosenbrock,105,8200,23.537555864876616
evolution_strategy,rosenbrock,105,8300,23.537555864876616
evolution_strategy,rosenbrock,105,8400,23.537555864876616
evolution_strategy,rosenbrock,105,8500,23.537555864876616
evolution_strategy,rosenbrock,105,8600,23.537555864876616
evolution_strategy,rosenbrock,105,8700,23.537555864876616
evolution_strategy,rosenbrock,105,8800,23.537555864876616
evolution_strategy,rosenbrock,105,8900,23.537555864876616
evolution_strategy,rosenbrock,105,9000,23.537555864876616
evolution_strategy,rosenbrock,105,9100,23.537555864876616
evolution_strategy,rosenbrock,105,9200,23.537555864876616
evolution_strategy,rosenbrock,105,9300,23.537555864876616
evolution_strategy,rosenbrock,105,9400,23.537555864876616
evolution_strategy,rosenbrock,105,9500,23.537555864876616
evolution_strategy,rosenbrock,105,9600,23.537555864876616
evolution_strategy,rosenbrock,105,9700,23.537555864876616
evolution_strategy,rosenbrock,105,9800,23.537555864876616
evolution_strategy,rosenbrock,105,9900,23.537555864876616
evolution_strategy,rosenbrock,105,10000,23.537555864876616
evolution_strategy,rosenbrock,105,10100,23.537555864876616
evolution_strategy,rosenbrock,105,10200,23.537555864876616
evolution_strategy,rosenbrock,105,10300,23.537555864876616
evolution_strategy,rosenbrock,105,10400,23.537555864876616
evolution_strategy,rosenbrock,105,10500,23.537555864876616
evolution_strategy,rosenbrock,105,10600,23.537555864876616
evolution_strategy,rosenbrock,105,10700,23.537555864876616
evolution_strategy,rosenbrock,105,10800,23.537555864876616
evolution_strategy,rosenbrock,105,10900,23.537555864876616
evolution_strategy,rosenbrock,105,11000,23.537555864876616
evolution_strategy,rosenbrock,105,11100,23.537555864876616
evolution_strategy,rosenbrock,105,11200,23.537555864876616
evolution_strategy,rosenbrock,105,11300,23.537555864876616
evolution_strategy,rosenbrock,105,11400,23.537555864876616
evolution_strategy,rosenbrock,105,11500,23.537555864876616
evolution_strategy,rosenbrock,105,11600,23.537555864876616
evolution_strategy,rosenbrock,105,11700,23.537555864876616
evolution_strategy,rosenbrock,105,11800,23.537555864876616
evolution_strategy,rosenbrock,105,11900,23.537555864876616
evolution_strategy,rosenbrock,105,12000,23.537555864876616
evolution_strategy,rosenbrock,105,12100,23.537555864876616
evolution_strategy,rosenbrock,105,12200,23.537555864876616
evolution_strategy,rosenbrock,105,12300,23.537555864876616
evolution_strategy,rosenbrock,105,12400,23.537555864876616
evolution_strategy,rosenbrock,105,12500,23.537555864876616
evolution_strategy,rosenbrock,105,12600,23.537555864876616
evolution_strategy,rosenbrock,105,12700,23.537555864876616
evolution_strategy,rosenbrock,105,12800,23.537555864876616
evolution_strategy,rosenbrock,105,12900,23.537555864876616
evolution_strategy,rosenbrock,105,13000,23.537555864876616
evolution_strategy,rosenbrock,105,13100,23.537555864876616
evolution_strategy,rosenbrock,105,13200,23.537555864876616
evolution_strategy,rosenbrock,105,13300,23.537555864876616
evolution_strategy,rosenbrock,105,13400,23.537555864876616
evolution_strategy,rosenbrock,105,13500,23.537555864876616
evolution_strategy,rosenbrock,105,13600,23.537555864876616
evolution_strategy,rosenbrock,105,13700,23.537555864876616
evolution_strategy,rosenbrock,105,13800,23.537555864876616
evolution_strategy,rosenbrock,105,13900,23.537555864876616
evolution_strategy,rosenbrock,105,14000,23.537555864876616
evolution_strategy,rosenbrock,105,14100,23.537555864876616
evolution_strategy,rosenbrock,105,14200,23.537555864876616
evolution_strategy,rosenbrock,105,14300,23.537555864876616
evolution_strategy,rosenbrock,105,14400,23.537555864876616
evolution_strategy,rosenbrock,105,14500,23.537555864876616
evolution_strategy,rosenbrock,105,14600,23.537555864876616
evolution_strategy,rosenbrock,105,14700,23.537555864876616
evolution_strategy,rosenbrock,105,14800,23.537555864876616
evolution_strategy,rosenbrock,105,14900,23.537555864876616
evolution_strategy,rosenbrock,105,15000,23.537555864876616
evolution_strategy,rosenbrock,105,15100,23.537555864876616
evolution_strategy,rosenbrock,105,15200,23.537555864876616
evolution_strategy,rosenbrock,105,15300,23.537555864876616
evolution_strategy,rosenbrock,105,15400,23.537555864876616
evolution_strategy,rosenbrock,105,15500,23.537555864876616
evolution_strategy,rosenbrock,105,15600,23.537555864876616
evolution_strategy,rosenbrock,105,15700,23.537555864876616
evolution_strategy,rosenbrock,105,15800,23.537555864876616
evolution_strategy,rosenbrock,105,15900,23.537555864876616
evolution_strategy,rosenbrock,105,16000,23.537555864876616
evolution_strategy,rosenbrock,105,16100,23.537555864876616
evolution_strategy,rosenbrock,105,16200,23.537555864876616
evolution_strategy,rosenbrock,105,16300,23.537555864876616
evolution_strategy,rosenbrock,105,16400,23.537555864876616
evolution_strategy,rosenbrock,105,16500,23.537555864876616
evolution_strategy,rosenbrock,105,16600,23.537555864876616
evolution_strategy,rosenbrock,105,16700,23.537555864876616
evolution_strategy,rosenbrock,105,16800,23.537555864876616
evolution_strategy,rosenbrock,105,16900,23.537555864876616
evolution_strategy,rosenbrock,105,17000,23.537555864876616
evolution_strategy,rosenbrock,105,17100,23.537555864876616
evolution_strategy,rosenbrock,105,17200,23.537555864876616
evolution_strategy,rosenbrock,105,17300,23.537555864876616
evolution_strategy,rosenbrock,105,17400,23.537555864876616
evolution_strategy,rosenbrock,105,17500,23.537555864876616
evolution_strategy,rosenbrock,105,17600,23.537555864876616
evolution_strategy,rosenbrock,105,17700,23.537555864876616
evolution_strategy,rosenbrock,105,17800,23.537555864876616
evolution_strategy,rosenbrock,105,17900,23.537555864876616
evolution_strategy,rosenbrock,105,18000,23.537555864876616
evolution_strategy,rosenbrock,105,18100,23.537555864876616
evolution_strategy,rosenbrock,105,18200,23.537555864876616
evolution_strategy,rosenbrock,105,18300,23.537555864876616
evolution_strategy,rosenbrock,105,18400,23.537555864876616
evolution_strategy,rosenbrock,105,18500,23.537555864876616
evolution_strategy,rosenbrock,105,18600,23.537555864876616
evolution_strategy,rosenbrock,105,18700,23.537555864876616
evolution_strategy,rosenbrock,105,18800,23.537555864876616
evolution_strategy,rosenbrock,105,18900,23.537555864876616
evolution_strategy,rosenbrock,105,19000,23.537555864876616
evolution_strategy,rosenbrock,105,19100,23.537555864876616
evolution_strategy,rosenbrock,105,19200,23.537555864876616
evolution_strategy,rosenbrock,105,19300,23.537555864876616
evolution_strategy,rosenbrock,105,19400,23.537555864876616
evolution_strategy,rosenbrock,105,19500,23.537555864876616
evolution_strategy,rosenbrock,105,19600,23.537555864876616
evolution_strategy,rosenbrock,105,19700,23.537555864876616
evolution_strategy,rosenbrock,105,19800,23.537555864876616
evolution_strategy,rosenbrock,105,19900,23.537555864876616
evolution_strategy,rosenbrock,105,20000,23.537555864876616
evolution_strategy,rosenbrock,106,100,225710.78593301855
evolution_strategy,rosenbrock,106,200,225710.78593301855
evolution_strategy,rosenbrock,106,300,169590.09113628895
evolution_strategy,rosenbrock,106,400,161018.27366861835
evolution_strategy,rosenbrock,106,500,122106.11393435733
evolution_strategy,rosenbrock,106,600,89695.52450884314
evolution_strategy,rosenbrock,106,700,53752.81680643195
evolution_strategy,rosenbrock,106,800,42394.19407195436
evolution_strategy,rosenbrock,106,900,30446.098245233145
evolution_strategy,rosenbrock,106,1000,26736.28537772027
evolution_strategy,rosenbrock,106,1100,17737.132274629934
evolution_strategy,rosenbrock,106,1200,14734.000641407894
evolution_strategy,rosenbrock,106,1300,10613.912826539723
evolution_strategy,rosenbrock,106,1400,7564.379391056933
evolution_strategy,rosenbrock,106,1500,4627.012821265472
evolution_strategy,rosenbrock,106,1600,3777.256536955161
evolution_strategy,rosenbrock,106,1700,1794.3497576630532
evolution_strategy,rosenbrock,106,1800,1474.1297399253988
evolution_strategy,rosenbrock,106,1900,968.1635443153177
evolution_strategy,rosenbrock,106,2000,613.4181457893084
evolution_strategy,rosenbrock,106,2100,296.9352844605554
evolution_strategy,rosenbrock,106,2200,296.9352844605554
evolution_strategy,rosenbrock,106,2300,283.69161709436224
evolution_strategy,rosenbrock,106,2400,142.2341962593891
evolution_strategy,rosenbrock,106,2500,127.09964402006284
evolution_strategy,rosenbrock,106,2600,127.09964402006284
evolution_strategy,rosenbrock,106,2700,127.09964402006284
evolution_strategy,rosenbrock,106,2800,88.21351830381349
evolution_strategy,rosenbrock,106,2900,63.85156816789814
evolution_strategy,rosenbrock,106,3000,63.85156816789814
evolution_strategy,rosenbrock,106,3100,63.85156816789814
evolution_strategy,rosenbrock,106,3200,63.85156816789814
evolution_strategy,rosenbrock,106,3300,63.85156816789814
evolution_strategy,rosenbrock,106,3400,62.590072607949764
evolution_strategy,rosenbrock,106,3500,62.590072607949764
evolution_strategy,rosenbrock,106,3600,51.227699929069544
evolution_strategy,rosenbrock,106,3700,50.3464895577913
evolution_strategy,rosenbrock,106,3800,50.3464895577913
evolution_strategy,rosenbrock,106,3900,50.3464895577913
evolution_strategy,rosenbrock,106,4000,31.642290828455064
evolution_strategy,rosenbrock,106,4100,31.642290828455064
evolution_strategy,rosenbrock,106,4200,31.642290828455064
evolution_strategy,rosenbrock,106,4300,28.245230246348775
evolution_strategy,rosenbrock,106,4400,28.245230246348775
evolution_strategy,rosenbrock,106,4500,28.245230246348775
evolution_strategy,rosenbrock,106,4600,28.245230246348775
evolution_strategy,rosenbrock,106,4700,28.245230246348775
evolution_strategy,rosenbrock,106,4800,28.245230246348775
evolution_strategy,rosenbrock,106,4900,28.245230246348775
evolution_strategy,rosenbrock,106,5000,28.245230246348775
evolution_strategy,rosenbrock,106,5100,28.245230246348775
evolution_strategy,rosenbrock,106,5200,28.245230246348775
evolution_strategy,rosenbrock,106,5300,28.245230246348775
evolution_strategy,rosenbrock,106,5400,28.245230246348775
evolution_strategy,rosenbrock,106,5500,28.245230246348775
evolution_strategy,rosenbrock,106,5600,28.245230246348775
evolution_strategy,rosenbrock,106,5700,28.245230246348775
evolution_strategy,rosenbrock,106,5800,28.245230246348775
evolution_strategy,rosenbrock,106,5900,28.245230246348775
evolution_strategy,rosenbrock,106,6000,28.245230246348775
evolution_strategy,rosenbrock,106,6100,28.245230246348775
evolution_strategy,rosenbrock,106,6200,28.245230246348775
evolution_strategy,rosenbrock,106,6300,28.245230246348775
evolution_strategy,rosenbrock,106,6400,28.245230246348775
evolution_strategy,rosenbrock,106,6500,28.245230246348775
evolution_strategy,rosenbrock,106,6600,28.245230246348775
evolution_strategy,rosenbrock,106,6700,28.245230246348775
evolution_strategy,rosenbrock,106,6800,28.245230246348775
evolution_strategy,rosenbrock,106,6900,28.245230246348775
evolution_strategy,rosenbrock,106,7000,28.245230246348775
evolution_strategy,rosenbrock,106,7100,28.245230246348775
evolution_strategy,rosenbrock,106,7200,28.245230246348775
evolution_strategy,rosenbrock,106,7300,28.245230246348775
evolution_strategy,rosenbrock,106,7400,28.245230246348775
evolution_strategy,rosenbrock,106,7500,28.245230246348775
evolution_strategy,rosenbrock,106,7600,28.245230246348775
evolution_strategy,rosenbrock,106,7700,28.245230246348775
evolution_strategy,rosenbrock,106,7800,28.245230246348775
evolution_strategy,rosenbrock,106,7900,28.245230246348775
evolution_strategy,rosenbrock,106,8000,28.245230246348775
evolution_strategy,rosenbrock,106,8100,28.245230246348775
evolution_strategy,rosenbrock,106,8200,28.245230246348775
evolution_strategy,rosenbrock,106,8300,28.08804937373989
evolution_strategy,rosenbrock,106,8400,28.08804937373989
evolution_strategy,rosenbrock,106,8500,28.08804937373989
evolution_strategy,rosenbrock,106,8600,28.08804937373989
evolution_strategy,rosenbrock,106,8700,28.08804937373989
evolution_strategy,rosenbrock,106,8800,28.08804937373989
evolution_strategy,rosenbrock,106,8900,28.08804937373989
evolution_strategy,rosenbrock,106,9000,28.08804937373989
evolution_strategy,rosenbrock,106,9100,28.08804937373989
evolution_strategy,rosenbrock,106,9200,28.08804937373989
evolution_strategy,rosenbrock,106,9300,28.08804937373989
evolution_strategy,rosenbrock,106,9400,28.08804937373989
evolution_strategy,rosenbrock,106,9500,28.08804937373989
evolution_strategy,rosenbrock,106,9600,28.08804937373989
evolution_strategy,rosenbrock,106,9700,28.08804937373989
evolution_strategy,rosenbrock,106,9800,28.08804937373989
evolution_strategy,rosenbrock,106,9900,28.08804937373989
evolution_strategy,rosenbrock,106,10000,28.08804937373989
evolution_strategy,rosenbrock,106,10100,28.08804937373989
evolution_strategy,rosenbrock,106,10200,28.08804937373989
evolution_strategy,rosenbrock,106,10300,28.08804937373989
evolution_strategy,rosenbrock,106,10400,28.08804937373989
evolution_strategy,rosenbrock,106,10500,28.08804937373989
evolution_strategy,rosenbrock,106,10600,28.08804937373989
evolution_strategy,rosenbrock,106,10700,28.08804937373989
evolution_strategy,rosenbrock,106,10800,28.08804937373989
evolution_strategy,rosenbrock,106,10900,28.08804937373989
evolution_strategy,rosenbrock,106,11000,28.08804937373989
evolution_strategy,rosenbrock,106,11100,28.08804937373989
evolution_strategy,rosenbrock,106,11200,28.08804937373989
evolution_strategy,rosenbrock,106,11300,28.08804937373989
evolution_strategy,rosenbrock,106,11400,28.08804937373989
evolution_strategy,rosenbrock,106,11500,28.08804937373989
evolution_strategy,rosenbrock,106,11600,28.08804937373989
evolution_strategy,rosenbrock,106,11700,28.08804937373989
evolution_strategy,rosenbrock,106,11800,28.08804937373989
evolution_strategy,rosenbrock,106,11900,28.08804937373989
evolution_strategy,rosenbrock,106,12000,28.08804937373989
evolution_strategy,rosenbrock,106,12100,28.08804937373989
evolution_strategy,rosenbrock,106,12200,28.08804937373989
evolution_strategy,rosenbrock,106,12300,25.593701277312135
evolution_strategy,rosenbrock,106,12400,25.593701277312135
evolution_strategy,rosenbrock,106,12500,25.593701277312135
evolution_strategy,rosenbrock,106,12600,25.593701277312135
evolution_strategy,rosenbrock,106,12700,25.593701277312135
evolution_strategy,rosenbrock,106,12800,25.593701277312135
evolution_strategy,rosenbrock,106,12900,25.593701277312135
evolution_strategy,rosenbrock,106,13000,25.593701277312135
evolution_strategy,rosenbrock,106,13100,25.593701277312135
evolution_strategy,rosenbrock,106,13200,25.593701277312135
evolution_strategy,rosenbrock,106,13300,25.593701277312135
evolution_strategy,rosenbrock,106,13400,25.593701277312135
evolution_strategy,rosenbrock,106,13500,25.593701277312135
evolution_strategy,rosenbrock,106,13600,25.593701277312135
evolution_strategy,rosenbrock,106,13700,25.593701277312135
evolution_strategy,rosenbrock,106,13800,25.593701277312135
evolution_strategy,rosenbrock,106,13900,25.593701277312135
evolution_strategy,rosenbrock,106,14000,25.593701277312135
evolution_strategy,rosenbrock,106,14100,25.593701277312135
evolution_strategy,rosenbrock,106,14200,25.593701277312135
evolution_strategy,rosenbrock,106,14300,25.593701277312135
evolution_strategy,rosenbrock,106,14400,25.593701277312135
evolution_strategy,rosenbrock,106,14500,25.593701277312135
evolution_strategy,rosenbrock,106,14600,25.593701277312135
evolution_strategy,rosenbrock,106,14700,25.593701277312135
evolution_strategy,rosenbrock,106,14800,25.593701277312135
evolution_strategy,rosenbrock,106,14900,25.593701277312135
evolution_strategy,rosenbrock,106,15000,25.593701277312135
evolution_strategy,rosenbrock,106,15100,25.593701277312135
evolution_strategy,rosenbrock,106,15200,25.593701277312135
evolution_strategy,rosenbrock,106,15300,25.593701277312135
evolution_strategy,rosenbrock,106,15400,25.593701277312135
evolution_strategy,rosenbrock,106,15500,25.593701277312135
evolution_strategy,rosenbrock,106,15600,25.593701277312135
evolution_strategy,rosenbrock,106,15700,25.593701277312135
evolution_strategy,rosenbrock,106,15800,25.593701277312135
evolution_strategy,rosenbrock,106,15900,25.593701277312135
evolution_strategy,rosenbrock,106,16000,25.593701277312135
evolution_strategy,rosenbrock,106,16100,25.593701277312135
evolution_strategy,rosenbrock,106,16200,25.593701277312135
evolution_strategy,rosenbrock,106,16300,25.593701277312135
evolution_strategy,rosenbrock,106,16400,25.593701277312135
evolution_strategy,rosenbrock,106,16500,25.593701277312135
evolution_strategy,rosenbrock,106,16600,25.593701277312135
evolution_strategy,rosenbrock,106,16700,25.593701277312135
evolution_strategy,rosenbrock,106,16800,25.593701277312135
evolution_strategy,rosenbrock,106,16900,25.593701277312135
evolution_strategy,rosenbrock,106,17000,25.593701277312135
evolution_strategy,rosenbrock,106,17100,25.593701277312135
evolution_strategy,rosenbrock,106,17200,25.593701277312135
evolution_strategy,rosenbrock,106,17300,25.593701277312135
evolution_strategy,rosenbrock,106,17400,25.593701277312135
evolution_strategy,rosenbrock,106,17500,25.593701277312135
evolution_strategy,rosenbrock,106,17600,25.593701277312135
evolution_strategy,rosenbrock,106,17700,25.593701277312135
evolution_strategy,rosenbrock,106,17800,25.593701277312135
evolution_strategy,rosenbrock,106,17900,25.593701277312135
evolution_strategy,rosenbrock,106,18000,25.593701277312135
evolution_strategy,rosenbrock,106,18100,25.593701277312135
evolution_strategy,rosenbrock,106,18200,25.593701277312135
evolution_strategy,rosenbrock,106,18300,25.593701277312135
evolution_strategy,rosenbrock,106,18400,25.593701277312135
evolution_strategy,rosenbrock,106,18500,25.593701277312135
evolution_strategy,rosenbrock,106,18600,25.593701277312135
evolution_strategy,rosenbrock,106,18700,25.593701277312135
evolution_strategy,rosenbrock,106,18800,25.593701277312135
evolution_strategy,rosenbrock,106,18900,25.593701277312135
evolution_strategy,rosenbrock,106,19000,25.593701277312135
evolution_strategy,rosenbrock,106,19100,25.593701277312135
evolution_strategy,rosenbrock,106,19200,25.593701277312135
evolution_strategy,rosenbrock,106,19300,25.593701277312135
evolution_strategy,rosenbrock,106,19400,25.593701277312135
evolution_strategy,rosenbrock,106,19500,25.593701277312135
evolution_strategy,rosenbrock,106,19600,25.593701277312135
evolution_strategy,rosenbrock,106,19700,25.593701277312135
evolution_strategy,rosenbrock,106,19800,25.593701277312135
evolution_strategy,rosenbrock,106,19900,25.593701277312135
evolution_strategy,rosenbrock,106,20000,25.593701277312135
evolution_strategy,rosenbrock,107,100,108538.32907289815
evolution_strategy,rosenbrock,107,200,86899.4804998887
evolution_strategy,rosenbrock,107,300,64068.377060769526
evolution_strategy,rosenbrock,107,400,55172.35284612776
evolution_strategy,rosenbrock,107,500,37156.727967217186
evolution_strategy,rosenbrock,107,600,30384.798158030088
evolution_strategy,rosenbrock,107,700,24131.30537760804
evolution_strategy,rosenbrock,107,800,20430.914402334874
evolution_strategy,rosenbrock,107,900,12374.778716928195
evolution_strategy,rosenbrock,107,1000,8177.987970970965
evolution_strategy,rosenbrock,107,1100,5804.389717561478
evolution_strategy,rosenbrock,107,1200,2152.0004264228705
evolution_strategy,rosenbrock,107,1300,2132.436282716424
evolution_strategy,rosenbrock,107,1400,1440.580537143114
evolution_strategy,rosenbrock,107,1500,1097.7386882219646
evolution_strategy,rosenbrock,107,1600,701.1508711386897
evolution_strategy,rosenbrock,107,1700,315.01597564585325
evolution_strategy,rosenbrock,107,1800,236.00607488010937
evolution_strategy,rosenbrock,107,1900,210.9134157697132
evolution_strategy,rosenbrock,107,2000,172.29349675935887
evolution_strategy,rosenbrock,107,2100,151.64368820191115
evolution_strategy,rosenbrock,107,2200,121.86805570467064
evolution_strategy,rosenbrock,107,2300,121.86805570467064
evolution_strategy,rosenbrock,107,2400,92.78990918785755
evolution_strategy,rosenbrock,107,2500,67.46154707229789
evolution_strategy,rosenbrock,107,2600,42.80597981746921
evolution_strategy,rosenbrock,107,2700,42.80597981746921
evolution_strategy,rosenbrock,107,2800,42.80597981746921
evolution_strategy,rosenbrock,107,2900,42.80597981746921
evolution_strategy,rosenbrock,107,3000,42.80597981746921
evolution_strategy,rosenbrock,107,3100,39.1149281870661
evolution_strategy,rosenbrock,107,3200,39.1149281870661
evolution_strategy,rosenbrock,107,3300,39.1149281870661
evolution_strategy,rosenbrock,107,3400,39.1149281870661
evolution_strategy,rosenbrock,107,3500,39.1149281870661
evolution_strategy,rosenbrock,107,3600,39.1149281870661
evolution_strategy,rosenbrock,107,3700,39.1149281870661
evolution_strategy,rosenbrock,107,3800,39.1149281870661
evolution_strategy,rosenbrock,107,3900,39.1149281870661
evolution_strategy,rosenbrock,107,4000,39.1149281870661
evolution_strategy,rosenbrock,107,4100,39.1149281870661
evolution_strategy,rosenbrock,107,4200,39.1149281870661
evolution_strategy,rosenbrock,107,4300,36.94484250686917
evolution_strategy,rosenbrock,107,4400,36.94484250686917
evolution_strategy,rosenbrock,107,4500,36.94484250686917
evolution_strategy,rosenbrock,107,4600,36.94484250686917
evolution_strategy,rosenbrock,107,4700,36.94484250686917
evolution_strategy,rosenbrock,107,4800,36.21808333291208
evolution_strategy,rosenbrock,107,4900,36.21808333291208
evolution_strategy,rosenbrock,107,5000,36.21808333291208
evolution_strategy,rosenbrock,107,5100,36.21808333291208
evolution_strategy,rosenbrock,107,5200,36.21808333291208
evolution_strategy,rosenbrock,107,5300,36.21808333291208
evolution_strategy,rosenbrock,107,5400,36.21808333291208
evolution_strategy,rosenbrock,107,5500,36.21808333291208
evolution_strategy,rosenbrock,107,5600,36.21808333291208
evolution_strategy,rosenbrock,107,5700,36.21808333291208
evolution_strategy,rosenbrock,107,5800,36.21808333291208
evolution_strategy,rosenbrock,107,5900,36.21808333291208
evolution_strategy,rosenbrock,107,6000,36.21808333291208
evolution_strategy,rosenbrock,107,6100,36.21808333291208
evolution_strategy,rosenbrock,107,6200,36.21808333291208
evolution_strategy,rosenbrock,107,6300,36.21808333291208
evolution_strategy,rosenbrock,107,6400,36.21808333291208
evolution_strategy,rosenbrock,107,6500,36.21808333291208
evolution_strategy,rosenbrock,107,6600,36.21808333291208
evolution_strategy,rosenbrock,107,6700,36.21808333291208
evolution_strategy,rosenbrock,107,6800,36.21808333291208
evolution_strategy,rosenbrock,107,6900,36.21808333291208
evolution_strategy,rosenbrock,107,7000,36.21808333291208
evolution_strategy,rosenbrock,107,7100,36.21808333291208
evolution_strategy,rosenbrock,107,7200,36.21808333291208
evolution_strategy,rosenbrock,107,7300,36.21808333291208
evolution_strategy,rosenbrock,107,7400,36.21808333291208
evolution_strategy,rosenbrock,107,7500,32.521101990179865
evolution_strategy,rosenbrock,107,7600,32.521101990179865
evolution_strategy,rosenbrock,107,7700,32.521101990179865
evolution_strategy,rosenbrock,107,7800,32.521101990179865
evolution_strategy,rosenbrock,107,7900,32.521101990179865
evolution_strategy,rosenbrock,107,8000,32.521101990179865
evolution_strategy,rosenbrock,107,8100,32.521101990179865
evolution_strategy,rosenbrock,107,8200,32.521101990179865
evolution_strategy,rosenbrock,107,8300,32.521101990179865
evolution_strategy,rosenbrock,107,8400,32.521101990179865
evolution_strategy,rosenbrock,107,8500,32.521101990179865
evolution_strategy,rosenbrock,107,8600,32.521101990179865
evolution_strategy,rosenbrock,107,8700,32.521101990179865
evolution_strategy,rosenbrock,107,8800,32.521101990179865
evolution_strategy,rosenbrock,107,8900,32.521101990179865
evolution_strategy,rosenbrock,107,9000,32.521101990179865
evolution_strategy,rosenbrock,107,9100,32.521101990179865
evolution_strategy,rosenbrock,107,9200,31.516492892881885
evolution_strategy,rosenbrock,107,9300,31.516492892881885
evolution_strategy,rosenbrock,107,9400,31.516492892881885
evolution_strategy,rosenbrock,107,9500,31.516492892881885
evolution_strategy,rosenbrock,107,9600,31.00475435752811
evolution_strategy,rosenbrock,107,9700,31.00475435752811
evolution_strategy,rosenbrock,107,9800,31.00475435752811
evolution_strategy,rosenbrock,107,9900,25.040309459441414
evolution_strategy,rosenbrock,107,10000,19.76087844773827
evolution_strategy,rosenbrock,107,10100,19.76087844773827
evolution_strategy,rosenbrock,107,10200,19.76087844773827
evolution_strategy,rosenbrock,107,10300,19.76087844773827
evolution_strategy,rosenbrock,107,10400,19.76087844773827
evolution_strategy,rosenbrock,107,10500,19.76087844773827
evolution_strategy,rosenbrock,107,10600,19.76087844773827
evolution_strategy,rosenbrock,107,10700,19.76087844773827
evolution_strategy,rosenbrock,107,10800,19.76087844773827
evolution_strategy,rosenbrock,107,10900,19.76087844773827
evolution_strategy,rosenbrock,107,11000,19.76087844773827
evolution_strategy,rosenbrock,107,11100,19.76087844773827
evolution_strategy,rosenbrock,107,11200,19.76087844773827
evolution_strategy,rosenbrock,107,11300,19.76087844773827
evolution_strategy,rosenbrock,107,11400,19.76087844773827
evolution_strategy,rosenbrock,107,11500,19.76087844773827
evolution_strategy,rosenbrock,107,11600,19.76087844773827
evolution_strategy,rosenbrock,107,11700,19.76087844773827
evolution_strategy,rosenbrock,107,11800,19.76087844773827
evolution_strategy,rosenbrock,107,11900,19.76087844773827
evolution_strategy,rosenbrock,107,12000,19.76087844773827
evolution_strategy,rosenbrock,107,12100,19.76087844773827
evolution_strategy,rosenbrock,107,12200,19.76087844773827
evolution_strategy,rosenbrock,107,12300,19.76087844773827
evolution_strategy,rosenbrock,107,12400,19.76087844773827
evolution_strategy,rosenbrock,107,12500,19.76087844773827
evolution_strategy,rosenbrock,107,12600,19.76087844773827
evolution_strategy,rosenbrock,107,12700,19.76087844773827
evolution_strategy,rosenbrock,107,12800,19.76087844773827
evolution_strategy,rosenbrock,107,12900,19.76087844773827
evolution_strategy,rosenbrock,107,13000,19.76087844773827
evolution_strategy,rosenbrock,107,13100,19.76087844773827
evolution_strategy,rosenbrock,107,13200,19.76087844773827
evolution_strategy,rosenbrock,107,13300,19.76087844773827
evolution_strategy,rosenbrock,107,13400,19.76087844773827
evolution_strategy,rosenbrock,107,13500,19.76087844773827
evolution_strategy,rosenbrock,107,13600,19.76087844773827
evolution_strategy,rosenbrock,107,13700,19.76087844773827
evolution_strategy,rosenbrock,107,13800,19.76087844773827
evolution_strategy,rosenbrock,107,13900,19.76087844773827
evolution_strategy,rosenbrock,107,14000,19.76087844773827
evolution_strategy,rosenbrock,107,14100,19.76087844773827
evolution_strategy,rosenbrock,107,14200,19.76087844773827
evolution_strategy,rosenbrock,107,14300,19.76087844773827
evolution_strategy,rosenbrock,107,14400,19.76087844773827
evolution_strategy,rosenbrock,107,14500,19.76087844773827
evolution_strategy,rosenbrock,107,14600,19.76087844773827
evolution_strategy,rosenbrock,107,14700,19.76087844773827
evolution_strategy,rosenbrock,107,14800,19.76087844773827
evolution_strategy,rosenbrock,107,14900,19.76087844773827
evolution_strategy,rosenbrock,107,15000,19.76087844773827
evolution_strategy,rosenbrock,107,15100,19.76087844773827
evolution_strategy,rosenbrock,107,15200,19.76087844773827
evolution_strategy,rosenbrock,107,15300,19.76087844773827
evolution_strategy,rosenbrock,107,15400,19.76087844773827
evolution_strategy,rosenbrock,107,15500,19.76087844773827
evolution_strategy,rosenbrock,107,15600,19.76087844773827
evolution_strategy,rosenbrock,107,15700,19.76087844773827
evolution_strategy,rosenbrock,107,15800,19.76087844773827
evolution_strategy,rosenbrock,107,15900,19.76087844773827
evolution_strategy,rosenbrock,107,16000,19.76087844773827
evolution_strategy,rosenbrock,107,16100,19.76087844773827
evolution_strategy,rosenbrock,107,16200,19.76087844773827
evolution_strategy,rosenbrock,107,16300,19.76087844773827
evolution_strategy,rosenbrock,107,16400,19.76087844773827
evolution_strategy,rosenbrock,107,16500,19.76087844773827
evolution_strategy,rosenbrock,107,16600,19.76087844773827
evolution_strategy,rosenbrock,107,16700,19.76087844773827
evolution_strategy,rosenbrock,107,16800,19.76087844773827
evolution_strategy,rosenbrock,107,16900,19.76087844773827
evolution_strategy,rosenbrock,107,17000,19.76087844773827
evolution_strategy,rosenbrock,107,17100,19.76087844773827
evolution_strategy,rosenbrock,107,17200,19.76087844773827
evolution_strategy,rosenbrock,107,17300,19.76087844773827
evolution_strategy,rosenbrock,107,17400,19.76087844773827
evolution_strategy,rosenbrock,107,17500,19.76087844773827
evolution_strategy,rosenbrock,107,17600,19.76087844773827
evolution_strategy,rosenbrock,107,17700,19.76087844773827
evolution_strategy,rosenbrock,107,17800,19.76087844773827
evolution_strategy,rosenbrock,107,17900,19.76087844773827
evolution_strategy,rosenbrock,107,18000,19.76087844773827
evolution_strategy,rosenbrock,107,18100,19.76087844773827
evolution_strategy,rosenbrock,107,18200,19.76087844773827
evolution_strategy,rosenbrock,107,18300,19.76087844773827
evolution_strategy,rosenbrock,107,18400,19.76087844773827
evolution_strategy,rosenbrock,107,18500,19.76087844773827
evolution_strategy,rosenbrock,107,18600,19.76087844773827
evolution_strategy,rosenbrock,107,18700,19.76087844773827
evolution_strategy,rosenbrock,107,18800,19.76087844773827
evolution_strategy,rosenbrock,107,18900,19.76087844773827
evolution_strategy,rosenbrock,107,19000,19.76087844773827
evolution_strategy,rosenbrock,107,19100,19.76087844773827
evolution_strategy,rosenbrock,107,19200,19.76087844773827
evolution_strategy,rosenbrock,107,19300,19.76087844773827
evolution_strategy,rosenbrock,107,19400,19.76087844773827
evolution_strategy,rosenbrock,107,19500,19.76087844773827
evolution_strategy,rosenbrock,107,19600,19.76087844773827
evolution_strategy,rosenbrock,107,19700,19.76087844773827
evolution_strategy,rosenbrock,107,19800,19.76087844773827
evolution_strategy,rosenbrock,107,19900,19.76087844773827
evolution_strategy,rosenbrock,107,20000,19.76087844773827
evolution_strategy,rosenbrock,108,100,64006.84742565695
evolution_strategy,rosenbrock,108,200,52716.49673780156
evolution_strategy,rosenbrock,108,300,34043.94916456339
evolution_strategy,rosenbrock,108,400,28680.748885011657
evolution_strategy,rosenbrock,108,500,20433.666161679303
evolution_strategy,rosenbrock,108,600,16730.15515107102
evolution_strategy,rosenbrock,108,700,11079.080166243677
evolution_strategy,rosenbrock,108,800,5519.689998835505
evolution_strategy,rosenbrock,108,900,4327.37400426039
evolution_strategy,rosenbrock,108,1000,2352.166929052253
evolution_strategy,rosenbrock,108,1100,1984.2582319857345
evolution_strategy,rosenbrock,108,1200,1013.5362286180293
evolution_strategy,rosenbrock,108,1300,641.0577813063095
evolution_strategy,rosenbrock,108,1400,493.186029820781
evolution_strategy,rosenbrock,108,1500,493.186029820781
evolution_strategy,rosenbrock,108,1600,382.80388862394835
evolution_strategy,rosenbrock,108,1700,164.29512274965293
evolution_strategy,rosenbrock,108,1800,164.29512274965293
evolution_strategy,rosenbrock,108,1900,164.29512274965293
evolution_strategy,rosenbrock,108,2000,164.29512274965293
evolution_strategy,rosenbrock,108,2100,164.29512274965293
evolution_strategy,rosenbrock,108,2200,164.29512274965293
evolution_strategy,rosenbrock,108,2300,164.29512274965293
evolution_strategy,rosenbrock,108,2400,164.29512274965293
evolution_strategy,rosenbrock,108,2500,164.29512274965293
evolution_strategy,rosenbrock,108,2600,159.09637358502337
evolution_strategy,rosenbrock,108,2700,159.09637358502337
evolution_strategy,rosenbrock,108,2800,159.09637358502337
evolution_strategy,rosenbrock,108,2900,129.4137086897499
evolution_strategy,rosenbrock,108,3000,129.4137086897499
evolution_strategy,rosenbrock,108,3100,129.4137086897499
evolution_strategy,rosenbrock,108,3200,129.4137086897499
evolution_strategy,rosenbrock,108,3300,129.4137086897499
evolution_strategy,rosenbrock,108,3400,129.4137086897499
evolution_strategy,rosenbrock,108,3500,129.4137086897499
evolution_strategy,rosenbrock,108,3600,129.4137086897499
evolution_strategy,rosenbrock,108,3700,129.4137086897499
evolution_strategy,rosenbrock,108,3800,129.4137086897499
evolution_strategy,rosenbrock,108,3900,129.4137086897499
evolution_strategy,rosenbrock,108,4000,129.4137086897499
evolution_strategy,rosenbrock,108,4100,129.4137086897499
evolution_strategy,rosenbrock,108,4200,129.4137086897499
evolution_strategy,rosenbrock,108,4300,129.4137086897499
evolution_strategy,rosenbrock,108,4400,129.4137086897499
evolution_strategy,rosenbrock,108,4500,129.4137086897499
evolution_strategy,rosenbrock,108,4600,129.4137086897499
evolution_strategy,rosenbrock,108,4700,129.4137086897499
evolution_strategy,rosenbrock,108,4800,129.4137086897499
evolution_strategy,rosenbrock,108,4900,129.4137086897499
evolution_strategy,rosenbrock,108,5000,129.4137086897499
evolution_strategy,rosenbrock,108,5100,129.4137086897499
evolution_strategy,rosenbrock,108,5200,129.4137086897499
evolution_strategy,rosenbrock,108,5300,129.4137086897499
evolution_strategy,rosenbrock,108,5400,129.4137086897499
evolution_strategy,rosenbrock,108,5500,129.4137086897499
evolution_strategy,rosenbrock,108,5600,129.4137086897499
evolution_strategy,rosenbrock,108,5700,129.4137086897499
evolution_strategy,rosenbrock,108,5800,129.4137086897499
evolution_strategy,rosenbrock,108,5900,129.4137086897499
evolution_strategy,rosenbrock,108,6000,129.4137086897499
evolution_strategy,rosenbrock,108,6100,129.4137086897499
evolution_strategy,rosenbrock,108,6200,129.4137086897499
evolution_strategy,rosenbrock,108,6300,129.4137086897499
evolution_strategy,rosenbrock,108,6400,129.4137086897499
evolution_strategy,rosenbrock,108,6500,129.4137086897499
evolution_strategy,rosenbrock,108,6600,129.4137086897499
evolution_strategy,rosenbrock,108,6700,107.987960719466
evolution_strategy,rosenbrock,108,6800,107.987960719466
evolution_strategy,rosenbrock,108,6900,107.987960719466
evolution_strategy,rosenbrock,108,7000,107.987960719466
evolution_strategy,rosenbrock,108,7100,107.987960719466
evolution_strategy,rosenbrock,108,7200,107.987960719466
evolution_strategy,rosenbrock,108,7300,107.987960719466
evolution_strategy,rosenbrock,108,7400,107.987960719466
evolution_strategy,rosenbrock,108,7500,107.987960719466
evolution_strategy,rosenbrock,108,7600,107.987960719466
evolution_strategy,rosenbrock,108,7700,107.987960719466
evolution_strategy,rosenbrock,108,7800,107.987960719466
evolution_strategy,rosenbrock,108,7900,107.987960719466
evolution_strategy,rosenbrock,108,8000,107.987960719466
evolution_strategy,rosenbrock,108,8100,107.987960719466
evolution_strategy,rosenbrock,108,8200,107.987960719466
evolution_strategy,rosenbrock,108,8300,107.987960719466
evolution_strategy,rosenbrock,108,8400,107.987960719466
evolution_strategy,rosenbrock,108,8500,107.987960719466
evolution_strategy,rosenbrock,108,8600,83.31075629872021
evolution_strategy,rosenbrock,108,8700,83.31075629872021
evolution_strategy,rosenbrock,108,8800,83.31075629872021
evolution_strategy,rosenbrock,108,8900,83.31075629872021
evolution_strategy,rosenbrock,108,9000,83.31075629872021
evolution_strategy,rosenbrock,108,9100,69.15893674229488
evolution_strategy,rosenbrock,108,9200,54.46952738109256
evolution_strategy,rosenbrock,108,9300,54.46952738109256
evolution_strategy,rosenbrock,108,9400,54.46952738109256
evolution_strategy,rosenbrock,108,9500,54.46952738109256
evolution_strategy,rosenbrock,108,9600,54.46952738109256
evolution_strategy,rosenbrock,108,9700,42.72266489965111
evolution_strategy,rosenbrock,108,9800,42.72266489965111
evolution_strategy,rosenbrock,108,9900,42.72266489965111
evolution_strategy,rosenbrock,108,10000,42.72266489965111
evolution_strategy,rosenbrock,108,10100,42.72266489965111
evolution_strategy,rosenbrock,108,10200,42.72266489965111
evolution_strategy,rosenbrock,108,10300,42.72266489965111
evolution_strategy,rosenbrock,108,10400,38.62063055973474
evolution_strategy,rosenbrock,108,10500,38.62063055973474
evolution_strategy,rosenbrock,108,10600,38.62063055973474
evolution_strategy,rosenbrock,108,10700,31.341703434759957
evolution_strategy,rosenbrock,108,10800,31.341703434759957
evolution_strategy,rosenbrock,108,10900,31.341703434759957
evolution_strategy,rosenbrock,108,11000,31.341703434759957
evolution_strategy,rosenbrock,108,11100,31.341703434759957
evolution_strategy,rosenbrock,108,11200,31.341703434759957
evolution_strategy,rosenbrock,108,11300,31.341703434759957
evolution_strategy,rosenbrock,108,11400,31.341703434759957
evolution_strategy,rosenbrock,108,11500,31.341703434759957
evolution_strategy,rosenbrock,108,11600,31.341703434759957
evolution_strategy,rosenbrock,108,11700,31.341703434759957
evolution_strategy,rosenbrock,108,11800,31.341703434759957
evolution_strategy,rosenbrock,108,11900,31.341703434759957
evolution_strategy,rosenbrock,108,12000,31.341703434759957
evolution_strategy,rosenbrock,108,12100,31.341703434759957
evolution_strategy,rosenbrock,108,12200,31.341703434759957
evolution_strategy,rosenbrock,108,12300,31.341703434759957
evolution_strategy,rosenbrock,108,12400,31.341703434759957
evolution_strategy,rosenbrock,108,12500,31.341703434759957
evolution_strategy,rosenbrock,108,12600,31.341703434759957
evolution_strategy,rosenbrock,108,12700,31.341703434759957
evolution_strategy,rosenbrock,108,12800,31.341703434759957
evolution_strategy,rosenbrock,108,12900,31.341703434759957
evolution_strategy,rosenbrock,108,13000,31.341703434759957
evolution_strategy,rosenbrock,108,13100,31.341703434759957
evolution_strategy,rosenbrock,108,13200,31.341703434759957
evolution_strategy,rosenbrock,108,13300,31.341703434759957
evolution_strategy,rosenbrock,108,13400,31.341703434759957
evolution_strategy,rosenbrock,108,13500,31.341703434759957
evolution_strategy,rosenbrock,108,13600,31.341703434759957
evolution_strategy,rosenbrock,108,13700,31.341703434759957
evolution_strategy,rosenbrock,108,13800,31.341703434759957
evolution_strategy,rosenbrock,108,13900,31.341703434759957
evolution_strategy,rosenbrock,108,14000,31.341703434759957
evolution_strategy,rosenbrock,108,14100,31.341703434759957
evolution_strategy,rosenbrock,108,14200,31.341703434759957
evolution_strategy,rosenbrock,108,14300,31.341703434759957
evolution_strategy,rosenbrock,108,14400,31.341703434759957
evolution_strategy,rosenbrock,108,14500,31.341703434759957
evolution_strategy,rosenbrock,108,14600,31.341703434759957
evolution_strategy,rosenbrock,108,14700,31.341703434759957
evolution_strategy,rosenbrock,108,14800,31.341703434759957
evolution_strategy,rosenbrock,108,14900,31.341703434759957
evolution_strategy,rosenbrock,108,15000,31.341703434759957
evolution_strategy,rosenbrock,108,15100,31.341703434759957
evolution_strategy,rosenbrock,108,15200,31.341703434759957
evolution_strategy,rosenbrock,108,15300,31.341703434759957
evolution_strategy,rosenbrock,108,15400,31.341703434759957
evolution_strategy,rosenbrock,108,15500,31.341703434759957
evolution_strategy,rosenbrock,108,15600,31.341703434759957
evolution_strategy,rosenbrock,108,15700,31.341703434759957
evolution_strategy,rosenbrock,108,15800,31.341703434759957
evolution_strategy,rosenbrock,108,15900,31.341703434759957
evolution_strategy,rosenbrock,108,16000,31.341703434759957
evolution_strategy,rosenbrock,108,16100,31.341703434759957
evolution_strategy,rosenbrock,108,16200,31.341703434759957
evolution_strategy,rosenbrock,108,16300,31.341703434759957
evolution_strategy,rosenbrock,108,16400,31.341703434759957
evolution_strategy,rosenbrock,108,16500,31.341703434759957
evolution_strategy,rosenbrock,108,16600,27.17346836491774
evolution_strategy,rosenbrock,108,16700,27.17346836491774
evolution_strategy,rosenbrock,108,16800,27.17346836491774
evolution_strategy,rosenbrock,108,16900,27.17346836491774
evolution_strategy,rosenbrock,108,17000,27.17346836491774
evolution_strategy,rosenbrock,108,17100,27.17346836491774
evolution_strategy,rosenbrock,108,17200,27.17346836491774
evolution_strategy,rosenbrock,108,17300,27.17346836491774
evolution_strategy,rosenbrock,108,17400,27.17346836491774
evolution_strategy,rosenbrock,108,17500,27.17346836491774
evolution_strategy,rosenbrock,108,17600,27.17346836491774
evolution_strategy,rosenbrock,108,17700,27.17346836491774
evolution_strategy,rosenbrock,108,17800,27.17346836491774
evolution_strategy,rosenbrock,108,17900,27.17346836491774
evolution_strategy,rosenbrock,108,18000,27.17346836491774
evolution_strategy,rosenbrock,108,18100,27.17346836491774
evolution_strategy,rosenbrock,108,18200,27.17346836491774
evolution_strategy,rosenbrock,108,18300,27.17346836491774
evolution_strategy,rosenbrock,108,18400,27.17346836491774
evolution_strategy,rosenbrock,108,18500,27.17346836491774
evolution_strategy,rosenbrock,108,18600,27.17346836491774
evolution_strategy,rosenbrock,108,18700,27.17346836491774
evolution_strategy,rosenbrock,108,18800,27.17346836491774
evolution_strategy,rosenbrock,108,18900,27.17346836491774
evolution_strategy,rosenbrock,108,19000,27.17346836491774
evolution_strategy,rosenbrock,108,19100,27.17346836491774
evolution_strategy,rosenbrock,108,19200,20.300938007713725
evolution_strategy,rosenbrock,108,19300,20.300938007713725
evolution_strategy,rosenbrock,108,19400,20.300938007713725
evolution_strategy,rosenbrock,108,19500,20.300938007713725
evolution_strategy,rosenbrock,108,19600,20.300938007713725
evolution_strategy,rosenbrock,108,19700,20.300938007713725
evolution_strategy,rosenbrock,108,19800,20.300938007713725
evolution_strategy,rosenbrock,108,19900,20.300938007713725
evolution_strategy,rosenbrock,108,20000,20.300938007713725
evolution_strategy,rosenbrock,109,100,54322.75601234726
evolution_strategy,rosenbrock,109,200,48764.46101054553
evolution_strategy,rosenbrock,109,300,41362.31692756214
evolution_strategy,rosenbrock,109,400,33419.11476695098
evolution_strategy,rosenbrock,109,500,26237.204401368886
evolution_strategy,rosenbrock,109,600,21800.34152740915
evolution_strategy,rosenbrock,109,700,16939.185383780627
evolution_strategy,rosenbrock,109,800,13374.85949011495
evolution_strategy,rosenbrock,109,900,8109.9831083220115
evolution_strategy,rosenbrock,109,1000,7113.130177628829
evolution_strategy,rosenbrock,109,1100,5279.1490152827555
evolution_strategy,rosenbrock,109,1200,4777.068201187007
evolution_strategy,rosenbrock,109,1300,3444.8699015162056
evolution_strategy,rosenbrock,109,1400,2185.524736240633
evolution_strategy,rosenbrock,109,1500,1637.7888319106505
evolution_strategy,rosenbrock,109,1600,1363.8619902724474
evolution_strategy,rosenbrock,109,1700,1063.3240646133936
evolution_strategy,rosenbrock,109,1800,709.0542150510604
evolution_strategy,rosenbrock,109,1900,547.9566183899342
evolution_strategy,rosenbrock,109,2000,547.9566183899342
evolution_strategy,rosenbrock,109,2100,547.9566183899342
evolution_strategy,rosenbrock,109,2200,547.9566183899342
evolution_strategy,rosenbrock,109,2300,547.9566183899342
evolution_strategy,rosenbrock,109,2400,547.9566183899342
evolution_strategy,rosenbrock,109,2500,547.9566183899342
evolution_strategy,rosenbrock,109,2600,501.06300705170486
evolution_strategy,rosenbrock,109,2700,450.1310847923163
evolution_strategy,rosenbrock,109,2800,343.08070683298786
evolution_strategy,rosenbrock,109,2900,343.08070683298786
evolution_strategy,rosenbrock,109,3000,324.96333197797395
evolution_strategy,rosenbrock,109,3100,286.4750572618267
evolution_strategy,rosenbrock,109,3200,223.30878563398434
evolution_strategy,rosenbrock,109,3300,200.97634008848686
evolution_strategy,rosenbrock,109,3400,168.99986932337947
evolution_strategy,rosenbrock,109,3500,168.99986932337947
evolution_strategy,rosenbrock,109,3600,154.90774992896638
evolution_strategy,rosenbrock,109,3700,80.75774391738345
evolution_strategy,rosenbrock,109,3800,80.75774391738345
evolution_strategy,rosenbrock,109,3900,65.95694742525806
evolution_strategy,rosenbrock,109,4000,44.278118149120985
evolution_strategy,rosenbrock,109,4100,44.278118149120985
evolution_strategy,rosenbrock,109,4200,44.278118149120985
evolution_strategy,rosenbrock,109,4300,44.278118149120985
evolution_strategy,rosenbrock,109,4400,44.278118149120985
evolution_strategy,rosenbrock,109,4500,36.58673524099322
evolution_strategy,rosenbrock,109,4600,36.58673524099322
evolution_strategy,rosenbrock,109,4700,36.58673524099322
evolution_strategy,rosenbrock,109,4800,36.58673524099322
evolution_strategy,rosenbrock,109,4900,36.58673524099322
evolution_strategy,rosenbrock,109,5000,36.58673524099322
evolution_strategy,rosenbrock,109,5100,36.58673524099322
evolution_strategy,rosenbrock,109,5200,36.58673524099322
evolution_strategy,rosenbrock,109,5300,36.58673524099322
evolution_strategy,rosenbrock,109,5400,36.58673524099322
evolution_strategy,rosenbrock,109,5500,36.58673524099322
evolution_strategy,rosenbrock,109,5600,36.58673524099322
evolution_strategy,rosenbrock,109,5700,36.58673524099322
evolution_strategy,rosenbrock,109,5800,36.58673524099322
evolution_strategy,rosenbrock,109,5900,36.58673524099322
evolution_strategy,rosenbrock,109,6000,36.58673524099322
evolution_strategy,rosenbrock,109,6100,36.58673524099322
evolution_strategy,rosenbrock,109,6200,36.58673524099322
evolution_strategy,rosenbrock,109,6300,36.58673524099322
evolution_strategy,rosenbrock,109,6400,36.58673524099322
evolution_strategy,rosenbrock,109,6500,36.58673524099322
evolution_strategy,rosenbrock,109,6600,36.58673524099322
evolution_strategy,rosenbrock,109,6700,36.58673524099322
evolution_strategy,rosenbrock,109,6800,36.58673524099322
evolution_strategy,rosenbrock,109,6900,36.58673524099322
evolution_strategy,rosenbrock,109,7000,36.58673524099322
evolution_strategy,rosenbrock,109,7100,36.58673524099322
evolution_strategy,rosenbrock,109,7200,36.538109842830366
evolution_strategy,rosenbrock,109,7300,36.538109842830366
evolution_strategy,rosenbrock,109,7400,36.538109842830366
evolution_strategy,rosenbrock,109,7500,36.538109842830366
evolution_strategy,rosenbrock,109,7600,36.538109842830366
evolution_strategy,rosenbrock,109,7700,36.538109842830366
evolution_strategy,rosenbrock,109,7800,36.538109842830366
evolution_strategy,rosenbrock,109,7900,36.538109842830366
evolution_strategy,rosenbrock,109,8000,36.538109842830366
evolution_strategy,rosenbrock,109,8100,19.63414048180752
evolution_strategy,rosenbrock,109,8200,19.63414048180752
evolution_strategy,rosenbrock,109,8300,19.63414048180752
evolution_strategy,rosenbrock,109,8400,19.63414048180752
evolution_strategy,rosenbrock,109,8500,19.63414048180752
evolution_strategy,rosenbrock,109,8600,19.63414048180752
evolution_strategy,rosenbrock,109,8700,17.891048916565275
evolution_strategy,rosenbrock,109,8800,17.891048916565275
evolution_strategy,rosenbrock,109,8900,17.891048916565275
evolution_strategy,rosenbrock,109,9000,17.891048916565275
evolution_strategy,rosenbrock,109,9100,17.891048916565275
evolution_strategy,rosenbrock,109,9200,17.891048916565275
evolution_strategy,rosenbrock,109,9300,17.891048916565275
evolution_strategy,rosenbrock,109,9400,17.891048916565275
evolution_strategy,rosenbrock,109,9500,17.891048916565275
evolution_strategy,rosenbrock,109,9600,17.891048916565275
evolution_strategy,rosenbrock,109,9700,17.891048916565275
evolution_strategy,rosenbrock,109,9800,17.891048916565275
evolution_strategy,rosenbrock,109,9900,17.891048916565275
evolution_strategy,rosenbrock,109,10000,17.891048916565275
evolution_strategy,rosenbrock,109,10100,17.891048916565275
evolution_strategy,rosenbrock,109,10200,17.891048916565275
evolution_strategy,rosenbrock,109,10300,17.891048916565275
evolution_strategy,rosenbrock,109,10400,17.891048916565275
evolution_strategy,rosenbrock,109,10500,17.891048916565275
evolution_strategy,rosenbrock,109,10600,17.891048916565275
evolution_strategy,rosenbrock,109,10700,17.891048916565275
evolution_strategy,rosenbrock,109,10800,17.891048916565275
evolution_strategy,rosenbrock,109,10900,17.891048916565275
evolution_strategy,rosenbrock,109,11000,17.891048916565275
evolution_strategy,rosenbrock,109,11100,17.891048916565275
evolution_strategy,rosenbrock,109,11200,17.891048916565275
evolution_strategy,rosenbrock,109,11300,17.891048916565275
evolution_strategy,rosenbrock,109,11400,17.891048916565275
evolution_strategy,rosenbrock,109,11500,17.891048916565275
evolution_strategy,rosenbrock,109,11600,17.891048916565275
evolution_strategy,rosenbrock,109,11700,17.891048916565275
evolution_strategy,rosenbrock,109,11800,17.891048916565275
evolution_strategy,rosenbrock,109,11900,17.891048916565275
evolution_strategy,rosenbrock,109,12000,17.891048916565275
evolution_strategy,rosenbrock,109,12100,17.891048916565275
evolution_strategy,rosenbrock,109,12200,17.891048916565275
evolution_strategy,rosenbrock,109,12300,17.891048916565275
evolution_strategy,rosenbrock,109,12400,17.891048916565275
evolution_strategy,rosenbrock,109,12500,17.891048916565275
evolution_strategy,rosenbrock,109,12600,17.891048916565275
evolution_strategy,rosenbrock,109,12700,17.891048916565275
evolution_strategy,rosenbrock,109,12800,17.891048916565275
evolution_strategy,rosenbrock,109,12900,17.891048916565275
evolution_strategy,rosenbrock,109,13000,17.891048916565275
evolution_strategy,rosenbrock,109,13100,17.891048916565275
evolution_strategy,rosenbrock,109,13200,17.891048916565275
evolution_strategy,rosenbrock,109,13300,17.891048916565275
evolution_strategy,rosenbrock,109,13400,17.891048916565275
evolution_strategy,rosenbrock,109,13500,17.891048916565275
evolution_strategy,rosenbrock,109,13600,17.891048916565275
evolution_strategy,rosenbrock,109,13700,17.891048916565275
evolution_strategy,rosenbrock,109,13800,17.891048916565275
evolution_strategy,rosenbrock,109,13900,17.891048916565275
evolution_strategy,rosenbrock,109,14000,17.891048916565275
evolution_strategy,rosenbrock,109,14100,17.891048916565275
evolution_strategy,rosenbrock,109,14200,17.891048916565275
evolution_strategy,rosenbrock,109,14300,17.891048916565275
evolution_strategy,rosenbrock,109,14400,17.891048916565275
evolution_strategy,rosenbrock,109,14500,17.891048916565275
evolution_strategy,rosenbrock,109,14600,17.891048916565275
evolution_strategy,rosenbrock,109,14700,17.891048916565275
evolution_strategy,rosenbrock,109,14800,17.891048916565275
evolution_strategy,rosenbrock,109,14900,17.891048916565275
evolution_strategy,rosenbrock,109,15000,17.891048916565275
evolution_strategy,rosenbrock,109,15100,17.891048916565275
evolution_strategy,rosenbrock,109,15200,17.891048916565275
evolution_strategy,rosenbrock,109,15300,17.891048916565275
evolution_strategy,rosenbrock,109,15400,17.891048916565275
evolution_strategy,rosenbrock,109,15500,17.891048916565275
evolution_strategy,rosenbrock,109,15600,17.891048916565275
evolution_strategy,rosenbrock,109,15700,17.891048916565275
evolution_strategy,rosenbrock,109,15800,17.891048916565275
evolution_strategy,rosenbrock,109,15900,17.891048916565275
evolution_strategy,rosenbrock,109,16000,17.891048916565275
evolution_strategy,rosenbrock,109,16100,17.891048916565275
evolution_strategy,rosenbrock,109,16200,17.891048916565275
evolution_strategy,rosenbrock,109,16300,17.891048916565275
evolution_strategy,rosenbrock,109,16400,17.891048916565275
evolution_strategy,rosenbrock,109,16500,17.891048916565275
evolution_strategy,rosenbrock,109,16600,17.891048916565275
evolution_strategy,rosenbrock,109,16700,17.891048916565275
evolution_strategy,rosenbrock,109,16800,17.891048916565275
evolution_strategy,rosenbrock,109,16900,17.891048916565275
evolution_strategy,rosenbrock,109,17000,17.891048916565275
evolution_strategy,rosenbrock,109,17100,17.891048916565275
evolution_strategy,rosenbrock,109,17200,17.891048916565275
evolution_strategy,rosenbrock,109,17300,17.891048916565275
evolution_strategy,rosenbrock,109,17400,17.891048916565275
evolution_strategy,rosenbrock,109,17500,17.891048916565275
evolution_strategy,rosenbrock,109,17600,17.891048916565275
evolution_strategy,rosenbrock,109,17700,17.891048916565275
evolution_strategy,rosenbrock,109,17800,17.891048916565275
evolution_strategy,rosenbrock,109,17900,17.891048916565275
evolution_strategy,rosenbrock,109,18000,17.891048916565275
evolution_strategy,rosenbrock,109,18100,17.891048916565275
evolution_strategy,rosenbrock,109,18200,17.891048916565275
evolution_strategy,rosenbrock,109,18300,17.891048916565275
evolution_strategy,rosenbrock,109,18400,17.891048916565275
evolution_strategy,rosenbrock,109,18500,17.891048916565275
evolution_strategy,rosenbrock,109,18600,17.891048916565275
evolution_strategy,rosenbrock,109,18700,17.891048916565275
evolution_strategy,rosenbrock,109,18800,17.891048916565275
evolution_strategy,rosenbrock,109,18900,17.891048916565275
evolution_strategy,rosenbrock,109,19000,17.891048916565275
evolution_strategy,rosenbrock,109,19100,17.891048916565275
evolution_strategy,rosenbrock,109,19200,17.891048916565275
evolution_strategy,rosenbrock,109,19300,17.891048916565275
evolution_strategy,rosenbrock,109,19400,17.891048916565275
evolution_strategy,rosenbrock,109,19500,17.891048916565275
evolution_strategy,rosenbrock,109,19600,17.891048916565275
evolution_strategy,rosenbrock,109,19700,17.891048916565275
evolution_strategy,rosenbrock,109,19800,17.891048916565275
evolution_strategy,rosenbrock,109,19900,17.891048916565275
evolution_strategy,rosenbrock,109,20000,17.891048916565275
evolution_strategy,rosenbrock,110,100,233489.1846291017
evolution_strategy,rosenbrock,110,200,168911.3101301617
evolution_strategy,rosenbrock,110,300,161893.80854698055
evolution_strategy,rosenbrock,110,400,122292.41625704357
evolution_strategy,rosenbrock,110,500,91187.77575060842
evolution_strategy,rosenbrock,110,600,71145.6763916983
evolution_strategy,rosenbrock,110,700,63367.53881581814
evolution_strategy,rosenbrock,110,800,45202.2656245268
evolution_strategy,rosenbrock,110,900,34836.42046103984
evolution_strategy,rosenbrock,110,1000,27734.603817417632
evolution_strategy,rosenbrock,110,1100,22114.83404870143
evolution_strategy,rosenbrock,110,1200,18808.75708434722
evolution_strategy,rosenbrock,110,1300,10844.70270890895
evolution_strategy,rosenbrock,110,1400,9313.087811859696
evolution_strategy,rosenbrock,110,1500,7716.871362659229
evolution_strategy,rosenbrock,110,1600,5619.65648687837
evolution_strategy,rosenbrock,110,1700,4334.034602446207
evolution_strategy,rosenbrock,110,1800,3393.7652888391212
evolution_strategy,rosenbrock,110,1900,2965.3354138816053
evolution_strategy,rosenbrock,110,2000,1983.50511547952
evolution_strategy,rosenbrock,110,2100,1772.3069503857346
evolution_strategy,rosenbrock,110,2200,1019.840925122305
evolution_strategy,rosenbrock,110,2300,843.2306129378017
evolution_strategy,rosenbrock,110,2400,632.9496984152713
evolution_strategy,rosenbrock,110,2500,269.53273279157315
evolution_strategy,rosenbrock,110,2600,245.86849132516852
evolution_strategy,rosenbrock,110,2700,180.25419946771746
evolution_strategy,rosenbrock,110,2800,180.25419946771746
evolution_strategy,rosenbrock,110,2900,100.25143928814373
evolution_strategy,rosenbrock,110,3000,97.05553623675361
evolution_strategy,rosenbrock,110,3100,92.32142439179498
evolution_strategy,rosenbrock,110,3200,57.04201585676071
evolution_strategy,rosenbrock,110,3300,38.08150823766323
evolution_strategy,rosenbrock,110,3400,38.08150823766323
evolution_strategy,rosenbrock,110,3500,38.08150823766323
evolution_strategy,rosenbrock,110,3600,38.08150823766323
evolution_strategy,rosenbrock,110,3700,38.08150823766323
evolution_strategy,rosenbrock,110,3800,38.08150823766323
evolution_strategy,rosenbrock,110,3900,38.08150823766323
evolution_strategy,rosenbrock,110,4000,38.08150823766323
evolution_strategy,rosenbrock,110,4100,38.08150823766323
evolution_strategy,rosenbrock,110,4200,38.08150823766323
evolution_strategy,rosenbrock,110,4300,38.08150823766323
evolution_strategy,rosenbrock,110,4400,38.08150823766323
evolution_strategy,rosenbrock,110,4500,38.08150823766323
evolution_strategy,rosenbrock,110,4600,22.277321390888922
evolution_strategy,rosenbrock,110,4700,22.277321390888922
evolution_strategy,rosenbrock,110,4800,22.277321390888922
evolution_strategy,rosenbrock,110,4900,22.277321390888922
evolution_strategy,rosenbrock,110,5000,22.277321390888922
evolution_strategy,rosenbrock,110,5100,22.277321390888922
evolution_strategy,rosenbrock,110,5200,22.277321390888922
evolution_strategy,rosenbrock,110,5300,22.277321390888922
evolution_strategy,rosenbrock,110,5400,22.277321390888922
evolution_strategy,rosenbrock,110,5500,22.277321390888922
evolution_strategy,rosenbrock,110,5600,22.277321390888922
evolution_strategy,rosenbrock,110,5700,22.277321390888922
evolution_strategy,rosenbrock,110,5800,22.277321390888922
evolution_strategy,rosenbrock,110,5900,22.277321390888922
evolution_strategy,rosenbrock,110,6000,22.277321390888922
evolution_strategy,rosenbrock,110,6100,22.277321390888922
evolution_strategy,rosenbrock,110,6200,22.277321390888922
evolution_strategy,rosenbrock,110,6300,22.277321390888922
evolution_strategy,rosenbrock,110,6400,22.277321390888922
evolution_strategy,rosenbrock,110,6500,22.277321390888922
evolution_strategy,rosenbrock,110,6600,22.277321390888922
evolution_strategy,rosenbrock,110,6700,22.277321390888922
evolution_strategy,rosenbrock,110,6800,22.277321390888922
evolution_strategy,rosenbrock,110,6900,22.277321390888922
evolution_strategy,rosenbrock,110,7000,22.277321390888922
evolution_strategy,rosenbrock,110,7100,22.277321390888922
evolution_strategy,rosenbrock,110,7200,22.277321390888922
evolution_strategy,rosenbrock,110,7300,22.277321390888922
evolution_strategy,rosenbrock,110,7400,22.277321390888922
evolution_strategy,rosenbrock,110,7500,22.277321390888922
evolution_strategy,rosenbrock,110,7600,22.277321390888922
evolution_strategy,rosenbrock,110,7700,22.277321390888922
evolution_strategy,rosenbrock,110,7800,19.50978069696361
evolution_strategy,rosenbrock,110,7900,19.50978069696361
evolution_strategy,rosenbrock,110,8000,19.50978069696361
evolution_strategy,rosenbrock,110,8100,19.50978069696361
evolution_strategy,rosenbrock,110,8200,19.50978069696361
evolution_strategy,rosenbrock,110,8300,19.50978069696361
evolution_strategy,rosenbrock,110,8400,19.50978069696361
evolution_strategy,rosenbrock,110,8500,19.50978069696361
evolution_strategy,rosenbrock,110,8600,19.50978069696361
evolution_strategy,rosenbrock,110,8700,19.50978069696361
evolution_strategy,rosenbrock,110,8800,19.50978069696361
evolution_strategy,rosenbrock,110,8900,19.50978069696361
evolution_strategy,rosenbrock,110,9000,19.50978069696361
evolution_strategy,rosenbrock,110,9100,19.50978069696361
evolution_strategy,rosenbrock,110,9200,19.50978069696361
evolution_strategy,rosenbrock,110,9300,19.50978069696361
evolution_strategy,rosenbrock,110,9400,19.50978069696361
evolution_strategy,rosenbrock,110,9500,19.50978069696361
evolution_strategy,rosenbrock,110,9600,19.50978069696361
evolution_strategy,rosenbrock,110,9700,19.50978069696361
evolution_strategy,rosenbrock,110,9800,19.50978069696361
evolution_strategy,rosenbrock,110,9900,19.50978069696361
evolution_strategy,rosenbrock,110,10000,19.50978069696361
evolution_strategy,rosenbrock,110,10100,19.50978069696361
evolution_strategy,rosenbrock,110,10200,19.50978069696361
evolution_strategy,rosenbrock,110,10300,19.50978069696361
evolution_strategy,rosenbrock,110,10400,19.50978069696361
evolution_strategy,rosenbrock,110,10500,19.50978069696361
evolution_strategy,rosenbrock,110,10600,19.50978069696361
evolution_strategy,rosenbrock,110,10700,19.50978069696361
evolution_strategy,rosenbrock,110,10800,19.50978069696361
evolution_strategy,rosenbrock,110,10900,19.50978069696361
evolution_strategy,rosenbrock,110,11000,19.50978069696361
evolution_strategy,rosenbrock,110,11100,19.50978069696361
evolution_strategy,rosenbrock,110,11200,19.50978069696361
evolution_strategy,rosenbrock,110,11300,19.50978069696361
evolution_strategy,rosenbrock,110,11400,19.50978069696361
evolution_strategy,rosenbrock,110,11500,19.50978069696361
evolution_strategy,rosenbrock,110,11600,19.50978069696361
evolution_strategy,rosenbrock,110,11700,19.50978069696361
evolution_strategy,rosenbrock,110,11800,19.50978069696361
evolution_strategy,rosenbrock,110,11900,19.50978069696361
evolution_strategy,rosenbrock,110,12000,19.50978069696361
evolution_strategy,rosenbrock,110,12100,19.50978069696361
evolution_strategy,rosenbrock,110,12200,19.50978069696361
evolution_strategy,rosenbrock,110,12300,19.50978069696361
evolution_strategy,rosenbrock,110,12400,19.50978069696361
evolution_strategy,rosenbrock,110,12500,19.50978069696361
evolution_strategy,rosenbrock,110,12600,19.50978069696361
evolution_strategy,rosenbrock,110,12700,19.50978069696361
evolution_strategy,rosenbrock,110,12800,19.50978069696361
evolution_strategy,rosenbrock,110,12900,19.50978069696361
evolution_strategy,rosenbrock,110,13000,19.50978069696361
evolution_strategy,rosenbrock,110,13100,19.50978069696361
evolution_strategy,rosenbrock,110,13200,19.50978069696361
evolution_strategy,rosenbrock,110,13300,19.50978069696361
evolution_strategy,rosenbrock,110,13400,19.50978069696361
evolution_strategy,rosenbrock,110,13500,19.50978069696361
evolution_strategy,rosenbrock,110,13600,19.50978069696361
evolution_strategy,rosenbrock,110,13700,19.50978069696361
evolution_strategy,rosenbrock,110,13800,19.50978069696361
evolution_strategy,rosenbrock,110,13900,19.50978069696361
evolution_strategy,rosenbrock,110,14000,19.50978069696361
evolution_strategy,rosenbrock,110,14100,19.50978069696361
evolution_strategy,rosenbrock,110,14200,19.50978069696361
evolution_strategy,rosenbrock,110,14300,19.50978069696361
evolution_strategy,rosenbrock,110,14400,19.50978069696361
evolution_strategy,rosenbrock,110,14500,19.50978069696361
evolution_strategy,rosenbrock,110,14600,19.50978069696361
evolution_strategy,rosenbrock,110,14700,19.50978069696361
evolution_strategy,rosenbrock,110,14800,19.50978069696361
evolution_strategy,rosenbrock,110,14900,19.50978069696361
evolution_strategy,rosenbrock,110,15000,19.50978069696361
evolution_strategy,rosenbrock,110,15100,19.50978069696361
evolution_strategy,rosenbrock,110,15200,19.50978069696361
evolution_strategy,rosenbrock,110,15300,19.50978069696361
evolution_strategy,rosenbrock,110,15400,19.50978069696361
evolution_strategy,rosenbrock,110,15500,19.50978069696361
evolution_strategy,rosenbrock,110,15600,19.50978069696361
evolution_strategy,rosenbrock,110,15700,19.50978069696361
evolution_strategy,rosenbrock,110,15800,19.50978069696361
evolution_strategy,rosenbrock,110,15900,19.50978069696361
evolution_strategy,rosenbrock,110,16000,19.50978069696361
evolution_strategy,rosenbrock,110,16100,19.50978069696361
evolution_strategy,rosenbrock,110,16200,19.50978069696361
evolution_strategy,rosenbrock,110,16300,19.50978069696361
evolution_strategy,rosenbrock,110,16400,19.50978069696361
evolution_strategy,rosenbrock,110,16500,19.50978069696361
evolution_strategy,rosenbrock,110,16600,19.50978069696361
evolution_strategy,rosenbrock,110,16700,19.50978069696361
evolution_strategy,rosenbrock,110,16800,19.50978069696361
evolution_strategy,rosenbrock,110,16900,19.50978069696361
evolution_strategy,rosenbrock,110,17000,19.50978069696361
evolution_strategy,rosenbrock,110,17100,19.50978069696361
evolution_strategy,rosenbrock,110,17200,19.50978069696361
evolution_strategy,rosenbrock,110,17300,19.50978069696361
evolution_strategy,rosenbrock,110,17400,19.50978069696361
evolution_strategy,rosenbrock,110,17500,19.50978069696361
evolution_strategy,rosenbrock,110,17600,19.50978069696361
evolution_strategy,rosenbrock,110,17700,19.50978069696361
evolution_strategy,rosenbrock,110,17800,19.50978069696361
evolution_strategy,rosenbrock,110,17900,19.50978069696361
evolution_strategy,rosenbrock,110,18000,19.50978069696361
evolution_strategy,rosenbrock,110,18100,19.50978069696361
evolution_strategy,rosenbrock,110,18200,19.50978069696361
evolution_strategy,rosenbrock,110,18300,19.50978069696361
evolution_strategy,rosenbrock,110,18400,19.50978069696361
evolution_strategy,rosenbrock,110,18500,19.50978069696361
evolution_strategy,rosenbrock,110,18600,19.50978069696361
evolution_strategy,rosenbrock,110,18700,19.50978069696361
evolution_strategy,rosenbrock,110,18800,19.50978069696361
evolution_strategy,rosenbrock,110,18900,19.50978069696361
evolution_strategy,rosenbrock,110,19000,19.50978069696361
evolution_strategy,rosenbrock,110,19100,19.50978069696361
evolution_strategy,rosenbrock,110,19200,19.50978069696361
evolution_strategy,rosenbrock,110,19300,19.50978069696361
evolution_strategy,rosenbrock,110,19400,19.50978069696361
evolution_strategy,rosenbrock,110,19500,19.50978069696361
evolution_strategy,rosenbrock,110,19600,19.50978069696361
evolution_strategy,rosenbrock,110,19700,19.50978069696361
evolution_strategy,rosenbrock,110,19800,19.50978069696361
evolution_strategy,rosenbrock,110,19900,19.50978069696361
evolution_strategy,rosenbrock,110,20000,19.50978069696361
evolution_strategy,rosenbrock,111,100,112398.10656473634
evolution_strategy,rosenbrock,111,200,88159.86647628514
evolution_strategy,rosenbrock,111,300,71634.0766846104
evolution_strategy,rosenbrock,111,400,47604.78495308947
evolution_strategy,rosenbrock,111,500,41563.34352861367
evolution_strategy,rosenbrock,111,600,30723.00898984923
evolution_strategy,rosenbrock,111,700,23073.74624048887
evolution_strategy,rosenbrock,111,800,16527.126745936155
evolution_strategy,rosenbrock,111,900,13861.37099121341
evolution_strategy,rosenbrock,111,1000,9623.454048659414
evolution_strategy,rosenbrock,111,1100,8382.130373851021
evolution_strategy,rosenbrock,111,1200,5247.056395136455
evolution_strategy,rosenbrock,111,1300,3670.893321347904
evolution_strategy,rosenbrock,111,1400,3488.786109721314
evolution_strategy,rosenbrock,111,1500,1866.7997508383305
evolution_strategy,rosenbrock,111,1600,1283.8939949550547
evolution_strategy,rosenbrock,111,1700,869.2108777815321
evolution_strategy,rosenbrock,111,1800,435.5419093523668
evolution_strategy,rosenbrock,111,1900,380.9406557474173
evolution_strategy,rosenbrock,111,2000,291.4424099656782
evolution_strategy,rosenbrock,111,2100,186.5170529522464
evolution_strategy,rosenbrock,111,2200,170.11822027314702
evolution_strategy,rosenbrock,111,2300,158.79764348060314
evolution_strategy,rosenbrock,111,2400,115.28021195873052
evolution_strategy,rosenbrock,111,2500,115.28021195873052
evolution_strategy,rosenbrock,111,2600,112.24733808328264
evolution_strategy,rosenbrock,111,2700,89.31545706592745
evolution_strategy,rosenbrock,111,2800,86.77377331883571
evolution_strategy,rosenbrock,111,2900,86.77377331883571
evolution_strategy,rosenbrock,111,3000,81.63574866320417
evolution_strategy,rosenbrock,111,3100,48.63124703308168
evolution_strategy,rosenbrock,111,3200,48.63124703308168
evolution_strategy,rosenbrock,111,3300,35.089578247491055
evolution_strategy,rosenbrock,111,3400,35.089578247491055
evolution_strategy,rosenbrock,111,3500,35.089578247491055
evolution_strategy,rosenbrock,111,3600,24.469960152547582
evolution_strategy,rosenbrock,111,3700,24.469960152547582
evolution_strategy,rosenbrock,111,3800,24.469960152547582
evolution_strategy,rosenbrock,111,3900,24.469960152547582
evolution_strategy,rosenbrock,111,4000,24.469960152547582
evolution_strategy,rosenbrock,111,4100,24.469960152547582
evolution_strategy,rosenbrock,111,4200,24.469960152547582
evolution_strategy,rosenbrock,111,4300,24.469960152547582
evolution_strategy,rosenbrock,111,4400,24.469960152547582
evolution_strategy,rosenbrock,111,4500,24.469960152547582
evolution_strategy,rosenbrock,111,4600,24.469960152547582
evolution_strategy,rosenbrock,111,4700,24.469960152547582
evolution_strategy,rosenbrock,111,4800,24.469960152547582
evolution_strategy,rosenbrock,111,4900,24.469960152547582
evolution_strategy,rosenbrock,111,5000,24.469960152547582
evolution_strategy,rosenbrock,111,5100,24.469960152547582
evolution_strategy,rosenbrock,111,5200,24.469960152547582
evolution_strategy,rosenbrock,111,5300,24.469960152547582
evolution_strategy,rosenbrock,111,5400,24.469960152547582
evolution_strategy,rosenbrock,111,5500,24.469960152547582
evolution_strategy,rosenbrock,111,5600,24.469960152547582
evolution_strategy,rosenbrock,111,5700,24.469960152547582
evolution_strategy,rosenbrock,111,5800,24.469960152547582
evolution_strategy,rosenbrock,111,5900,24.469960152547582
evolution_strategy,rosenbrock,111,6000,24.469960152547582
evolution_strategy,rosenbrock,111,6100,24.469960152547582
evolution_strategy,rosenbrock,111,6200,24.469960152547582
evolution_strategy,rosenbrock,111,6300,24.469960152547582
evolution_strategy,rosenbrock,111,6400,24.469960152547582
evolution_strategy,rosenbrock,111,6500,24.469960152547582
evolution_strategy,rosenbrock,111,6600,24.469960152547582
evolution_strategy,rosenbrock,111,6700,24.469960152547582
evolution_strategy,rosenbrock,111,6800,24.469960152547582
evolution_strategy,rosenbrock,111,6900,24.469960152547582
evolution_strategy,rosenbrock,111,7000,24.469960152547582
evolution_strategy,rosenbrock,111,7100,24.469960152547582
evolution_strategy,rosenbrock,111,7200,24.469960152547582
evolution_strategy,rosenbrock,111,7300,24.469960152547582
evolution_strategy,rosenbrock,111,7400,24.469960152547582
evolution_strategy,rosenbrock,111,7500,24.469960152547582
evolution_strategy,rosenbrock,111,7600,24.469960152547582
evolution_strategy,rosenbrock,111,7700,24.469960152547582
evolution_strategy,rosenbrock,111,7800,24.469960152547582
evolution_strategy,rosenbrock,111,7900,24.469960152547582
evolution_strategy,rosenbrock,111,8000,24.469960152547582
evolution_strategy,rosenbrock,111,8100,24.469960152547582
evolution_strategy,rosenbrock,111,8200,20.03973261316586
evolution_strategy,rosenbrock,111,8300,20.03973261316586
evolution_strategy,rosenbrock,111,8400,20.03973261316586
evolution_strategy,rosenbrock,111,8500,20.03973261316586
evolution_strategy,rosenbrock,111,8600,20.03973261316586
evolution_strategy,rosenbrock,111,8700,20.03973261316586
evolution_strategy,rosenbrock,111,8800,20.03973261316586
evolution_strategy,rosenbrock,111,8900,20.03973261316586
evolution_strategy,rosenbrock,111,9000,20.03973261316586
evolution_strategy,rosenbrock,111,9100,20.03973261316586
evolution_strategy,rosenbrock,111,9200,20.03973261316586
evolution_strategy,rosenbrock,111,9300,20.03973261316586
evolution_strategy,rosenbrock,111,9400,20.03973261316586
evolution_strategy,rosenbrock,111,9500,20.03973261316586
evolution_strategy,rosenbrock,111,9600,20.03973261316586
evolution_strategy,rosenbrock,111,9700,20.03973261316586
evolution_strategy,rosenbrock,111,9800,20.03973261316586
evolution_strategy,rosenbrock,111,9900,20.03973261316586
evolution_strategy,rosenbrock,111,10000,20.03973261316586
evolution_strategy,rosenbrock,111,10100,20.03973261316586
evolution_strategy,rosenbrock,111,10200,20.03973261316586
evolution_strategy,rosenbrock,111,10300,20.03973261316586
evolution_strategy,rosenbrock,111,10400,20.03973261316586
evolution_strategy,rosenbrock,111,10500,20.03973261316586
evolution_strategy,rosenbrock,111,10600,20.03973261316586
evolution_strategy,rosenbrock,111,10700,20.03973261316586
evolution_strategy,rosenbrock,111,10800,20.03973261316586
evolution_strategy,rosenbrock,111,10900,20.03973261316586
evolution_strategy,rosenbrock,111,11000,20.03973261316586
evolution_strategy,rosenbrock,111,11100,20.03973261316586
evolution_strategy,rosenbrock,111,11200,20.03973261316586
evolution_strategy,rosenbrock,111,11300,20.03973261316586
evolution_strategy,rosenbrock,111,11400,20.03973261316586
evolution_strategy,rosenbrock,111,11500,20.03973261316586
evolution_strategy,rosenbrock,111,11600,20.03973261316586
evolution_strategy,rosenbrock,111,11700,20.03973261316586
evolution_strategy,rosenbrock,111,11800,20.03973261316586
evolution_strategy,rosenbrock,111,11900,20.03973261316586
evolution_strategy,rosenbrock,111,12000,20.03973261316586
evolution_strategy,rosenbrock,111,12100,20.03973261316586
evolution_strategy,rosenbrock,111,12200,20.03973261316586
evolution_strategy,rosenbrock,111,12300,20.03973261316586
evolution_strategy,rosenbrock,111,12400,20.03973261316586
evolution_strategy,rosenbrock,111,12500,20.03973261316586
evolution_strategy,rosenbrock,111,12600,20.03973261316586
evolution_strategy,rosenbrock,111,12700,20.03973261316586
evolution_strategy,rosenbrock,111,12800,20.03973261316586
evolution_strategy,rosenbrock,111,12900,20.03973261316586
evolution_strategy,rosenbrock,111,13000,20.03973261316586
evolution_strategy,rosenbrock,111,13100,20.03973261316586
evolution_strategy,rosenbrock,111,13200,20.03973261316586
evolution_strategy,rosenbrock,111,13300,20.03973261316586
evolution_strategy,rosenbrock,111,13400,20.03973261316586
evolution_strategy,rosenbrock,111,13500,20.03973261316586
evolution_strategy,rosenbrock,111,13600,20.03973261316586
evolution_strategy,rosenbrock,111,13700,20.03973261316586
evolution_strategy,rosenbrock,111,13800,20.03973261316586
evolution_strategy,rosenbrock,111,13900,20.03973261316586
evolution_strategy,rosenbrock,111,14000,20.03973261316586
evolution_strategy,rosenbrock,111,14100,20.03973261316586
evolution_strategy,rosenbrock,111,14200,20.03973261316586
evolution_strategy,rosenbrock,111,14300,20.03973261316586
evolution_strategy,rosenbrock,111,14400,20.03973261316586
evolution_strategy,rosenbrock,111,14500,20.03973261316586
evolution_strategy,rosenbrock,111,14600,20.03973261316586
evolution_strategy,rosenbrock,111,14700,20.03973261316586
evolution_strategy,rosenbrock,111,14800,20.03973261316586
evolution_strategy,rosenbrock,111,14900,20.03973261316586
evolution_strategy,rosenbrock,111,15000,20.03973261316586
evolution_strategy,rosenbrock,111,15100,20.03973261316586
evolution_strategy,rosenbrock,111,15200,20.03973261316586
evolution_strategy,rosenbrock,111,15300,20.03973261316586
evolution_strategy,rosenbrock,111,15400,20.03973261316586
evolution_strategy,rosenbrock,111,15500,20.03973261316586
evolution_strategy,rosenbrock,111,15600,20.03973261316586
evolution_strategy,rosenbrock,111,15700,20.03973261316586
evolution_strategy,rosenbrock,111,15800,20.03973261316586
evolution_strategy,rosenbrock,111,15900,20.03973261316586
evolution_strategy,rosenbrock,111,16000,20.03973261316586
evolution_strategy,rosenbrock,111,16100,20.03973261316586
evolution_strategy,rosenbrock,111,16200,20.03973261316586
evolution_strategy,rosenbrock,111,16300,20.03973261316586
evolution_strategy,rosenbrock,111,16400,20.03973261316586
evolution_strategy,rosenbrock,111,16500,20.03973261316586
evolution_strategy,rosenbrock,111,16600,20.03973261316586
evolution_strategy,rosenbrock,111,16700,20.03973261316586
evolution_strategy,rosenbrock,111,16800,20.03973261316586
evolution_strategy,rosenbrock,111,16900,20.03973261316586
evolution_strategy,rosenbrock,111,17000,20.03973261316586
evolution_strategy,rosenbrock,111,17100,20.03973261316586
evolution_strategy,rosenbrock,111,17200,20.03973261316586
evolution_strategy,rosenbrock,111,17300,20.03973261316586
evolution_strategy,rosenbrock,111,17400,20.03973261316586
evolution_strategy,rosenbrock,111,17500,20.03973261316586
evolution_strategy,rosenbrock,111,17600,20.03973261316586
evolution_strategy,rosenbrock,111,17700,20.03973261316586
evolution_strategy,rosenbrock,111,17800,20.03973261316586
evolution_strategy,rosenbrock,111,17900,20.03973261316586
evolution_strategy,rosenbrock,111,18000,20.03973261316586
evolution_strategy,rosenbrock,111,18100,20.03973261316586
evolution_strategy,rosenbrock,111,18200,20.03973261316586
evolution_strategy,rosenbrock,111,18300,20.03973261316586
evolution_strategy,rosenbrock,111,18400,20.03973261316586
evolution_strategy,rosenbrock,111,18500,20.03973261316586
evolution_strategy,rosenbrock,111,18600,20.03973261316586
evolution_strategy,rosenbrock,111,18700,20.03973261316586
evolution_strategy,rosenbrock,111,18800,20.03973261316586
evolution_strategy,rosenbrock,111,18900,20.03973261316586
evolution_strategy,rosenbrock,111,19000,20.03973261316586
evolution_strategy,rosenbrock,111,19100,20.03973261316586
evolution_strategy,rosenbrock,111,19200,20.03973261316586
evolution_strategy,rosenbrock,111,19300,20.03973261316586
evolution_strategy,rosenbrock,111,19400,20.03973261316586
evolution_strategy,rosenbrock,111,19500,20.03973261316586
evolution_strategy,rosenbrock,111,19600,20.03973261316586
evolution_strategy,rosenbrock,111,19700,20.03973261316586
evolution_strategy,rosenbrock,111,19800,20.03973261316586
evolution_strategy,rosenbrock,111,19900,20.03973261316586
evolution_strategy,rosenbrock,111,20000,20.03973261316586
evolution_strategy,rosenbrock,112,100,79452.20168880171
evolution_strategy,rosenbrock,112,200,79452.20168880171
evolution_strategy,rosenbrock,112,300,59266.92587898154
evolution_strategy,rosenbrock,112,400,41023.29105817825
evolution_strategy,rosenbrock,112,500,33806.54210469424
evolution_strategy,rosenbrock,112,600,24403.38331827593
evolution_strategy,rosenbrock,112,700,14579.028224903457
evolution_strategy,rosenbrock,112,800,11479.058629768828
evolution_strategy,rosenbrock,112,900,6689.426824946543
evolution_strategy,rosenbrock,112,1000,5616.556570980611
evolution_strategy,rosenbrock,112,1100,3804.3492977975343
evolution_strategy,rosenbrock,112,1200,2482.810401623113
evolution_strategy,rosenbrock,112,1300,2045.675919990355
evolution_strategy,rosenbrock,112,1400,1829.6333748231168
evolution_strategy,rosenbrock,112,1500,1562.3367457440283
evolution_strategy,rosenbrock,112,1600,1355.4873599370824
evolution_strategy,rosenbrock,112,1700,1135.0911007750012
evolution_strategy,rosenbrock,112,1800,928.925851802852
evolution_strategy,rosenbrock,112,1900,755.3703333112024
evolution_strategy,rosenbrock,112,2000,674.5471883089356
evolution_strategy,rosenbrock,112,2100,673.0219200939534
evolution_strategy,rosenbrock,112,2200,659.3256071420085
evolution_strategy,rosenbrock,112,2300,659.3256071420085
evolution_strategy,rosenbrock,112,2400,645.9197657354867
evolution_strategy,rosenbrock,112,2500,559.9602452493812
evolution_strategy,rosenbrock,112,2600,559.9602452493812
evolution_strategy,rosenbrock,112,2700,508.24966771083405
evolution_strategy,rosenbrock,112,2800,508.20879634074856
evolution_strategy,rosenbrock,112,2900,508.20879634074856
evolution_strategy,rosenbrock,112,3000,464.1588137451941
evolution_strategy,rosenbrock,112,3100,446.8652528050835
evolution_strategy,rosenbrock,112,3200,446.8652528050835
evolution_strategy,rosenbrock,112,3300,446.8652528050835
evolution_strategy,rosenbrock,112,3400,382.8704969761508
evolution_strategy,rosenbrock,112,3500,381.89569366306773
evolution_strategy,rosenbrock,112,3600,287.29885248048794
evolution_strategy,rosenbrock,112,3700,223.73900279717452
evolution_strategy,rosenbrock,112,3800,180.22505498182113
evolution_strategy,rosenbrock,112,3900,180.22505498182113
evolution_strategy,rosenbrock,112,4000,160.31224248440273
evolution_strategy,rosenbrock,112,4100,119.05405176355916
evolution_strategy,rosenbrock,112,4200,72.43352184307355
evolution_strategy,rosenbrock,112,4300,72.43352184307355
evolution_strategy,rosenbrock,112,4400,71.81397773061548
evolution_strategy,rosenbrock,112,4500,51.95761333440815
evolution_strategy,rosenbrock,112,4600,42.97162925642393
evolution_strategy,rosenbrock,112,4700,42.97162925642393
evolution_strategy,rosenbrock,112,4800,42.26762401927437
evolution_strategy,rosenbrock,112,4900,39.565934134258626
evolution_strategy,rosenbrock,112,5000,39.565934134258626
evolution_strategy,rosenbrock,112,5100,38.538603194502755
evolution_strategy,rosenbrock,112,5200,38.538603194502755
evolution_strategy,rosenbrock,112,5300,38.37887425457325
evolution_strategy,rosenbrock,112,5400,23.656690496604735
evolution_strategy,rosenbrock,112,5500,23.656690496604735
evolution_strategy,rosenbrock,112,5600,23.656690496604735
evolution_strategy,rosenbrock,112,5700,23.656690496604735
evolution_strategy,rosenbrock,112,5800,23.656690496604735
evolution_strategy,rosenbrock,112,5900,23.656690496604735
evolution_strategy,rosenbrock,112,6000,23.656690496604735
evolution_strategy,rosenbrock,112,6100,23.656690496604735
evolution_strategy,rosenbrock,112,6200,23.656690496604735
evolution_strategy,rosenbrock,112,6300,23.656690496604735
evolution_strategy,rosenbrock,112,6400,23.656690496604735
evolution_strategy,rosenbrock,112,6500,23.656690496604735
evolution_strategy,rosenbrock,112,6600,23.656690496604735
evolution_strategy,rosenbrock,112,6700,23.656690496604735
evolution_strategy,rosenbrock,112,6800,23.656690496604735
evolution_strategy,rosenbrock,112,6900,23.656690496604735
evolution_strategy,rosenbrock,112,7000,23.656690496604735
evolution_strategy,rosenbrock,112,7100,23.656690496604735
evolution_strategy,rosenbrock,112,7200,23.656690496604735
evolution_strategy,rosenbrock,112,7300,23.656690496604735
evolution_strategy,rosenbrock,112,7400,23.656690496604735
evolution_strategy,rosenbrock,112,7500,23.656690496604735
evolution_strategy,rosenbrock,112,7600,23.656690496604735
evolution_strategy,rosenbrock,112,7700,23.656690496604735
evolution_strategy,rosenbrock,112,7800,23.656690496604735
evolution_strategy,rosenbrock,112,7900,23.656690496604735
evolution_strategy,rosenbrock,112,8000,23.656690496604735
evolution_strategy,rosenbrock,112,8100,23.656690496604735
evolution_strategy,rosenbrock,112,8200,23.656690496604735
evolution_strategy,rosenbrock,112,8300,23.656690496604735
evolution_strategy,rosenbrock,112,8400,23.656690496604735
evolution_strategy,rosenbrock,112,8500,23.656690496604735
evolution_strategy,rosenbrock,112,8600,23.656690496604735
evolution_strategy,rosenbrock,112,8700,23.656690496604735
evolution_strategy,rosenbrock,112,8800,23.656690496604735
evolution_strategy,rosenbrock,112,8900,23.656690496604735
evolution_strategy,rosenbrock,112,9000,23.656690496604735
evolution_strategy,rosenbrock,112,9100,23.656690496604735
evolution_strategy,rosenbrock,112,9200,23.656690496604735
evolution_strategy,rosenbrock,112,9300,23.656690496604735
evolution_strategy,rosenbrock,112,9400,23.656690496604735
evolution_strategy,rosenbrock,112,9500,23.656690496604735
evolution_strategy,rosenbrock,112,9600,23.656690496604735
evolution_strategy,rosenbrock,112,9700,23.656690496604735
evolution_strategy,rosenbrock,112,9800,23.656690496604735
evolution_strategy,rosenbrock,112,9900,23.656690496604735
evolution_strategy,rosenbrock,112,10000,23.656690496604735
evolution_strategy,rosenbrock,112,10100,23.656690496604735
evolution_strategy,rosenbrock,112,10200,23.656690496604735
evolution_strategy,rosenbrock,112,10300,23.656690496604735
evolution_strategy,rosenbrock,112,10400,23.656690496604735
evolution_strategy,rosenbrock,112,10500,23.656690496604735
evolution_strategy,rosenbrock,112,10600,23.656690496604735
evolution_strategy,rosenbrock,112,10700,23.656690496604735
evolution_strategy,rosenbrock,112,10800,23.656690496604735
evolution_strategy,rosenbrock,112,10900,23.656690496604735
evolution_strategy,rosenbrock,112,11000,23.656690496604735
evolution_strategy,rosenbrock,112,11100,23.656690496604735
evolution_strategy,rosenbrock,112,11200,23.656690496604735
evolution_strategy,rosenbrock,112,11300,23.656690496604735
evolution_strategy,rosenbrock,112,11400,23.656690496604735
evolution_strategy,rosenbrock,112,11500,23.656690496604735
evolution_strategy,rosenbrock,112,11600,23.656690496604735
evolution_strategy,rosenbrock,112,11700,23.656690496604735
evolution_strategy,rosenbrock,112,11800,23.656690496604735
evolution_strategy,rosenbrock,112,11900,23.656690496604735
evolution_strategy,rosenbrock,112,12000,23.656690496604735
evolution_strategy,rosenbrock,112,12100,23.656690496604735
evolution_strategy,rosenbrock,112,12200,23.656690496604735
evolution_strategy,rosenbrock,112,12300,23.656690496604735
evolution_strategy,rosenbrock,112,12400,23.656690496604735
evolution_strategy,rosenbrock,112,12500,23.656690496604735
evolution_strategy,rosenbrock,112,12600,23.656690496604735
evolution_strategy,rosenbrock,112,12700,23.656690496604735
evolution_strategy,rosenbrock,112,12800,23.656690496604735
evolution_strategy,rosenbrock,112,12900,23.656690496604735
evolution_strategy,rosenbrock,112,13000,23.656690496604735
evolution_strategy,rosenbrock,112,13100,23.656690496604735
evolution_strategy,rosenbrock,112,13200,23.656690496604735
evolution_strategy,rosenbrock,112,13300,23.656690496604735
evolution_strategy,rosenbrock,112,13400,23.656690496604735
evolution_strategy,rosenbrock,112,13500,23.656690496604735
evolution_strategy,rosenbrock,112,13600,23.656690496604735
evolution_strategy,rosenbrock,112,13700,23.656690496604735
evolution_strategy,rosenbrock,112,13800,23.656690496604735
evolution_strategy,rosenbrock,112,13900,23.656690496604735
evolution_strategy,rosenbrock,112,14000,23.656690496604735
evolution_strategy,rosenbrock,112,14100,23.656690496604735
evolution_strategy,rosenbrock,112,14200,23.656690496604735
evolution_strategy,rosenbrock,112,14300,23.656690496604735
evolution_strategy,rosenbrock,112,14400,23.656690496604735
evolution_strategy,rosenbrock,112,14500,23.656690496604735
evolution_strategy,rosenbrock,112,14600,23.656690496604735
evolution_strategy,rosenbrock,112,14700,23.656690496604735
evolution_strategy,rosenbrock,112,14800,23.656690496604735
evolution_strategy,rosenbrock,112,14900,23.656690496604735
evolution_strategy,rosenbrock,112,15000,23.656690496604735
evolution_strategy,rosenbrock,112,15100,23.656690496604735
evolution_strategy,rosenbrock,112,15200,23.656690496604735
evolution_strategy,rosenbrock,112,15300,23.656690496604735
evolution_strategy,rosenbrock,112,15400,23.656690496604735
evolution_strategy,rosenbrock,112,15500,23.656690496604735
evolution_strategy,rosenbrock,112,15600,23.656690496604735
evolution_strategy,rosenbrock,112,15700,23.656690496604735
evolution_strategy,rosenbrock,112,15800,23.656690496604735
evolution_strategy,rosenbrock,112,15900,23.656690496604735
evolution_strategy,rosenbrock,112,16000,23.656690496604735
evolution_strategy,rosenbrock,112,16100,23.656690496604735
evolution_strategy,rosenbrock,112,16200,23.656690496604735
evolution_strategy,rosenbrock,112,16300,23.656690496604735
evolution_strategy,rosenbrock,112,16400,23.656690496604735
evolution_strategy,rosenbrock,112,16500,23.656690496604735
evolution_strategy,rosenbrock,112,16600,23.656690496604735
evolution_strategy,rosenbrock,112,16700,23.656690496604735
evolution_strategy,rosenbrock,112,16800,23.656690496604735
evolution_strategy,rosenbrock,112,16900,23.656690496604735
evolution_strategy,rosenbrock,112,17000,23.656690496604735
evolution_strategy,rosenbrock,112,17100,23.656690496604735
evolution_strategy,rosenbrock,112,17200,23.656690496604735
evolution_strategy,rosenbrock,112,17300,23.656690496604735
evolution_strategy,rosenbrock,112,17400,23.656690496604735
evolution_strategy,rosenbrock,112,17500,23.656690496604735
evolution_strategy,rosenbrock,112,17600,23.656690496604735
evolution_strategy,rosenbrock,112,17700,23.656690496604735
evolution_strategy,rosenbrock,112,17800,23.656690496604735
evolution_strategy,rosenbrock,112,17900,23.656690496604735
evolution_strategy,rosenbrock,112,18000,23.656690496604735
evolution_strategy,rosenbrock,112,18100,23.656690496604735
evolution_strategy,rosenbrock,112,18200,23.656690496604735
evolution_strategy,rosenbrock,112,18300,23.656690496604735
evolution_strategy,rosenbrock,112,18400,23.656690496604735
evolution_strategy,rosenbrock,112,18500,23.656690496604735
evolution_strategy,rosenbrock,112,18600,23.656690496604735
evolution_strategy,rosenbrock,112,18700,23.656690496604735
evolution_strategy,rosenbrock,112,18800,23.656690496604735
evolution_strategy,rosenbrock,112,18900,23.656690496604735
evolution_strategy,rosenbrock,112,19000,23.656690496604735
evolution_strategy,rosenbrock,112,19100,23.656690496604735
evolution_strategy,rosenbrock,112,19200,23.656690496604735
evolution_strategy,rosenbrock,112,19300,23.656690496604735
evolution_strategy,rosenbrock,112,19400,23.656690496604735
evolution_strategy,rosenbrock,112,19500,23.656690496604735
evolution_strategy,rosenbrock,112,19600,23.656690496604735
evolution_strategy,rosenbrock,112,19700,23.656690496604735
evolution_strategy,rosenbrock,112,19800,23.656690496604735
evolution_strategy,rosenbrock,112,19900,23.656690496604735
evolution_strategy,rosenbrock,112,20000,23.656690496604735
evolution_strategy,rosenbrock,113,100,124587.28356016787
evolution_strategy,rosenbrock,113,200,98285.21980798274
evolution_strategy,rosenbrock,113,300,78309.9576031007
evolution_strategy,rosenbrock,113,400,52699.083721075556
evolution_strategy,rosenbrock,113,500,33814.906862341944
evolution_strategy,rosenbrock,113,600,31690.989278604542
evolution_strategy,rosenbrock,113,700,18808.39396820935
evolution_strategy,rosenbrock,113,800,17277.051604735123
evolution_strategy,rosenbrock,113,900,11865.773355761807
evolution_strategy,rosenbrock,113,1000,8918.242272015636
evolution_strategy,rosenbrock,113,1100,6678.364615077975
evolution_strategy,rosenbrock,113,1200,4052.5421843578115
evolution_strategy,rosenbrock,113,1300,2796.691731549035
evolution_strategy,rosenbrock,113,1400,1426.8697698263888
evolution_strategy,rosenbrock,113,1500,561.0778196941286
evolution_strategy,rosenbrock,113,1600,402.2850678483655
evolution_strategy,rosenbrock,113,1700,402.2850678483655
evolution_strategy,rosenbrock,113,1800,329.1656772877353
evolution_strategy,rosenbrock,113,1900,144.64090655730942
evolution_strategy,rosenbrock,113,2000,114.74619319269216
evolution_strategy,rosenbrock,113,2100,79.22796463177038
evolution_strategy,rosenbrock,113,2200,79.22796463177038
evolution_strategy,rosenbrock,113,2300,66.52424084429826
evolution_strategy,rosenbrock,113,2400,66.52424084429826
evolution_strategy,rosenbrock,113,2500,66.52424084429826
evolution_strategy,rosenbrock,113,2600,61.955912851504394
evolution_strategy,rosenbrock,113,2700,61.955912851504394
evolution_strategy,rosenbrock,113,2800,39.041971269335
evolution_strategy,rosenbrock,113,2900,31.70033243670748
evolution_strategy,rosenbrock,113,3000,31.70033243670748
evolution_strategy,rosenbrock,113,3100,31.70033243670748
evolution_strategy,rosenbrock,113,3200,31.70033243670748
evolution_strategy,rosenbrock,113,3300,31.70033243670748
evolution_strategy,rosenbrock,113,3400,31.70033243670748
evolution_strategy,rosenbrock,113,3500,31.70033243670748
evolution_strategy,rosenbrock,113,3600,31.70033243670748
evolution_strategy,rosenbrock,113,3700,31.70033243670748
evolution_strategy,rosenbrock,113,3800,31.70033243670748
evolution_strategy,rosenbrock,113,3900,31.70033243670748
evolution_strategy,rosenbrock,113,4000,31.70033243670748
evolution_strategy,rosenbrock,113,4100,31.70033243670748
evolution_strategy,rosenbrock,113,4200,31.70033243670748
evolution_strategy,rosenbrock,113,4300,31.70033243670748
evolution_strategy,rosenbrock,113,4400,31.70033243670748
evolution_strategy,rosenbrock,113,4500,31.70033243670748
evolution_strategy,rosenbrock,113,4600,31.70033243670748
evolution_strategy,rosenbrock,113,4700,31.70033243670748
evolution_strategy,rosenbrock,113,4800,31.70033243670748
evolution_strategy,rosenbrock,113,4900,20.467256379593326
evolution_strategy,rosenbrock,113,5000,20.467256379593326
evolution_strategy,rosenbrock,113,5100,20.467256379593326
evolution_strategy,rosenbrock,113,5200,20.467256379593326
evolution_strategy,rosenbrock,113,5300,20.467256379593326
evolution_strategy,rosenbrock,113,5400,20.467256379593326
evolution_strategy,rosenbrock,113,5500,20.467256379593326
evolution_strategy,rosenbrock,113,5600,20.467256379593326
evolution_strategy,rosenbrock,113,5700,20.467256379593326
evolution_strategy,rosenbrock,113,5800,20.467256379593326
evolution_strategy,rosenbrock,113,5900,20.467256379593326
evolution_strategy,rosenbrock,113,6000,20.467256379593326
evolution_strategy,rosenbrock,113,6100,20.467256379593326
evolution_strategy,rosenbrock,113,6200,20.467256379593326
evolution_strategy,rosenbrock,113,6300,20.467256379593326
evolution_strategy,rosenbrock,113,6400,20.467256379593326
evolution_strategy,rosenbrock,113,6500,20.467256379593326
evolution_strategy,rosenbrock,113,6600,20.467256379593326
evolution_strategy,rosenbrock,113,6700,20.467256379593326
evolution_strategy,rosenbrock,113,6800,20.467256379593326
evolution_strategy,rosenbrock,113,6900,20.467256379593326
evolution_strategy,rosenbrock,113,7000,20.467256379593326
evolution_strategy,rosenbrock,113,7100,20.467256379593326
evolution_strategy,rosenbrock,113,7200,20.467256379593326
evolution_strategy,rosenbrock,113,7300,20.467256379593326
evolution_strategy,rosenbrock,113,7400,20.467256379593326
evolution_strategy,rosenbrock,113,7500,20.467256379593326
evolution_strategy,rosenbrock,113,7600,20.467256379593326
evolution_strategy,rosenbrock,113,7700,20.467256379593326
evolution_strategy,rosenbrock,113,7800,20.467256379593326
evolution_strategy,rosenbrock,113,7900,20.467256379593326
evolution_strategy,rosenbrock,113,8000,20.467256379593326
evolution_strategy,rosenbrock,113,8100,20.467256379593326
evolution_strategy,rosenbrock,113,8200,20.467256379593326
evolution_strategy,rosenbrock,113,8300,20.467256379593326
evolution_strategy,rosenbrock,113,8400,20.467256379593326
evolution_strategy,rosenbrock,113,8500,20.467256379593326
evolution_strategy,rosenbrock,113,8600,20.467256379593326
evolution_strategy,rosenbrock,113,8700,20.467256379593326
evolution_strategy,rosenbrock,113,8800,20.467256379593326
evolution_strategy,rosenbrock,113,8900,20.467256379593326
evolution_strategy,rosenbrock,113,9000,20.467256379593326
evolution_strategy,rosenbrock,113,9100,20.467256379593326
evolution_strategy,rosenbrock,113,9200,20.467256379593326
evolution_strategy,rosenbrock,113,9300,20.467256379593326
evolution_strategy,rosenbrock,113,9400,20.467256379593326
evolution_strategy,rosenbrock,113,9500,20.467256379593326
evolution_strategy,rosenbrock,113,9600,20.467256379593326
evolution_strategy,rosenbrock,113,9700,20.467256379593326
evolution_strategy,rosenbrock,113,9800,20.467256379593326
evolution_strategy,rosenbrock,113,9900,20.467256379593326
evolution_strategy,rosenbrock,113,10000,20.467256379593326
evolution_strategy,rosenbrock,113,10100,20.467256379593326
evolution_strategy,rosenbrock,113,10200,20.467256379593326
evolution_strategy,rosenbrock,113,10300,20.467256379593326
evolution_strategy,rosenbrock,113,10400,20.467256379593326
evolution_strategy,rosenbrock,113,10500,20.467256379593326
evolution_strategy,rosenbrock,113,10600,20.467256379593326
evolution_strategy,rosenbrock,113,10700,20.467256379593326
evolution_strategy,rosenbrock,113,10800,20.467256379593326
evolution_strategy,rosenbrock,113,10900,20.467256379593326
evolution_strategy,rosenbrock,113,11000,20.467256379593326
evolution_strategy,rosenbrock,113,11100,20.467256379593326
evolution_strategy,rosenbrock,113,11200,20.467256379593326
evolution_strategy,rosenbrock,113,11300,20.467256379593326
evolution_strategy,rosenbrock,113,11400,20.467256379593326
evolution_strategy,rosenbrock,113,11500,20.467256379593326
evolution_strategy,rosenbrock,113,11600,20.467256379593326
evolution_strategy,rosenbrock,113,11700,20.467256379593326
evolution_strategy,rosenbrock,113,11800,20.467256379593326
evolution_strategy,rosenbrock,113,11900,20.467256379593326
evolution_strategy,rosenbrock,113,12000,20.467256379593326
evolution_strategy,rosenbrock,113,12100,20.467256379593326
evolution_strategy,rosenbrock,113,12200,20.467256379593326
evolution_strategy,rosenbrock,113,12300,20.467256379593326
evolution_strategy,rosenbrock,113,12400,20.467256379593326
evolution_strategy,rosenbrock,113,12500,20.467256379593326
evolution_strategy,rosenbrock,113,12600,20.467256379593326
evolution_strategy,rosenbrock,113,12700,20.467256379593326
evolution_strategy,rosenbrock,113,12800,20.467256379593326
evolution_strategy,rosenbrock,113,12900,20.467256379593326
evolution_strategy,rosenbrock,113,13000,20.467256379593326
evolution_strategy,rosenbrock,113,13100,20.467256379593326
evolution_strategy,rosenbrock,113,13200,20.467256379593326
evolution_strategy,rosenbrock,113,13300,20.467256379593326
evolution_strategy,rosenbrock,113,13400,20.467256379593326
evolution_strategy,rosenbrock,113,13500,20.467256379593326
evolution_strategy,rosenbrock,113,13600,20.467256379593326
evolution_strategy,rosenbrock,113,13700,20.467256379593326
evolution_strategy,rosenbrock,113,13800,20.467256379593326
evolution_strategy,rosenbrock,113,13900,20.467256379593326
evolution_strategy,rosenbrock,113,14000,20.467256379593326
evolution_strategy,rosenbrock,113,14100,20.467256379593326
evolution_strategy,rosenbrock,113,14200,20.467256379593326
evolution_strategy,rosenbrock,113,14300,20.467256379593326
evolution_strategy,rosenbrock,113,14400,20.467256379593326
evolution_strategy,rosenbrock,113,14500,20.467256379593326
evolution_strategy,rosenbrock,113,14600,20.467256379593326
evolution_strategy,rosenbrock,113,14700,20.467256379593326
evolution_strategy,rosenbrock,113,14800,20.467256379593326
evolution_strategy,rosenbrock,113,14900,20.467256379593326
evolution_strategy,rosenbrock,113,15000,20.467256379593326
evolution_strategy,rosenbrock,113,15100,20.467256379593326
evolution_strategy,rosenbrock,113,15200,20.467256379593326
evolution_strategy,rosenbrock,113,15300,20.467256379593326
evolution_strategy,rosenbrock,113,15400,20.467256379593326
evolution_strategy,rosenbrock,113,15500,20.467256379593326
evolution_strategy,rosenbrock,113,15600,20.467256379593326
evolution_strategy,rosenbrock,113,15700,20.467256379593326
evolution_strategy,rosenbrock,113,15800,20.467256379593326
evolution_strategy,rosenbrock,113,15900,20.467256379593326
evolution_strategy,rosenbrock,113,16000,20.467256379593326
evolution_strategy,rosenbrock,113,16100,20.467256379593326
evolution_strategy,rosenbrock,113,16200,20.467256379593326
evolution_strategy,rosenbrock,113,16300,20.467256379593326
evolution_strategy,rosenbrock,113,16400,20.467256379593326
evolution_strategy,rosenbrock,113,16500,20.467256379593326
evolution_strategy,rosenbrock,113,16600,20.467256379593326
evolution_strategy,rosenbrock,113,16700,20.467256379593326
evolution_strategy,rosenbrock,113,16800,20.467256379593326
evolution_strategy,rosenbrock,113,16900,20.467256379593326
evolution_strategy,rosenbrock,113,17000,20.467256379593326
evolution_strategy,rosenbrock,113,17100,20.467256379593326
evolution_strategy,rosenbrock,113,17200,20.467256379593326
evolution_strategy,rosenbrock,113,17300,20.467256379593326
evolution_strategy,rosenbrock,113,17400,20.467256379593326
evolution_strategy,rosenbrock,113,17500,20.467256379593326
evolution_strategy,rosenbrock,113,17600,20.467256379593326
evolution_strategy,rosenbrock,113,17700,20.467256379593326
evolution_strategy,rosenbrock,113,17800,20.467256379593326
evolution_strategy,rosenbrock,113,17900,20.467256379593326
evolution_strategy,rosenbrock,113,18000,20.467256379593326
evolution_strategy,rosenbrock,113,18100,20.467256379593326
evolution_strategy,rosenbrock,113,18200,20.467256379593326
evolution_strategy,rosenbrock,113,18300,20.467256379593326
evolution_strategy,rosenbrock,113,18400,20.467256379593326
evolution_strategy,rosenbrock,113,18500,20.467256379593326
evolution_strategy,rosenbrock,113,18600,20.467256379593326
evolution_strategy,rosenbrock,113,18700,20.467256379593326
evolution_strategy,rosenbrock,113,18800,20.467256379593326
evolution_strategy,rosenbrock,113,18900,20.467256379593326
evolution_strategy,rosenbrock,113,19000,20.467256379593326
evolution_strategy,rosenbrock,113,19100,20.467256379593326
evolution_strategy,rosenbrock,113,19200,20.467256379593326
evolution_strategy,rosenbrock,113,19300,20.467256379593326
evolution_strategy,rosenbrock,113,19400,20.467256379593326
evolution_strategy,rosenbrock,113,19500,20.467256379593326
evolution_strategy,rosenbrock,113,19600,20.467256379593326
evolution_strategy,rosenbrock,113,19700,20.467256379593326
evolution_strategy,rosenbrock,113,19800,20.467256379593326
evolution_strategy,rosenbrock,113,19900,20.467256379593326
evolution_strategy,rosenbrock,113,20000,20.467256379593326
evolution_strategy,rosenbrock,114,100,244709.79413860617
evolution_strategy,rosenbrock,114,200,227694.66403151053
evolution_strategy,rosenbrock,114,300,192277.00272560967
evolution_strategy,rosenbrock,114,400,137944.11197245523
evolution_strategy,rosenbrock,114,500,107308.03586603985
evolution_strategy,rosenbrock,114,600,79090.03557379002
evolution_strategy,rosenbrock,114,700,70479.37359814177
evolution_strategy,rosenbrock,114,800,53837.820002946115
evolution_strategy,rosenbrock,114,900,33661.67727348599
evolution_strategy,rosenbrock,114,1000,20211.89362916783
evolution_strategy,rosenbrock,114,1100,15828.535068550353
evolution_strategy,rosenbrock,114,1200,9413.0198197359
evolution_strategy,rosenbrock,114,1300,8460.11323887677
evolution_strategy,rosenbrock,114,1400,5921.226279851815
evolution_strategy,rosenbrock,114,1500,3729.476665411033
evolution_strategy,rosenbrock,114,1600,3433.2075833219474
evolution_strategy,rosenbrock,114,1700,2385.5645460753713
evolution_strategy,rosenbrock,114,1800,1049.5013800317026
evolution_strategy,rosenbrock,114,1900,727.1838078046917
evolution_strategy,rosenbrock,114,2000,727.1838078046917
evolution_strategy,rosenbrock,114,2100,682.0058798785477
evolution_strategy,rosenbrock,114,2200,466.35801554198025
evolution_strategy,rosenbrock,114,2300,466.35801554198025
evolution_strategy,rosenbrock,114,2400,466.35801554198025
evolution_strategy,rosenbrock,114,2500,393.68266813485747
evolution_strategy,rosenbrock,114,2600,393.68266813485747
evolution_strategy,rosenbrock,114,2700,369.0477545407972
evolution_strategy,rosenbrock,114,2800,309.4399865666669
evolution_strategy,rosenbrock,114,2900,292.2307673302768
evolution_strategy,rosenbrock,114,3000,230.86718195297973
evolution_strategy,rosenbrock,114,3100,230.86718195297973
evolution_strategy,rosenbrock,114,3200,230.86718195297973
evolution_strategy,rosenbrock,114,3300,230.86718195297973
evolution_strategy,rosenbrock,114,3400,230.86718195297973
evolution_strategy,rosenbrock,114,3500,230.86718195297973
evolution_strategy,rosenbrock,114,3600,230.86718195297973
evolution_strategy,rosenbrock,114,3700,230.86718195297973
evolution_strategy,rosenbrock,114,3800,230.86718195297973
evolution_strategy,rosenbrock,114,3900,230.86718195297973
evolution_strategy,rosenbrock,114,4000,230.86718195297973
evolution_strategy,rosenbrock,114,4100,230.86718195297973
evolution_strategy,rosenbrock,114,4200,230.86718195297973
evolution_strategy,rosenbrock,114,4300,230.86718195297973
evolution_strategy,rosenbrock,114,4400,230.86718195297973
evolution_strategy,rosenbrock,114,4500,230.86718195297973
evolution_strategy,rosenbrock,114,4600,223.9902077531661
evolution_strategy,rosenbrock,114,4700,223.9902077531661
evolution_strategy,rosenbrock,114,4800,179.02147893051645
evolution_strategy,rosenbrock,114,4900,179.02147893051645
evolution_strategy,rosenbrock,114,5000,177.92564602996603
evolution_strategy,rosenbrock,114,5100,177.92564602996603
evolution_strategy,rosenbrock,114,5200,165.13143031681938
evolution_strategy,rosenbrock,114,5300,165.13143031681938
evolution_strategy,rosenbrock,114,5400,132.72129378379947
evolution_strategy,rosenbrock,114,5500,121.31626671377587
evolution_strategy,rosenbrock,114,5600,121.31626671377587
evolution_strategy,rosenbrock,114,5700,121.31626671377587
evolution_strategy,rosenbrock,114,5800,121.31626671377587
evolution_strategy,rosenbrock,114,5900,121.31626671377587
evolution_strategy,rosenbrock,114,6000,118.58703248684259
evolution_strategy,rosenbrock,114,6100,118.58703248684259
evolution_strategy,rosenbrock,114,6200,80.76940955687883
evolution_strategy,rosenbrock,114,6300,80.76940955687883
evolution_strategy,rosenbrock,114,6400,80.76940955687883
evolution_strategy,rosenbrock,114,6500,80.76940955687883
evolution_strategy,rosenbrock,114,6600,55.411612407507086
evolution_strategy,rosenbrock,114,6700,55.411612407507086
evolution_strategy,rosenbrock,114,6800,52.5650583189752
evolution_strategy,rosenbrock,114,6900,40.01109275995452
evolution_strategy,rosenbrock,114,7000,40.01109275995452
evolution_strategy,rosenbrock,114,7100,40.01109275995452
evolution_strategy,rosenbrock,114,7200,40.01109275995452
evolution_strategy,rosenbrock,114,7300,40.01109275995452
evolution_strategy,rosenbrock,114,7400,40.01109275995452
evolution_strategy,rosenbrock,114,7500,40.01109275995452
evolution_strategy,rosenbrock,114,7600,40.01109275995452
evolution_strategy,rosenbrock,114,7700,40.01109275995452
evolution_strategy,rosenbrock,114,7800,40.01109275995452
evolution_strategy,rosenbrock,114,7900,38.039203988657015
evolution_strategy,rosenbrock,114,8000,38.039203988657015
evolution_strategy,rosenbrock,114,8100,38.039203988657015
evolution_strategy,rosenbrock,114,8200,38.039203988657015
evolution_strategy,rosenbrock,114,8300,38.039203988657015
evolution_strategy,rosenbrock,114,8400,38.039203988657015
evolution_strategy,rosenbrock,114,8500,38.039203988657015
evolution_strategy,rosenbrock,114,8600,38.039203988657015
evolution_strategy,rosenbrock,114,8700,38.039203988657015
evolution_strategy,rosenbrock,114,8800,38.039203988657015
evolution_strategy,rosenbrock,114,8900,38.039203988657015
evolution_strategy,rosenbrock,114,9000,38.039203988657015
evolution_strategy,rosenbrock,114,9100,38.039203988657015
evolution_strategy,rosenbrock,114,9200,38.039203988657015
evolution_strategy,rosenbrock,114,9300,38.039203988657015
evolution_strategy,rosenbrock,114,9400,38.039203988657015
evolution_strategy,rosenbrock,114,9500,38.039203988657015
evolution_strategy,rosenbrock,114,9600,38.039203988657015
evolution_strategy,rosenbrock,114,9700,38.039203988657015
evolution_strategy,rosenbrock,114,9800,38.039203988657015
evolution_strategy,rosenbrock,114,9900,38.039203988657015
evolution_strategy,rosenbrock,114,10000,38.039203988657015
evolution_strategy,rosenbrock,114,10100,38.039203988657015
evolution_strategy,rosenbrock,114,10200,38.039203988657015
evolution_strategy,rosenbrock,114,10300,32.222267038093904
evolution_strategy,rosenbrock,114,10400,32.222267038093904
evolution_strategy,rosenbrock,114,10500,32.222267038093904
evolution_strategy,rosenbrock,114,10600,32.222267038093904
evolution_strategy,rosenbrock,114,10700,32.222267038093904
evolution_strategy,rosenbrock,114,10800,32.222267038093904
evolution_strategy,rosenbrock,114,10900,32.222267038093904
evolution_strategy,rosenbrock,114,11000,32.222267038093904
evolution_strategy,rosenbrock,114,11100,32.222267038093904
evolution_strategy,rosenbrock,114,11200,32.222267038093904
evolution_strategy,rosenbrock,114,11300,32.222267038093904
evolution_strategy,rosenbrock,114,11400,23.145384156310456
evolution_strategy,rosenbrock,114,11500,23.145384156310456
evolution_strategy,rosenbrock,114,11600,23.145384156310456
evolution_strategy,rosenbrock,114,11700,23.145384156310456
evolution_strategy,rosenbrock,114,11800,23.145384156310456
evolution_strategy,rosenbrock,114,11900,23.145384156310456
evolution_strategy,rosenbrock,114,12000,23.145384156310456
evolution_strategy,rosenbrock,114,12100,23.145384156310456
evolution_strategy,rosenbrock,114,12200,23.145384156310456
evolution_strategy,rosenbrock,114,12300,23.145384156310456
evolution_strategy,rosenbrock,114,12400,23.145384156310456
evolution_strategy,rosenbrock,114,12500,23.145384156310456
evolution_strategy,rosenbrock,114,12600,23.145384156310456
evolution_strategy,rosenbrock,114,12700,23.145384156310456
evolution_strategy,rosenbrock,114,12800,23.145384156310456
evolution_strategy,rosenbrock,114,12900,23.145384156310456
evolution_strategy,rosenbrock,114,13000,23.145384156310456
evolution_strategy,rosenbrock,114,13100,23.145384156310456
evolution_strategy,rosenbrock,114,13200,23.145384156310456
evolution_strategy,rosenbrock,114,13300,23.145384156310456
evolution_strategy,rosenbrock,114,13400,23.145384156310456
evolution_strategy,rosenbrock,114,13500,23.145384156310456
evolution_strategy,rosenbrock,114,13600,23.145384156310456
evolution_strategy,rosenbrock,114,13700,23.145384156310456
evolution_strategy,rosenbrock,114,13800,23.145384156310456
evolution_strategy,rosenbrock,114,13900,23.145384156310456
evolution_strategy,rosenbrock,114,14000,23.145384156310456
evolution_strategy,rosenbrock,114,14100,23.145384156310456
evolution_strategy,rosenbrock,114,14200,23.145384156310456
evolution_strategy,rosenbrock,114,14300,23.145384156310456
evolution_strategy,rosenbrock,114,14400,23.145384156310456
evolution_strategy,rosenbrock,114,14500,23.145384156310456
evolution_strategy,rosenbrock,114,14600,23.145384156310456
evolution_strategy,rosenbrock,114,14700,23.145384156310456
evolution_strategy,rosenbrock,114,14800,23.145384156310456
evolution_strategy,rosenbrock,114,14900,23.145384156310456
evolution_strategy,rosenbrock,114,15000,23.145384156310456
evolution_strategy,rosenbrock,114,15100,23.145384156310456
evolution_strategy,rosenbrock,114,15200,23.145384156310456
evolution_strategy,rosenbrock,114,15300,23.145384156310456
evolution_strategy,rosenbrock,114,15400,23.145384156310456
evolution_strategy,rosenbrock,114,15500,23.145384156310456
evolution_strategy,rosenbrock,114,15600,23.145384156310456
evolution_strategy,rosenbrock,114,15700,23.145384156310456
evolution_strategy,rosenbrock,114,15800,23.145384156310456
evolution_strategy,rosenbrock,114,15900,23.145384156310456
evolution_strategy,rosenbrock,114,16000,23.145384156310456
evolution_strategy,rosenbrock,114,16100,23.145384156310456
evolution_strategy,rosenbrock,114,16200,23.145384156310456
evolution_strategy,rosenbrock,114,16300,23.145384156310456
evolution_strategy,rosenbrock,114,16400,23.145384156310456
evolution_strategy,rosenbrock,114,16500,23.145384156310456
evolution_strategy,rosenbrock,114,16600,23.145384156310456
evolution_strategy,rosenbrock,114,16700,23.145384156310456
evolution_strategy,rosenbrock,114,16800,23.145384156310456
evolution_strategy,rosenbrock,114,16900,23.145384156310456
evolution_strategy,rosenbrock,114,17000,23.145384156310456
evolution_strategy,rosenbrock,114,17100,23.145384156310456
evolution_strategy,rosenbrock,114,17200,23.145384156310456
evolution_strategy,rosenbrock,114,17300,23.145384156310456
evolution_strategy,rosenbrock,114,17400,23.145384156310456
evolution_strategy,rosenbrock,114,17500,23.145384156310456
evolution_strategy,rosenbrock,114,17600,23.145384156310456
evolution_strategy,rosenbrock,114,17700,23.145384156310456
evolution_strategy,rosenbrock,114,17800,23.145384156310456
evolution_strategy,rosenbrock,114,17900,23.145384156310456
evolution_strategy,rosenbrock,114,18000,23.145384156310456
evolution_strategy,rosenbrock,114,18100,23.145384156310456
evolution_strategy,rosenbrock,114,18200,23.145384156310456
evolution_strategy,rosenbrock,114,18300,23.145384156310456
evolution_strategy,rosenbrock,114,18400,23.145384156310456
evolution_strategy,rosenbrock,114,18500,23.145384156310456
evolution_strategy,rosenbrock,114,18600,23.145384156310456
evolution_strategy,rosenbrock,114,18700,23.145384156310456
evolution_strategy,rosenbrock,114,18800,23.145384156310456
evolution_strategy,rosenbrock,114,18900,21.96293126769155
evolution_strategy,rosenbrock,114,19000,21.96293126769155
evolution_strategy,rosenbrock,114,19100,21.96293126769155
evolution_strategy,rosenbrock,114,19200,21.96293126769155
evolution_strategy,rosenbrock,114,19300,21.96293126769155
evolution_strategy,rosenbrock,114,19400,21.96293126769155
evolution_strategy,rosenbrock,114,19500,21.96293126769155
evolution_strategy,rosenbrock,114,19600,21.96293126769155
evolution_strategy,rosenbrock,114,19700,21.96293126769155
evolution_strategy,rosenbrock,114,19800,21.96293126769155
evolution_strategy,rosenbrock,114,19900,21.96293126769155
evolution_strategy,rosenbrock,114,20000,21.96293126769155
evolution_strategy,rosenbrock,115,100,101393.44298135459
evolution_strategy,rosenbrock,115,200,78766.09438673391
evolution_strategy,rosenbrock,115,300,78766.09438673391
evolution_strategy,rosenbrock,115,400,52989.865816296246
evolution_strategy,rosenbrock,115,500,42709.25982538033
evolution_strategy,rosenbrock,115,600,30282.28952704917
evolution_strategy,rosenbrock,115,700,20251.404571918734
evolution_strategy,rosenbrock,115,800,13220.095476137894
evolution_strategy,rosenbrock,115,900,8355.408245711442
evolution_strategy,rosenbrock,115,1000,5292.178753167901
evolution_strategy,rosenbrock,115,1100,4788.782989029012
evolution_strategy,rosenbrock,115,1200,2769.543370106274
evolution_strategy,rosenbrock,115,1300,1655.070239030386
evolution_strategy,rosenbrock,115,1400,650.4839914785048
evolution_strategy,rosenbrock,115,1500,650.4839914785048
evolution_strategy,rosenbrock,115,1600,385.0257685657346
evolution_strategy,rosenbrock,115,1700,364.5026053701163
evolution_strategy,rosenbrock,115,1800,217.72187380667367
evolution_strategy,rosenbrock,115,1900,180.01278143901925
evolution_strategy,rosenbrock,115,2000,154.5161575026988
evolution_strategy,rosenbrock,115,2100,118.40582118170434
evolution_strategy,rosenbrock,115,2200,104.01385957982006
evolution_strategy,rosenbrock,115,2300,92.51975178202176
evolution_strategy,rosenbrock,115,2400,79.1219257634058
evolution_strategy,rosenbrock,115,2500,79.1219257634058
evolution_strategy,rosenbrock,115,2600,59.320870752884076
evolution_strategy,rosenbrock,115,2700,59.320870752884076
evolution_strategy,rosenbrock,115,2800,58.56852055374905
evolution_strategy,rosenbrock,115,2900,58.56852055374905
evolution_strategy,rosenbrock,115,3000,58.56852055374905
evolution_strategy,rosenbrock,115,3100,58.56852055374905
evolution_strategy,rosenbrock,115,3200,55.44388778118091
evolution_strategy,rosenbrock,115,3300,55.44388778118091
evolution_strategy,rosenbrock,115,3400,30.719665151303744
evolution_strategy,rosenbrock,115,3500,30.719665151303744
evolution_strategy,rosenbrock,115,3600,30.719665151303744
evolution_strategy,rosenbrock,115,3700,30.719665151303744
evolution_strategy,rosenbrock,115,3800,30.719665151303744
evolution_strategy,rosenbrock,115,3900,30.719665151303744
evolution_strategy,rosenbrock,115,4000,30.719665151303744
evolution_strategy,rosenbrock,115,4100,30.719665151303744
evolution_strategy,rosenbrock,115,4200,30.719665151303744
evolution_strategy,rosenbrock,115,4300,24.705494877454
evolution_strategy,rosenbrock,115,4400,24.705494877454
evolution_strategy,rosenbrock,115,4500,24.705494877454
evolution_strategy,rosenbrock,115,4600,24.705494877454
evolution_strategy,rosenbrock,115,4700,24.705494877454
evolution_strategy,rosenbrock,115,4800,24.705494877454
evolution_strategy,rosenbrock,115,4900,24.705494877454
evolution_strategy,rosenbrock,115,5000,24.705494877454
evolution_strategy,rosenbrock,115,5100,24.705494877454
evolution_strategy,rosenbrock,115,5200,24.705494877454
evolution_strategy,rosenbrock,115,5300,24.705494877454
evolution_strategy,rosenbrock,115,5400,24.705494877454
evolution_strategy,rosenbrock,115,5500,24.705494877454
evolution_strategy,rosenbrock,115,5600,24.705494877454
evolution_strategy,rosenbrock,115,5700,24.705494877454
evolution_strategy,rosenbrock,115,5800,24.705494877454
evolution_strategy,rosenbrock,115,5900,24.705494877454
evolution_strategy,rosenbrock,115,6000,24.705494877454
evolution_strategy,rosenbrock,115,6100,24.705494877454
evolution_strategy,rosenbrock,115,6200,24.705494877454
evolution_strategy,rosenbrock,115,6300,24.705494877454
evolution_strategy,rosenbrock,115,6400,24.705494877454
evolution_strategy,rosenbrock,115,6500,24.705494877454
evolution_strategy,rosenbrock,115,6600,24.705494877454
evolution_strategy,rosenbrock,115,6700,24.705494877454
evolution_strategy,rosenbrock,115,6800,24.705494877454
evolution_strategy,rosenbrock,115,6900,24.705494877454
evolution_strategy,rosenbrock,115,7000,24.705494877454
evolution_strategy,rosenbrock,115,7100,24.705494877454
evolution_strategy,rosenbrock,115,7200,24.705494877454
evolution_strategy,rosenbrock,115,7300,24.705494877454
evolution_strategy,rosenbrock,115,7400,24.705494877454
evolution_strategy,rosenbrock,115,7500,24.705494877454
evolution_strategy,rosenbrock,115,7600,24.705494877454
evolution_strategy,rosenbrock,115,7700,24.705494877454
evolution_strategy,rosenbrock,115,7800,24.705494877454
evolution_strategy,rosenbrock,115,7900,24.705494877454
evolution_strategy,rosenbrock,115,8000,24.705494877454
evolution_strategy,rosenbrock,115,8100,24.705494877454
evolution_strategy,rosenbrock,115,8200,24.705494877454
evolution_strategy,rosenbrock,115,8300,24.705494877454
evolution_strategy,rosenbrock,115,8400,24.705494877454
evolution_strategy,rosenbrock,115,8500,24.705494877454
evolution_strategy,rosenbrock,115,8600,24.705494877454
evolution_strategy,rosenbrock,115,8700,24.705494877454
evolution_strategy,rosenbrock,115,8800,24.705494877454
evolution_strategy,rosenbrock,115,8900,24.705494877454
evolution_strategy,rosenbrock,115,9000,24.705494877454
evolution_strategy,rosenbrock,115,9100,24.705494877454
evolution_strategy,rosenbrock,115,9200,24.705494877454
evolution_strategy,rosenbrock,115,9300,24.705494877454
evolution_strategy,rosenbrock,115,9400,24.705494877454
evolution_strategy,rosenbrock,115,9500,24.705494877454
evolution_strategy,rosenbrock,115,9600,24.705494877454
evolution_strategy,rosenbrock,115,9700,24.705494877454
evolution_strategy,rosenbrock,115,9800,24.705494877454
evolution_strategy,rosenbrock,115,9900,24.705494877454
evolution_strategy,rosenbrock,115,10000,24.705494877454
evolution_strategy,rosenbrock,115,10100,24.705494877454
evolution_strategy,rosenbrock,115,10200,24.705494877454
evolution_strategy,rosenbrock,115,10300,24.705494877454
evolution_strategy,rosenbrock,115,10400,24.705494877454
evolution_strategy,rosenbrock,115,10500,24.705494877454
evolution_strategy,rosenbrock,115,10600,24.705494877454
evolution_strategy,rosenbrock,115,10700,24.705494877454
evolution_strategy,rosenbrock,115,10800,24.705494877454
evolution_strategy,rosenbrock,115,10900,24.705494877454
evolution_strategy,rosenbrock,115,11000,24.705494877454
evolution_strategy,rosenbrock,115,11100,24.705494877454
evolution_strategy,rosenbrock,115,11200,24.705494877454
evolution_strategy,rosenbrock,115,11300,24.705494877454
evolution_strategy,rosenbrock,115,11400,24.705494877454
evolution_strategy,rosenbrock,115,11500,24.705494877454
evolution_strategy,rosenbrock,115,11600,24.705494877454
evolution_strategy,rosenbrock,115,11700,24.705494877454
evolution_strategy,rosenbrock,115,11800,24.705494877454
evolution_strategy,rosenbrock,115,11900,24.705494877454
evolution_strategy,rosenbrock,115,12000,24.705494877454
evolution_strategy,rosenbrock,115,12100,24.705494877454
evolution_strategy,rosenbrock,115,12200,24.705494877454
evolution_strategy,rosenbrock,115,12300,24.705494877454
evolution_strategy,rosenbrock,115,12400,24.705494877454
evolution_strategy,rosenbrock,115,12500,24.705494877454
evolution_strategy,rosenbrock,115,12600,24.705494877454
evolution_strategy,rosenbrock,115,12700,24.705494877454
evolution_strategy,rosenbrock,115,12800,24.705494877454
evolution_strategy,rosenbrock,115,12900,24.705494877454
evolution_strategy,rosenbrock,115,13000,24.705494877454
evolution_strategy,rosenbrock,115,13100,24.705494877454
evolution_strategy,rosenbrock,115,13200,24.705494877454
evolution_strategy,rosenbrock,115,13300,24.705494877454
evolution_strategy,rosenbrock,115,13400,24.705494877454
evolution_strategy,rosenbrock,115,13500,24.705494877454
evolution_strategy,rosenbrock,115,13600,24.705494877454
evolution_strategy,rosenbrock,115,13700,24.705494877454
evolution_strategy,rosenbrock,115,13800,24.705494877454
evolution_strategy,rosenbrock,115,13900,24.705494877454
evolution_strategy,rosenbrock,115,14000,24.705494877454
evolution_strategy,rosenbrock,115,14100,24.705494877454
evolution_strategy,rosenbrock,115,14200,24.705494877454
evolution_strategy,rosenbrock,115,14300,24.705494877454
evolution_strategy,rosenbrock,115,14400,24.705494877454
evolution_strategy,rosenbrock,115,14500,24.705494877454
evolution_strategy,rosenbrock,115,14600,24.705494877454
evolution_strategy,rosenbrock,115,14700,24.705494877454
evolution_strategy,rosenbrock,115,14800,24.705494877454
evolution_strategy,rosenbrock,115,14900,24.705494877454
evolution_strategy,rosenbrock,115,15000,24.705494877454
evolution_strategy,rosenbrock,115,15100,24.705494877454
evolution_strategy,rosenbrock,115,15200,24.705494877454
evolution_strategy,rosenbrock,115,15300,24.705494877454
evolution_strategy,rosenbrock,115,15400,24.705494877454
evolution_strategy,rosenbrock,115,15500,24.705494877454
evolution_strategy,rosenbrock,115,15600,24.705494877454
evolution_strategy,rosenbrock,115,15700,24.705494877454
evolution_strategy,rosenbrock,115,15800,24.705494877454
evolution_strategy,rosenbrock,115,15900,24.705494877454
evolution_strategy,rosenbrock,115,16000,24.705494877454
evolution_strategy,rosenbrock,115,16100,24.705494877454
evolution_strategy,rosenbrock,115,16200,24.705494877454
evolution_strategy,rosenbrock,115,16300,24.705494877454
evolution_strategy,rosenbrock,115,16400,24.705494877454
evolution_strategy,rosenbrock,115,16500,24.705494877454
evolution_strategy,rosenbrock,115,16600,24.705494877454
evolution_strategy,rosenbrock,115,16700,24.705494877454
evolution_strategy,rosenbrock,115,16800,24.705494877454
evolution_strategy,rosenbrock,115,16900,24.705494877454
evolution_strategy,rosenbrock,115,17000,24.705494877454
evolution_strategy,rosenbrock,115,17100,24.705494877454
evolution_strategy,rosenbrock,115,17200,24.705494877454
evolution_strategy,rosenbrock,115,17300,24.705494877454
evolution_strategy,rosenbrock,115,17400,24.705494877454
evolution_strategy,rosenbrock,115,17500,24.705494877454
evolution_strategy,rosenbrock,115,17600,24.705494877454
evolution_strategy,rosenbrock,115,17700,24.705494877454
evolution_strategy,rosenbrock,115,17800,24.705494877454
evolution_strategy,rosenbrock,115,17900,24.705494877454
evolution_strategy,rosenbrock,115,18000,24.705494877454
evolution_strategy,rosenbrock,115,18100,24.705494877454
evolution_strategy,rosenbrock,115,18200,24.705494877454
evolution_strategy,rosenbrock,115,18300,24.705494877454
evolution_strategy,rosenbrock,115,18400,24.705494877454
evolution_strategy,rosenbrock,115,18500,24.705494877454
evolution_strategy,rosenbrock,115,18600,24.705494877454
evolution_strategy,rosenbrock,115,18700,24.705494877454
evolution_strategy,rosenbrock,115,18800,24.705494877454
evolution_strategy,rosenbrock,115,18900,24.705494877454
evolution_strategy,rosenbrock,115,19000,24.705494877454
evolution_strategy,rosenbrock,115,19100,24.705494877454
evolution_strategy,rosenbrock,115,19200,24.705494877454
evolution_strategy,rosenbrock,115,19300,24.705494877454
evolution_strategy,rosenbrock,115,19400,24.705494877454
evolution_strategy,rosenbrock,115,19500,24.705494877454
evolution_strategy,rosenbrock,115,19600,24.705494877454
evolution_strategy,rosenbrock,115,19700,24.705494877454
evolution_strategy,rosenbrock,115,19800,24.705494877454
evolution_strategy,rosenbrock,115,19900,24.705494877454
evolution_strategy,rosenbrock,115,20000,24.705494877454
evolution_strategy,rosenbrock,116,100,213299.56066252015
evolution_strategy,rosenbrock,116,200,183768.32737959083
evolution_strategy,rosenbrock,116,300,157323.8788127143
evolution_strategy,rosenbrock,116,400,132298.79104205596
evolution_strategy,rosenbrock,116,500,112557.71594078038
evolution_strategy,rosenbrock,116,600,96076.38500617069
evolution_strategy,rosenbrock,116,700,76719.17350366025
evolution_strategy,rosenbrock,116,800,56744.85702906436
evolution_strategy,rosenbrock,116,900,40658.6961182043
evolution_strategy,rosenbrock,116,1000,28599.823439011336
evolution_strategy,rosenbrock,116,1100,28599.823439011336
evolution_strategy,rosenbrock,116,1200,21259.564495754166
evolution_strategy,rosenbrock,116,1300,16254.046685374404
evolution_strategy,rosenbrock,116,1400,11708.23302223163
evolution_strategy,rosenbrock,116,1500,9383.329647647939
evolution_strategy,rosenbrock,116,1600,7787.630004936158
evolution_strategy,rosenbrock,116,1700,5257.493117510427
evolution_strategy,rosenbrock,116,1800,3369.975479225664
evolution_strategy,rosenbrock,116,1900,2296.9822512558926
evolution_strategy,rosenbrock,116,2000,1723.7480764454522
evolution_strategy,rosenbrock,116,2100,1586.5377823622532
evolution_strategy,rosenbrock,116,2200,1377.3905100685424
evolution_strategy,rosenbrock,116,2300,713.8393568198012
evolution_strategy,rosenbrock,116,2400,454.305184366576
evolution_strategy,rosenbrock,116,2500,454.305184366576
evolution_strategy,rosenbrock,116,2600,243.90151043613116
evolution_strategy,rosenbrock,116,2700,67.32547093170534
evolution_strategy,rosenbrock,116,2800,67.32547093170534
evolution_strategy,rosenbrock,116,2900,67.32547093170534
evolution_strategy,rosenbrock,116,3000,67.32547093170534
evolution_strategy,rosenbrock,116,3100,67.32547093170534
evolution_strategy,rosenbrock,116,3200,36.8478036311254
evolution_strategy,rosenbrock,116,3300,36.8478036311254
evolution_strategy,rosenbrock,116,3400,36.8478036311254
evolution_strategy,rosenbrock,116,3500,36.8478036311254
evolution_strategy,rosenbrock,116,3600,36.8478036311254
evolution_strategy,rosenbrock,116,3700,29.721648579482427
evolution_strategy,rosenbrock,116,3800,29.721648579482427
evolution_strategy,rosenbrock,116,3900,29.721648579482427
evolution_strategy,rosenbrock,116,4000,29.721648579482427
evolution_strategy,rosenbrock,116,4100,29.721648579482427
evolution_strategy,rosenbrock,116,4200,20.04940971955864
evolution_strategy,rosenbrock,116,4300,20.04940971955864
evolution_strategy,rosenbrock,116,4400,20.04940971955864
evolution_strategy,rosenbrock,116,4500,20.04940971955864
evolution_strategy,rosenbrock,116,4600,20.04940971955864
evolution_strategy,rosenbrock,116,4700,20.04940971955864
evolution_strategy,rosenbrock,116,4800,20.04940971955864
evolution_strategy,rosenbrock,116,4900,20.04940971955864
evolution_strategy,rosenbrock,116,5000,20.04940971955864
evolution_strategy,rosenbrock,116,5100,20.04940971955864
evolution_strategy,rosenbrock,116,5200,20.04940971955864
evolution_strategy,rosenbrock,116,5300,20.04940971955864
evolution_strategy,rosenbrock,116,5400,20.04940971955864
evolution_strategy,rosenbrock,116,5500,20.04940971955864
evolution_strategy,rosenbrock,116,5600,20.04940971955864
evolution_strategy,rosenbrock,116,5700,20.04940971955864
evolution_strategy,rosenbrock,116,5800,20.04940971955864
evolution_strategy,rosenbrock,116,5900,20.04940971955864
evolution_strategy,rosenbrock,116,6000,20.04940971955864
evolution_strategy,rosenbrock,116,6100,20.04940971955864
evolution_strategy,rosenbrock,116,6200,20.04940971955864
evolution_strategy,rosenbrock,116,6300,20.04940971955864
evolution_strategy,rosenbrock,116,6400,20.04940971955864
evolution_strategy,rosenbrock,116,6500,20.04940971955864
evolution_strategy,rosenbrock,116,6600,20.04940971955864
evolution_strategy,rosenbrock,116,6700,20.04940971955864
evolution_strategy,rosenbrock,116,6800,20.04940971955864
evolution_strategy,rosenbrock,116,6900,20.04940971955864
evolution_strategy,rosenbrock,116,7000,20.04940971955864
evolution_strategy,rosenbrock,116,7100,20.04940971955864
evolution_strategy,rosenbrock,116,7200,20.04940971955864
evolution_strategy,rosenbrock,116,7300,20.04940971955864
evolution_strategy,rosenbrock,116,7400,20.04940971955864
evolution_strategy,rosenbrock,116,7500,20.04940971955864
evolution_strategy,rosenbrock,116,7600,20.04940971955864
evolution_strategy,rosenbrock,116,7700,20.04940971955864
evolution_strategy,rosenbrock,116,7800,20.04940971955864
evolution_strategy,rosenbrock,116,7900,20.04940971955864
evolution_strategy,rosenbrock,116,8000,20.04940971955864
evolution_strategy,rosenbrock,116,8100,20.04940971955864
evolution_strategy,rosenbrock,116,8200,20.04940971955864
evolution_strategy,rosenbrock,116,8300,20.04940971955864
evolution_strategy,rosenbrock,116,8400,20.04940971955864
evolution_strategy,rosenbrock,116,8500,20.04940971955864
evolution_strategy,rosenbrock,116,8600,20.04940971955864
evolution_strategy,rosenbrock,116,8700,20.04940971955864
evolution_strategy,rosenbrock,116,8800,20.04940971955864
evolution_strategy,rosenbrock,116,8900,20.04940971955864
evolution_strategy,rosenbrock,116,9000,20.04940971955864
evolution_strategy,rosenbrock,116,9100,20.04940971955864
evolution_strategy,rosenbrock,116,9200,20.04940971955864
evolution_strategy,rosenbrock,116,9300,20.04940971955864
evolution_strategy,rosenbrock,116,9400,20.04940971955864
evolution_strategy,rosenbrock,116,9500,20.04940971955864
evolution_strategy,rosenbrock,116,9600,20.04940971955864
evolution_strategy,rosenbrock,116,9700,19.16143677499232
evolution_strategy,rosenbrock,116,9800,19.16143677499232
evolution_strategy,rosenbrock,116,9900,19.16143677499232
evolution_strategy,rosenbrock,116,10000,19.16143677499232
evolution_strategy,rosenbrock,116,10100,19.16143677499232
evolution_strategy,rosenbrock,116,10200,19.16143677499232
evolution_strategy,rosenbrock,116,10300,19.16143677499232
evolution_strategy,rosenbrock,116,10400,19.16143677499232
evolution_strategy,rosenbrock,116,10500,19.16143677499232
evolution_strategy,rosenbrock,116,10600,19.16143677499232
evolution_strategy,rosenbrock,116,10700,19.16143677499232
evolution_strategy,rosenbrock,116,10800,19.16143677499232
evolution_strategy,rosenbrock,116,10900,19.16143677499232
evolution_strategy,rosenbrock,116,11000,19.16143677499232
evolution_strategy,rosenbrock,116,11100,19.16143677499232
evolution_strategy,rosenbrock,116,11200,19.16143677499232
evolution_strategy,rosenbrock,116,11300,19.16143677499232
evolution_strategy,rosenbrock,116,11400,19.16143677499232
evolution_strategy,rosenbrock,116,11500,19.16143677499232
evolution_strategy,rosenbrock,116,11600,19.16143677499232
evolution_strategy,rosenbrock,116,11700,19.16143677499232
evolution_strategy,rosenbrock,116,11800,19.16143677499232
evolution_strategy,rosenbrock,116,11900,19.16143677499232
evolution_strategy,rosenbrock,116,12000,19.16143677499232
evolution_strategy,rosenbrock,116,12100,19.16143677499232
evolution_strategy,rosenbrock,116,12200,19.16143677499232
evolution_strategy,rosenbrock,116,12300,19.16143677499232
evolution_strategy,rosenbrock,116,12400,19.16143677499232
evolution_strategy,rosenbrock,116,12500,19.16143677499232
evolution_strategy,rosenbrock,116,12600,19.16143677499232
evolution_strategy,rosenbrock,116,12700,19.16143677499232
evolution_strategy,rosenbrock,116,12800,19.16143677499232
evolution_strategy,rosenbrock,116,12900,19.16143677499232
evolution_strategy,rosenbrock,116,13000,19.16143677499232
evolution_strategy,rosenbrock,116,13100,19.16143677499232
evolution_strategy,rosenbrock,116,13200,19.16143677499232
evolution_strategy,rosenbrock,116,13300,19.16143677499232
evolution_strategy,rosenbrock,116,13400,19.16143677499232
evolution_strategy,rosenbrock,116,13500,19.16143677499232
evolution_strategy,rosenbrock,116,13600,19.16143677499232
evolution_strategy,rosenbrock,116,13700,19.16143677499232
evolution_strategy,rosenbrock,116,13800,19.16143677499232
evolution_strategy,rosenbrock,116,13900,19.16143677499232
evolution_strategy,rosenbrock,116,14000,19.16143677499232
evolution_strategy,rosenbrock,116,14100,19.16143677499232
evolution_strategy,rosenbrock,116,14200,19.16143677499232
evolution_strategy,rosenbrock,116,14300,19.16143677499232
evolution_strategy,rosenbrock,116,14400,19.16143677499232
evolution_strategy,rosenbrock,116,14500,19.16143677499232
evolution_strategy,rosenbrock,116,14600,19.16143677499232
evolution_strategy,rosenbrock,116,14700,19.16143677499232
evolution_strategy,rosenbrock,116,14800,19.16143677499232
evolution_strategy,rosenbrock,116,14900,19.16143677499232
evolution_strategy,rosenbrock,116,15000,19.16143677499232
evolution_strategy,rosenbrock,116,15100,19.16143677499232
evolution_strategy,rosenbrock,116,15200,19.16143677499232
evolution_strategy,rosenbrock,116,15300,19.16143677499232
evolution_strategy,rosenbrock,116,15400,19.16143677499232
evolution_strategy,rosenbrock,116,15500,19.16143677499232
evolution_strategy,rosenbrock,116,15600,19.16143677499232
evolution_strategy,rosenbrock,116,15700,19.16143677499232
evolution_strategy,rosenbrock,116,15800,19.16143677499232
evolution_strategy,rosenbrock,116,15900,19.16143677499232
evolution_strategy,rosenbrock,116,16000,19.16143677499232
evolution_strategy,rosenbrock,116,16100,19.16143677499232
evolution_strategy,rosenbrock,116,16200,19.16143677499232
evolution_strategy,rosenbrock,116,16300,19.16143677499232
evolution_strategy,rosenbrock,116,16400,19.16143677499232
evolution_strategy,rosenbrock,116,16500,19.16143677499232
evolution_strategy,rosenbrock,116,16600,19.16143677499232
evolution_strategy,rosenbrock,116,16700,19.16143677499232
evolution_strategy,rosenbrock,116,16800,19.16143677499232
evolution_strategy,rosenbrock,116,16900,19.16143677499232
evolution_strategy,rosenbrock,116,17000,18.155106825382152
evolution_strategy,rosenbrock,116,17100,18.155106825382152
evolution_strategy,rosenbrock,116,17200,18.155106825382152
evolution_strategy,rosenbrock,116,17300,18.155106825382152
evolution_strategy,rosenbrock,116,17400,18.155106825382152
evolution_strategy,rosenbrock,116,17500,18.155106825382152
evolution_strategy,rosenbrock,116,17600,18.155106825382152
evolution_strategy,rosenbrock,116,17700,18.155106825382152
evolution_strategy,rosenbrock,116,17800,18.155106825382152
evolution_strategy,rosenbrock,116,17900,18.155106825382152
evolution_strategy,rosenbrock,116,18000,18.155106825382152
evolution_strategy,rosenbrock,116,18100,18.155106825382152
evolution_strategy,rosenbrock,116,18200,18.155106825382152
evolution_strategy,rosenbrock,116,18300,18.155106825382152
evolution_strategy,rosenbrock,116,18400,18.155106825382152
evolution_strategy,rosenbrock,116,18500,18.155106825382152
evolution_strategy,rosenbrock,116,18600,18.155106825382152
evolution_strategy,rosenbrock,116,18700,18.155106825382152
evolution_strategy,rosenbrock,116,18800,18.155106825382152
evolution_strategy,rosenbrock,116,18900,18.155106825382152
evolution_strategy,rosenbrock,116,19000,18.155106825382152
evolution_strategy,rosenbrock,116,19100,18.155106825382152
evolution_strategy,rosenbrock,116,19200,18.155106825382152
evolution_strategy,rosenbrock,116,19300,18.155106825382152
evolution_strategy,rosenbrock,116,19400,18.155106825382152
evolution_strategy,rosenbrock,116,19500,18.155106825382152
evolution_strategy,rosenbrock,116,19600,18.155106825382152
evolution_strategy,rosenbrock,116,19700,18.155106825382152
evolution_strategy,rosenbrock,116,19800,18.155106825382152
evolution_strategy,rosenbrock,116,19900,18.155106825382152
evolution_strategy,rosenbrock,116,20000,18.155106825382152
evolution_strategy,rosenbrock,117,100,44589.57686686707
evolution_strategy,rosenbrock,117,200,29488.577115909553
evolution_strategy,rosenbrock,117,300,23739.81788514157
evolution_strategy,rosenbrock,117,400,17562.150277474288
evolution_strategy,rosenbrock,117,500,17562.150277474288
evolution_strategy,rosenbrock,117,600,12007.5500338033
evolution_strategy,rosenbrock,117,700,10857.431353384798
evolution_strategy,rosenbrock,117,800,7677.184049607178
evolution_strategy,rosenbrock,117,900,5876.0547484511835
evolution_strategy,rosenbrock,117,1000,4135.527198452845
evolution_strategy,rosenbrock,117,1100,3712.0519015246573
evolution_strategy,rosenbrock,117,1200,2607.7150940701754
evolution_strategy,rosenbrock,117,1300,1724.0766340247555
evolution_strategy,rosenbrock,117,1400,1257.9066777039138
evolution_strategy,rosenbrock,117,1500,1257.9066777039138
evolution_strategy,rosenbrock,117,1600,931.8712007527838
evolution_strategy,rosenbrock,117,1700,696.7670579583814
evolution_strategy,rosenbrock,117,1800,339.7938812524744
evolution_strategy,rosenbrock,117,1900,258.4885722825035
evolution_strategy,rosenbrock,117,2000,231.28344176124693
evolution_strategy,rosenbrock,117,2100,210.15420644087283
evolution_strategy,rosenbrock,117,2200,161.70966696744324
evolution_strategy,rosenbrock,117,2300,110.59426703895323
evolution_strategy,rosenbrock,117,2400,80.0477585512631
evolution_strategy,rosenbrock,117,2500,80.0477585512631
evolution_strategy,rosenbrock,117,2600,70.46641134766223
evolution_strategy,rosenbrock,117,2700,70.46641134766223
evolution_strategy,rosenbrock,117,2800,63.32044867006288
evolution_strategy,rosenbrock,117,2900,63.32044867006288
evolution_strategy,rosenbrock,117,3000,47.02262782096576
evolution_strategy,rosenbrock,117,3100,47.02262782096576
evolution_strategy,rosenbrock,117,3200,40.7876799640846
evolution_strategy,rosenbrock,117,3300,40.7876799640846
evolution_strategy,rosenbrock,117,3400,38.00895538526066
evolution_strategy,rosenbrock,117,3500,29.227535773833583
evolution_strategy,rosenbrock,117,3600,29.227535773833583
evolution_strategy,rosenbrock,117,3700,29.227535773833583
evolution_strategy,rosenbrock,117,3800,29.227535773833583
evolution_strategy,rosenbrock,117,3900,29.227535773833583
evolution_strategy,rosenbrock,117,4000,29.227535773833583
evolution_strategy,rosenbrock,117,4100,29.227535773833583
evolution_strategy,rosenbrock,117,4200,29.227535773833583
evolution_strategy,rosenbrock,117,4300,29.227535773833583
evolution_strategy,rosenbrock,117,4400,29.227535773833583
evolution_strategy,rosenbrock,117,4500,29.227535773833583
evolution_strategy,rosenbrock,117,4600,29.227535773833583
evolution_strategy,rosenbrock,117,4700,29.227535773833583
evolution_strategy,rosenbrock,117,4800,29.227535773833583
evolution_strategy,rosenbrock,117,4900,29.227535773833583
evolution_strategy,rosenbrock,117,5000,29.227535773833583
evolution_strategy,rosenbrock,117,5100,29.227535773833583
evolution_strategy,rosenbrock,117,5200,29.227535773833583
evolution_strategy,rosenbrock,117,5300,29.227535773833583
evolution_strategy,rosenbrock,117,5400,29.227535773833583
evolution_strategy,rosenbrock,117,5500,29.227535773833583
evolution_strategy,rosenbrock,117,5600,29.227535773833583
evolution_strategy,rosenbrock,117,5700,29.227535773833583
evolution_strategy,rosenbrock,117,5800,29.227535773833583
evolution_strategy,rosenbrock,117,5900,29.227535773833583
evolution_strategy,rosenbrock,117,6000,29.227535773833583
evolution_strategy,rosenbrock,117,6100,29.227535773833583
evolution_strategy,rosenbrock,117,6200,29.227535773833583
evolution_strategy,rosenbrock,117,6300,29.227535773833583
evolution_strategy,rosenbrock,117,6400,29.227535773833583
evolution_strategy,rosenbrock,117,6500,18.534851256882575
evolution_strategy,rosenbrock,117,6600,18.534851256882575
evolution_strategy,rosenbrock,117,6700,18.534851256882575
evolution_strategy,rosenbrock,117,6800,18.534851256882575
evolution_strategy,rosenbrock,117,6900,18.534851256882575
evolution_strategy,rosenbrock,117,7000,18.534851256882575
evolution_strategy,rosenbrock,117,7100,18.534851256882575
evolution_strategy,rosenbrock,117,7200,18.534851256882575
evolution_strategy,rosenbrock,117,7300,18.534851256882575
evolution_strategy,rosenbrock,117,7400,18.534851256882575
evolution_strategy,rosenbrock,117,7500,18.534851256882575
evolution_strategy,rosenbrock,117,7600,18.534851256882575
evolution_strategy,rosenbrock,117,7700,18.534851256882575
evolution_strategy,rosenbrock,117,7800,18.534851256882575
evolution_strategy,rosenbrock,117,7900,18.534851256882575
evolution_strategy,rosenbrock,117,8000,18.534851256882575
evolution_strategy,rosenbrock,117,8100,18.534851256882575
evolution_strategy,rosenbrock,117,8200,18.534851256882575
evolution_strategy,rosenbrock,117,8300,18.534851256882575
evolution_strategy,rosenbrock,117,8400,18.534851256882575
evolution_strategy,rosenbrock,117,8500,18.534851256882575
evolution_strategy,rosenbrock,117,8600,18.534851256882575
evolution_strategy,rosenbrock,117,8700,18.534851256882575
evolution_strategy,rosenbrock,117,8800,18.534851256882575
evolution_strategy,rosenbrock,117,8900,18.534851256882575
evolution_strategy,rosenbrock,117,9000,18.534851256882575
evolution_strategy,rosenbrock,117,9100,18.534851256882575
evolution_strategy,rosenbrock,117,9200,18.534851256882575
evolution_strategy,rosenbrock,117,9300,18.534851256882575
evolution_strategy,rosenbrock,117,9400,18.534851256882575
evolution_strategy,rosenbrock,117,9500,18.534851256882575
evolution_strategy,rosenbrock,117,9600,18.534851256882575
evolution_strategy,rosenbrock,117,9700,18.534851256882575
evolution_strategy,rosenbrock,117,9800,18.534851256882575
evolution_strategy,rosenbrock,117,9900,18.534851256882575
evolution_strategy,rosenbrock,117,10000,18.534851256882575
evolution_strategy,rosenbrock,117,10100,18.534851256882575
evolution_strategy,rosenbrock,117,10200,18.534851256882575
evolution_strategy,rosenbrock,117,10300,18.534851256882575
evolution_strategy,rosenbrock,117,10400,18.534851256882575
evolution_strategy,rosenbrock,117,10500,18.534851256882575
evolution_strategy,rosenbrock,117,10600,18.534851256882575
evolution_strategy,rosenbrock,117,10700,18.534851256882575
evolution_strategy,rosenbrock,117,10800,18.534851256882575
evolution_strategy,rosenbrock,117,10900,18.534851256882575
evolution_strategy,rosenbrock,117,11000,18.534851256882575
evolution_strategy,rosenbrock,117,11100,18.534851256882575
evolution_strategy,rosenbrock,117,11200,18.534851256882575
evolution_strategy,rosenbrock,117,11300,18.534851256882575
evolution_strategy,rosenbrock,117,11400,18.534851256882575
evolution_strategy,rosenbrock,117,11500,18.534851256882575
evolution_strategy,rosenbrock,117,11600,18.534851256882575
evolution_strategy,rosenbrock,117,11700,18.534851256882575
evolution_strategy,rosenbrock,117,11800,18.534851256882575
evolution_strategy,rosenbrock,117,11900,18.534851256882575
evolution_strategy,rosenbrock,117,12000,18.534851256882575
evolution_strategy,rosenbrock,117,12100,18.534851256882575
evolution_strategy,rosenbrock,117,12200,18.534851256882575
evolution_strategy,rosenbrock,117,12300,18.534851256882575
evolution_strategy,rosenbrock,117,12400,18.534851256882575
evolution_strategy,rosenbrock,117,12500,18.534851256882575
evolution_strategy,rosenbrock,117,12600,18.534851256882575
evolution_strategy,rosenbrock,117,12700,18.534851256882575
evolution_strategy,rosenbrock,117,12800,18.534851256882575
evolution_strategy,rosenbrock,117,12900,18.534851256882575
evolution_strategy,rosenbrock,117,13000,18.534851256882575
evolution_strategy,rosenbrock,117,13100,18.534851256882575
evolution_strategy,rosenbrock,117,13200,18.534851256882575
evolution_strategy,rosenbrock,117,13300,18.534851256882575
evolution_strategy,rosenbrock,117,13400,18.534851256882575
evolution_strategy,rosenbrock,117,13500,18.534851256882575
evolution_strategy,rosenbrock,117,13600,18.534851256882575
evolution_strategy,rosenbrock,117,13700,18.534851256882575
evolution_strategy,rosenbrock,117,13800,18.534851256882575
evolution_strategy,rosenbrock,117,13900,18.534851256882575
evolution_strategy,rosenbrock,117,14000,18.534851256882575
evolution_strategy,rosenbrock,117,14100,18.534851256882575
evolution_strategy,rosenbrock,117,14200,18.534851256882575
evolution_strategy,rosenbrock,117,14300,18.534851256882575
evolution_strategy,rosenbrock,117,14400,18.534851256882575
evolution_strategy,rosenbrock,117,14500,18.534851256882575
evolution_strategy,rosenbrock,117,14600,18.534851256882575
evolution_strategy,rosenbrock,117,14700,18.534851256882575
evolution_strategy,rosenbrock,117,14800,18.534851256882575
evolution_strategy,rosenbrock,117,14900,18.534851256882575
evolution_strategy,rosenbrock,117,15000,18.534851256882575
evolution_strategy,rosenbrock,117,15100,18.534851256882575
evolution_strategy,rosenbrock,117,15200,18.534851256882575
evolution_strategy,rosenbrock,117,15300,18.534851256882575
evolution_strategy,rosenbrock,117,15400,18.534851256882575
evolution_strategy,rosenbrock,117,15500,18.534851256882575
evolution_strategy,rosenbrock,117,15600,18.534851256882575
evolution_strategy,rosenbrock,117,15700,18.534851256882575
evolution_strategy,rosenbrock,117,15800,18.534851256882575
evolution_strategy,rosenbrock,117,15900,18.534851256882575
evolution_strategy,rosenbrock,117,16000,18.534851256882575
evolution_strategy,rosenbrock,117,16100,18.534851256882575
evolution_strategy,rosenbrock,117,16200,18.534851256882575
evolution_strategy,rosenbrock,117,16300,18.534851256882575
evolution_strategy,rosenbrock,117,16400,18.534851256882575
evolution_strategy,rosenbrock,117,16500,18.534851256882575
evolution_strategy,rosenbrock,117,16600,18.534851256882575
evolution_strategy,rosenbrock,117,16700,18.534851256882575
evolution_strategy,rosenbrock,117,16800,18.534851256882575
evolution_strategy,rosenbrock,117,16900,18.534851256882575
evolution_strategy,rosenbrock,117,17000,18.534851256882575
evolution_strategy,rosenbrock,117,17100,18.534851256882575
evolution_strategy,rosenbrock,117,17200,18.534851256882575
evolution_strategy,rosenbrock,117,17300,18.534851256882575
evolution_strategy,rosenbrock,117,17400,18.534851256882575
evolution_strategy,rosenbrock,117,17500,18.534851256882575
evolution_strategy,rosenbrock,117,17600,18.534851256882575
evolution_strategy,rosenbrock,117,17700,18.534851256882575
evolution_strategy,rosenbrock,117,17800,18.534851256882575
evolution_strategy,rosenbrock,117,17900,18.534851256882575
evolution_strategy,rosenbrock,117,18000,18.534851256882575
evolution_strategy,rosenbrock,117,18100,18.534851256882575
evolution_strategy,rosenbrock,117,18200,18.534851256882575
evolution_strategy,rosenbrock,117,18300,18.534851256882575
evolution_strategy,rosenbrock,117,18400,18.534851256882575
evolution_strategy,rosenbrock,117,18500,18.534851256882575
evolution_strategy,rosenbrock,117,18600,18.534851256882575
evolution_strategy,rosenbrock,117,18700,18.534851256882575
evolution_strategy,rosenbrock,117,18800,18.534851256882575
evolution_strategy,rosenbrock,117,18900,18.534851256882575
evolution_strategy,rosenbrock,117,19000,18.534851256882575
evolution_strategy,rosenbrock,117,19100,18.534851256882575
evolution_strategy,rosenbrock,117,19200,18.534851256882575
evolution_strategy,rosenbrock,117,19300,18.534851256882575
evolution_strategy,rosenbrock,117,19400,18.534851256882575
evolution_strategy,rosenbrock,117,19500,18.534851256882575
evolution_strategy,rosenbrock,117,19600,18.534851256882575
evolution_strategy,rosenbrock,117,19700,18.534851256882575
evolution_strategy,rosenbrock,117,19800,18.534851256882575
evolution_strategy,rosenbrock,117,19900,18.534851256882575
evolution_strategy,rosenbrock,117,20000,18.534851256882575
evolution_strategy,rosenbrock,118,100,62759.96455686687
evolution_strategy,rosenbrock,118,200,56427.576391376584
evolution_strategy,rosenbrock,118,300,43319.56375691096
evolution_strategy,rosenbrock,118,400,24474.330408418668
evolution_strategy,rosenbrock,118,500,19159.6128415985
evolution_strategy,rosenbrock,118,600,13766.389531332408
evolution_strategy,rosenbrock,118,700,9550.456347959149
evolution_strategy,rosenbrock,118,800,7971.131310957382
evolution_strategy,rosenbrock,118,900,4691.414540148419
evolution_strategy,rosenbrock,118,1000,2937.7139334255635
evolution_strategy,rosenbrock,118,1100,2291.7415224671754
evolution_strategy,rosenbrock,118,1200,1133.7693446634185
evolution_strategy,rosenbrock,118,1300,908.0242956861407
evolution_strategy,rosenbrock,118,1400,738.4339965609227
evolution_strategy,rosenbrock,118,1500,459.3980282731418
evolution_strategy,rosenbrock,118,1600,227.1369274560118
evolution_strategy,rosenbrock,118,1700,191.8519586611028
evolution_strategy,rosenbrock,118,1800,191.8519586611028
evolution_strategy,rosenbrock,118,1900,125.17540684879603
evolution_strategy,rosenbrock,118,2000,47.30935904276664
evolution_strategy,rosenbrock,118,2100,47.30935904276664
evolution_strategy,rosenbrock,118,2200,47.30935904276664
evolution_strategy,rosenbrock,118,2300,47.30935904276664
evolution_strategy,rosenbrock,118,2400,47.30935904276664
evolution_strategy,rosenbrock,118,2500,47.30935904276664
evolution_strategy,rosenbrock,118,2600,47.30935904276664
evolution_strategy,rosenbrock,118,2700,47.30935904276664
evolution_strategy,rosenbrock,118,2800,47.30935904276664
evolution_strategy,rosenbrock,118,2900,47.30935904276664
evolution_strategy,rosenbrock,118,3000,40.30632372193599
evolution_strategy,rosenbrock,118,3100,40.30632372193599
evolution_strategy,rosenbrock,118,3200,36.63963817110111
evolution_strategy,rosenbrock,118,3300,36.63963817110111
evolution_strategy,rosenbrock,118,3400,36.63963817110111
evolution_strategy,rosenbrock,118,3500,36.63963817110111
evolution_strategy,rosenbrock,118,3600,34.50686490317382
evolution_strategy,rosenbrock,118,3700,34.50686490317382
evolution_strategy,rosenbrock,118,3800,34.50686490317382
evolution_strategy,rosenbrock,118,3900,34.50686490317382
evolution_strategy,rosenbrock,118,4000,33.49216523823358
evolution_strategy,rosenbrock,118,4100,33.49216523823358
evolution_strategy,rosenbrock,118,4200,33.49216523823358
evolution_strategy,rosenbrock,118,4300,33.49216523823358
evolution_strategy,rosenbrock,118,4400,33.49216523823358
evolution_strategy,rosenbrock,118,4500,33.49216523823358
evolution_strategy,rosenbrock,118,4600,33.49216523823358
evolution_strategy,rosenbrock,118,4700,33.49216523823358
evolution_strategy,rosenbrock,118,4800,33.49216523823358
evolution_strategy,rosenbrock,118,4900,33.49216523823358
evolution_strategy,rosenbrock,118,5000,33.49216523823358
evolution_strategy,rosenbrock,118,5100,24.66019501365064
evolution_strategy,rosenbrock,118,5200,24.66019501365064
evolution_strategy,rosenbrock,118,5300,24.66019501365064
evolution_strategy,rosenbrock,118,5400,24.66019501365064
evolution_strategy,rosenbrock,118,5500,24.66019501365064
evolution_strategy,rosenbrock,118,5600,24.66019501365064
evolution_strategy,rosenbrock,118,5700,24.66019501365064
evolution_strategy,rosenbrock,118,5800,24.66019501365064
evolution_strategy,rosenbrock,118,5900,24.66019501365064
evolution_strategy,rosenbrock,118,6000,24.66019501365064
evolution_strategy,rosenbrock,118,6100,24.66019501365064
evolution_strategy,rosenbrock,118,6200,24.66019501365064
evolution_strategy,rosenbrock,118,6300,24.66019501365064
evolution_strategy,rosenbrock,118,6400,24.66019501365064
evolution_strategy,rosenbrock,118,6500,24.66019501365064
evolution_strategy,rosenbrock,118,6600,24.66019501365064
evolution_strategy,rosenbrock,118,6700,24.66019501365064
evolution_strategy,rosenbrock,118,6800,24.66019501365064
evolution_strategy,rosenbrock,118,6900,24.66019501365064
evolution_strategy,rosenbrock,118,7000,24.66019501365064
evolution_strategy,rosenbrock,118,7100,24.66019501365064
evolution_strategy,rosenbrock,118,7200,24.66019501365064
evolution_strategy,rosenbrock,118,7300,24.66019501365064
evolution_strategy,rosenbrock,118,7400,24.66019501365064
evolution_strategy,rosenbrock,118,7500,24.66019501365064
evolution_strategy,rosenbrock,118,7600,24.66019501365064
evolution_strategy,rosenbrock,118,7700,24.66019501365064
evolution_strategy,rosenbrock,118,7800,24.66019501365064
evolution_strategy,rosenbrock,118,7900,24.66019501365064
evolution_strategy,rosenbrock,118,8000,24.66019501365064
evolution_strategy,rosenbrock,118,8100,24.66019501365064
evolution_strategy,rosenbrock,118,8200,24.66019501365064
evolution_strategy,rosenbrock,118,8300,24.66019501365064
evolution_strategy,rosenbrock,118,8400,24.66019501365064
evolution_strategy,rosenbrock,118,8500,24.66019501365064
evolution_strategy,rosenbrock,118,8600,24.66019501365064
evolution_strategy,rosenbrock,118,8700,24.66019501365064
evolution_strategy,rosenbrock,118,8800,24.66019501365064
evolution_strategy,rosenbrock,118,8900,24.66019501365064
evolution_strategy,rosenbrock,118,9000,24.66019501365064
evolution_strategy,rosenbrock,118,9100,24.66019501365064
evolution_strategy,rosenbrock,118,9200,24.66019501365064
evolution_strategy,rosenbrock,118,9300,24.66019501365064
evolution_strategy,rosenbrock,118,9400,24.66019501365064
evolution_strategy,rosenbrock,118,9500,24.66019501365064
evolution_strategy,rosenbrock,118,9600,24.66019501365064
evolution_strategy,rosenbrock,118,9700,24.66019501365064
evolution_strategy,rosenbrock,118,9800,24.66019501365064
evolution_strategy,rosenbrock,118,9900,24.66019501365064
evolution_strategy,rosenbrock,118,10000,24.66019501365064
evolution_strategy,rosenbrock,118,10100,24.66019501365064
evolution_strategy,rosenbrock,118,10200,24.66019501365064
evolution_strategy,rosenbrock,118,10300,24.66019501365064
evolution_strategy,rosenbrock,118,10400,24.66019501365064
evolution_strategy,rosenbrock,118,10500,24.66019501365064
evolution_strategy,rosenbrock,118,10600,24.66019501365064
evolution_strategy,rosenbrock,118,10700,24.66019501365064
evolution_strategy,rosenbrock,118,10800,23.374496698204467
evolution_strategy,rosenbrock,118,10900,23.374496698204467
evolution_strategy,rosenbrock,118,11000,23.374496698204467
evolution_strategy,rosenbrock,118,11100,23.374496698204467
evolution_strategy,rosenbrock,118,11200,23.374496698204467
evolution_strategy,rosenbrock,118,11300,23.374496698204467
evolution_strategy,rosenbrock,118,11400,23.374496698204467
evolution_strategy,rosenbrock,118,11500,23.374496698204467
evolution_strategy,rosenbrock,118,11600,23.374496698204467
evolution_strategy,rosenbrock,118,11700,23.374496698204467
evolution_strategy,rosenbrock,118,11800,23.374496698204467
evolution_strategy,rosenbrock,118,11900,23.374496698204467
evolution_strategy,rosenbrock,118,12000,23.374496698204467
evolution_strategy,rosenbrock,118,12100,23.374496698204467
evolution_strategy,rosenbrock,118,12200,23.374496698204467
evolution_strategy,rosenbrock,118,12300,23.374496698204467
evolution_strategy,rosenbrock,118,12400,23.374496698204467
evolution_strategy,rosenbrock,118,12500,23.374496698204467
evolution_strategy,rosenbrock,118,12600,23.374496698204467
evolution_strategy,rosenbrock,118,12700,23.374496698204467
evolution_strategy,rosenbrock,118,12800,23.374496698204467
evolution_strategy,rosenbrock,118,12900,23.374496698204467
evolution_strategy,rosenbrock,118,13000,23.374496698204467
evolution_strategy,rosenbrock,118,13100,23.374496698204467
evolution_strategy,rosenbrock,118,13200,23.374496698204467
evolution_strategy,rosenbrock,118,13300,23.374496698204467
evolution_strategy,rosenbrock,118,13400,23.374496698204467
evolution_strategy,rosenbrock,118,13500,23.374496698204467
evolution_strategy,rosenbrock,118,13600,23.374496698204467
evolution_strategy,rosenbrock,118,13700,23.374496698204467
evolution_strategy,rosenbrock,118,13800,23.374496698204467
evolution_strategy,rosenbrock,118,13900,23.374496698204467
evolution_strategy,rosenbrock,118,14000,23.374496698204467
evolution_strategy,rosenbrock,118,14100,23.374496698204467
evolution_strategy,rosenbrock,118,14200,23.374496698204467
evolution_strategy,rosenbrock,118,14300,23.374496698204467
evolution_strategy,rosenbrock,118,14400,23.374496698204467
evolution_strategy,rosenbrock,118,14500,23.374496698204467
evolution_strategy,rosenbrock,118,14600,23.374496698204467
evolution_strategy,rosenbrock,118,14700,23.374496698204467
evolution_strategy,rosenbrock,118,14800,23.374496698204467
evolution_strategy,rosenbrock,118,14900,23.374496698204467
evolution_strategy,rosenbrock,118,15000,22.989222417997382
evolution_strategy,rosenbrock,118,15100,22.989222417997382
evolution_strategy,rosenbrock,118,15200,22.989222417997382
evolution_strategy,rosenbrock,118,15300,22.989222417997382
evolution_strategy,rosenbrock,118,15400,22.989222417997382
evolution_strategy,rosenbrock,118,15500,22.989222417997382
evolution_strategy,rosenbrock,118,15600,22.989222417997382
evolution_strategy,rosenbrock,118,15700,22.989222417997382
evolution_strategy,rosenbrock,118,15800,22.989222417997382
evolution_strategy,rosenbrock,118,15900,22.989222417997382
evolution_strategy,rosenbrock,118,16000,22.989222417997382
evolution_strategy,rosenbrock,118,16100,22.989222417997382
evolution_strategy,rosenbrock,118,16200,22.989222417997382
evolution_strategy,rosenbrock,118,16300,22.989222417997382
evolution_strategy,rosenbrock,118,16400,22.989222417997382
evolution_strategy,rosenbrock,118,16500,22.989222417997382
evolution_strategy,rosenbrock,118,16600,22.989222417997382
evolution_strategy,rosenbrock,118,16700,22.989222417997382
evolution_strategy,rosenbrock,118,16800,22.989222417997382
evolution_strategy,rosenbrock,118,16900,22.989222417997382
evolution_strategy,rosenbrock,118,17000,22.989222417997382
evolution_strategy,rosenbrock,118,17100,22.989222417997382
evolution_strategy,rosenbrock,118,17200,22.989222417997382
evolution_strategy,rosenbrock,118,17300,22.989222417997382
evolution_strategy,rosenbrock,118,17400,22.989222417997382
evolution_strategy,rosenbrock,118,17500,22.989222417997382
evolution_strategy,rosenbrock,118,17600,22.989222417997382
evolution_strategy,rosenbrock,118,17700,22.989222417997382
evolution_strategy,rosenbrock,118,17800,22.989222417997382
evolution_strategy,rosenbrock,118,17900,22.989222417997382
evolution_strategy,rosenbrock,118,18000,22.989222417997382
evolution_strategy,rosenbrock,118,18100,22.989222417997382
evolution_strategy,rosenbrock,118,18200,22.989222417997382
evolution_strategy,rosenbrock,118,18300,22.989222417997382
evolution_strategy,rosenbrock,118,18400,22.989222417997382
evolution_strategy,rosenbrock,118,18500,22.989222417997382
evolution_strategy,rosenbrock,118,18600,22.989222417997382
evolution_strategy,rosenbrock,118,18700,22.989222417997382
evolution_strategy,rosenbrock,118,18800,22.989222417997382
evolution_strategy,rosenbrock,118,18900,22.989222417997382
evolution_strategy,rosenbrock,118,19000,22.989222417997382
evolution_strategy,rosenbrock,118,19100,22.989222417997382
evolution_strategy,rosenbrock,118,19200,22.989222417997382
evolution_strategy,rosenbrock,118,19300,22.989222417997382
evolution_strategy,rosenbrock,118,19400,22.989222417997382
evolution_strategy,rosenbrock,118,19500,22.989222417997382
evolution_strategy,rosenbrock,118,19600,22.989222417997382
evolution_strategy,rosenbrock,118,19700,22.989222417997382
evolution_strategy,rosenbrock,118,19800,22.989222417997382
evolution_strategy,rosenbrock,118,19900,22.989222417997382
evolution_strategy,rosenbrock,118,20000,22.989222417997382
evolution_strategy,rosenbrock,119,100,243584.32291526507
evolution_strategy,rosenbrock,119,200,203191.24818840675
evolution_strategy,rosenbrock,119,300,157279.29434933746
evolution_strategy,rosenbrock,119,400,133234.12698853592
evolution_strategy,rosenbrock,119,500,104617.06844247364
evolution_strategy,rosenbrock,119,600,82710.71802827799
evolution_strategy,rosenbrock,119,700,66674.86296613266
evolution_strategy,rosenbrock,119,800,51892.64424074409
evolution_strategy,rosenbrock,119,900,34156.96604280154
evolution_strategy,rosenbrock,119,1000,25963.36607137593
evolution_strategy,rosenbrock,119,1100,23371.037430614007
evolution_strategy,rosenbrock,119,1200,16428.120567763322
evolution_strategy,rosenbrock,119,1300,12571.386271671328
evolution_strategy,rosenbrock,119,1400,7067.55103269966
evolution_strategy,rosenbrock,119,1500,7048.407108113058
evolution_strategy,rosenbrock,119,1600,5116.509183024915
evolution_strategy,rosenbrock,119,1700,3881.281975828405
evolution_strategy,rosenbrock,119,1800,3079.6380445413015
evolution_strategy,rosenbrock,119,1900,2439.4736953937604
evolution_strategy,rosenbrock,119,2000,2067.6590320213527
evolution_strategy,rosenbrock,119,2100,1850.4272316547144
evolution_strategy,rosenbrock,119,2200,1403.6209214102796
evolution_strategy,rosenbrock,119,2300,1127.4509160419602
evolution_strategy,rosenbrock,119,2400,909.3365877106037
evolution_strategy,rosenbrock,119,2500,611.7913699170788
evolution_strategy,rosenbrock,119,2600,572.4555118283827
evolution_strategy,rosenbrock,119,2700,390.6737788169445
evolution_strategy,rosenbrock,119,2800,325.3995745766848
evolution_strategy,rosenbrock,119,2900,212.54103123762422
evolution_strategy,rosenbrock,119,3000,212.54103123762422
evolution_strategy,rosenbrock,119,3100,112.97734293080231
evolution_strategy,rosenbrock,119,3200,106.40561816702441
evolution_strategy,rosenbrock,119,3300,106.40561816702441
evolution_strategy,rosenbrock,119,3400,42.680420968300965
evolution_strategy,rosenbrock,119,3500,42.680420968300965
evolution_strategy,rosenbrock,119,3600,42.680420968300965
evolution_strategy,rosenbrock,119,3700,42.680420968300965
evolution_strategy,rosenbrock,119,3800,42.680420968300965
evolution_strategy,rosenbrock,119,3900,42.680420968300965
evolution_strategy,rosenbrock,119,4000,42.680420968300965
evolution_strategy,rosenbrock,119,4100,42.680420968300965
evolution_strategy,rosenbrock,119,4200,42.680420968300965
evolution_strategy,rosenbrock,119,4300,31.901712248089044
evolution_strategy,rosenbrock,119,4400,31.901712248089044
evolution_strategy,rosenbrock,119,4500,31.901712248089044
evolution_strategy,rosenbrock,119,4600,31.901712248089044
evolution_strategy,rosenbrock,119,4700,31.901712248089044
evolution_strategy,rosenbrock,119,4800,31.901712248089044
evolution_strategy,rosenbrock,119,4900,27.41817734357235
evolution_strategy,rosenbrock,119,5000,27.41817734357235
evolution_strategy,rosenbrock,119,5100,27.41817734357235
evolution_strategy,rosenbrock,119,5200,27.41817734357235
evolution_strategy,rosenbrock,119,5300,27.41817734357235
evolution_strategy,rosenbrock,119,5400,27.41817734357235
evolution_strategy,rosenbrock,119,5500,27.41817734357235
evolution_strategy,rosenbrock,119,5600,27.41817734357235
evolution_strategy,rosenbrock,119,5700,27.41817734357235
evolution_strategy,rosenbrock,119,5800,27.41817734357235
evolution_strategy,rosenbrock,119,5900,27.41817734357235
evolution_strategy,rosenbrock,119,6000,27.41817734357235
evolution_strategy,rosenbrock,119,6100,27.41817734357235
evolution_strategy,rosenbrock,119,6200,27.41817734357235
evolution_strategy,rosenbrock,119,6300,27.41817734357235
evolution_strategy,rosenbrock,119,6400,27.41817734357235
evolution_strategy,rosenbrock,119,6500,27.41817734357235
evolution_strategy,rosenbrock,119,6600,18.522003023889926
evolution_strategy,rosenbrock,119,6700,18.522003023889926
evolution_strategy,rosenbrock,119,6800,18.522003023889926
evolution_strategy,rosenbrock,119,6900,18.522003023889926
evolution_strategy,rosenbrock,119,7000,18.522003023889926
evolution_strategy,rosenbrock,119,7100,18.522003023889926
evolution_strategy,rosenbrock,119,7200,18.522003023889926
evolution_strategy,rosenbrock,119,7300,18.522003023889926
evolution_strategy,rosenbrock,119,7400,18.522003023889926
evolution_strategy,rosenbrock,119,7500,18.522003023889926
evolution_strategy,rosenbrock,119,7600,18.522003023889926
evolution_strategy,rosenbrock,119,7700,18.522003023889926
evolution_strategy,rosenbrock,119,7800,18.522003023889926
evolution_strategy,rosenbrock,119,7900,18.522003023889926
evolution_strategy,rosenbrock,119,8000,18.522003023889926
evolution_strategy,rosenbrock,119,8100,18.522003023889926
evolution_strategy,rosenbrock,119,8200,18.522003023889926
evolution_strategy,rosenbrock,119,8300,18.522003023889926
evolution_strategy,rosenbrock,119,8400,18.522003023889926
evolution_strategy,rosenbrock,119,8500,18.522003023889926
evolution_strategy,rosenbrock,119,8600,18.522003023889926
evolution_strategy,rosenbrock,119,8700,18.522003023889926
evolution_strategy,rosenbrock,119,8800,18.522003023889926
evolution_strategy,rosenbrock,119,8900,18.522003023889926
evolution_strategy,rosenbrock,119,9000,18.522003023889926
evolution_strategy,rosenbrock,119,9100,18.522003023889926
evolution_strategy,rosenbrock,119,9200,18.522003023889926
evolution_strategy,rosenbrock,119,9300,18.522003023889926
evolution_strategy,rosenbrock,119,9400,18.522003023889926
evolution_strategy,rosenbrock,119,9500,18.522003023889926
evolution_strategy,rosenbrock,119,9600,18.522003023889926
evolution_strategy,rosenbrock,119,9700,18.522003023889926
evolution_strategy,rosenbrock,119,9800,18.522003023889926
evolution_strategy,rosenbrock,119,9900,18.522003023889926
evolution_strategy,rosenbrock,119,10000,18.522003023889926
evolution_strategy,rosenbrock,119,10100,18.522003023889926
evolution_strategy,rosenbrock,119,10200,18.522003023889926
evolution_strategy,rosenbrock,119,10300,18.522003023889926
evolution_strategy,rosenbrock,119,10400,18.522003023889926
evolution_strategy,rosenbrock,119,10500,18.522003023889926
evolution_strategy,rosenbrock,119,10600,18.522003023889926
evolution_strategy,rosenbrock,119,10700,18.522003023889926
evolution_strategy,rosenbrock,119,10800,18.522003023889926
evolution_strategy,rosenbrock,119,10900,18.522003023889926
evolution_strategy,rosenbrock,119,11000,18.522003023889926
evolution_strategy,rosenbrock,119,11100,18.522003023889926
evolution_strategy,rosenbrock,119,11200,18.522003023889926
evolution_strategy,rosenbrock,119,11300,18.522003023889926
evolution_strategy,rosenbrock,119,11400,18.522003023889926
evolution_strategy,rosenbrock,119,11500,18.522003023889926
evolution_strategy,rosenbrock,119,11600,18.522003023889926
evolution_strategy,rosenbrock,119,11700,18.522003023889926
evolution_strategy,rosenbrock,119,11800,18.522003023889926
evolution_strategy,rosenbrock,119,11900,18.522003023889926
evolution_strategy,rosenbrock,119,12000,18.522003023889926
evolution_strategy,rosenbrock,119,12100,18.522003023889926
evolution_strategy,rosenbrock,119,12200,18.522003023889926
evolution_strategy,rosenbrock,119,12300,18.522003023889926
evolution_strategy,rosenbrock,119,12400,18.522003023889926
evolution_strategy,rosenbrock,119,12500,18.522003023889926
evolution_strategy,rosenbrock,119,12600,18.522003023889926
evolution_strategy,rosenbrock,119,12700,18.522003023889926
evolution_strategy,rosenbrock,119,12800,18.522003023889926
evolution_strategy,rosenbrock,119,12900,18.522003023889926
evolution_strategy,rosenbrock,119,13000,18.522003023889926
evolution_strategy,rosenbrock,119,13100,18.522003023889926
evolution_strategy,rosenbrock,119,13200,18.522003023889926
evolution_strategy,rosenbrock,119,13300,18.522003023889926
evolution_strategy,rosenbrock,119,13400,18.522003023889926
evolution_strategy,rosenbrock,119,13500,18.522003023889926
evolution_strategy,rosenbrock,119,13600,18.522003023889926
evolution_strategy,rosenbrock,119,13700,18.522003023889926
evolution_strategy,rosenbrock,119,13800,18.522003023889926
evolution_strategy,rosenbrock,119,13900,18.522003023889926
evolution_strategy,rosenbrock,119,14000,18.522003023889926
evolution_strategy,rosenbrock,119,14100,18.522003023889926
evolution_strategy,rosenbrock,119,14200,18.522003023889926
evolution_strategy,rosenbrock,119,14300,18.522003023889926
evolution_strategy,rosenbrock,119,14400,18.522003023889926
evolution_strategy,rosenbrock,119,14500,18.522003023889926
evolution_strategy,rosenbrock,119,14600,18.522003023889926
evolution_strategy,rosenbrock,119,14700,18.522003023889926
evolution_strategy,rosenbrock,119,14800,18.522003023889926
evolution_strategy,rosenbrock,119,14900,18.522003023889926
evolution_strategy,rosenbrock,119,15000,18.522003023889926
evolution_strategy,rosenbrock,119,15100,18.522003023889926
evolution_strategy,rosenbrock,119,15200,18.522003023889926
evolution_strategy,rosenbrock,119,15300,18.522003023889926
evolution_strategy,rosenbrock,119,15400,18.522003023889926
evolution_strategy,rosenbrock,119,15500,18.522003023889926
evolution_strategy,rosenbrock,119,15600,18.522003023889926
evolution_strategy,rosenbrock,119,15700,18.522003023889926
evolution_strategy,rosenbrock,119,15800,18.522003023889926
evolution_strategy,rosenbrock,119,15900,18.522003023889926
evolution_strategy,rosenbrock,119,16000,18.522003023889926
evolution_strategy,rosenbrock,119,16100,18.522003023889926
evolution_strategy,rosenbrock,119,16200,18.522003023889926
evolution_strategy,rosenbrock,119,16300,18.522003023889926
evolution_strategy,rosenbrock,119,16400,18.522003023889926
evolution_strategy,rosenbrock,119,16500,18.522003023889926
evolution_strategy,rosenbrock,119,16600,18.522003023889926
evolution_strategy,rosenbrock,119,16700,18.522003023889926
evolution_strategy,rosenbrock,119,16800,18.522003023889926
evolution_strategy,rosenbrock,119,16900,18.522003023889926
evolution_strategy,rosenbrock,119,17000,18.522003023889926
evolution_strategy,rosenbrock,119,17100,18.522003023889926
evolution_strategy,rosenbrock,119,17200,18.522003023889926
evolution_strategy,rosenbrock,119,17300,18.522003023889926
evolution_strategy,rosenbrock,119,17400,18.522003023889926
evolution_strategy,rosenbrock,119,17500,18.522003023889926
evolution_strategy,rosenbrock,119,17600,18.522003023889926
evolution_strategy,rosenbrock,119,17700,18.522003023889926
evolution_strategy,rosenbrock,119,17800,18.522003023889926
evolution_strategy,rosenbrock,119,17900,18.522003023889926
evolution_strategy,rosenbrock,119,18000,18.522003023889926
evolution_strategy,rosenbrock,119,18100,18.522003023889926
evolution_strategy,rosenbrock,119,18200,18.522003023889926
evolution_strategy,rosenbrock,119,18300,18.522003023889926
evolution_strategy,rosenbrock,119,18400,18.522003023889926
evolution_strategy,rosenbrock,119,18500,18.522003023889926
evolution_strategy,rosenbrock,119,18600,18.522003023889926
evolution_strategy,rosenbrock,119,18700,18.522003023889926
evolution_strategy,rosenbrock,119,18800,18.522003023889926
evolution_strategy,rosenbrock,119,18900,18.522003023889926
evolution_strategy,rosenbrock,119,19000,18.522003023889926
evolution_strategy,rosenbrock,119,19100,18.522003023889926
evolution_strategy,rosenbrock,119,19200,18.522003023889926
evolution_strategy,rosenbrock,119,19300,18.522003023889926
evolution_strategy,rosenbrock,119,19400,18.522003023889926
evolution_strategy,rosenbrock,119,19500,18.522003023889926
evolution_strategy,rosenbrock,119,19600,18.522003023889926
evolution_strategy,rosenbrock,119,19700,18.522003023889926
evolution_strategy,rosenbrock,119,19800,18.522003023889926
evolution_strategy,rosenbrock,119,19900,18.522003023889926
evolution_strategy,rosenbrock,119,20000,18.522003023889926
