algorithm,benchmark,seed,evaluations,best_value
evolution_strategy,rastrigin,100,100,107.05302645644777
evolution_strategy,rastrigin,100,200,73.59171244276071
evolution_strategy,rastrigin,100,300,73.59171244276071
evolution_strategy,rastrigin,100,400,73.59171244276071
evolution_strategy,rastrigin,100,500,73.59171244276071
evolution_strategy,rastrigin,100,600,73.59171244276071
evolution_strategy,rastrigin,100,700,73.59171244276071
evolution_strategy,rastrigin,100,800,73.59171244276071
evolution_strategy,rastrigin,100,900,73.59171244276071
evolution_strategy,rastrigin,100,1000,73.59171244276071
evolution_strategy,rastrigin,100,1100,73.59171244276071
evolution_strategy,rastrigin,100,1200,72.4349164961741
evolution_strategy,rastrigin,100,1300,63.91183904262501
evolution_strategy,rastrigin,100,1400,63.91183904262501
evolution_strategy,rastrigin,100,1500,63.91183904262501
evolution_strategy,rastrigin,100,1600,63.91183904262501
evolution_strategy,rastrigin,100,1700,63.60353828760644
evolution_strategy,rastrigin,100,1800,63.60353828760644
evolution_strategy,rastrigin,100,1900,63.60353828760644
evolution_strategy,rastrigin,100,2000,63.60353828760644
evolution_strategy,rastrigin,100,2100,47.73614804125084
evolution_strategy,rastrigin,100,2200,47.73614804125084
evolution_strategy,rastrigin,100,2300,47.73614804125084
evolution_strategy,rastrigin,100,2400,47.73614804125084
evolution_strategy,rastrigin,100,2500,47.73614804125084
evolution_strategy,rastrigin,100,2600,47.73614804125084
evolution_strategy,rastrigin,100,2700,47.73614804125084
evolution_strategy,rastrigin,100,2800,47.73614804125084
evolution_strategy,rastrigin,100,2900,47.73614804125084
evolution_strategy,rastrigin,100,3000,47.73614804125084
evolution_strategy,rastrigin,100,3100,45.59676156518949
evolution_strategy,rastrigin,100,3200,45.59676156518949
evolution_strategy,rastrigin,100,3300,45.59676156518949
evolution_strategy,rastrigin,100,3400,45.59676156518949
evolution_strategy,rastrigin,100,3500,45.59676156518949
evolution_strategy,rastrigin,100,3600,45.59676156518949
evolution_strategy,rastrigin,100,3700,45.59676156518949
evolution_strategy,rastrigin,100,3800,45.59676156518949
evolution_strategy,rastrigin,100,3900,45.59676156518949
evolution_strategy,rastrigin,100,4000,45.59676156518949
evolution_strategy,rastrigin,100,4100,45.59676156518949
evolution_strategy,rastrigin,100,4200,45.59676156518949
evolution_strategy,rastrigin,100,4300,45.59676156518949
evolution_strategy,rastrigin,100,4400,45.59676156518949
evolution_strategy,rastrigin,100,4500,45.59676156518949
evolution_strategy,rastrigin,100,4600,45.59676156518949
evolution_strategy,rastrigin,100,4700,45.59676156518949
evolution_strategy,rastrigin,100,4800,38.11164960048751
evolution_strategy,rastrigin,100,4900,38.11164960048751
evolution_strategy,rastrigin,100,5000,38.11164960048751
evolution_strategy,rastrigin,100,5100,38.11164960048751
evolution_strategy,rastrigin,100,5200,38.11164960048751
evolution_strategy,rastrigin,100,5300,38.11164960048751
evolution_strategy,rastrigin,100,5400,38.11164960048751
evolution_strategy,rastrigin,100,5500,38.11164960048751
evolution_strategy,rastrigin,100,5600,38.11164960048751
evolution_strategy,rastrigin,100,5700,38.11164960048751
evolution_strategy,rastrigin,100,5800,38.11164960048751
evolution_strategy,rastrigin,100,5900,38.11164960048751
evolution_strategy,rastrigin,100,6000,38.11164960048751
evolution_strategy,rastrigin,100,6100,38.11164960048751
evolution_strategy,rastrigin,100,6200,38.11164960048751
evolution_strategy,rastrigin,100,6300,38.11164960048751
evolution_strategy,rastrigin,100,6400,38.11164960048751
evolution_strategy,rastrigin,100,6500,38.11164960048751
evolution_strategy,rastrigin,100,6600,38.11164960048751
evolution_strategy,rastrigin,100,6700,38.11164960048751
evolution_strategy,rastrigin,100,6800,38.11164960048751
evolution_strategy,rastrigin,100,6900,38.11164960048751
evolution_strategy,rastrigin,100,7000,38.11164960048751
evolution_strategy,rastrigin,100,7100,38.11164960048751
evolution_strategy,rastrigin,100,7200,35.84082485888419
evolution_strategy,rastrigin,100,7300,35.84082485888419
evolution_strategy,rastrigin,100,7400,35.84082485888419
evolution_strategy,rastrigin,100,7500,35.84082485888419
evolution_strategy,rastrigin,100,7600,31.689915623313397
evolution_strategy,rastrigin,100,7700,31.689915623313397
evolution_strategy,rastrigin,100,7800,31.689915623313397
evolution_strategy,rastrigin,100,7900,31.689915623313397
evolution_strategy,rastrigin,100,8000,31.689915623313397
evolution_strategy,rastrigin,100,8100,31.689915623313397
evolution_strategy,rastrigin,100,8200,31.689915623313397
evolution_strategy,rastrigin,100,8300,31.689915623313397
evolution_strategy,rastrigin,100,8400,31.689915623313397
evolution_strategy,rastrigin,100,8500,31.689915623313397
evolution_strategy,rastrigin,100,8600,31.689915623313397
evolution_strategy,rastrigin,100,8700,31.689915623313397
evolution_strategy,rastrigin,100,8800,31.689915623313397
evolution_strategy,rastrigin,100,8900,31.689915623313397
evolution_strategy,rastrigin,100,9000,23.76196449941314
evolution_strategy,rastrigin,100,9100,23.76196449941314
evolution_strategy,rastrigin,100,9200,23.76196449941314
evolution_strategy,rastrigin,100,9300,19.957459442061975
evolution_strategy,rastrigin,100,9400,19.957459442061975
evolution_strategy,rastrigin,100,9500,19.957459442061975
evolution_strategy,rastrigin,100,9600,19.957459442061975
evolution_strategy,rastrigin,100,9700,19.957459442061975
evolution_strategy,rastrigin,100,9800,19.957459442061975
evolution_strategy,rastrigin,100,9900,19.957459442061975
evolution_strategy,rastrigin,100,10000,19.957459442061975
evolution_strategy,rastrigin,100,10100,19.957459442061975
evolution_strategy,rastrigin,100,10200,19.957459442061975
evolution_strategy,rastrigin,100,10300,19.957459442061975
evolution_strategy,rastrigin,100,10400,19.957459442061975
evolution_strategy,rastrigin,100,10500,19.957459442061975
evolution_strategy,rastrigin,100,10600,19.957459442061975
evolution_strategy,rastrigin,100,10700,19.957459442061975
evolution_strategy,rastrigin,100,10800,19.957459442061975
evolution_strategy,rastrigin,100,10900,19.957459442061975
evolution_strategy,rastrigin,100,11000,19.957459442061975
evolution_strategy,rastrigin,100,11100,19.957459442061975
evolution_strategy,rastrigin,100,11200,19.957459442061975
evolution_strategy,rastrigin,100,11300,19.957459442061975
evolution_strategy,rastrigin,100,11400,19.957459442061975
evolution_strategy,rastrigin,100,11500,19.957459442061975
evolution_strategy,rastrigin,100,11600,19.957459442061975
evolution_strategy,rastrigin,100,11700,19.957459442061975
evolution_strategy,rastrigin,100,11800,19.957459442061975
evolution_strategy,rastrigin,100,11900,19.957459442061975
evolution_strategy,rastrigin,100,12000,19.957459442061975
evolution_strategy,rastrigin,100,12100,19.957459442061975
evolution_strategy,rastrigin,100,12200,19.957459442061975
evolution_strategy,rastrigin,100,12300,19.957459442061975
evolution_strategy,rastrigin,100,12400,19.957459442061975
evolution_strategy,rastrigin,100,12500,19.957459442061975
evolution_strategy,rastrigin,100,12600,19.957459442061975
evolution_strategy,rastrigin,100,12700,19.957459442061975
evolution_strategy,rastrigin,100,12800,19.957459442061975
evolution_strategy,rastrigin,100,12900,19.957459442061975
evolution_strategy,rastrigin,100,13000,19.957459442061975
evolution_strategy,rastrigin,100,13100,19.957459442061975
evolution_strategy,rastrigin,100,13200,19.957459442061975
evolution_strategy,rastrigin,100,13300,19.957459442061975
evolution_strategy,rastrigin,100,13400,19.957459442061975
evolution_strategy,rastrigin,100,13500,19.957459442061975
evolution_strategy,rastrigin,100,13600,19.957459442061975
evolution_strategy,rastrigin,100,13700,19.957459442061975
evolution_strategy,rastrigin,100,13800,19.957459442061975
evolution_strategy,rastrigin,100,13900,19.957459442061975
evolution_strategy,rastrigin,100,14000,19.957459442061975
evolution_strategy,rastrigin,100,14100,19.957459442061975
evolution_strategy,rastrigin,100,14200,19.957459442061975
evolution_strategy,rastrigin,100,14300,19.957459442061975
evolution_strategy,rastrigin,100,14400,19.957459442061975
evolution_strategy,rastrigin,100,14500,19.957459442061975
evolution_strategy,rastrigin,100,14600,19.957459442061975
evolution_strategy,rastrigin,100,14700,19.957459442061975
evolution_strategy,rastrigin,100,14800,19.957459442061975
evolution_strategy,rastrigin,100,14900,19.957459442061975
evolution_strategy,rastrigin,100,15000,19.957459442061975
evolution_strategy,rastrigin,100,15100,19.957459442061975
evolution_strategy,rastrigin,100,15200,19.957459442061975
evolution_strategy,rastrigin,100,15300,19.957459442061975
evolution_strategy,rastrigin,100,15400,19.957459442061975
evolution_strategy,rastrigin,100,15500,19.957459442061975
evolution_strategy,rastrigin,100,15600,19.957459442061975
evolution_strategy,rastrigin,100,15700,19.957459442061975
evolution_strategy,rastrigin,100,15800,19.957459442061975
evolution_strategy,rastrigin,100,15900,19.957459442061975
evolution_strategy,rastrigin,100,16000,19.957459442061975
evolution_strategy,rastrigin,100,16100,19.957459442061975
evolution_strategy,rastrigin,100,16200,19.957459442061975
evolution_strategy,rastrigin,100,16300,19.957459442061975
evolution_strategy,rastrigin,100,16400,19.957459442061975
evolution_strategy,rastrigin,100,16500,19.957459442061975
evolution_strategy,rastrigin,100,16600,19.957459442061975
evolution_strategy,rastrigin,100,16700,19.957459442061975
evolution_strategy,rastrigin,100,16800,19.957459442061975
evolution_strategy,rastrigin,100,16900,19.957459442061975
evolution_strategy,rastrigin,100,17000,19.957459442061975
evolution_strategy,rastrigin,100,17100,19.957459442061975
evolution_strategy,rastrigin,100,17200,19.957459442061975
evolution_strategy,rastrigin,100,17300,19.957459442061975
evolution_strategy,rastrigin,100,17400,19.957459442061975
evolution_strategy,rastrigin,100,17500,19.957459442061975
evolution_strategy,rastrigin,100,17600,19.957459442061975
evolution_strategy,rastrigin,100,17700,19.957459442061975
evolution_strategy,rastrigin,100,17800,19.957459442061975
evolution_strategy,rastrigin,100,17900,19.957459442061975
evolution_strategy,rastrigin,100,18000,19.957459442061975
evolution_strategy,rastrigin,100,18100,19.957459442061975
evolution_strategy,rastrigin,100,18200,19.957459442061975
evolution_strategy,rastrigin,100,18300,19.957459442061975
evolution_strategy,rastrigin,100,18400,19.957459442061975
evolution_strategy,rastrigin,100,18500,19.957459442061975
evolution_strategy,rastrigin,100,18600,19.957459442061975
evolution_strategy,rastrigin,100,18700,19.957459442061975
evolution_strategy,rastrigin,100,18800,19.957459442061975
evolution_strategy,rastrigin,100,18900,19.957459442061975
evolution_strategy,rastrigin,100,19000,19.957459442061975
evolution_strategy,rastrigin,100,19100,19.957459442061975
evolution_strategy,rastrigin,100,19200,19.957459442061975
evolution_strategy,rastrigin,100,19300,19.957459442061975
evolution_strategy,rastrigin,100,19400,19.957459442061975
evolution_strategy,rastrigin,100,19500,19.957459442061975
evolution_strategy,rastrigin,100,19600,19.957459442061975
evolution_strategy,rastrigin,100,19700,19.957459442061975
evolution_strategy,rastrigin,100,19800,19.957459442061975
evolution_strategy,rastrigin,100,19900,19.957459442061975
evolution_strategy,rastrigin,100,20000,19.957459442061975
evolution_strategy,rastrigin,101,100,116.14726280663177
evolution_strategy,rastrigin,101,200,104.75274517457953
evolution_strategy,rastrigin,101,300,83.43302190583002
evolution_strategy,rastrigin,101,400,83.43302190583002
evolution_strategy,rastrigin,101,500,83.43302190583002
evolution_strategy,rastrigin,101,600,83.43302190583002
evolution_strategy,rastrigin,101,700,83.25619573221066
evolution_strategy,rastrigin,101,800,83.25619573221066
evolution_strategy,rastrigin,101,900,72.09296473150826
evolution_strategy,rastrigin,101,1000,72.09296473150826
evolution_strategy,rastrigin,101,1100,72.09296473150826
evolution_strategy,rastrigin,101,1200,72.09296473150826
evolution_strategy,rastrigin,101,1300,72.00080512634167
evolution_strategy,rastrigin,101,1400,58.47958244164182
evolution_strategy,rastrigin,101,1500,58.47958244164182
evolution_strategy,rastrigin,101,1600,58.47958244164182
evolution_strategy,rastrigin,101,1700,58.47958244164182
evolution_strategy,rastrigin,101,1800,58.47958244164182
evolution_strategy,rastrigin,101,1900,58.47958244164182
evolution_strategy,rastrigin,101,2000,51.78088861133666
evolution_strategy,rastrigin,101,2100,51.78088861133666
evolution_strategy,rastrigin,101,2200,51.78088861133666
evolution_strategy,rastrigin,101,2300,51.78088861133666
evolution_strategy,rastrigin,101,2400,51.78088861133666
evolution_strategy,rastrigin,101,2500,45.06987375185663
evolution_strategy,rastrigin,101,2600,45.06987375185663
evolution_strategy,rastrigin,101,2700,45.06987375185663
evolution_strategy,rastrigin,101,2800,45.06987375185663
evolution_strategy,rastrigin,101,2900,45.06987375185663
evolution_strategy,rastrigin,101,3000,36.62646269833803
evolution_strategy,rastrigin,101,3100,36.62646269833803
evolution_strategy,rastrigin,101,3200,36.62646269833803
evolution_strategy,rastrigin,101,3300,36.62646269833803
evolution_strategy,rastrigin,101,3400,36.62646269833803
evolution_strategy,rastrigin,101,3500,36.62646269833803
evolution_strategy,rastrigin,101,3600,36.62646269833803
evolution_strategy,rastrigin,101,3700,36.62646269833803
evolution_strategy,rastrigin,101,3800,29.189194038353037
evolution_strategy,rastrigin,101,3900,29.189194038353037
evolution_strategy,rastrigin,101,4000,29.189194038353037
evolution_strategy,rastrigin,101,4100,29.189194038353037
evolution_strategy,rastrigin,101,4200,29.189194038353037
evolution_strategy,rastrigin,101,4300,29.189194038353037
evolution_strategy,rastrigin,101,4400,29.189194038353037
evolution_strategy,rastrigin,101,4500,29.189194038353037
evolution_strategy,rastrigin,101,4600,29.189194038353037
evolution_strategy,rastrigin,101,4700,29.189194038353037
evolution_strategy,rastrigin,101,4800,29.189194038353037
evolution_strategy,rastrigin,101,4900,29.189194038353037
evolution_strategy,rastrigin,101,5000,29.189194038353037
evolution_strategy,rastrigin,101,5100,29.189194038353037
evolution_strategy,rastrigin,101,5200,29.189194038353037
evolution_strategy,rastrigin,101,5300,29.189194038353037
evolution_strategy,rastrigin,101,5400,29.189194038353037
evolution_strategy,rastrigin,101,5500,29.189194038353037
evolution_strategy,rastrigin,101,5600,29.189194038353037
evolution_strategy,rastrigin,101,5700,29.189194038353037
evolution_strategy,rastrigin,101,5800,29.189194038353037
evolution_strategy,rastrigin,101,5900,25.24422850833224
evolution_strategy,rastrigin,101,6000,25.24422850833224
evolution_strategy,rastrigin,101,6100,25.24422850833224
evolution_strategy,rastrigin,101,6200,25.24422850833224
evolution_strategy,rastrigin,101,6300,25.24422850833224
evolution_strategy,rastrigin,101,6400,25.24422850833224
evolution_strategy,rastrigin,101,6500,25.24422850833224
evolution_strategy,rastrigin,101,6600,25.24422850833224
evolution_strategy,rastrigin,101,6700,25.24422850833224
evolution_strategy,rastrigin,101,6800,25.24422850833224
evolution_strategy,rastrigin,101,6900,25.24422850833224
evolution_strategy,rastrigin,101,7000,25.24422850833224
evolution_strategy,rastrigin,101,7100,25.24422850833224
evolution_strategy,rastrigin,101,7200,25.24422850833224
evolution_strategy,rastrigin,101,7300,25.24422850833224
evolution_strategy,rastrigin,101,7400,25.24422850833224
evolution_strategy,rastrigin,101,7500,25.24422850833224
evolution_strategy,rastrigin,101,7600,25.24422850833224
evolution_strategy,rastrigin,101,7700,25.24422850833224
evolution_strategy,rastrigin,101,7800,25.24422850833224
evolution_strategy,rastrigin,101,7900,25.24422850833224
evolution_strategy,rastrigin,101,8000,25.24422850833224
evolution_strategy,rastrigin,101,8100,25.24422850833224
evolution_strategy,rastrigin,101,8200,25.24422850833224
evolution_strategy,rastrigin,101,8300,25.24422850833224
evolution_strategy,rastrigin,101,8400,25.24422850833224
evolution_strategy,rastrigin,101,8500,25.24422850833224
evolution_strategy,rastrigin,101,8600,25.24422850833224
evolution_strategy,rastrigin,101,8700,25.24422850833224
evolution_strategy,rastrigin,101,8800,25.24422850833224
evolution_strategy,rastrigin,101,8900,25.24422850833224
evolution_strategy,rastrigin,101,9000,25.24422850833224
evolution_strategy,rastrigin,101,9100,25.24422850833224
evolution_strategy,rastrigin,101,9200,25.24422850833224
evolution_strategy,rastrigin,101,9300,25.24422850833224
evolution_strategy,rastrigin,101,9400,25.24422850833224
evolution_strategy,rastrigin,101,9500,22.43694548412003
evolution_strategy,rastrigin,101,9600,22.43694548412003
evolution_strategy,rastrigin,101,9700,19.277830831223596
evolution_strategy,rastrigin,101,9800,19.277830831223596
evolution_strategy,rastrigin,101,9900,19.277830831223596
evolution_strategy,rastrigin,101,10000,19.277830831223596
evolution_strategy,rastrigin,101,10100,19.277830831223596
evolution_strategy,rastrigin,101,10200,19.277830831223596
evolution_strategy,rastrigin,101,10300,19.277830831223596
evolution_strategy,rastrigin,101,10400,19.277830831223596
evolution_strategy,rastrigin,101,10500,19.277830831223596
evolution_strategy,rastrigin,101,10600,19.277830831223596
evolution_strategy,rastrigin,101,10700,16.857864034352474
evolution_strategy,rastrigin,101,10800,16.857864034352474
evolution_strategy,rastrigin,101,10900,16.857864034352474
evolution_strategy,rastrigin,101,11000,16.857864034352474
evolution_strategy,rastrigin,101,11100,16.857864034352474
evolution_strategy,rastrigin,101,11200,16.857864034352474
evolution_strategy,rastrigin,101,11300,16.857864034352474
evolution_strategy,rastrigin,101,11400,16.857864034352474
evolution_strategy,rastrigin,101,11500,16.857864034352474
evolution_strategy,rastrigin,101,11600,16.857864034352474
evolution_strategy,rastrigin,101,11700,16.857864034352474
evolution_strategy,rastrigin,101,11800,16.857864034352474
evolution_strategy,rastrigin,101,11900,16.857864034352474
evolution_strategy,rastrigin,101,12000,16.857864034352474
evolution_strategy,rastrigin,101,12100,16.857864034352474
evolution_strategy,rastrigin,101,12200,16.857864034352474
evolution_strategy,rastrigin,101,12300,16.857864034352474
evolution_strategy,rastrigin,101,12400,16.857864034352474
evolution_strategy,rastrigin,101,12500,16.857864034352474
evolution_strategy,rastrigin,101,12600,16.857864034352474
evolution_strategy,rastrigin,101,12700,16.857864034352474
evolution_strategy,rastrigin,101,12800,16.857864034352474
evolution_strategy,rastrigin,101,12900,16.857864034352474
evolution_strategy,rastrigin,101,13000,16.857864034352474
evolution_strategy,rastrigin,101,13100,16.857864034352474
evolution_strategy,rastrigin,101,13200,16.857864034352474
evolution_strategy,rastrigin,101,13300,16.857864034352474
evolution_strategy,rastrigin,101,13400,16.857864034352474
evolution_strategy,rastrigin,101,13500,16.857864034352474
evolution_strategy,rastrigin,101,13600,16.857864034352474
evolution_strategy,rastrigin,101,13700,16.857864034352474
evolution_strategy,rastrigin,101,13800,16.857864034352474
evolution_strategy,rastrigin,101,13900,16.857864034352474
evolution_strategy,rastrigin,101,14000,16.857864034352474
evolution_strategy,rastrigin,101,14100,16.857864034352474
evolution_strategy,rastrigin,101,14200,16.857864034352474
evolution_strategy,rastrigin,101,14300,16.857864034352474
evolution_strategy,rastrigin,101,14400,16.857864034352474
evolution_strategy,rastrigin,101,14500,16.857864034352474
evolution_strategy,rastrigin,101,14600,16.857864034352474
evolution_strategy,rastrigin,101,14700,16.857864034352474
evolution_strategy,rastrigin,101,14800,16.857864034352474
evolution_strategy,rastrigin,101,14900,16.857864034352474
evolution_strategy,rastrigin,101,15000,16.857864034352474
evolution_strategy,rastrigin,101,15100,16.857864034352474
evolution_strategy,rastrigin,101,15200,16.857864034352474
evolution_strategy,rastrigin,101,15300,16.857864034352474
evolution_strategy,rastrigin,101,15400,16.857864034352474
evolution_strategy,rastrigin,101,15500,16.857864034352474
evolution_strategy,rastrigin,101,15600,16.857864034352474
evolution_strategy,rastrigin,101,15700,16.857864034352474
evolution_strategy,rastrigin,101,15800,16.857864034352474
evolution_strategy,rastrigin,101,15900,16.857864034352474
evolution_strategy,rastrigin,101,16000,16.857864034352474
evolution_strategy,rastrigin,101,16100,16.857864034352474
evolution_strategy,rastrigin,101,16200,16.857864034352474
evolution_strategy,rastrigin,101,16300,16.857864034352474
evolution_strategy,rastrigin,101,16400,16.857864034352474
evolution_strategy,rastrigin,101,16500,16.857864034352474
evolution_strategy,rastrigin,101,16600,16.857864034352474
evolution_strategy,rastrigin,101,16700,16.857864034352474
evolution_strategy,rastrigin,101,16800,16.857864034352474
evolution_strategy,rastrigin,101,16900,16.857864034352474
evolution_strategy,rastrigin,101,17000,16.857864034352474
evolution_strategy,rastrigin,101,17100,16.857864034352474
evolution_strategy,rastrigin,101,17200,16.857864034352474
evolution_strategy,rastrigin,101,17300,16.857864034352474
evolution_strategy,rastrigin,101,17400,16.857864034352474
evolution_strategy,rastrigin,101,17500,16.857864034352474
evolution_strategy,rastrigin,101,17600,16.857864034352474
evolution_strategy,rastrigin,101,17700,16.857864034352474
evolution_strategy,rastrigin,101,17800,16.857864034352474
evolution_strategy,rastrigin,101,17900,16.857864034352474
evolution_strategy,rastrigin,101,18000,16.857864034352474
evolution_strategy,rastrigin,101,18100,16.857864034352474
evolution_strategy,rastrigin,101,18200,16.857864034352474
evolution_strategy,rastrigin,101,18300,16.857864034352474
evolution_strategy,rastrigin,101,18400,16.857864034352474
evolution_strategy,rastrigin,101,18500,16.857864034352474
evolution_strategy,rastrigin,101,18600,16.857864034352474
evolution_strategy,rastrigin,101,18700,16.857864034352474
evolution_strategy,rastrigin,101,18800,16.857864034352474
evolution_strategy,rastrigin,101,18900,16.857864034352474
evolution_strategy,rastrigin,101,19000,16.857864034352474
evolution_strategy,rastrigin,101,19100,16.857864034352474
evolution_strategy,rastrigin,101,19200,16.857864034352474
evolution_strategy,rastrigin,101,19300,16.857864034352474
evolution_strategy,rastrigin,101,19400,16.857864034352474
evolution_strategy,rastrigin,101,19500,16.857864034352474
evolution_strategy,rastrigin,101,19600,16.857864034352474
evolution_strategy,rastrigin,101,19700,16.857864034352474
evolution_strategy,rastrigin,101,19800,16.857864034352474
evolution_strategy,rastrigin,101,19900,16.857864034352474
evolution_strategy,rastrigin,101,20000,16.857864034352474
evolution_strategy,rastrigin,102,100,126.03135135643276
evolution_strategy,rastrigin,102,200,95.73166290308882
evolution_strategy,rastrigin,102,300,76.48412222259414
evolution_strategy,rastrigin,102,400,76.48412222259414
evolution_strategy,rastrigin,102,500,76.33694869681523
evolution_strategy,rastrigin,102,600,76.33694869681523
evolution_strategy,rastrigin,102,700,73.65992983801326
evolution_strategy,rastrigin,102,800,73.65992983801326
evolution_strategy,rastrigin,102,900,73.65992983801326
evolution_strategy,rastrigin,102,1000,73.65992983801326
evolution_strategy,rastrigin,102,1100,70.63689075090679
evolution_strategy,rastrigin,102,1200,64.48823654995466
evolution_strategy,rastrigin,102,1300,59.47649879002637
evolution_strategy,rastrigin,102,1400,59.02974713624974
evolution_strategy,rastrigin,102,1500,59.02974713624974
evolution_strategy,rastrigin,102,1600,57.41414391871348
evolution_strategy,rastrigin,102,1700,57.41414391871348
evolution_strategy,rastrigin,102,1800,57.41414391871348
evolution_strategy,rastrigin,102,1900,57.41414391871348
evolution_strategy,rastrigin,102,2000,57.41414391871348
evolution_strategy,rastrigin,102,2100,57.41414391871348
evolution_strategy,rastrigin,102,2200,57.41414391871348
evolution_strategy,rastrigin,102,2300,57.41414391871348
evolution_strategy,rastrigin,102,2400,57.41414391871348
evolution_strategy,rastrigin,102,2500,57.41414391871348
evolution_strategy,rastrigin,102,2600,54.18733180383343
evolution_strategy,rastrigin,102,2700,54.18733180383343
evolution_strategy,rastrigin,102,2800,47.893934438199054
evolution_strategy,rastrigin,102,2900,47.893934438199054
evolution_strategy,rastrigin,102,3000,47.893934438199054
evolution_strategy,rastrigin,102,3100,47.893934438199054
evolution_strategy,rastrigin,102,3200,47.893934438199054
evolution_strategy,rastrigin,102,3300,47.893934438199054
evolution_strategy,rastrigin,102,3400,44.942951868649125
evolution_strategy,rastrigin,102,3500,44.942951868649125
evolution_strategy,rastrigin,102,3600,41.77653553300898
evolution_strategy,rastrigin,102,3700,41.77653553300898
evolution_strategy,rastrigin,102,3800,41.77653553300898
evolution_strategy,rastrigin,102,3900,30.821785628690293
evolution_strategy,rastrigin,102,4000,30.821785628690293
evolution_strategy,rastrigin,102,4100,30.821785628690293
evolution_strategy,rastrigin,102,4200,30.821785628690293
evolution_strategy,rastrigin,102,4300,30.821785628690293
evolution_strategy,rastrigin,102,4400,30.821785628690293
evolution_strategy,rastrigin,102,4500,30.821785628690293
evolution_strategy,rastrigin,102,4600,30.821785628690293
evolution_strategy,rastrigin,102,4700,30.821785628690293
evolution_strategy,rastrigin,102,4800,30.821785628690293
evolution_strategy,rastrigin,102,4900,30.821785628690293
evolution_strategy,rastrigin,102,5000,30.821785628690293
evolution_strategy,rastrigin,102,5100,30.821785628690293
evolution_strategy,rastrigin,102,5200,30.821785628690293
evolution_strategy,rastrigin,102,5300,30.821785628690293
evolution_strategy,rastrigin,102,5400,30.821785628690293
evolution_strategy,rastrigin,102,5500,30.821785628690293
evolution_strategy,rastrigin,102,5600,30.821785628690293
evolution_strategy,rastrigin,102,5700,30.821785628690293
evolution_strategy,rastrigin,102,5800,26.099376701509897
evolution_strategy,rastrigin,102,5900,26.099376701509897
evolution_strategy,rastrigin,102,6000,26.099376701509897
evolution_strategy,rastrigin,102,6100,26.099376701509897
evolution_strategy,rastrigin,102,6200,26.099376701509897
evolution_strategy,rastrigin,102,6300,26.099376701509897
evolution_strategy,rastrigin,102,6400,26.099376701509897
evolution_strategy,rastrigin,102,6500,26.099376701509897
evolution_strategy,rastrigin,102,6600,26.099376701509897
evolution_strategy,rastrigin,102,6700,26.099376701509897
evolution_strategy,rastrigin,102,6800,26.099376701509897
evolution_strategy,rastrigin,102,6900,26.099376701509897
evolution_strategy,rastrigin,102,7000,26.099376701509897
evolution_strategy,rastrigin,102,7100,26.099376701509897
evolution_strategy,rastrigin,102,7200,26.099376701509897
evolution_strategy,rastrigin,102,7300,26.099376701509897
evolution_strategy,rastrigin,102,7400,26.099376701509897
evolution_strategy,rastrigin,102,7500,24.125565426615054
evolution_strategy,rastrigin,102,7600,24.125565426615054
evolution_strategy,rastrigin,102,7700,24.125565426615054
evolution_strategy,rastrigin,102,7800,18.88007200389937
evolution_strategy,rastrigin,102,7900,18.88007200389937
evolution_strategy,rastrigin,102,8000,18.88007200389937
evolution_strategy,rastrigin,102,8100,18.88007200389937
evolution_strategy,rastrigin,102,8200,18.88007200389937
evolution_strategy,rastrigin,102,8300,18.88007200389937
evolution_strategy,rastrigin,102,8400,18.88007200389937
evolution_strategy,rastrigin,102,8500,18.88007200389937
evolution_strategy,rastrigin,102,8600,18.88007200389937
evolution_strategy,rastrigin,102,8700,18.88007200389937
evolution_strategy,rastrigin,102,8800,18.88007200389937
evolution_strategy,rastrigin,102,8900,18.88007200389937
evolution_strategy,rastrigin,102,9000,18.88007200389937
evolution_strategy,rastrigin,102,9100,18.88007200389937
evolution_strategy,rastrigin,102,9200,18.88007200389937
evolution_strategy,rastrigin,102,9300,18.88007200389937
evolution_strategy,rastrigin,102,9400,18.88007200389937
evolution_strategy,rastrigin,102,9500,18.88007200389937
evolution_strategy,rastrigin,102,9600,18.88007200389937
evolution_strategy,rastrigin,102,9700,18.88007200389937
evolution_strategy,rastrigin,102,9800,18.88007200389937
evolution_strategy,rastrigin,102,9900,18.88007200389937
evolution_strategy,rastrigin,102,10000,18.88007200389937
evolution_strategy,rastrigin,102,10100,18.88007200389937
evolution_strategy,rastrigin,102,10200,18.88007200389937
evolution_strategy,rastrigin,102,10300,18.88007200389937
evolution_strategy,rastrigin,102,10400,18.88007200389937
evolution_strategy,rastrigin,102,10500,18.88007200389937
evolution_strategy,rastrigin,102,10600,18.88007200389937
evolution_strategy,rastrigin,102,10700,18.88007200389937
evolution_strategy,rastrigin,102,10800,18.88007200389937
evolution_strategy,rastrigin,102,10900,18.88007200389937
evolution_strategy,rastrigin,102,11000,18.88007200389937
evolution_strategy,rastrigin,102,11100,18.88007200389937
evolution_strategy,rastrigin,102,11200,18.88007200389937
evolution_strategy,rastrigin,102,11300,18.88007200389937
evolution_strategy,rastrigin,102,11400,18.88007200389937
evolution_strategy,rastrigin,102,11500,18.88007200389937
evolution_strategy,rastrigin,102,11600,18.88007200389937
evolution_strategy,rastrigin,102,11700,18.88007200389937
evolution_strategy,rastrigin,102,11800,18.88007200389937
evolution_strategy,rastrigin,102,11900,18.88007200389937
evolution_strategy,rastrigin,102,12000,18.88007200389937
evolution_strategy,rastrigin,102,12100,18.88007200389937
evolution_strategy,rastrigin,102,12200,18.88007200389937
evolution_strategy,rastrigin,102,12300,18.88007200389937
evolution_strategy,rastrigin,102,12400,18.88007200389937
evolution_strategy,rastrigin,102,12500,18.88007200389937
evolution_strategy,rastrigin,102,12600,18.88007200389937
evolution_strategy,rastrigin,102,12700,18.88007200389937
evolution_strategy,rastrigin,102,12800,18.88007200389937
evolution_strategy,rastrigin,102,12900,18.88007200389937
evolution_strategy,rastrigin,102,13000,18.88007200389937
evolution_strategy,rastrigin,102,13100,18.88007200389937
evolution_strategy,rastrigin,102,13200,18.88007200389937
evolution_strategy,rastrigin,102,13300,18.88007200389937
evolution_strategy,rastrigin,102,13400,18.88007200389937
evolution_strategy,rastrigin,102,13500,18.88007200389937
evolution_strategy,rastrigin,102,13600,18.88007200389937
evolution_strategy,rastrigin,102,13700,18.88007200389937
evolution_strategy,rastrigin,102,13800,18.88007200389937
evolution_strategy,rastrigin,102,13900,18.88007200389937
evolution_strategy,rastrigin,102,14000,18.88007200389937
evolution_strategy,rastrigin,102,14100,18.88007200389937
evolution_strategy,rastrigin,102,14200,18.88007200389937
evolution_strategy,rastrigin,102,14300,18.88007200389937
evolution_strategy,rastrigin,102,14400,18.88007200389937
evolution_strategy,rastrigin,102,14500,18.88007200389937
evolution_strategy,rastrigin,102,14600,18.88007200389937
evolution_strategy,rastrigin,102,14700,18.88007200389937
evolution_strategy,rastrigin,102,14800,18.88007200389937
evolution_strategy,rastrigin,102,14900,18.88007200389937
evolution_strategy,rastrigin,102,15000,18.88007200389937
evolution_strategy,rastrigin,102,15100,18.88007200389937
evolution_strategy,rastrigin,102,15200,18.88007200389937
evolution_strategy,rastrigin,102,15300,18.88007200389937
evolution_strategy,rastrigin,102,15400,18.88007200389937
evolution_strategy,rastrigin,102,15500,18.88007200389937
evolution_strategy,rastrigin,102,15600,18.88007200389937
evolution_strategy,rastrigin,102,15700,18.88007200389937
evolution_strategy,rastrigin,102,15800,18.88007200389937
evolution_strategy,rastrigin,102,15900,18.88007200389937
evolution_strategy,rastrigin,102,16000,18.88007200389937
evolution_strategy,rastrigin,102,16100,18.88007200389937
evolution_strategy,rastrigin,102,16200,18.88007200389937
evolution_strategy,rastrigin,102,16300,18.88007200389937
evolution_strategy,rastrigin,102,16400,18.88007200389937
evolution_strategy,rastrigin,102,16500,18.88007200389937
evolution_strategy,rastrigin,102,16600,18.88007200389937
evolution_strategy,rastrigin,102,16700,18.88007200389937
evolution_strategy,rastrigin,102,16800,18.88007200389937
evolution_strategy,rastrigin,102,16900,18.88007200389937
evolution_strategy,rastrigin,102,17000,18.88007200389937
evolution_strategy,rastrigin,102,17100,18.88007200389937
evolution_strategy,rastrigin,102,17200,18.88007200389937
evolution_strategy,rastrigin,102,17300,18.88007200389937
evolution_strategy,rastrigin,102,17400,18.88007200389937
evolution_strategy,rastrigin,102,17500,18.88007200389937
evolution_strategy,rastrigin,102,17600,18.88007200389937
evolution_strategy,rastrigin,102,17700,18.88007200389937
evolution_strategy,rastrigin,102,17800,18.88007200389937
evolution_strategy,rastrigin,102,17900,18.88007200389937
evolution_strategy,rastrigin,102,18000,18.88007200389937
evolution_strategy,rastrigin,102,18100,18.88007200389937
evolution_strategy,rastrigin,102,18200,18.88007200389937
evolution_strategy,rastrigin,102,18300,18.88007200389937
evolution_strategy,rastrigin,102,18400,18.88007200389937
evolution_strategy,rastrigin,102,18500,18.88007200389937
evolution_strategy,rastrigin,102,18600,18.88007200389937
evolution_strategy,rastrigin,102,18700,18.88007200389937
evolution_strategy,rastrigin,102,18800,18.88007200389937
evolution_strategy,rastrigin,102,18900,18.88007200389937
evolution_strategy,rastrigin,102,19000,18.88007200389937
evolution_strategy,rastrigin,102,19100,18.88007200389937
evolution_strategy,rastrigin,102,19200,18.88007200389937
evolution_strategy,rastrigin,102,19300,18.88007200389937
evolution_strategy,rastrigin,102,19400,18.88007200389937
evolution_strategy,rastrigin,102,19500,18.88007200389937
evolution_strategy,rastrigin,102,19600,18.88007200389937
evolution_strategy,rastrigin,102,19700,18.88007200389937
evolution_strategy,rastrigin,102,19800,18.88007200389937
evolution_strategy,rastrigin,102,19900,18.88007200389937
evolution_strategy,rastrigin,102,20000,18.88007200389937
evolution_strategy,rastrigin,103,100,91.20123063923766
evolution_strategy,rastrigin,103,200,91.20123063923766
evolution_strategy,rastrigin,103,300,80.31050828051008
evolution_strategy,rastrigin,103,400,77.43336708920884
evolution_strategy,rastrigin,103,500,77.43336708920884
evolution_strategy,rastrigin,103,600,72.82179867778973
evolution_strategy,rastrigin,103,700,68.03268897182201
evolution_strategy,rastrigin,103,800,68.03268897182201
evolution_strategy,rastrigin,103,900,60.521861537860445
evolution_strategy,rastrigin,103,1000,60.521861537860445
evolution_strategy,rastrigin,103,1100,60.521861537860445
evolution_strategy,rastrigin,103,1200,60.521861537860445
evolution_strategy,rastrigin,103,1300,60.521861537860445
evolution_strategy,rastrigin,103,1400,60.521861537860445
evolution_strategy,rastrigin,103,1500,48.21199629063965
evolution_strategy,rastrigin,103,1600,48.21199629063965
evolution_strategy,rastrigin,103,1700,48.21199629063965
evolution_strategy,rastrigin,103,1800,48.21199629063965
evolution_strategy,rastrigin,103,1900,48.21199629063965
evolution_strategy,rastrigin,103,2000,48.21199629063965
evolution_strategy,rastrigin,103,2100,48.21199629063965
evolution_strategy,rastrigin,103,2200,48.21199629063965
evolution_strategy,rastrigin,103,2300,48.21199629063965
evolution_strategy,rastrigin,103,2400,48.21199629063965
evolution_strategy,rastrigin,103,2500,48.21199629063965
evolution_strategy,rastrigin,103,2600,48.21199629063965
evolution_strategy,rastrigin,103,2700,48.21199629063965
evolution_strategy,rastrigin,103,2800,48.21199629063965
evolution_strategy,rastrigin,103,2900,48.21199629063965
evolution_strategy,rastrigin,103,3000,48.21199629063965
evolution_strategy,rastrigin,103,3100,48.21199629063965
evolution_strategy,rastrigin,103,3200,48.21199629063965
evolution_strategy,rastrigin,103,3300,48.21199629063965
evolution_strategy,rastrigin,103,3400,35.2319671379672
evolution_strategy,rastrigin,103,3500,35.2319671379672
evolution_strategy,rastrigin,103,3600,35.2319671379672
evolution_strategy,rastrigin,103,3700,35.2319671379672
evolution_strategy,rastrigin,103,3800,35.2319671379672
evolution_strategy,rastrigin,103,3900,35.2319671379672
evolution_strategy,rastrigin,103,4000,35.2319671379672
evolution_strategy,rastrigin,103,4100,35.2319671379672
evolution_strategy,rastrigin,103,4200,35.2319671379672
evolution_strategy,rastrigin,103,4300,35.2319671379672
evolution_strategy,rastrigin,103,4400,35.2319671379672
evolution_strategy,rastrigin,103,4500,35.2319671379672
evolution_strategy,rastrigin,103,4600,35.2319671379672
evolution_strategy,rastrigin,103,4700,35.2319671379672
evolution_strategy,rastrigin,103,4800,35.2319671379672
evolution_strategy,rastrigin,103,4900,35.2319671379672
evolution_strategy,rastrigin,103,5000,35.2319671379672
evolution_strategy,rastrigin,103,5100,35.2319671379672
evolution_strategy,rastrigin,103,5200,35.2319671379672
evolution_strategy,rastrigin,103,5300,28.78595586554887
evolution_strategy,rastrigin,103,5400,28.78595586554887
evolution_strategy,rastrigin,103,5500,28.78595586554887
evolution_strategy,rastrigin,103,5600,28.78595586554887
evolution_strategy,rastrigin,103,5700,28.78595586554887
evolution_strategy,rastrigin,103,5800,28.78595586554887
evolution_strategy,rastrigin,103,5900,28.78595586554887
evolution_strategy,rastrigin,103,6000,28.78595586554887
evolution_strategy,rastrigin,103,6100,28.78595586554887
evolution_strategy,rastrigin,103,6200,28.78595586554887
evolution_strategy,rastrigin,103,6300,28.78595586554887
evolution_strategy,rastrigin,103,6400,28.78595586554887
evolution_strategy,rastrigin,103,6500,28.78595586554887
evolution_strategy,rastrigin,103,6600,28.78595586554887
evolution_strategy,rastrigin,103,6700,28.78595586554887
evolution_strategy,rastrigin,103,6800,28.78595586554887
evolution_strategy,rastrigin,103,6900,28.78595586554887
evolution_strategy,rastrigin,103,7000,28.78595586554887
evolution_strategy,rastrigin,103,7100,28.78595586554887
evolution_strategy,rastrigin,103,7200,28.78595586554887
evolution_strategy,rastrigin,103,7300,28.78595586554887
evolution_strategy,rastrigin,103,7400,28.78595586554887
evolution_strategy,rastrigin,103,7500,28.78595586554887
evolution_strategy,rastrigin,103,7600,28.78595586554887
evolution_strategy,rastrigin,103,7700,28.78595586554887
evolution_strategy,rastrigin,103,7800,28.78595586554887
evolution_strategy,rastrigin,103,7900,28.78595586554887
evolution_strategy,rastrigin,103,8000,28.78595586554887
evolution_strategy,rastrigin,103,8100,28.78595586554887
evolution_strategy,rastrigin,103,8200,28.78595586554887
evolution_strategy,rastrigin,103,8300,28.78595586554887
evolution_strategy,rastrigin,103,8400,28.78595586554887
evolution_strategy,rastrigin,103,8500,28.78595586554887
evolution_strategy,rastrigin,103,8600,28.78595586554887
evolution_strategy,rastrigin,103,8700,28.78595586554887
evolution_strategy,rastrigin,103,8800,28.78595586554887
evolution_strategy,rastrigin,103,8900,28.78595586554887
evolution_strategy,rastrigin,103,9000,28.78595586554887
evolution_strategy,rastrigin,103,9100,28.78595586554887
evolution_strategy,rastrigin,103,9200,28.78595586554887
evolution_strategy,rastrigin,103,9300,28.78595586554887
evolution_strategy,rastrigin,103,9400,28.78595586554887
evolution_strategy,rastrigin,103,9500,28.78595586554887
evolution_strategy,rastrigin,103,9600,28.78595586554887
evolution_strategy,rastrigin,103,9700,28.78595586554887
evolution_strategy,rastrigin,103,9800,28.78595586554887
evolution_strategy,rastrigin,103,9900,20.556633765720107
evolution_strategy,rastrigin,103,10000,20.556633765720107
evolution_strategy,rastrigin,103,10100,20.556633765720107
evolution_strategy,rastrigin,103,10200,20.556633765720107
evolution_strategy,rastrigin,103,10300,20.556633765720107
evolution_strategy,rastrigin,103,10400,20.556633765720107
evolution_strategy,rastrigin,103,10500,20.556633765720107
evolution_strategy,rastrigin,103,10600,20.556633765720107
evolution_strategy,rastrigin,103,10700,20.556633765720107
evolution_strategy,rastrigin,103,10800,20.556633765720107
evolution_strategy,rastrigin,103,10900,20.556633765720107
evolution_strategy,rastrigin,103,11000,20.556633765720107
evolution_strategy,rastrigin,103,11100,20.556633765720107
evolution_strategy,rastrigin,103,11200,20.556633765720107
evolution_strategy,rastrigin,103,11300,20.556633765720107
evolution_strategy,rastrigin,103,11400,20.556633765720107
evolution_strategy,rastrigin,103,11500,20.556633765720107
evolution_strategy,rastrigin,103,11600,20.29613462558541
evolution_strategy,rastrigin,103,11700,20.29613462558541
evolution_strategy,rastrigin,103,11800,20.29613462558541
evolution_strategy,rastrigin,103,11900,20.29613462558541
evolution_strategy,rastrigin,103,12000,20.29613462558541
evolution_strategy,rastrigin,103,12100,20.29613462558541
evolution_strategy,rastrigin,103,12200,20.29613462558541
evolution_strategy,rastrigin,103,12300,20.29613462558541
evolution_strategy,rastrigin,103,12400,20.29613462558541
evolution_strategy,rastrigin,103,12500,20.29613462558541
evolution_strategy,rastrigin,103,12600,20.29613462558541
evolution_strategy,rastrigin,103,12700,20.29613462558541
evolution_strategy,rastrigin,103,12800,20.29613462558541
evolution_strategy,rastrigin,103,12900,20.29613462558541
evolution_strategy,rastrigin,103,13000,20.29613462558541
evolution_strategy,rastrigin,103,13100,20.29613462558541
evolution_strategy,rastrigin,103,13200,20.29613462558541
evolution_strategy,rastrigin,103,13300,20.29613462558541
evolution_strategy,rastrigin,103,13400,20.29613462558541
evolution_strategy,rastrigin,103,13500,20.29613462558541
evolution_strategy,rastrigin,103,13600,20.29613462558541
evolution_strategy,rastrigin,103,13700,20.29613462558541
evolution_strategy,rastrigin,103,13800,20.29613462558541
evolution_strategy,rastrigin,103,13900,20.29613462558541
evolution_strategy,rastrigin,103,14000,20.29613462558541
evolution_strategy,rastrigin,103,14100,20.29613462558541
evolution_strategy,rastrigin,103,14200,20.29613462558541
evolution_strategy,rastrigin,103,14300,20.29613462558541
evolution_strategy,rastrigin,103,14400,20.29613462558541
evolution_strategy,rastrigin,103,14500,20.29613462558541
evolution_strategy,rastrigin,103,14600,20.29613462558541
evolution_strategy,rastrigin,103,14700,20.29613462558541
evolution_strategy,rastrigin,103,14800,20.29613462558541
evolution_strategy,rastrigin,103,14900,20.29613462558541
evolution_strategy,rastrigin,103,15000,20.29613462558541
evolution_strategy,rastrigin,103,15100,20.29613462558541
evolution_strategy,rastrigin,103,15200,20.29613462558541
evolution_strategy,rastrigin,103,15300,20.29613462558541
evolution_strategy,rastrigin,103,15400,20.29613462558541
evolution_strategy,rastrigin,103,15500,20.29613462558541
evolution_strategy,rastrigin,103,15600,20.29613462558541
evolution_strategy,rastrigin,103,15700,20.29613462558541
evolution_strategy,rastrigin,103,15800,20.29613462558541
evolution_strategy,rastrigin,103,15900,20.29613462558541
evolution_strategy,rastrigin,103,16000,20.29613462558541
evolution_strategy,rastrigin,103,16100,20.29613462558541
evolution_strategy,rastrigin,103,16200,20.29613462558541
evolution_strategy,rastrigin,103,16300,20.29613462558541
evolution_strategy,rastrigin,103,16400,20.29613462558541
evolution_strategy,rastrigin,103,16500,20.29613462558541
evolution_strategy,rastrigin,103,16600,20.29613462558541
evolution_strategy,rastrigin,103,16700,20.29613462558541
evolution_strategy,rastrigin,103,16800,20.29613462558541
evolution_strategy,rastrigin,103,16900,20.29613462558541
evolution_strategy,rastrigin,103,17000,20.29613462558541
evolution_strategy,rastrigin,103,17100,17.653889225887454
evolution_strategy,rastrigin,103,17200,17.653889225887454
evolution_strategy,rastrigin,103,17300,17.653889225887454
evolution_strategy,rastrigin,103,17400,17.653889225887454
evolution_strategy,rastrigin,103,17500,17.653889225887454
evolution_strategy,rastrigin,103,17600,17.653889225887454
evolution_strategy,rastrigin,103,17700,17.653889225887454
evolution_strategy,rastrigin,103,17800,17.653889225887454
evolution_strategy,rastrigin,103,17900,17.653889225887454
evolution_strategy,rastrigin,103,18000,17.653889225887454
evolution_strategy,rastrigin,103,18100,17.653889225887454
evolution_strategy,rastrigin,103,18200,17.653889225887454
evolution_strategy,rastrigin,103,18300,17.653889225887454
evolution_strategy,rastrigin,103,18400,17.653889225887454
evolution_strategy,rastrigin,103,18500,17.653889225887454
evolution_strategy,rastrigin,103,18600,17.653889225887454
evolution_strategy,rastrigin,103,18700,17.653889225887454
evolution_strategy,rastrigin,103,18800,17.653889225887454
evolution_strategy,rastrigin,103,18900,17.653889225887454
evolution_strategy,rastrigin,103,19000,17.653889225887454
evolution_strategy,rastrigin,103,19100,17.653889225887454
evolution_strategy,rastrigin,103,19200,17.653889225887454
evolution_strategy,rastrigin,103,19300,17.653889225887454
evolution_strategy,rastrigin,103,19400,17.653889225887454
evolution_strategy,rastrigin,103,19500,17.653889225887454
evolution_strategy,rastrigin,103,19600,17.653889225887454
evolution_strategy,rastrigin,103,19700,17.653889225887454
evolution_strategy,rastrigin,103,19800,17.653889225887454
evolution_strategy,rastrigin,103,19900,17.653889225887454
evolution_strategy,rastrigin,103,20000,17.653889225887454
evolution_strategy,rastrigin,104,100,106.34599634809994
evolution_strategy,rastrigin,104,200,73.0101296345843
evolution_strategy,rastrigin,104,300,71.96027428471021
evolution_strategy,rastrigin,104,400,63.27949422930132
evolution_strategy,rastrigin,104,500,58.32442236726047
evolution_strategy,rastrigin,104,600,58.32442236726047
evolution_strategy,rastrigin,104,700,51.52513849584369
evolution_strategy,rastrigin,104,800,51.52513849584369
evolution_strategy,rastrigin,104,900,43.198679447818996
evolution_strategy,rastrigin,104,1000,38.84849988170192
evolution_strategy,rastrigin,104,1100,38.84849988170192
evolution_strategy,rastrigin,104,1200,38.84849988170192
evolution_strategy,rastrigin,104,1300,32.94928122965439
evolution_strategy,rastrigin,104,1400,32.94928122965439
evolution_strategy,rastrigin,104,1500,32.94928122965439
evolution_strategy,rastrigin,104,1600,32.94928122965439
evolution_strategy,rastrigin,104,1700,32.94928122965439
evolution_strategy,rastrigin,104,1800,32.94928122965439
evolution_strategy,rastrigin,104,1900,32.94928122965439
evolution_strategy,rastrigin,104,2000,32.94928122965439
evolution_strategy,rastrigin,104,2100,32.94928122965439
evolution_strategy,rastrigin,104,2200,32.94928122965439
evolution_strategy,rastrigin,104,2300,29.131167545088033
evolution_strategy,rastrigin,104,2400,29.131167545088033
evolution_strategy,rastrigin,104,2500,29.131167545088033
evolution_strategy,rastrigin,104,2600,29.131167545088033
evolution_strategy,rastrigin,104,2700,29.131167545088033
evolution_strategy,rastrigin,104,2800,29.131167545088033
evolution_strategy,rastrigin,104,2900,29.131167545088033
evolution_strategy,rastrigin,104,3000,29.131167545088033
evolution_strategy,rastrigin,104,3100,29.131167545088033
evolution_strategy,rastrigin,104,3200,29.131167545088033
evolution_strategy,rastrigin,104,3300,29.131167545088033
evolution_strategy,rastrigin,104,3400,29.131167545088033
evolution_strategy,rastrigin,104,3500,29.131167545088033
evolution_strategy,rastrigin,104,3600,29.131167545088033
evolution_strategy,rastrigin,104,3700,29.131167545088033
evolution_strategy,rastrigin,104,3800,29.131167545088033
evolution_strategy,rastrigin,104,3900,28.397890958146988
evolution_strategy,rastrigin,104,4000,28.397890958146988
evolution_strategy,rastrigin,104,4100,28.397890958146988
evolution_strategy,rastrigin,104,4200,28.397890958146988
evolution_strategy,rastrigin,104,4300,28.397890958146988
evolution_strategy,rastrigin,104,4400,28.397890958146988
evolution_strategy,rastrigin,104,4500,28.397890958146988
evolution_strategy,rastrigin,104,4600,28.397890958146988
evolution_strategy,rastrigin,104,4700,28.397890958146988
evolution_strategy,rastrigin,104,4800,28.397890958146988
evolution_strategy,rastrigin,104,4900,28.397890958146988
evolution_strategy,rastrigin,104,5000,28.397890958146988
evolution_strategy,rastrigin,104,5100,28.397890958146988
evolution_strategy,rastrigin,104,5200,28.397890958146988
evolution_strategy,rastrigin,104,5300,28.397890958146988
evolution_strategy,rastrigin,104,5400,28.397890958146988
evolution_strategy,rastrigin,104,5500,28.397890958146988
evolution_strategy,rastrigin,104,5600,28.397890958146988
evolution_strategy,rastrigin,104,5700,28.397890958146988
evolution_strategy,rastrigin,104,5800,27.977801928149972
evolution_strategy,rastrigin,104,5900,27.977801928149972
evolution_strategy,rastrigin,104,6000,27.977801928149972
evolution_strategy,rastrigin,104,6100,27.977801928149972
evolution_strategy,rastrigin,104,6200,27.977801928149972
evolution_strategy,rastrigin,104,6300,27.977801928149972
evolution_strategy,rastrigin,104,6400,27.977801928149972
evolution_strategy,rastrigin,104,6500,27.977801928149972
evolution_strategy,rastrigin,104,6600,27.977801928149972
evolution_strategy,rastrigin,104,6700,27.977801928149972
evolution_strategy,rastrigin,104,6800,27.977801928149972
evolution_strategy,rastrigin,104,6900,27.977801928149972
evolution_strategy,rastrigin,104,7000,27.977801928149972
evolution_strategy,rastrigin,104,7100,27.977801928149972
evolution_strategy,rastrigin,104,7200,27.977801928149972
evolution_strategy,rastrigin,104,7300,27.977801928149972
evolution_strategy,rastrigin,104,7400,27.977801928149972
evolution_strategy,rastrigin,104,7500,27.977801928149972
evolution_strategy,rastrigin,104,7600,27.977801928149972
evolution_strategy,rastrigin,104,7700,27.977801928149972
evolution_strategy,rastrigin,104,7800,27.977801928149972
evolution_strategy,rastrigin,104,7900,27.977801928149972
evolution_strategy,rastrigin,104,8000,27.977801928149972
evolution_strategy,rastrigin,104,8100,27.977801928149972
evolution_strategy,rastrigin,104,8200,27.977801928149972
evolution_strategy,rastrigin,104,8300,27.977801928149972
evolution_strategy,rastrigin,104,8400,27.977801928149972
evolution_strategy,rastrigin,104,8500,27.977801928149972
evolution_strategy,rastrigin,104,8600,27.977801928149972
evolution_strategy,rastrigin,104,8700,27.977801928149972
evolution_strategy,rastrigin,104,8800,27.977801928149972
evolution_strategy,rastrigin,104,8900,27.977801928149972
evolution_strategy,rastrigin,104,9000,27.977801928149972
evolution_strategy,rastrigin,104,9100,27.977801928149972
evolution_strategy,rastrigin,104,9200,27.977801928149972
evolution_strategy,rastrigin,104,9300,27.977801928149972
evolution_strategy,rastrigin,104,9400,27.977801928149972
evolution_strategy,rastrigin,104,9500,27.977801928149972
evolution_strategy,rastrigin,104,9600,27.977801928149972
evolution_strategy,rastrigin,104,9700,27.977801928149972
evolution_strategy,rastrigin,104,9800,27.977801928149972
evolution_strategy,rastrigin,104,9900,27.977801928149972
evolution_strategy,rastrigin,104,10000,27.977801928149972
evolution_strategy,rastrigin,104,10100,21.239429785512698
evolution_strategy,rastrigin,104,10200,21.239429785512698
evolution_strategy,rastrigin,104,10300,21.239429785512698
evolution_strategy,rastrigin,104,10400,21.239429785512698
evolution_strategy,rastrigin,104,10500,21.239429785512698
evolution_strategy,rastrigin,104,10600,21.239429785512698
evolution_strategy,rastrigin,104,10700,21.239429785512698
evolution_strategy,rastrigin,104,10800,21.239429785512698
evolution_strategy,rastrigin,104,10900,21.239429785512698
evolution_strategy,rastrigin,104,11000,21.239429785512698
evolution_strategy,rastrigin,104,11100,21.239429785512698
evolution_strategy,rastrigin,104,11200,21.239429785512698
evolution_strategy,rastrigin,104,11300,21.239429785512698
evolution_strategy,rastrigin,104,11400,21.239429785512698
evolution_strategy,rastrigin,104,11500,21.239429785512698
evolution_strategy,rastrigin,104,11600,21.239429785512698
evolution_strategy,rastrigin,104,11700,21.239429785512698
evolution_strategy,rastrigin,104,11800,21.239429785512698
evolution_strategy,rastrigin,104,11900,21.239429785512698
evolution_strategy,rastrigin,104,12000,21.239429785512698
evolution_strategy,rastrigin,104,12100,21.239429785512698
evolution_strategy,rastrigin,104,12200,21.239429785512698
evolution_strategy,rastrigin,104,12300,21.239429785512698
evolution_strategy,rastrigin,104,12400,21.239429785512698
evolution_strategy,rastrigin,104,12500,21.239429785512698
evolution_strategy,rastrigin,104,12600,21.239429785512698
evolution_strategy,rastrigin,104,12700,21.239429785512698
evolution_strategy,rastrigin,104,12800,21.239429785512698
evolution_strategy,rastrigin,104,12900,21.239429785512698
evolution_strategy,rastrigin,104,13000,21.239429785512698
evolution_strategy,rastrigin,104,13100,21.239429785512698
evolution_strategy,rastrigin,104,13200,21.239429785512698
evolution_strategy,rastrigin,104,13300,21.239429785512698
evolution_strategy,rastrigin,104,13400,21.239429785512698
evolution_strategy,rastrigin,104,13500,21.239429785512698
evolution_strategy,rastrigin,104,13600,21.239429785512698
evolution_strategy,rastrigin,104,13700,21.239429785512698
evolution_strategy,rastrigin,104,13800,21.239429785512698
evolution_strategy,rastrigin,104,13900,21.239429785512698
evolution_strategy,rastrigin,104,14000,21.239429785512698
evolution_strategy,rastrigin,104,14100,21.239429785512698
evolution_strategy,rastrigin,104,14200,21.239429785512698
evolution_strategy,rastrigin,104,14300,21.239429785512698
evolution_strategy,rastrigin,104,14400,21.003137634600705
evolution_strategy,rastrigin,104,14500,21.003137634600705
evolution_strategy,rastrigin,104,14600,21.003137634600705
evolution_strategy,rastrigin,104,14700,21.003137634600705
evolution_strategy,rastrigin,104,14800,21.003137634600705
evolution_strategy,rastrigin,104,14900,21.003137634600705
evolution_strategy,rastrigin,104,15000,21.003137634600705
evolution_strategy,rastrigin,104,15100,21.003137634600705
evolution_strategy,rastrigin,104,15200,21.003137634600705
evolution_strategy,rastrigin,104,15300,21.003137634600705
evolution_strategy,rastrigin,104,15400,21.003137634600705
evolution_strategy,rastrigin,104,15500,21.003137634600705
evolution_strategy,rastrigin,104,15600,21.003137634600705
evolution_strategy,rastrigin,104,15700,21.003137634600705
evolution_strategy,rastrigin,104,15800,21.003137634600705
evolution_strategy,rastrigin,104,15900,21.003137634600705
evolution_strategy,rastrigin,104,16000,21.003137634600705
evolution_strategy,rastrigin,104,16100,21.003137634600705
evolution_strategy,rastrigin,104,16200,21.003137634600705
evolution_strategy,rastrigin,104,16300,21.003137634600705
evolution_strategy,rastrigin,104,16400,21.003137634600705
evolution_strategy,rastrigin,104,16500,21.003137634600705
evolution_strategy,rastrigin,104,16600,21.003137634600705
evolution_strategy,rastrigin,104,16700,21.003137634600705
evolution_strategy,rastrigin,104,16800,21.003137634600705
evolution_strategy,rastrigin,104,16900,21.003137634600705
evolution_strategy,rastrigin,104,17000,21.003137634600705
evolution_strategy,rastrigin,104,17100,21.003137634600705
evolution_strategy,rastrigin,104,17200,21.003137634600705
evolution_strategy,rastrigin,104,17300,21.003137634600705
evolution_strategy,rastrigin,104,17400,21.003137634600705
evolution_strategy,rastrigin,104,17500,21.003137634600705
evolution_strategy,rastrigin,104,17600,21.003137634600705
evolution_strategy,rastrigin,104,17700,21.003137634600705
evolution_strategy,rastrigin,104,17800,21.003137634600705
evolution_strategy,rastrigin,104,17900,21.003137634600705
evolution_strategy,rastrigin,104,18000,21.003137634600705
evolution_strategy,rastrigin,104,18100,21.003137634600705
evolution_strategy,rastrigin,104,18200,21.003137634600705
evolution_strategy,rastrigin,104,18300,21.003137634600705
evolution_strategy,rastrigin,104,18400,21.003137634600705
evolution_strategy,rastrigin,104,18500,21.003137634600705
evolution_strategy,rastrigin,104,18600,21.003137634600705
evolution_strategy,rastrigin,104,18700,21.003137634600705
evolution_strategy,rastrigin,104,18800,21.003137634600705
evolution_strategy,rastrigin,104,18900,21.003137634600705
evolution_strategy,rastrigin,104,19000,21.003137634600705
evolution_strategy,rastrigin,104,19100,21.003137634600705
evolution_strategy,rastrigin,104,19200,21.003137634600705
evolution_strategy,rastrigin,104,19300,21.003137634600705
evolution_strategy,rastrigin,104,19400,21.003137634600705
evolution_strategy,rastrigin,104,19500,21.003137634600705
evolution_strategy,rastrigin,104,19600,21.003137634600705
evolution_strategy,rastrigin,104,19700,21.003137634600705
evolution_strategy,rastrigin,104,19800,21.003137634600705
evolution_strategy,rastrigin,104,19900,21.003137634600705
evolution_strategy,rastrigin,104,20000,21.003137634600705
evolution_strategy,rastrigin,105,100,82.01220011899795
evolution_strategy,rastrigin,105,200,82.01220011899795
evolution_strategy,rastrigin,105,300,57.64221729387698
evolution_strategy,rastrigin,105,400,57.64221729387698
evolution_strategy,rastrigin,105,500,57.64221729387698
evolution_strategy,rastrigin,105,600,56.64844839419007
evolution_strategy,rastrigin,105,700,55.44584020233996
evolution_strategy,rastrigin,105,800,55.44584020233996
evolution_strategy,rastrigin,105,900,55.44584020233996
evolution_strategy,rastrigin,105,1000,55.44584020233996
evolution_strategy,rastrigin,105,1100,55.44584020233996
evolution_strategy,rastrigin,105,1200,54.366964359377626
evolution_strategy,rastrigin,105,1300,54.366964359377626
evolution_strategy,rastrigin,105,1400,54.366964359377626
evolution_strategy,rastrigin,105,1500,54.366964359377626
evolution_strategy,rastrigin,105,1600,54.366964359377626
evolution_strategy,rastrigin,105,1700,54.366964359377626
evolution_strategy,rastrigin,105,1800,54.366964359377626
evolution_strategy,rastrigin,105,1900,54.366964359377626
evolution_strategy,rastrigin,105,2000,54.366964359377626
evolution_strategy,rastrigin,105,2100,54.366964359377626
evolution_strategy,rastrigin,105,2200,54.366964359377626
evolution_strategy,rastrigin,105,2300,54.366964359377626
evolution_strategy,rastrigin,105,2400,54.366964359377626
evolution_strategy,rastrigin,105,2500,54.366964359377626
evolution_strategy,rastrigin,105,2600,54.366964359377626
evolution_strategy,rastrigin,105,2700,37.04118728087528
evolution_strategy,rastrigin,105,2800,37.04118728087528
evolution_strategy,rastrigin,105,2900,37.04118728087528
evolution_strategy,rastrigin,105,3000,37.04118728087528
evolution_strategy,rastrigin,105,3100,37.04118728087528
evolution_strategy,rastrigin,105,3200,37.04118728087528
evolution_strategy,rastrigin,105,3300,37.04118728087528
evolution_strategy,rastrigin,105,3400,37.04118728087528
evolution_strategy,rastrigin,105,3500,37.04118728087528
evolution_strategy,rastrigin,105,3600,37.04118728087528
evolution_strategy,rastrigin,105,3700,37.04118728087528
evolution_strategy,rastrigin,105,3800,37.04118728087528
evolution_strategy,rastrigin,105,3900,37.04118728087528
evolution_strategy,rastrigin,105,4000,37.04118728087528
evolution_strategy,rastrigin,105,4100,37.04118728087528
evolution_strategy,rastrigin,105,4200,37.04118728087528
evolution_strategy,rastrigin,105,4300,37.04118728087528
evolution_strategy,rastrigin,105,4400,37.04118728087528
evolution_strategy,rastrigin,105,4500,37.04118728087528
evolution_strategy,rastrigin,105,4600,37.04118728087528
evolution_strategy,rastrigin,105,4700,34.37099565124369
evolution_strategy,rastrigin,105,4800,34.37099565124369
evolution_strategy,rastrigin,105,4900,34.37099565124369
evolution_strategy,rastrigin,105,5000,34.37099565124369
evolution_strategy,rastrigin,105,5100,34.37099565124369
evolution_strategy,rastrigin,105,5200,34.37099565124369
evolution_strategy,rastrigin,105,5300,34.37099565124369
evolution_strategy,rastrigin,105,5400,34.37099565124369
evolution_strategy,rastrigin,105,5500,34.37099565124369
evolution_strategy,rastrigin,105,5600,34.37099565124369
evolution_strategy,rastrigin,105,5700,34.37099565124369
evolution_strategy,rastrigin,105,5800,34.37099565124369
evolution_strategy,rastrigin,105,5900,34.37099565124369
evolution_strategy,rastrigin,105,6000,34.37099565124369
evolution_strategy,rastrigin,105,6100,28.23997713160186
evolution_strategy,rastrigin,105,6200,28.23997713160186
evolution_strategy,rastrigin,105,6300,28.23997713160186
evolution_strategy,rastrigin,105,6400,28.23997713160186
evolution_strategy,rastrigin,105,6500,28.23997713160186
evolution_strategy,rastrigin,105,6600,28.23997713160186
evolution_strategy,rastrigin,105,6700,28.23997713160186
evolution_strategy,rastrigin,105,6800,28.23997713160186
evolution_strategy,rastrigin,105,6900,28.23997713160186
evolution_strategy,rastrigin,105,7000,28.23997713160186
evolution_strategy,rastrigin,105,7100,28.23997713160186
evolution_strategy,rastrigin,105,7200,28.23997713160186
evolution_strategy,rastrigin,105,7300,28.23997713160186
evolution_strategy,rastrigin,105,7400,28.23997713160186
evolution_strategy,rastrigin,105,7500,28.23997713160186
evolution_strategy,rastrigin,105,7600,28.23997713160186
evolution_strategy,rastrigin,105,7700,28.23997713160186
evolution_strategy,rastrigin,105,7800,28.23997713160186
evolution_strategy,rastrigin,105,7900,28.23997713160186
evolution_strategy,rastrigin,105,8000,28.23997713160186
evolution_strategy,rastrigin,105,8100,28.23997713160186
evolution_strategy,rastrigin,105,8200,28.23997713160186
evolution_strategy,rastrigin,105,8300,28.23997713160186
evolution_strategy,rastrigin,105,8400,28.23997713160186
evolution_strategy,rastrigin,105,8500,28.23997713160186
evolution_strategy,rastrigin,105,8600,28.23997713160186
evolution_strategy,rastrigin,105,8700,28.23997713160186
evolution_strategy,rastrigin,105,8800,28.23997713160186
evolution_strategy,rastrigin,105,8900,28.23997713160186
evolution_strategy,rastrigin,105,9000,28.23997713160186
evolution_strategy,rastrigin,105,9100,28.23997713160186
evolution_strategy,rastrigin,105,9200,28.23997713160186
evolution_strategy,rastrigin,105,9300,28.23997713160186
evolution_strategy,rastrigin,105,9400,28.23997713160186
evolution_strategy,rastrigin,105,9500,28.23997713160186
evolution_strategy,rastrigin,105,9600,28.23997713160186
evolution_strategy,rastrigin,105,9700,28.23997713160186
evolution_strategy,rastrigin,105,9800,28.23997713160186
evolution_strategy,rastrigin,105,9900,28.23997713160186
evolution_strategy,rastrigin,105,10000,28.23997713160186
evolution_strategy,rastrigin,105,10100,28.23997713160186
evolution_strategy,rastrigin,105,10200,28.23997713160186
evolution_strategy,rastrigin,105,10300,28.23997713160186
evolution_strategy,rastrigin,105,10400,28.23997713160186
evolution_strategy,rastrigin,105,10500,28.23997713160186
evolution_strategy,rastrigin,105,10600,28.23997713160186
evolution_strategy,rastrigin,105,10700,28.23997713160186
evolution_strategy,rastrigin,105,10800,28.23997713160186
evolution_strategy,rastrigin,105,10900,28.23997713160186
evolution_strategy,rastrigin,105,11000,28.23997713160186
evolution_strategy,rastrigin,105,11100,28.23997713160186
evolution_strategy,rastrigin,105,11200,28.23997713160186
evolution_strategy,rastrigin,105,11300,28.23997713160186
evolution_strategy,rastrigin,105,11400,28.23997713160186
evolution_strategy,rastrigin,105,11500,28.23997713160186
evolution_strategy,rastrigin,105,11600,28.23997713160186
evolution_strategy,rastrigin,105,11700,28.23997713160186
evolution_strategy,rastrigin,105,11800,28.23997713160186
evolution_strategy,rastrigin,105,11900,28.23997713160186
evolution_strategy,rastrigin,105,12000,28.23997713160186
evolution_strategy,rastrigin,105,12100,28.23997713160186
evolution_strategy,rastrigin,105,12200,28.23997713160186
evolution_strategy,rastrigin,105,12300,28.23997713160186
evolution_strategy,rastrigin,105,12400,28.23997713160186
evolution_strategy,rastrigin,105,12500,28.23997713160186
evolution_strategy,rastrigin,105,12600,28.23997713160186
evolution_strategy,rastrigin,105,12700,21.647608531336573
evolution_strategy,rastrigin,105,12800,21.647608531336573
evolution_strategy,rastrigin,105,12900,21.647608531336573
evolution_strategy,rastrigin,105,13000,21.647608531336573
evolution_strategy,rastrigin,105,13100,21.647608531336573
evolution_strategy,rastrigin,105,13200,21.647608531336573
evolution_strategy,rastrigin,105,13300,21.647608531336573
evolution_strategy,rastrigin,105,13400,21.647608531336573
evolution_strategy,rastrigin,105,13500,21.647608531336573
evolution_strategy,rastrigin,105,13600,21.647608531336573
evolution_strategy,rastrigin,105,13700,21.647608531336573
evolution_strategy,rastrigin,105,13800,21.647608531336573
evolution_strategy,rastrigin,105,13900,21.647608531336573
evolution_strategy,rastrigin,105,14000,21.647608531336573
evolution_strategy,rastrigin,105,14100,21.647608531336573
evolution_strategy,rastrigin,105,14200,21.647608531336573
evolution_strategy,rastrigin,105,14300,21.647608531336573
evolution_strategy,rastrigin,105,14400,21.647608531336573
evolution_strategy,rastrigin,105,14500,21.647608531336573
evolution_strategy,rastrigin,105,14600,21.647608531336573
evolution_strategy,rastrigin,105,14700,21.647608531336573
evolution_strategy,rastrigin,105,14800,21.647608531336573
evolution_strategy,rastrigin,105,14900,21.647608531336573
evolution_strategy,rastrigin,105,15000,21.647608531336573
evolution_strategy,rastrigin,105,15100,21.647608531336573
evolution_strategy,rastrigin,105,15200,21.647608531336573
evolution_strategy,rastrigin,105,15300,21.647608531336573
evolution_strategy,rastrigin,105,15400,21.647608531336573
evolution_strategy,rastrigin,105,15500,21.647608531336573
evolution_strategy,rastrigin,105,15600,21.647608531336573
evolution_strategy,rastrigin,105,15700,21.647608531336573
evolution_strategy,rastrigin,105,15800,21.647608531336573
evolution_strategy,rastrigin,105,15900,21.647608531336573
evolution_strategy,rastrigin,105,16000,21.647608531336573
evolution_strategy,rastrigin,105,16100,21.647608531336573
evolution_strategy,rastrigin,105,16200,21.647608531336573
evolution_strategy,rastrigin,105,16300,21.647608531336573
evolution_strategy,rastrigin,105,16400,21.647608531336573
evolution_strategy,rastrigin,105,16500,21.647608531336573
evolution_strategy,rastrigin,105,16600,21.647608531336573
evolution_strategy,rastrigin,105,16700,21.647608531336573
evolution_strategy,rastrigin,105,16800,21.647608531336573
evolution_strategy,rastrigin,105,16900,21.647608531336573
evolution_strategy,rastrigin,105,17000,21.647608531336573
evolution_strategy,rastrigin,105,17100,21.647608531336573
evolution_strategy,rastrigin,105,17200,21.647608531336573
evolution_strategy,rastrigin,105,17300,21.647608531336573
evolution_strategy,rastrigin,105,17400,21.647608531336573
evolution_strategy,rastrigin,105,17500,21.647608531336573
evolution_strategy,rastrigin,105,17600,21.647608531336573
evolution_strategy,rastrigin,105,17700,21.647608531336573
evolution_strategy,rastrigin,105,17800,21.647608531336573
evolution_strategy,rastrigin,105,17900,21.647608531336573
evolution_strategy,rastrigin,105,18000,21.647608531336573
evolution_strategy,rastrigin,105,18100,21.647608531336573
evolution_strategy,rastrigin,105,18200,21.647608531336573
evolution_strategy,rastrigin,105,18300,21.647608531336573
evolution_strategy,rastrigin,105,18400,21.647608531336573
evolution_strategy,rastrigin,105,18500,21.647608531336573
evolution_strategy,rastrigin,105,18600,21.647608531336573
evolution_strategy,rastrigin,105,18700,21.647608531336573
evolution_strategy,rastrigin,105,18800,21.647608531336573
evolution_strategy,rastrigin,105,18900,21.647608531336573
evolution_strategy,rastrigin,105,19000,21.647608531336573
evolution_strategy,rastrigin,105,19100,21.647608531336573
evolution_strategy,rastrigin,105,19200,21.647608531336573
evolution_strategy,rastrigin,105,19300,21.647608531336573
evolution_strategy,rastrigin,105,19400,21.647608531336573
evolution_strategy,rastrigin,105,19500,21.647608531336573
evolution_strategy,rastrigin,105,19600,21.647608531336573
evolution_strategy,rastrigin,105,19700,21.647608531336573
evolution_strategy,rastrigin,105,19800,21.647608531336573
evolution_strategy,rastrigin,105,19900,21.647608531336573
evolution_strategy,rastrigin,105,20000,21.647608531336573
evolution_strategy,rastrigin,106,100,115.75833370041866
evolution_strategy,rastrigin,106,200,102.65964709940027
evolution_strategy,rastrigin,106,300,89.89925720958662
evolution_strategy,rastrigin,106,400,88.99187831446423
evolution_strategy,rastrigin,106,500,57.767189625124765
evolution_strategy,rastrigin,106,600,57.767189625124765
evolution_strategy,rastrigin,106,700,57.767189625124765
evolution_strategy,rastrigin,106,800,57.767189625124765
evolution_strategy,rastrigin,106,900,57.767189625124765
evolution_strategy,rastrigin,106,1000,57.767189625124765
evolution_strategy,rastrigin,106,1100,57.767189625124765
evolution_strategy,rastrigin,106,1200,57.767189625124765
evolution_strategy,rastrigin,106,1300,57.767189625124765
evolution_strategy,rastrigin,106,1400,57.767189625124765
evolution_strategy,rastrigin,106,1500,57.767189625124765
evolution_strategy,rastrigin,106,1600,57.767189625124765
evolution_strategy,rastrigin,106,1700,57.767189625124765
evolution_strategy,rastrigin,106,1800,57.767189625124765
evolution_strategy,rastrigin,106,1900,57.767189625124765
evolution_strategy,rastrigin,106,2000,57.767189625124765
evolution_strategy,rastrigin,106,2100,57.767189625124765
evolution_strategy,rastrigin,106,2200,57.767189625124765
evolution_strategy,rastrigin,106,2300,57.767189625124765
evolution_strategy,rastrigin,106,2400,48.890324042969496
evolution_strategy,rastrigin,106,2500,45.89872624218826
evolution_strategy,rastrigin,106,2600,45.89872624218826
evolution_strategy,rastrigin,106,2700,40.39081027138296
evolution_strategy,rastrigin,106,2800,40.39081027138296
evolution_strategy,rastrigin,106,2900,40.39081027138296
evolution_strategy,rastrigin,106,3000,40.39081027138296
evolution_strategy,rastrigin,106,3100,40.39081027138296
evolution_strategy,rastrigin,106,3200,40.39081027138296
evolution_strategy,rastrigin,106,3300,40.39081027138296
evolution_strategy,rastrigin,106,3400,40.39081027138296
evolution_strategy,rastrigin,106,3500,40.39081027138296
evolution_strategy,rastrigin,106,3600,40.39081027138296
evolution_strategy,rastrigin,106,3700,40.39081027138296
evolution_strategy,rastrigin,106,3800,32.51883662614071
evolution_strategy,rastrigin,106,3900,32.51883662614071
evolution_strategy,rastrigin,106,4000,32.51883662614071
evolution_strategy,rastrigin,106,4100,32.51883662614071
evolution_strategy,rastrigin,106,4200,32.51883662614071
evolution_strategy,rastrigin,106,4300,32.51883662614071
evolution_strategy,rastrigin,106,4400,32.51883662614071
evolution_strategy,rastrigin,106,4500,26.204020657682378
evolution_strategy,rastrigin,106,4600,26.204020657682378
evolution_strategy,rastrigin,106,4700,26.204020657682378
evolution_strategy,rastrigin,106,4800,26.204020657682378
evolution_strategy,rastrigin,106,4900,26.204020657682378
evolution_strategy,rastrigin,106,5000,26.204020657682378
evolution_strategy,rastrigin,106,5100,26.204020657682378
evolution_strategy,rastrigin,106,5200,26.204020657682378
evolution_strategy,rastrigin,106,5300,26.204020657682378
evolution_strategy,rastrigin,106,5400,26.204020657682378
evolution_strategy,rastrigin,106,5500,26.204020657682378
evolution_strategy,rastrigin,106,5600,26.204020657682378
evolution_strategy,rastrigin,106,5700,26.204020657682378
evolution_strategy,rastrigin,106,5800,26.204020657682378
evolution_strategy,rastrigin,106,5900,26.204020657682378
evolution_strategy,rastrigin,106,6000,26.204020657682378
evolution_strategy,rastrigin,106,6100,26.204020657682378
evolution_strategy,rastrigin,106,6200,26.204020657682378
evolution_strategy,rastrigin,106,6300,26.204020657682378
evolution_strategy,rastrigin,106,6400,26.204020657682378
evolution_strategy,rastrigin,106,6500,26.204020657682378
evolution_strategy,rastrigin,106,6600,26.204020657682378
evolution_strategy,rastrigin,106,6700,26.204020657682378
evolution_strategy,rastrigin,106,6800,26.204020657682378
evolution_strategy,rastrigin,106,6900,26.204020657682378
evolution_strategy,rastrigin,106,7000,26.204020657682378
evolution_strategy,rastrigin,106,7100,26.204020657682378
evolution_strategy,rastrigin,106,7200,26.204020657682378
evolution_strategy,rastrigin,106,7300,26.204020657682378
evolution_strategy,rastrigin,106,7400,26.204020657682378
evolution_strategy,rastrigin,106,7500,26.204020657682378
evolution_strategy,rastrigin,106,7600,26.204020657682378
evolution_strategy,rastrigin,106,7700,26.204020657682378
evolution_strategy,rastrigin,106,7800,26.204020657682378
evolution_strategy,rastrigin,106,7900,26.204020657682378
evolution_strategy,rastrigin,106,8000,26.204020657682378
evolution_strategy,rastrigin,106,8100,26.204020657682378
evolution_strategy,rastrigin,106,8200,26.204020657682378
evolution_strategy,rastrigin,106,8300,26.204020657682378
evolution_strategy,rastrigin,106,8400,26.204020657682378
evolution_strategy,rastrigin,106,8500,26.204020657682378
evolution_strategy,rastrigin,106,8600,26.204020657682378
evolution_strategy,rastrigin,106,8700,26.204020657682378
evolution_strategy,rastrigin,106,8800,26.204020657682378
evolution_strategy,rastrigin,106,8900,26.204020657682378
evolution_strategy,rastrigin,106,9000,26.204020657682378
evolution_strategy,rastrigin,106,9100,26.204020657682378
evolution_strategy,rastrigin,106,9200,26.204020657682378
evolution_strategy,rastrigin,106,9300,26.204020657682378
evolution_strategy,rastrigin,106,9400,26.204020657682378
evolution_strategy,rastrigin,106,9500,26.204020657682378
evolution_strategy,rastrigin,106,9600,26.204020657682378
evolution_strategy,rastrigin,106,9700,26.204020657682378
evolution_strategy,rastrigin,106,9800,26.204020657682378
evolution_strategy,rastrigin,106,9900,26.204020657682378
evolution_strategy,rastrigin,106,10000,26.204020657682378
evolution_strategy,rastrigin,106,10100,26.204020657682378
evolution_strategy,rastrigin,106,10200,26.204020657682378
evolution_strategy,rastrigin,106,10300,26.204020657682378
evolution_strategy,rastrigin,106,10400,26.204020657682378
evolution_strategy,rastrigin,106,10500,26.204020657682378
evolution_strategy,rastrigin,106,10600,26.204020657682378
evolution_strategy,rastrigin,106,10700,26.204020657682378
evolution_strategy,rastrigin,106,10800,26.204020657682378
evolution_strategy,rastrigin,106,10900,26.204020657682378
evolution_strategy,rastrigin,106,11000,26.204020657682378
evolution_strategy,rastrigin,106,11100,26.204020657682378
evolution_strategy,rastrigin,106,11200,26.204020657682378
evolution_strategy,rastrigin,106,11300,26.204020657682378
evolution_strategy,rastrigin,106,11400,26.204020657682378
evolution_strategy,rastrigin,106,11500,26.204020657682378
evolution_strategy,rastrigin,106,11600,26.204020657682378
evolution_strategy,rastrigin,106,11700,26.204020657682378
evolution_strategy,rastrigin,106,11800,26.204020657682378
evolution_strategy,rastrigin,106,11900,26.204020657682378
evolution_strategy,rastrigin,106,12000,26.204020657682378
evolution_strategy,rastrigin,106,12100,26.204020657682378
evolution_strategy,rastrigin,106,12200,26.204020657682378
evolution_strategy,rastrigin,106,12300,26.204020657682378
evolution_strategy,rastrigin,106,12400,26.204020657682378
evolution_strategy,rastrigin,106,12500,26.204020657682378
evolution_strategy,rastrigin,106,12600,26.204020657682378
evolution_strategy,rastrigin,106,12700,26.204020657682378
evolution_strategy,rastrigin,106,12800,26.204020657682378
evolution_strategy,rastrigin,106,12900,26.204020657682378
evolution_strategy,rastrigin,106,13000,26.204020657682378
evolution_strategy,rastrigin,106,13100,26.204020657682378
evolution_strategy,rastrigin,106,13200,26.204020657682378
evolution_strategy,rastrigin,106,13300,26.204020657682378
evolution_strategy,rastrigin,106,13400,26.204020657682378
evolution_strategy,rastrigin,106,13500,26.204020657682378
evolution_strategy,rastrigin,106,13600,26.204020657682378
evolution_strategy,rastrigin,106,13700,26.204020657682378
evolution_strategy,rastrigin,106,13800,26.204020657682378
evolution_strategy,rastrigin,106,13900,26.204020657682378
evolution_strategy,rastrigin,106,14000,24.940548203091055
evolution_strategy,rastrigin,106,14100,24.940548203091055
evolution_strategy,rastrigin,106,14200,24.940548203091055
evolution_strategy,rastrigin,106,14300,24.940548203091055
evolution_strategy,rastrigin,106,14400,24.940548203091055
evolution_strategy,rastrigin,106,14500,24.940548203091055
evolution_strategy,rastrigin,106,14600,24.940548203091055
evolution_strategy,rastrigin,106,14700,24.940548203091055
evolution_strategy,rastrigin,106,14800,24.940548203091055
evolution_strategy,rastrigin,106,14900,24.940548203091055
evolution_strategy,rastrigin,106,15000,24.940548203091055
evolution_strategy,rastrigin,106,15100,24.940548203091055
evolution_strategy,rastrigin,106,15200,24.940548203091055
evolution_strategy,rastrigin,106,15300,24.940548203091055
evolution_strategy,rastrigin,106,15400,24.940548203091055
evolution_strategy,rastrigin,106,15500,24.940548203091055
evolution_strategy,rastrigin,106,15600,24.940548203091055
evolution_strategy,rastrigin,106,15700,24.940548203091055
evolution_strategy,rastrigin,106,15800,24.940548203091055
evolution_strategy,rastrigin,106,15900,24.940548203091055
evolution_strategy,rastrigin,106,16000,24.940548203091055
evolution_strategy,rastrigin,106,16100,24.940548203091055
evolution_strategy,rastrigin,106,16200,24.940548203091055
evolution_strategy,rastrigin,106,16300,24.940548203091055
evolution_strategy,rastrigin,106,16400,24.940548203091055
evolution_strategy,rastrigin,106,16500,24.940548203091055
evolution_strategy,rastrigin,106,16600,24.940548203091055
evolution_strategy,rastrigin,106,16700,24.940548203091055
evolution_strategy,rastrigin,106,16800,24.940548203091055
evolution_strategy,rastrigin,106,16900,24.940548203091055
evolution_strategy,rastrigin,106,17000,24.940548203091055
evolution_strategy,rastrigin,106,17100,24.940548203091055
evolution_strategy,rastrigin,106,17200,24.940548203091055
evolution_strategy,rastrigin,106,17300,24.940548203091055
evolution_strategy,rastrigin,106,17400,24.940548203091055
evolution_strategy,rastrigin,106,17500,24.940548203091055
evolution_strategy,rastrigin,106,17600,24.940548203091055
evolution_strategy,rastrigin,106,17700,24.940548203091055
evolution_strategy,rastrigin,106,17800,24.940548203091055
evolution_strategy,rastrigin,106,17900,24.940548203091055
evolution_strategy,rastrigin,106,18000,21.507709688409875
evolution_strategy,rastrigin,106,18100,21.507709688409875
evolution_strategy,rastrigin,106,18200,21.507709688409875
evolution_strategy,rastrigin,106,18300,21.507709688409875
evolution_strategy,rastrigin,106,18400,21.507709688409875
evolution_strategy,rastrigin,106,18500,21.507709688409875
evolution_strategy,rastrigin,106,18600,21.507709688409875
evolution_strategy,rastrigin,106,18700,21.507709688409875
evolution_strategy,rastrigin,106,18800,21.507709688409875
evolution_strategy,rastrigin,106,18900,21.507709688409875
evolution_strategy,rastrigin,106,19000,21.507709688409875
evolution_strategy,rastrigin,106,19100,21.507709688409875
evolution_strategy,rastrigin,106,19200,21.507709688409875
evolution_strategy,rastrigin,106,19300,21.507709688409875
evolution_strategy,rastrigin,106,19400,21.507709688409875
evolution_strategy,rastrigin,106,19500,21.507709688409875
evolution_strategy,rastrigin,106,19600,21.507709688409875
evolution_strategy,rastrigin,106,19700,21.507709688409875
evolution_strategy,rastrigin,106,19800,21.507709688409875
evolution_strategy,rastrigin,106,19900,21.507709688409875
evolution_strategy,rastrigin,106,20000,21.507709688409875
evolution_strategy,rastrigin,107,100,119.62047033436758
evolution_strategy,rastrigin,107,200,76.57779599455722
evolution_strategy,rastrigin,107,300,66.95767919338854
evolution_strategy,rastrigin,107,400,65.7792176273925
evolution_strategy,rastrigin,107,500,65.49445261552773
evolution_strategy,rastrigin,107,600,57.96473868351889
evolution_strategy,rastrigin,107,700,51.41410363551066
evolution_strategy,rastrigin,107,800,51.41410363551066
evolution_strategy,rastrigin,107,900,51.41410363551066
evolution_strategy,rastrigin,107,1000,51.41410363551066
evolution_strategy,rastrigin,107,1100,51.41410363551066
evolution_strategy,rastrigin,107,1200,47.0592953403076
evolution_strategy,rastrigin,107,1300,47.0592953403076
evolution_strategy,rastrigin,107,1400,47.0592953403076
evolution_strategy,rastrigin,107,1500,47.0592953403076
evolution_strategy,rastrigin,107,1600,44.98498887097957
evolution_strategy,rastrigin,107,1700,44.98498887097957
evolution_strategy,rastrigin,107,1800,44.98498887097957
evolution_strategy,rastrigin,107,1900,44.98498887097957
evolution_strategy,rastrigin,107,2000,44.98498887097957
evolution_strategy,rastrigin,107,2100,44.98498887097957
evolution_strategy,rastrigin,107,2200,39.556033871462844
evolution_strategy,rastrigin,107,2300,39.556033871462844
evolution_strategy,rastrigin,107,2400,35.19158277586911
evolution_strategy,rastrigin,107,2500,35.19158277586911
evolution_strategy,rastrigin,107,2600,28.661302133749018
evolution_strategy,rastrigin,107,2700,28.661302133749018
evolution_strategy,rastrigin,107,2800,28.661302133749018
evolution_strategy,rastrigin,107,2900,28.661302133749018
evolution_strategy,rastrigin,107,3000,28.661302133749018
evolution_strategy,rastrigin,107,3100,28.661302133749018
evolution_strategy,rastrigin,107,3200,28.661302133749018
evolution_strategy,rastrigin,107,3300,28.661302133749018
evolution_strategy,rastrigin,107,3400,28.661302133749018
evolution_strategy,rastrigin,107,3500,28.661302133749018
evolution_strategy,rastrigin,107,3600,28.661302133749018
evolution_strategy,rastrigin,107,3700,28.661302133749018
evolution_strategy,rastrigin,107,3800,28.661302133749018
evolution_strategy,rastrigin,107,3900,28.661302133749018
evolution_strategy,rastrigin,107,4000,28.661302133749018
evolution_strategy,rastrigin,107,4100,28.661302133749018
evolution_strategy,rastrigin,107,4200,28.661302133749018
evolution_strategy,rastrigin,107,4300,28.661302133749018
evolution_strategy,rastrigin,107,4400,28.661302133749018
evolution_strategy,rastrigin,107,4500,28.661302133749018
evolution_strategy,rastrigin,107,4600,28.661302133749018
evolution_strategy,rastrigin,107,4700,28.661302133749018
evolution_strategy,rastrigin,107,4800,28.661302133749018
evolution_strategy,rastrigin,107,4900,28.661302133749018
evolution_strategy,rastrigin,107,5000,28.661302133749018
evolution_strategy,rastrigin,107,5100,28.661302133749018
evolution_strategy,rastrigin,107,5200,28.661302133749018
evolution_strategy,rastrigin,107,5300,28.661302133749018
evolution_strategy,rastrigin,107,5400,28.661302133749018
evolution_strategy,rastrigin,107,5500,28.661302133749018
evolution_strategy,rastrigin,107,5600,28.661302133749018
evolution_strategy,rastrigin,107,5700,28.661302133749018
evolution_strategy,rastrigin,107,5800,28.661302133749018
evolution_strategy,rastrigin,107,5900,28.661302133749018
evolution_strategy,rastrigin,107,6000,28.661302133749018
evolution_strategy,rastrigin,107,6100,28.661302133749018
evolution_strategy,rastrigin,107,6200,28.661302133749018
evolution_strategy,rastrigin,107,6300,28.661302133749018
evolution_strategy,rastrigin,107,6400,28.661302133749018
evolution_strategy,rastrigin,107,6500,28.661302133749018
evolution_strategy,rastrigin,107,6600,28.661302133749018
evolution_strategy,rastrigin,107,6700,28.661302133749018
evolution_strategy,rastrigin,107,6800,28.661302133749018
evolution_strategy,rastrigin,107,6900,28.661302133749018
evolution_strategy,rastrigin,107,7000,28.661302133749018
evolution_strategy,rastrigin,107,7100,28.661302133749018
evolution_strategy,rastrigin,107,7200,25.78025697910482
evolution_strategy,rastrigin,107,7300,25.78025697910482
evolution_strategy,rastrigin,107,7400,25.78025697910482
evolution_strategy,rastrigin,107,7500,25.78025697910482
evolution_strategy,rastrigin,107,7600,25.78025697910482
evolution_strategy,rastrigin,107,7700,25.78025697910482
evolution_strategy,rastrigin,107,7800,25.78025697910482
evolution_strategy,rastrigin,107,7900,25.78025697910482
evolution_strategy,rastrigin,107,8000,25.78025697910482
evolution_strategy,rastrigin,107,8100,25.78025697910482
evolution_strategy,rastrigin,107,8200,25.78025697910482
evolution_strategy,rastrigin,107,8300,25.78025697910482
evolution_strategy,rastrigin,107,8400,25.78025697910482
evolution_strategy,rastrigin,107,8500,25.78025697910482
evolution_strategy,rastrigin,107,8600,25.78025697910482
evolution_strategy,rastrigin,107,8700,25.78025697910482
evolution_strategy,rastrigin,107,8800,25.78025697910482
evolution_strategy,rastrigin,107,8900,25.78025697910482
evolution_strategy,rastrigin,107,9000,25.78025697910482
evolution_strategy,rastrigin,107,9100,25.78025697910482
evolution_strategy,rastrigin,107,9200,25.78025697910482
evolution_strategy,rastrigin,107,9300,25.78025697910482
evolution_strategy,rastrigin,107,9400,25.78025697910482
evolution_strategy,rastrigin,107,9500,25.78025697910482
evolution_strategy,rastrigin,107,9600,25.78025697910482
evolution_strategy,rastrigin,107,9700,25.78025697910482
evolution_strategy,rastrigin,107,9800,25.78025697910482
evolution_strategy,rastrigin,107,9900,25.78025697910482
evolution_strategy,rastrigin,107,10000,21.965524507402208
evolution_strategy,rastrigin,107,10100,21.965524507402208
evolution_strategy,rastrigin,107,10200,21.965524507402208
evolution_strategy,rastrigin,107,10300,21.965524507402208
evolution_strategy,rastrigin,107,10400,21.965524507402208
evolution_strategy,rastrigin,107,10500,21.965524507402208
evolution_strategy,rastrigin,107,10600,21.965524507402208
evolution_strategy,rastrigin,107,10700,21.965524507402208
evolution_strategy,rastrigin,107,10800,21.965524507402208
evolution_strategy,rastrigin,107,10900,21.965524507402208
evolution_strategy,rastrigin,107,11000,21.965524507402208
evolution_strategy,rastrigin,107,11100,21.965524507402208
evolution_strategy,rastrigin,107,11200,21.965524507402208
evolution_strategy,rastrigin,107,11300,21.965524507402208
evolution_strategy,rastrigin,107,11400,21.965524507402208
evolution_strategy,rastrigin,107,11500,21.965524507402208
evolution_strategy,rastrigin,107,11600,21.965524507402208
evolution_strategy,rastrigin,107,11700,21.965524507402208
evolution_strategy,rastrigin,107,11800,20.28639270421374
evolution_strategy,rastrigin,107,11900,20.28639270421374
evolution_strategy,rastrigin,107,12000,20.28639270421374
evolution_strategy,rastrigin,107,12100,20.28639270421374
evolution_strategy,rastrigin,107,12200,20.28639270421374
evolution_strategy,rastrigin,107,12300,20.28639270421374
evolution_strategy,rastrigin,107,12400,20.28639270421374
evolution_strategy,rastrigin,107,12500,20.28639270421374
evolution_strategy,rastrigin,107,12600,20.28639270421374
evolution_strategy,rastrigin,107,12700,20.28639270421374
evolution_strategy,rastrigin,107,12800,20.28639270421374
evolution_strategy,rastrigin,107,12900,20.28639270421374
evolution_strategy,rastrigin,107,13000,20.28639270421374
evolution_strategy,rastrigin,107,13100,20.28639270421374
evolution_strategy,rastrigin,107,13200,20.28639270421374
evolution_strategy,rastrigin,107,13300,20.28639270421374
evolution_strategy,rastrigin,107,13400,20.28639270421374
evolution_strategy,rastrigin,107,13500,20.28639270421374
evolution_strategy,rastrigin,107,13600,20.28639270421374
evolution_strategy,rastrigin,107,13700,20.28639270421374
evolution_strategy,rastrigin,107,13800,20.28639270421374
evolution_strategy,rastrigin,107,13900,20.28639270421374
evolution_strategy,rastrigin,107,14000,20.28639270421374
evolution_strategy,rastrigin,107,14100,20.28639270421374
evolution_strategy,rastrigin,107,14200,20.28639270421374
evolution_strategy,rastrigin,107,14300,20.28639270421374
evolution_strategy,rastrigin,107,14400,20.28639270421374
evolution_strategy,rastrigin,107,14500,20.28639270421374
evolution_strategy,rastrigin,107,14600,20.28639270421374
evolution_strategy,rastrigin,107,14700,20.28639270421374
evolution_strategy,rastrigin,107,14800,20.28639270421374
evolution_strategy,rastrigin,107,14900,20.28639270421374
evolution_strategy,rastrigin,107,15000,20.28639270421374
evolution_strategy,rastrigin,107,15100,20.28639270421374
evolution_strategy,rastrigin,107,15200,20.28639270421374
evolution_strategy,rastrigin,107,15300,20.28639270421374
evolution_strategy,rastrigin,107,15400,20.28639270421374
evolution_strategy,rastrigin,107,15500,20.28639270421374
evolution_strategy,rastrigin,107,15600,20.28639270421374
evolution_strategy,rastrigin,107,15700,20.28639270421374
evolution_strategy,rastrigin,107,15800,20.28639270421374
evolution_strategy,rastrigin,107,15900,20.28639270421374
evolution_strategy,rastrigin,107,16000,20.28639270421374
evolution_strategy,rastrigin,107,16100,20.28639270421374
evolution_strategy,rastrigin,107,16200,20.28639270421374
evolution_strategy,rastrigin,107,16300,20.28639270421374
evolution_strategy,rastrigin,107,16400,20.28639270421374
evolution_strategy,rastrigin,107,16500,20.28639270421374
evolution_strategy,rastrigin,107,16600,20.28639270421374
evolution_strategy,rastrigin,107,16700,20.28639270421374
evolution_strategy,rastrigin,107,16800,20.28639270421374
evolution_strategy,rastrigin,107,16900,20.28639270421374
evolution_strategy,rastrigin,107,17000,20.28639270421374
evolution_strategy,rastrigin,107,17100,20.28639270421374
evolution_strategy,rastrigin,107,17200,20.28639270421374
evolution_strategy,rastrigin,107,17300,20.28639270421374
evolution_strategy,rastrigin,107,17400,20.28639270421374
evolution_strategy,rastrigin,107,17500,20.28639270421374
evolution_strategy,rastrigin,107,17600,20.28639270421374
evolution_strategy,rastrigin,107,17700,20.28639270421374
evolution_strategy,rastrigin,107,17800,20.28639270421374
evolution_strategy,rastrigin,107,17900,20.28639270421374
evolution_strategy,rastrigin,107,18000,20.28639270421374
evolution_strategy,rastrigin,107,18100,20.28639270421374
evolution_strategy,rastrigin,107,18200,20.28639270421374
evolution_strategy,rastrigin,107,18300,20.28639270421374
evolution_strategy,rastrigin,107,18400,20.28639270421374
evolution_strategy,rastrigin,107,18500,20.28639270421374
evolution_strategy,rastrigin,107,18600,20.28639270421374
evolution_strategy,rastrigin,107,18700,20.28639270421374
evolution_strategy,rastrigin,107,18800,20.28639270421374
evolution_strategy,rastrigin,107,18900,20.28639270421374
evolution_strategy,rastrigin,107,19000,20.28639270421374
evolution_strategy,rastrigin,107,19100,20.28639270421374
evolution_strategy,rastrigin,107,19200,20.28639270421374
evolution_strategy,rastrigin,107,19300,20.28639270421374
evolution_strategy,rastrigin,107,19400,20.28639270421374
evolution_strategy,rastrigin,107,19500,20.28639270421374
evolution_strategy,rastrigin,107,19600,20.28639270421374
evolution_strategy,rastrigin,107,19700,20.28639270421374
evolution_strategy,rastrigin,107,19800,20.28639270421374
evolution_strategy,rastrigin,107,19900,20.28639270421374
evolution_strategy,rastrigin,107,20000,20.28639270421374
evolution_strategy,rastrigin,108,100,106.02851408943594
evolution_strategy,rastrigin,108,200,75.40300018131485
evolution_strategy,rastrigin,108,300,75.40300018131485
evolution_strategy,rastrigin,108,400,63.95337941969479
evolution_strategy,rastrigin,108,500,63.95337941969479
evolution_strategy,rastrigin,108,600,63.95337941969479
evolution_strategy,rastrigin,108,700,63.95337941969479
evolution_strategy,rastrigin,108,800,63.95337941969479
evolution_strategy,rastrigin,108,900,63.95337941969479
evolution_strategy,rastrigin,108,1000,63.95337941969479
evolution_strategy,rastrigin,108,1100,63.95337941969479
evolution_strategy,rastrigin,108,1200,63.95337941969479
evolution_strategy,rastrigin,108,1300,63.95337941969479
evolution_strategy,rastrigin,108,1400,63.95337941969479
evolution_strategy,rastrigin,108,1500,44.74849781208518
evolution_strategy,rastrigin,108,1600,44.74849781208518
evolution_strategy,rastrigin,108,1700,44.74849781208518
evolution_strategy,rastrigin,108,1800,44.74849781208518
evolution_strategy,rastrigin,108,1900,44.74849781208518
evolution_strategy,rastrigin,108,2000,44.74849781208518
evolution_strategy,rastrigin,108,2100,44.492343873630546
evolution_strategy,rastrigin,108,2200,33.739177897494855
evolution_strategy,rastrigin,108,2300,33.739177897494855
evolution_strategy,rastrigin,108,2400,33.739177897494855
evolution_strategy,rastrigin,108,2500,33.739177897494855
evolution_strategy,rastrigin,108,2600,33.739177897494855
evolution_strategy,rastrigin,108,2700,33.739177897494855
evolution_strategy,rastrigin,108,2800,33.739177897494855
evolution_strategy,rastrigin,108,2900,33.739177897494855
evolution_strategy,rastrigin,108,3000,33.739177897494855
evolution_strategy,rastrigin,108,3100,33.739177897494855
evolution_strategy,rastrigin,108,3200,33.739177897494855
evolution_strategy,rastrigin,108,3300,33.739177897494855
evolution_strategy,rastrigin,108,3400,33.739177897494855
evolution_strategy,rastrigin,108,3500,31.765904384953828
evolution_strategy,rastrigin,108,3600,31.765904384953828
evolution_strategy,rastrigin,108,3700,31.765904384953828
evolution_strategy,rastrigin,108,3800,31.765904384953828
evolution_strategy,rastrigin,108,3900,31.765904384953828
evolution_strategy,rastrigin,108,4000,31.765904384953828
evolution_strategy,rastrigin,108,4100,31.765904384953828
evolution_strategy,rastrigin,108,4200,31.765904384953828
evolution_strategy,rastrigin,108,4300,31.765904384953828
evolution_strategy,rastrigin,108,4400,31.765904384953828
evolution_strategy,rastrigin,108,4500,31.765904384953828
evolution_strategy,rastrigin,108,4600,31.765904384953828
evolution_strategy,rastrigin,108,4700,31.765904384953828
evolution_strategy,rastrigin,108,4800,31.765904384953828
evolution_strategy,rastrigin,108,4900,31.765904384953828
evolution_strategy,rastrigin,108,5000,31.765904384953828
evolution_strategy,rastrigin,108,5100,29.185994702624313
evolution_strategy,rastrigin,108,5200,29.185994702624313
evolution_strategy,rastrigin,108,5300,29.185994702624313
evolution_strategy,rastrigin,108,5400,29.185994702624313
evolution_strategy,rastrigin,108,5500,29.185994702624313
evolution_strategy,rastrigin,108,5600,29.185994702624313
evolution_strategy,rastrigin,108,5700,29.185994702624313
evolution_strategy,rastrigin,108,5800,29.185994702624313
evolution_strategy,rastrigin,108,5900,29.185994702624313
evolution_strategy,rastrigin,108,6000,29.185994702624313
evolution_strategy,rastrigin,108,6100,29.185994702624313
evolution_strategy,rastrigin,108,6200,29.185994702624313
evolution_strategy,rastrigin,108,6300,29.185994702624313
evolution_strategy,rastrigin,108,6400,29.185994702624313
evolution_strategy,rastrigin,108,6500,29.185994702624313
evolution_strategy,rastrigin,108,6600,29.185994702624313
evolution_strategy,rastrigin,108,6700,29.185994702624313
evolution_strategy,rastrigin,108,6800,29.185994702624313
evolution_strategy,rastrigin,108,6900,29.185994702624313
evolution_strategy,rastrigin,108,7000,29.185994702624313
evolution_strategy,rastrigin,108,7100,29.185994702624313
evolution_strategy,rastrigin,108,7200,29.185994702624313
evolution_strategy,rastrigin,108,7300,29.185994702624313
evolution_strategy,rastrigin,108,7400,29.185994702624313
evolution_strategy,rastrigin,108,7500,29.185994702624313
evolution_strategy,rastrigin,108,7600,29.185994702624313
evolution_strategy,rastrigin,108,7700,29.185994702624313
evolution_strategy,rastrigin,108,7800,29.185994702624313
evolution_strategy,rastrigin,108,7900,29.185994702624313
evolution_strategy,rastrigin,108,8000,29.185994702624313
evolution_strategy,rastrigin,108,8100,29.185994702624313
evolution_strategy,rastrigin,108,8200,29.185994702624313
evolution_strategy,rastrigin,108,8300,29.185994702624313
evolution_strategy,rastrigin,108,8400,29.185994702624313
evolution_strategy,rastrigin,108,8500,29.185994702624313
evolution_strategy,rastrigin,108,8600,29.185994702624313
evolution_strategy,rastrigin,108,8700,29.185994702624313
evolution_strategy,rastrigin,108,8800,29.185994702624313
evolution_strategy,rastrigin,108,8900,29.185994702624313
evolution_strategy,rastrigin,108,9000,29.185994702624313
evolution_strategy,rastrigin,108,9100,29.185994702624313
evolution_strategy,rastrigin,108,9200,29.185994702624313
evolution_strategy,rastrigin,108,9300,26.743635710723623
evolution_strategy,rastrigin,108,9400,26.743635710723623
evolution_strategy,rastrigin,108,9500,26.743635710723623
evolution_strategy,rastrigin,108,9600,26.743635710723623
evolution_strategy,rastrigin,108,9700,26.743635710723623
evolution_strategy,rastrigin,108,9800,26.743635710723623
evolution_strategy,rastrigin,108,9900,26.743635710723623
evolution_strategy,rastrigin,108,10000,26.743635710723623
evolution_strategy,rastrigin,108,10100,26.743635710723623
evolution_strategy,rastrigin,108,10200,26.743635710723623
evolution_strategy,rastrigin,108,10300,26.743635710723623
evolution_strategy,rastrigin,108,10400,26.743635710723623
evolution_strategy,rastrigin,108,10500,25.452500687206495
evolution_strategy,rastrigin,108,10600,25.452500687206495
evolution_strategy,rastrigin,108,10700,25.452500687206495
evolution_strategy,rastrigin,108,10800,25.452500687206495
evolution_strategy,rastrigin,108,10900,25.452500687206495
evolution_strategy,rastrigin,108,11000,25.452500687206495
evolution_strategy,rastrigin,108,11100,25.452500687206495
evolution_strategy,rastrigin,108,11200,25.452500687206495
evolution_strategy,rastrigin,108,11300,25.452500687206495
evolution_strategy,rastrigin,108,11400,25.452500687206495
evolution_strategy,rastrigin,108,11500,25.452500687206495
evolution_strategy,rastrigin,108,11600,25.452500687206495
evolution_strategy,rastrigin,108,11700,25.452500687206495
evolution_strategy,rastrigin,108,11800,25.452500687206495
evolution_strategy,rastrigin,108,11900,25.452500687206495
evolution_strategy,rastrigin,108,12000,25.452500687206495
evolution_strategy,rastrigin,108,12100,25.452500687206495
evolution_strategy,rastrigin,108,12200,25.452500687206495
evolution_strategy,rastrigin,108,12300,25.452500687206495
evolution_strategy,rastrigin,108,12400,25.452500687206495
evolution_strategy,rastrigin,108,12500,25.452500687206495
evolution_strategy,rastrigin,108,12600,25.452500687206495
evolution_strategy,rastrigin,108,12700,25.452500687206495
evolution_strategy,rastrigin,108,12800,25.452500687206495
evolution_strategy,rastrigin,108,12900,25.452500687206495
evolution_strategy,rastrigin,108,13000,25.452500687206495
evolution_strategy,rastrigin,108,13100,21.951816522813587
evolution_strategy,rastrigin,108,13200,21.951816522813587
evolution_strategy,rastrigin,108,13300,21.951816522813587
evolution_strategy,rastrigin,108,13400,21.951816522813587
evolution_strategy,rastrigin,108,13500,21.951816522813587
evolution_strategy,rastrigin,108,13600,21.951816522813587
evolution_strategy,rastrigin,108,13700,21.951816522813587
evolution_strategy,rastrigin,108,13800,21.951816522813587
evolution_strategy,rastrigin,108,13900,21.951816522813587
evolution_strategy,rastrigin,108,14000,21.951816522813587
evolution_strategy,rastrigin,108,14100,21.951816522813587
evolution_strategy,rastrigin,108,14200,21.951816522813587
evolution_strategy,rastrigin,108,14300,21.951816522813587
evolution_strategy,rastrigin,108,14400,21.951816522813587
evolution_strategy,rastrigin,108,14500,21.951816522813587
evolution_strategy,rastrigin,108,14600,21.951816522813587
evolution_strategy,rastrigin,108,14700,21.951816522813587
evolution_strategy,rastrigin,108,14800,21.951816522813587
evolution_strategy,rastrigin,108,14900,21.951816522813587
evolution_strategy,rastrigin,108,15000,21.951816522813587
evolution_strategy,rastrigin,108,15100,21.951816522813587
evolution_strategy,rastrigin,108,15200,21.951816522813587
evolution_strategy,rastrigin,108,15300,21.951816522813587
evolution_strategy,rastrigin,108,15400,21.951816522813587
evolution_strategy,rastrigin,108,15500,21.951816522813587
evolution_strategy,rastrigin,108,15600,21.951816522813587
evolution_strategy,rastrigin,108,15700,21.951816522813587
evolution_strategy,rastrigin,108,15800,21.951816522813587
evolution_strategy,rastrigin,108,15900,21.951816522813587
evolution_strategy,rastrigin,108,16000,21.951816522813587
evolution_strategy,rastrigin,108,16100,21.951816522813587
evolution_strategy,rastrigin,108,16200,21.951816522813587
evolution_strategy,rastrigin,108,16300,21.951816522813587
evolution_strategy,rastrigin,108,16400,21.951816522813587
evolution_strategy,rastrigin,108,16500,21.951816522813587
evolution_strategy,rastrigin,108,16600,21.951816522813587
evolution_strategy,rastrigin,108,16700,21.951816522813587
evolution_strategy,rastrigin,108,16800,21.951816522813587
evolution_strategy,rastrigin,108,16900,21.951816522813587
evolution_strategy,rastrigin,108,17000,21.951816522813587
evolution_strategy,rastrigin,108,17100,21.951816522813587
evolution_strategy,rastrigin,108,17200,21.951816522813587
evolution_strategy,rastrigin,108,17300,21.951816522813587
evolution_strategy,rastrigin,108,17400,21.951816522813587
evolution_strategy,rastrigin,108,17500,21.951816522813587
evolution_strategy,rastrigin,108,17600,21.951816522813587
evolution_strategy,rastrigin,108,17700,21.951816522813587
evolution_strategy,rastrigin,108,17800,21.951816522813587
evolution_strategy,rastrigin,108,17900,21.951816522813587
evolution_strategy,rastrigin,108,18000,21.951816522813587
evolution_strategy,rastrigin,108,18100,21.951816522813587
evolution_strategy,rastrigin,108,18200,21.951816522813587
evolution_strategy,rastrigin,108,18300,21.951816522813587
evolution_strategy,rastrigin,108,18400,21.951816522813587
evolution_strategy,rastrigin,108,18500,21.951816522813587
evolution_strategy,rastrigin,108,18600,21.951816522813587
evolution_strategy,rastrigin,108,18700,21.951816522813587
evolution_strategy,rastrigin,108,18800,21.951816522813587
evolution_strategy,rastrigin,108,18900,21.951816522813587
evolution_strategy,rastrigin,108,19000,21.951816522813587
evolution_strategy,rastrigin,108,19100,21.951816522813587
evolution_strategy,rastrigin,108,19200,21.951816522813587
evolution_strategy,rastrigin,108,19300,21.951816522813587
evolution_strategy,rastrigin,108,19400,21.951816522813587
evolution_strategy,rastrigin,108,19500,21.951816522813587
evolution_strategy,rastrigin,108,19600,21.951816522813587
evolution_strategy,rastrigin,108,19700,21.951816522813587
evolution_strategy,rastrigin,108,19800,21.951816522813587
evolution_strategy,rastrigin,108,19900,21.951816522813587
evolution_strategy,rastrigin,108,20000,21.951816522813587
evolution_strategy,rastrigin,109,100,135.12723910454213
evolution_strategy,rastrigin,109,200,116.75443650628154
evolution_strategy,rastrigin,109,300,110.82008585875059
evolution_strategy,rastrigin,109,400,105.83760490338956
evolution_strategy,rastrigin,109,500,97.42853801227326
evolution_strategy,rastrigin,109,600,90.02262052592114
evolution_strategy,rastrigin,109,700,90.02262052592114
evolution_strategy,rastrigin,109,800,90.02262052592114
evolution_strategy,rastrigin,109,900,86.08425794157779
evolution_strategy,rastrigin,109,1000,73.6166386804834
evolution_strategy,rastrigin,109,1100,73.6166386804834
evolution_strategy,rastrigin,109,1200,73.6166386804834
evolution_strategy,rastrigin,109,1300,73.6166386804834
evolution_strategy,rastrigin,109,1400,73.6166386804834
evolution_strategy,rastrigin,109,1500,53.60400525347083
evolution_strategy,rastrigin,109,1600,53.60400525347083
evolution_strategy,rastrigin,109,1700,49.236840824600634
evolution_strategy,rastrigin,109,1800,49.236840824600634
evolution_strategy,rastrigin,109,1900,49.236840824600634
evolution_strategy,rastrigin,109,2000,49.236840824600634
evolution_strategy,rastrigin,109,2100,49.236840824600634
evolution_strategy,rastrigin,109,2200,49.236840824600634
evolution_strategy,rastrigin,109,2300,49.236840824600634
evolution_strategy,rastrigin,109,2400,47.919722104281675
evolution_strategy,rastrigin,109,2500,47.919722104281675
evolution_strategy,rastrigin,109,2600,37.293754784087845
evolution_strategy,rastrigin,109,2700,37.293754784087845
evolution_strategy,rastrigin,109,2800,37.293754784087845
evolution_strategy,rastrigin,109,2900,37.293754784087845
evolution_strategy,rastrigin,109,3000,30.83899554198298
evolution_strategy,rastrigin,109,3100,30.83899554198298
evolution_strategy,rastrigin,109,3200,27.751759443974862
evolution_strategy,rastrigin,109,3300,27.751759443974862
evolution_strategy,rastrigin,109,3400,27.751759443974862
evolution_strategy,rastrigin,109,3500,27.751759443974862
evolution_strategy,rastrigin,109,3600,27.751759443974862
evolution_strategy,rastrigin,109,3700,27.751759443974862
evolution_strategy,rastrigin,109,3800,27.751759443974862
evolution_strategy,rastrigin,109,3900,27.751759443974862
evolution_strategy,rastrigin,109,4000,27.751759443974862
evolution_strategy,rastrigin,109,4100,27.751759443974862
evolution_strategy,rastrigin,109,4200,27.751759443974862
evolution_strategy,rastrigin,109,4300,27.751759443974862
evolution_strategy,rastrigin,109,4400,27.751759443974862
evolution_strategy,rastrigin,109,4500,27.751759443974862
evolution_strategy,rastrigin,109,4600,27.751759443974862
evolution_strategy,rastrigin,109,4700,27.751759443974862
evolution_strategy,rastrigin,109,4800,27.751759443974862
evolution_strategy,rastrigin,109,4900,27.751759443974862
evolution_strategy,rastrigin,109,5000,27.751759443974862
evolution_strategy,rastrigin,109,5100,27.751759443974862
evolution_strategy,rastrigin,109,5200,27.751759443974862
evolution_strategy,rastrigin,109,5300,27.751759443974862
evolution_strategy,rastrigin,109,5400,27.751759443974862
evolution_strategy,rastrigin,109,5500,27.751759443974862
evolution_strategy,rastrigin,109,5600,27.751759443974862
evolution_strategy,rastrigin,109,5700,27.751759443974862
evolution_strategy,rastrigin,109,5800,27.751759443974862
evolution_strategy,rastrigin,109,5900,27.751759443974862
evolution_strategy,rastrigin,109,6000,27.751759443974862
evolution_strategy,rastrigin,109,6100,27.751759443974862
evolution_strategy,rastrigin,109,6200,27.751759443974862
evolution_strategy,rastrigin,109,6300,27.751759443974862
evolution_strategy,rastrigin,109,6400,27.751759443974862
evolution_strategy,rastrigin,109,6500,27.751759443974862
evolution_strategy,rastrigin,109,6600,27.751759443974862
evolution_strategy,rastrigin,109,6700,27.751759443974862
evolution_strategy,rastrigin,109,6800,27.751759443974862
evolution_strategy,rastrigin,109,6900,27.751759443974862
evolution_strategy,rastrigin,109,7000,27.751759443974862
evolution_strategy,rastrigin,109,7100,27.751759443974862
evolution_strategy,rastrigin,109,7200,27.751759443974862
evolution_strategy,rastrigin,109,7300,27.751759443974862
evolution_strategy,rastrigin,109,7400,27.751759443974862
evolution_strategy,rastrigin,109,7500,27.751759443974862
evolution_strategy,rastrigin,109,7600,27.751759443974862
evolution_strategy,rastrigin,109,7700,27.751759443974862
evolution_strategy,rastrigin,109,7800,27.751759443974862
evolution_strategy,rastrigin,109,7900,27.751759443974862
evolution_strategy,rastrigin,109,8000,19.403821952205007
evolution_strategy,rastrigin,109,8100,19.403821952205007
evolution_strategy,rastrigin,109,8200,19.403821952205007
evolution_strategy,rastrigin,109,8300,19.403821952205007
evolution_strategy,rastrigin,109,8400,19.403821952205007
evolution_strategy,rastrigin,109,8500,19.403821952205007
evolution_strategy,rastrigin,109,8600,19.403821952205007
evolution_strategy,rastrigin,109,8700,19.403821952205007
evolution_strategy,rastrigin,109,8800,19.403821952205007
evolution_strategy,rastrigin,109,8900,19.403821952205007
evolution_strategy,rastrigin,109,9000,19.403821952205007
evolution_strategy,rastrigin,109,9100,19.403821952205007
evolution_strategy,rastrigin,109,9200,19.403821952205007
evolution_strategy,rastrigin,109,9300,19.403821952205007
evolution_strategy,rastrigin,109,9400,19.403821952205007
evolution_strategy,rastrigin,109,9500,19.403821952205007
evolution_strategy,rastrigin,109,9600,19.403821952205007
evolution_strategy,rastrigin,109,9700,19.403821952205007
evolution_strategy,rastrigin,109,9800,19.403821952205007
evolution_strategy,rastrigin,109,9900,19.403821952205007
evolution_strategy,rastrigin,109,10000,19.403821952205007
evolution_strategy,rastrigin,109,10100,19.403821952205007
evolution_strategy,rastrigin,109,10200,19.403821952205007
evolution_strategy,rastrigin,109,10300,19.403821952205007
evolution_strategy,rastrigin,109,10400,19.403821952205007
evolution_strategy,rastrigin,109,10500,19.403821952205007
evolution_strategy,rastrigin,109,10600,19.403821952205007
evolution_strategy,rastrigin,109,10700,19.403821952205007
evolution_strategy,rastrigin,109,10800,19.403821952205007
evolution_strategy,rastrigin,109,10900,19.403821952205007
evolution_strategy,rastrigin,109,11000,19.403821952205007
evolution_strategy,rastrigin,109,11100,19.403821952205007
evolution_strategy,rastrigin,109,11200,19.403821952205007
evolution_strategy,rastrigin,109,11300,19.403821952205007
evolution_strategy,rastrigin,109,11400,19.403821952205007
evolution_strategy,rastrigin,109,11500,19.403821952205007
evolution_strategy,rastrigin,109,11600,19.403821952205007
evolution_strategy,rastrigin,109,11700,19.403821952205007
evolution_strategy,rastrigin,109,11800,19.403821952205007
evolution_strategy,rastrigin,109,11900,19.403821952205007
evolution_strategy,rastrigin,109,12000,19.403821952205007
evolution_strategy,rastrigin,109,12100,19.403821952205007
evolution_strategy,rastrigin,109,12200,19.403821952205007
evolution_strategy,rastrigin,109,12300,19.403821952205007
evolution_strategy,rastrigin,109,12400,19.403821952205007
evolution_strategy,rastrigin,109,12500,19.403821952205007
evolution_strategy,rastrigin,109,12600,19.403821952205007
evolution_strategy,rastrigin,109,12700,19.403821952205007
evolution_strategy,rastrigin,109,12800,19.403821952205007
evolution_strategy,rastrigin,109,12900,19.403821952205007
evolution_strategy,rastrigin,109,13000,19.403821952205007
evolution_strategy,rastrigin,109,13100,19.403821952205007
evolution_strategy,rastrigin,109,13200,19.403821952205007
evolution_strategy,rastrigin,109,13300,19.403821952205007
evolution_strategy,rastrigin,109,13400,19.403821952205007
evolution_strategy,rastrigin,109,13500,19.403821952205007
evolution_strategy,rastrigin,109,13600,19.403821952205007
evolution_strategy,rastrigin,109,13700,19.403821952205007
evolution_strategy,rastrigin,109,13800,19.403821952205007
evolution_strategy,rastrigin,109,13900,19.403821952205007
evolution_strategy,rastrigin,109,14000,19.403821952205007
evolution_strategy,rastrigin,109,14100,19.403821952205007
evolution_strategy,rastrigin,109,14200,19.403821952205007
evolution_strategy,rastrigin,109,14300,19.403821952205007
evolution_strategy,rastrigin,109,14400,19.403821952205007
evolution_strategy,rastrigin,109,14500,19.403821952205007
evolution_strategy,rastrigin,109,14600,19.403821952205007
evolution_strategy,rastrigin,109,14700,19.403821952205007
evolution_strategy,rastrigin,109,14800,19.403821952205007
evolution_strategy,rastrigin,109,14900,19.403821952205007
evolution_strategy,rastrigin,109,15000,19.403821952205007
evolution_strategy,rastrigin,109,15100,19.403821952205007
evolution_strategy,rastrigin,109,15200,19.403821952205007
evolution_strategy,rastrigin,109,15300,19.403821952205007
evolution_strategy,rastrigin,109,15400,19.403821952205007
evolution_strategy,rastrigin,109,15500,19.403821952205007
evolution_strategy,rastrigin,109,15600,19.403821952205007
evolution_strategy,rastrigin,109,15700,19.403821952205007
evolution_strategy,rastrigin,109,15800,19.403821952205007
evolution_strategy,rastrigin,109,15900,19.403821952205007
evolution_strategy,rastrigin,109,16000,19.403821952205007
evolution_strategy,rastrigin,109,16100,19.403821952205007
evolution_strategy,rastrigin,109,16200,19.403821952205007
evolution_strategy,rastrigin,109,16300,19.403821952205007
evolution_strategy,rastrigin,109,16400,19.403821952205007
evolution_strategy,rastrigin,109,16500,19.403821952205007
evolution_strategy,rastrigin,109,16600,19.403821952205007
evolution_strategy,rastrigin,109,16700,19.403821952205007
evolution_strategy,rastrigin,109,16800,19.403821952205007
evolution_strategy,rastrigin,109,16900,19.403821952205007
evolution_strategy,rastrigin,109,17000,19.403821952205007
evolution_strategy,rastrigin,109,17100,19.403821952205007
evolution_strategy,rastrigin,109,17200,19.403821952205007
evolution_strategy,rastrigin,109,17300,19.403821952205007
evolution_strategy,rastrigin,109,17400,19.403821952205007
evolution_strategy,rastrigin,109,17500,19.403821952205007
evolution_strategy,rastrigin,109,17600,19.403821952205007
evolution_strategy,rastrigin,109,17700,19.403821952205007
evolution_strategy,rastrigin,109,17800,19.403821952205007
evolution_strategy,rastrigin,109,17900,19.403821952205007
evolution_strategy,rastrigin,109,18000,19.403821952205007
evolution_strategy,rastrigin,109,18100,19.403821952205007
evolution_strategy,rastrigin,109,18200,19.403821952205007
evolution_strategy,rastrigin,109,18300,19.403821952205007
evolution_strategy,rastrigin,109,18400,19.403821952205007
evolution_strategy,rastrigin,109,18500,19.403821952205007
evolution_strategy,rastrigin,109,18600,19.403821952205007
evolution_strategy,rastrigin,109,18700,19.403821952205007
evolution_strategy,rastrigin,109,18800,19.403821952205007
evolution_strategy,rastrigin,109,18900,19.403821952205007
evolution_strategy,rastrigin,109,19000,19.403821952205007
evolution_strategy,rastrigin,109,19100,19.403821952205007
evolution_strategy,rastrigin,109,19200,19.403821952205007
evolution_strategy,rastrigin,109,19300,19.403821952205007
evolution_strategy,rastrigin,109,19400,19.403821952205007
evolution_strategy,rastrigin,109,19500,19.403821952205007
evolution_strategy,rastrigin,109,19600,19.403821952205007
evolution_strategy,rastrigin,109,19700,19.403821952205007
evolution_strategy,rastrigin,109,19800,19.403821952205007
evolution_strategy,rastrigin,109,19900,19.403821952205007
evolution_strategy,rastrigin,109,20000,19.403821952205007
evolution_strategy,rastrigin,110,100,105.20872323771816
evolution_strategy,rastrigin,110,200,86.2354799325975
evolution_strategy,rastrigin,110,300,79.66499762229547
evolution_strategy,rastrigin,110,400,79.66499762229547
evolution_strategy,rastrigin,110,500,79.66499762229547
evolution_strategy,rastrigin,110,600,75.5524701430639
evolution_strategy,rastrigin,110,700,72.13359740553496
evolution_strategy,rastrigin,110,800,72.13359740553496
evolution_strategy,rastrigin,110,900,72.13359740553496
evolution_strategy,rastrigin,110,1000,63.515559935106026
evolution_strategy,rastrigin,110,1100,63.515559935106026
evolution_strategy,rastrigin,110,1200,63.515559935106026
evolution_strategy,rastrigin,110,1300,63.515559935106026
evolution_strategy,rastrigin,110,1400,63.43487382599714
evolution_strategy,rastrigin,110,1500,63.43487382599714
evolution_strategy,rastrigin,110,1600,51.98407230268408
evolution_strategy,rastrigin,110,1700,51.98407230268408
evolution_strategy,rastrigin,110,1800,51.98407230268408
evolution_strategy,rastrigin,110,1900,51.98407230268408
evolution_strategy,rastrigin,110,2000,51.98407230268408
evolution_strategy,rastrigin,110,2100,51.98407230268408
evolution_strategy,rastrigin,110,2200,51.98407230268408
evolution_strategy,rastrigin,110,2300,51.98407230268408
evolution_strategy,rastrigin,110,2400,48.50096910360519
evolution_strategy,rastrigin,110,2500,46.95564835240167
evolution_strategy,rastrigin,110,2600,40.85680664183367
evolution_strategy,rastrigin,110,2700,40.85680664183367
evolution_strategy,rastrigin,110,2800,40.85680664183367
evolution_strategy,rastrigin,110,2900,40.85680664183367
evolution_strategy,rastrigin,110,3000,40.85680664183367
evolution_strategy,rastrigin,110,3100,39.76961206478367
evolution_strategy,rastrigin,110,3200,39.76961206478367
evolution_strategy,rastrigin,110,3300,39.76961206478367
evolution_strategy,rastrigin,110,3400,39.76961206478367
evolution_strategy,rastrigin,110,3500,37.49530778735806
evolution_strategy,rastrigin,110,3600,36.0792994604406
evolution_strategy,rastrigin,110,3700,36.0792994604406
evolution_strategy,rastrigin,110,3800,36.0792994604406
evolution_strategy,rastrigin,110,3900,36.0792994604406
evolution_strategy,rastrigin,110,4000,36.0792994604406
evolution_strategy,rastrigin,110,4100,36.0792994604406
evolution_strategy,rastrigin,110,4200,36.0792994604406
evolution_strategy,rastrigin,110,4300,36.0792994604406
evolution_strategy,rastrigin,110,4400,36.0792994604406
evolution_strategy,rastrigin,110,4500,36.0792994604406
evolution_strategy,rastrigin,110,4600,36.0792994604406
evolution_strategy,rastrigin,110,4700,36.0792994604406
evolution_strategy,rastrigin,110,4800,36.0792994604406
evolution_strategy,rastrigin,110,4900,36.0792994604406
evolution_strategy,rastrigin,110,5000,26.112756606667332
evolution_strategy,rastrigin,110,5100,26.112756606667332
evolution_strategy,rastrigin,110,5200,26.112756606667332
evolution_strategy,rastrigin,110,5300,26.112756606667332
evolution_strategy,rastrigin,110,5400,26.112756606667332
evolution_strategy,rastrigin,110,5500,26.112756606667332
evolution_strategy,rastrigin,110,5600,26.112756606667332
evolution_strategy,rastrigin,110,5700,26.112756606667332
evolution_strategy,rastrigin,110,5800,26.112756606667332
evolution_strategy,rastrigin,110,5900,26.112756606667332
evolution_strategy,rastrigin,110,6000,26.112756606667332
evolution_strategy,rastrigin,110,6100,26.112756606667332
evolution_strategy,rastrigin,110,6200,26.112756606667332
evolution_strategy,rastrigin,110,6300,24.79322737734661
evolution_strategy,rastrigin,110,6400,24.79322737734661
evolution_strategy,rastrigin,110,6500,24.79322737734661
evolution_strategy,rastrigin,110,6600,24.79322737734661
evolution_strategy,rastrigin,110,6700,24.79322737734661
evolution_strategy,rastrigin,110,6800,24.79322737734661
evolution_strategy,rastrigin,110,6900,24.79322737734661
evolution_strategy,rastrigin,110,7000,24.79322737734661
evolution_strategy,rastrigin,110,7100,24.79322737734661
evolution_strategy,rastrigin,110,7200,24.79322737734661
evolution_strategy,rastrigin,110,7300,24.79322737734661
evolution_strategy,rastrigin,110,7400,24.79322737734661
evolution_strategy,rastrigin,110,7500,24.79322737734661
evolution_strategy,rastrigin,110,7600,24.79322737734661
evolution_strategy,rastrigin,110,7700,24.79322737734661
evolution_strategy,rastrigin,110,7800,24.79322737734661
evolution_strategy,rastrigin,110,7900,24.79322737734661
evolution_strategy,rastrigin,110,8000,24.79322737734661
evolution_strategy,rastrigin,110,8100,24.79322737734661
evolution_strategy,rastrigin,110,8200,24.79322737734661
evolution_strategy,rastrigin,110,8300,24.79322737734661
evolution_strategy,rastrigin,110,8400,24.79322737734661
evolution_strategy,rastrigin,110,8500,24.79322737734661
evolution_strategy,rastrigin,110,8600,24.79322737734661
evolution_strategy,rastrigin,110,8700,24.79322737734661
evolution_strategy,rastrigin,110,8800,24.79322737734661
evolution_strategy,rastrigin,110,8900,24.79322737734661
evolution_strategy,rastrigin,110,9000,24.79322737734661
evolution_strategy,rastrigin,110,9100,24.79322737734661
evolution_strategy,rastrigin,110,9200,24.79322737734661
evolution_strategy,rastrigin,110,9300,24.79322737734661
evolution_strategy,rastrigin,110,9400,24.79322737734661
evolution_strategy,rastrigin,110,9500,24.79322737734661
evolution_strategy,rastrigin,110,9600,24.79322737734661
evolution_strategy,rastrigin,110,9700,24.79322737734661
evolution_strategy,rastrigin,110,9800,24.79322737734661
evolution_strategy,rastrigin,110,9900,24.79322737734661
evolution_strategy,rastrigin,110,10000,24.79322737734661
evolution_strategy,rastrigin,110,10100,24.79322737734661
evolution_strategy,rastrigin,110,10200,24.79322737734661
evolution_strategy,rastrigin,110,10300,24.79322737734661
evolution_strategy,rastrigin,110,10400,24.79322737734661
evolution_strategy,rastrigin,110,10500,24.79322737734661
evolution_strategy,rastrigin,110,10600,24.79322737734661
evolution_strategy,rastrigin,110,10700,24.79322737734661
evolution_strategy,rastrigin,110,10800,24.79322737734661
evolution_strategy,rastrigin,110,10900,24.79322737734661
evolution_strategy,rastrigin,110,11000,24.79322737734661
evolution_strategy,rastrigin,110,11100,24.79322737734661
evolution_strategy,rastrigin,110,11200,24.79322737734661
evolution_strategy,rastrigin,110,11300,24.79322737734661
evolution_strategy,rastrigin,110,11400,24.79322737734661
evolution_strategy,rastrigin,110,11500,24.79322737734661
evolution_strategy,rastrigin,110,11600,24.79322737734661
evolution_strategy,rastrigin,110,11700,24.79322737734661
evolution_strategy,rastrigin,110,11800,24.79322737734661
evolution_strategy,rastrigin,110,11900,24.79322737734661
evolution_strategy,rastrigin,110,12000,24.79322737734661
evolution_strategy,rastrigin,110,12100,24.79322737734661
evolution_strategy,rastrigin,110,12200,24.79322737734661
evolution_strategy,rastrigin,110,12300,24.79322737734661
evolution_strategy,rastrigin,110,12400,24.79322737734661
evolution_strategy,rastrigin,110,12500,24.79322737734661
evolution_strategy,rastrigin,110,12600,24.79322737734661
evolution_strategy,rastrigin,110,12700,24.79322737734661
evolution_strategy,rastrigin,110,12800,24.79322737734661
evolution_strategy,rastrigin,110,12900,24.79322737734661
evolution_strategy,rastrigin,110,13000,24.79322737734661
evolution_strategy,rastrigin,110,13100,24.79322737734661
evolution_strategy,rastrigin,110,13200,24.79322737734661
evolution_strategy,rastrigin,110,13300,24.79322737734661
evolution_strategy,rastrigin,110,13400,24.79322737734661
evolution_strategy,rastrigin,110,13500,24.79322737734661
evolution_strategy,rastrigin,110,13600,23.700674204639242
evolution_strategy,rastrigin,110,13700,23.700674204639242
evolution_strategy,rastrigin,110,13800,23.700674204639242
evolution_strategy,rastrigin,110,13900,23.700674204639242
evolution_strategy,rastrigin,110,14000,23.700674204639242
evolution_strategy,rastrigin,110,14100,23.700674204639242
evolution_strategy,rastrigin,110,14200,23.700674204639242
evolution_strategy,rastrigin,110,14300,23.700674204639242
evolution_strategy,rastrigin,110,14400,23.700674204639242
evolution_strategy,rastrigin,110,14500,23.700674204639242
evolution_strategy,rastrigin,110,14600,23.700674204639242
evolution_strategy,rastrigin,110,14700,23.700674204639242
evolution_strategy,rastrigin,110,14800,23.700674204639242
evolution_strategy,rastrigin,110,14900,23.700674204639242
evolution_strategy,rastrigin,110,15000,23.700674204639242
evolution_strategy,rastrigin,110,15100,23.700674204639242
evolution_strategy,rastrigin,110,15200,23.700674204639242
evolution_strategy,rastrigin,110,15300,23.700674204639242
evolution_strategy,rastrigin,110,15400,23.700674204639242
evolution_strategy,rastrigin,110,15500,23.700674204639242
evolution_strategy,rastrigin,110,15600,23.700674204639242
evolution_strategy,rastrigin,110,15700,23.700674204639242
evolution_strategy,rastrigin,110,15800,23.700674204639242
evolution_strategy,rastrigin,110,15900,23.700674204639242
evolution_strategy,rastrigin,110,16000,23.700674204639242
evolution_strategy,rastrigin,110,16100,23.700674204639242
evolution_strategy,rastrigin,110,16200,23.700674204639242
evolution_strategy,rastrigin,110,16300,23.700674204639242
evolution_strategy,rastrigin,110,16400,23.700674204639242
evolution_strategy,rastrigin,110,16500,23.700674204639242
evolution_strategy,rastrigin,110,16600,23.700674204639242
evolution_strategy,rastrigin,110,16700,23.700674204639242
evolution_strategy,rastrigin,110,16800,23.700674204639242
evolution_strategy,rastrigin,110,16900,23.700674204639242
evolution_strategy,rastrigin,110,17000,23.700674204639242
evolution_strategy,rastrigin,110,17100,23.700674204639242
evolution_strategy,rastrigin,110,17200,23.700674204639242
evolution_strategy,rastrigin,110,17300,23.700674204639242
evolution_strategy,rastrigin,110,17400,23.700674204639242
evolution_strategy,rastrigin,110,17500,23.700674204639242
evolution_strategy,rastrigin,110,17600,23.700674204639242
evolution_strategy,rastrigin,110,17700,23.700674204639242
evolution_strategy,rastrigin,110,17800,23.700674204639242
evolution_strategy,rastrigin,110,17900,23.700674204639242
evolution_strategy,rastrigin,110,18000,23.700674204639242
evolution_strategy,rastrigin,110,18100,23.700674204639242
evolution_strategy,rastrigin,110,18200,23.700674204639242
evolution_strategy,rastrigin,110,18300,23.700674204639242
evolution_strategy,rastrigin,110,18400,23.700674204639242
evolution_strategy,rastrigin,110,18500,23.700674204639242
evolution_strategy,rastrigin,110,18600,23.700674204639242
evolution_strategy,rastrigin,110,18700,23.700674204639242
evolution_strategy,rastrigin,110,18800,23.700674204639242
evolution_strategy,rastrigin,110,18900,23.700674204639242
evolution_strategy,rastrigin,110,19000,23.700674204639242
evolution_strategy,rastrigin,110,19100,23.700674204639242
evolution_strategy,rastrigin,110,19200,23.700674204639242
evolution_strategy,rastrigin,110,19300,23.700674204639242
evolution_strategy,rastrigin,110,19400,23.700674204639242
evolution_strategy,rastrigin,110,19500,23.700674204639242
evolution_strategy,rastrigin,110,19600,23.700674204639242
evolution_strategy,rastrigin,110,19700,23.700674204639242
evolution_strategy,rastrigin,110,19800,23.700674204639242
evolution_strategy,rastrigin,110,19900,23.700674204639242
evolution_strategy,rastrigin,110,20000,23.700674204639242
evolution_strategy,rastrigin,111,100,113.66440149039931
evolution_strategy,rastrigin,111,200,77.94390679936002
evolution_strategy,rastrigin,111,300,77.94390679936002
evolution_strategy,rastrigin,111,400,77.94390679936002
evolution_strategy,rastrigin,111,500,77.94390679936002
evolution_strategy,rastrigin,111,600,76.63152930797193
evolution_strategy,rastrigin,111,700,76.63152930797193
evolution_strategy,rastrigin,111,800,76.63152930797193
evolution_strategy,rastrigin,111,900,76.63152930797193
evolution_strategy,rastrigin,111,1000,75.68067608087762
evolution_strategy,rastrigin,111,1100,75.68067608087762
evolution_strategy,rastrigin,111,1200,75.48281493065736
evolution_strategy,rastrigin,111,1300,75.48281493065736
evolution_strategy,rastrigin,111,1400,75.48281493065736
evolution_strategy,rastrigin,111,1500,75.48281493065736
evolution_strategy,rastrigin,111,1600,47.52224719342522
evolution_strategy,rastrigin,111,1700,47.52224719342522
evolution_strategy,rastrigin,111,1800,47.52224719342522
evolution_strategy,rastrigin,111,1900,47.52224719342522
evolution_strategy,rastrigin,111,2000,47.52224719342522
evolution_strategy,rastrigin,111,2100,47.52224719342522
evolution_strategy,rastrigin,111,2200,47.52224719342522
evolution_strategy,rastrigin,111,2300,47.52224719342522
evolution_strategy,rastrigin,111,2400,47.52224719342522
evolution_strategy,rastrigin,111,2500,47.52224719342522
evolution_strategy,rastrigin,111,2600,47.52224719342522
evolution_strategy,rastrigin,111,2700,47.52224719342522
evolution_strategy,rastrigin,111,2800,47.52224719342522
evolution_strategy,rastrigin,111,2900,47.52224719342522
evolution_strategy,rastrigin,111,3000,47.52224719342522
evolution_strategy,rastrigin,111,3100,47.52224719342522
evolution_strategy,rastrigin,111,3200,47.52224719342522
evolution_strategy,rastrigin,111,3300,47.52224719342522
evolution_strategy,rastrigin,111,3400,47.52224719342522
evolution_strategy,rastrigin,111,3500,47.52224719342522
evolution_strategy,rastrigin,111,3600,47.52224719342522
evolution_strategy,rastrigin,111,3700,47.52224719342522
evolution_strategy,rastrigin,111,3800,47.52224719342522
evolution_strategy,rastrigin,111,3900,47.52224719342522
evolution_strategy,rastrigin,111,4000,47.52224719342522
evolution_strategy,rastrigin,111,4100,42.54145932392548
evolution_strategy,rastrigin,111,4200,41.650935877010475
evolution_strategy,rastrigin,111,4300,41.650935877010475
evolution_strategy,rastrigin,111,4400,38.54375604832427
evolution_strategy,rastrigin,111,4500,38.54375604832427
evolution_strategy,rastrigin,111,4600,38.54375604832427
evolution_strategy,rastrigin,111,4700,38.54375604832427
evolution_strategy,rastrigin,111,4800,38.54375604832427
evolution_strategy,rastrigin,111,4900,38.54375604832427
evolution_strategy,rastrigin,111,5000,38.54375604832427
evolution_strategy,rastrigin,111,5100,30.751916498960256
evolution_strategy,rastrigin,111,5200,24.925490883742867
evolution_strategy,rastrigin,111,5300,24.925490883742867
evolution_strategy,rastrigin,111,5400,24.925490883742867
evolution_strategy,rastrigin,111,5500,24.925490883742867
evolution_strategy,rastrigin,111,5600,24.925490883742867
evolution_strategy,rastrigin,111,5700,21.83868505782263
evolution_strategy,rastrigin,111,5800,21.83868505782263
evolution_strategy,rastrigin,111,5900,21.83868505782263
evolution_strategy,rastrigin,111,6000,21.83868505782263
evolution_strategy,rastrigin,111,6100,21.83868505782263
evolution_strategy,rastrigin,111,6200,21.83868505782263
evolution_strategy,rastrigin,111,6300,21.83868505782263
evolution_strategy,rastrigin,111,6400,21.83868505782263
evolution_strategy,rastrigin,111,6500,21.83868505782263
evolution_strategy,rastrigin,111,6600,21.83868505782263
evolution_strategy,rastrigin,111,6700,21.83868505782263
evolution_strategy,rastrigin,111,6800,21.83868505782263
evolution_strategy,rastrigin,111,6900,21.83868505782263
evolution_strategy,rastrigin,111,7000,21.83868505782263
evolution_strategy,rastrigin,111,7100,21.83868505782263
evolution_strategy,rastrigin,111,7200,21.83868505782263
evolution_strategy,rastrigin,111,7300,21.83868505782263
evolution_strategy,rastrigin,111,7400,21.83868505782263
evolution_strategy,rastrigin,111,7500,21.83868505782263
evolution_strategy,rastrigin,111,7600,21.83868505782263
evolution_strategy,rastrigin,111,7700,21.83868505782263
evolution_strategy,rastrigin,111,7800,21.83868505782263
evolution_strategy,rastrigin,111,7900,21.83868505782263
evolution_strategy,rastrigin,111,8000,21.83868505782263
evolution_strategy,rastrigin,111,8100,21.83868505782263
evolution_strategy,rastrigin,111,8200,21.83868505782263
evolution_strategy,rastrigin,111,8300,21.83868505782263
evolution_strategy,rastrigin,111,8400,21.83868505782263
evolution_strategy,rastrigin,111,8500,21.83868505782263
evolution_strategy,rastrigin,111,8600,21.83868505782263
evolution_strategy,rastrigin,111,8700,21.83868505782263
evolution_strategy,rastrigin,111,8800,21.83868505782263
evolution_strategy,rastrigin,111,8900,21.83868505782263
evolution_strategy,rastrigin,111,9000,21.83868505782263
evolution_strategy,rastrigin,111,9100,21.83868505782263
evolution_strategy,rastrigin,111,9200,21.83868505782263
evolution_strategy,rastrigin,111,9300,21.83868505782263
evolution_strategy,rastrigin,111,9400,21.83868505782263
evolution_strategy,rastrigin,111,9500,21.83868505782263
evolution_strategy,rastrigin,111,9600,21.83868505782263
evolution_strategy,rastrigin,111,9700,21.83868505782263
evolution_strategy,rastrigin,111,9800,21.83868505782263
evolution_strategy,rastrigin,111,9900,21.83868505782263
evolution_strategy,rastrigin,111,10000,21.83868505782263
evolution_strategy,rastrigin,111,10100,21.83868505782263
evolution_strategy,rastrigin,111,10200,21.83868505782263
evolution_strategy,rastrigin,111,10300,21.83868505782263
evolution_strategy,rastrigin,111,10400,21.83868505782263
evolution_strategy,rastrigin,111,10500,21.83868505782263
evolution_strategy,rastrigin,111,10600,21.83868505782263
evolution_strategy,rastrigin,111,10700,21.83868505782263
evolution_strategy,rastrigin,111,10800,21.83868505782263
evolution_strategy,rastrigin,111,10900,21.83868505782263
evolution_strategy,rastrigin,111,11000,21.83868505782263
evolution_strategy,rastrigin,111,11100,21.83868505782263
evolution_strategy,rastrigin,111,11200,21.83868505782263
evolution_strategy,rastrigin,111,11300,21.83868505782263
evolution_strategy,rastrigin,111,11400,21.83868505782263
evolution_strategy,rastrigin,111,11500,21.83868505782263
evolution_strategy,rastrigin,111,11600,21.83868505782263
evolution_strategy,rastrigin,111,11700,21.83868505782263
evolution_strategy,rastrigin,111,11800,21.83868505782263
evolution_strategy,rastrigin,111,11900,21.83868505782263
evolution_strategy,rastrigin,111,12000,21.83868505782263
evolution_strategy,rastrigin,111,12100,21.83868505782263
evolution_strategy,rastrigin,111,12200,21.83868505782263
evolution_strategy,rastrigin,111,12300,21.83868505782263
evolution_strategy,rastrigin,111,12400,21.83868505782263
evolution_strategy,rastrigin,111,12500,21.83868505782263
evolution_strategy,rastrigin,111,12600,21.83868505782263
evolution_strategy,rastrigin,111,12700,21.83868505782263
evolution_strategy,rastrigin,111,12800,21.83868505782263
evolution_strategy,rastrigin,111,12900,21.83868505782263
evolution_strategy,rastrigin,111,13000,21.83868505782263
evolution_strategy,rastrigin,111,13100,21.83868505782263
evolution_strategy,rastrigin,111,13200,21.83868505782263
evolution_strategy,rastrigin,111,13300,21.83868505782263
evolution_strategy,rastrigin,111,13400,21.83868505782263
evolution_strategy,rastrigin,111,13500,21.83868505782263
evolution_strategy,rastrigin,111,13600,21.83868505782263
evolution_strategy,rastrigin,111,13700,21.83868505782263
evolution_strategy,rastrigin,111,13800,21.83868505782263
evolution_strategy,rastrigin,111,13900,21.83868505782263
evolution_strategy,rastrigin,111,14000,21.83868505782263
evolution_strategy,rastrigin,111,14100,21.83868505782263
evolution_strategy,rastrigin,111,14200,21.83868505782263
evolution_strategy,rastrigin,111,14300,21.83868505782263
evolution_strategy,rastrigin,111,14400,21.83868505782263
evolution_strategy,rastrigin,111,14500,21.83868505782263
evolution_strategy,rastrigin,111,14600,21.83868505782263
evolution_strategy,rastrigin,111,14700,21.83868505782263
evolution_strategy,rastrigin,111,14800,21.83868505782263
evolution_strategy,rastrigin,111,14900,21.83868505782263
evolution_strategy,rastrigin,111,15000,21.83868505782263
evolution_strategy,rastrigin,111,15100,21.83868505782263
evolution_strategy,rastrigin,111,15200,21.83868505782263
evolution_strategy,rastrigin,111,15300,21.83868505782263
evolution_strategy,rastrigin,111,15400,21.83868505782263
evolution_strategy,rastrigin,111,15500,21.83868505782263
evolution_strategy,rastrigin,111,15600,21.83868505782263
evolution_strategy,rastrigin,111,15700,21.83868505782263
evolution_strategy,rastrigin,111,15800,21.83868505782263
evolution_strategy,rastrigin,111,15900,21.83868505782263
evolution_strategy,rastrigin,111,16000,21.83868505782263
evolution_strategy,rastrigin,111,16100,21.83868505782263
evolution_strategy,rastrigin,111,16200,21.83868505782263
evolution_strategy,rastrigin,111,16300,21.83868505782263
evolution_strategy,rastrigin,111,16400,21.83868505782263
evolution_strategy,rastrigin,111,16500,21.83868505782263
evolution_strategy,rastrigin,111,16600,21.83868505782263
evolution_strategy,rastrigin,111,16700,21.83868505782263
evolution_strategy,rastrigin,111,16800,21.83868505782263
evolution_strategy,rastrigin,111,16900,21.83868505782263
evolution_strategy,rastrigin,111,17000,21.83868505782263
evolution_strategy,rastrigin,111,17100,21.83868505782263
evolution_strategy,rastrigin,111,17200,21.83868505782263
evolution_strategy,rastrigin,111,17300,21.83868505782263
evolution_strategy,rastrigin,111,17400,21.83868505782263
evolution_strategy,rastrigin,111,17500,21.83868505782263
evolution_strategy,rastrigin,111,17600,21.83868505782263
evolution_strategy,rastrigin,111,17700,21.83868505782263
evolution_strategy,rastrigin,111,17800,21.83868505782263
evolution_strategy,rastrigin,111,17900,21.83868505782263
evolution_strategy,rastrigin,111,18000,21.83868505782263
evolution_strategy,rastrigin,111,18100,21.83868505782263
evolution_strategy,rastrigin,111,18200,21.83868505782263
evolution_strategy,rastrigin,111,18300,21.83868505782263
evolution_strategy,rastrigin,111,18400,21.83868505782263
evolution_strategy,rastrigin,111,18500,21.83868505782263
evolution_strategy,rastrigin,111,18600,21.83868505782263
evolution_strategy,rastrigin,111,18700,21.83868505782263
evolution_strategy,rastrigin,111,18800,21.83868505782263
evolution_strategy,rastrigin,111,18900,21.83868505782263
evolution_strategy,rastrigin,111,19000,21.83868505782263
evolution_strategy,rastrigin,111,19100,21.83868505782263
evolution_strategy,rastrigin,111,19200,21.83868505782263
evolution_strategy,rastrigin,111,19300,21.83868505782263
evolution_strategy,rastrigin,111,19400,21.83868505782263
evolution_strategy,rastrigin,111,19500,21.83868505782263
evolution_strategy,rastrigin,111,19600,21.83868505782263
evolution_strategy,rastrigin,111,19700,21.83868505782263
evolution_strategy,rastrigin,111,19800,21.83868505782263
evolution_strategy,rastrigin,111,19900,21.83868505782263
evolution_strategy,rastrigin,111,20000,21.83868505782263
evolution_strategy,rastrigin,112,100,73.70264866132977
evolution_strategy,rastrigin,112,200,72.9751247536418
evolution_strategy,rastrigin,112,300,67.10966807511198
evolution_strategy,rastrigin,112,400,65.88841033248059
evolution_strategy,rastrigin,112,500,60.03477361900965
evolution_strategy,rastrigin,112,600,48.268734894624814
evolution_strategy,rastrigin,112,700,48.268734894624814
evolution_strategy,rastrigin,112,800,48.268734894624814
evolution_strategy,rastrigin,112,900,44.95923208967994
evolution_strategy,rastrigin,112,1000,44.95923208967994
evolution_strategy,rastrigin,112,1100,44.95923208967994
evolution_strategy,rastrigin,112,1200,44.95923208967994
evolution_strategy,rastrigin,112,1300,42.17798514635531
evolution_strategy,rastrigin,112,1400,42.17798514635531
evolution_strategy,rastrigin,112,1500,40.83042951024382
evolution_strategy,rastrigin,112,1600,40.83042951024382
evolution_strategy,rastrigin,112,1700,40.83042951024382
evolution_strategy,rastrigin,112,1800,40.83042951024382
evolution_strategy,rastrigin,112,1900,40.83042951024382
evolution_strategy,rastrigin,112,2000,35.121439591318676
evolution_strategy,rastrigin,112,2100,35.121439591318676
evolution_strategy,rastrigin,112,2200,35.121439591318676
evolution_strategy,rastrigin,112,2300,35.121439591318676
evolution_strategy,rastrigin,112,2400,35.121439591318676
evolution_strategy,rastrigin,112,2500,35.121439591318676
evolution_strategy,rastrigin,112,2600,35.121439591318676
evolution_strategy,rastrigin,112,2700,35.121439591318676
evolution_strategy,rastrigin,112,2800,35.121439591318676
evolution_strategy,rastrigin,112,2900,35.121439591318676
evolution_strategy,rastrigin,112,3000,35.121439591318676
evolution_strategy,rastrigin,112,3100,35.121439591318676
evolution_strategy,rastrigin,112,3200,14.830849707501528
evolution_strategy,rastrigin,112,3300,14.830849707501528
evolution_strategy,rastrigin,112,3400,14.830849707501528
evolution_strategy,rastrigin,112,3500,14.830849707501528
evolution_strategy,rastrigin,112,3600,14.830849707501528
evolution_strategy,rastrigin,112,3700,14.830849707501528
evolution_strategy,rastrigin,112,3800,14.830849707501528
evolution_strategy,rastrigin,112,3900,14.830849707501528
evolution_strategy,rastrigin,112,4000,14.830849707501528
evolution_strategy,rastrigin,112,4100,14.830849707501528
evolution_strategy,rastrigin,112,4200,14.830849707501528
evolution_strategy,rastrigin,112,4300,14.830849707501528
evolution_strategy,rastrigin,112,4400,14.830849707501528
evolution_strategy,rastrigin,112,4500,14.830849707501528
evolution_strategy,rastrigin,112,4600,14.830849707501528
evolution_strategy,rastrigin,112,4700,14.830849707501528
evolution_strategy,rastrigin,112,4800,14.830849707501528
evolution_strategy,rastrigin,112,4900,14.830849707501528
evolution_strategy,rastrigin,112,5000,14.830849707501528
evolution_strategy,rastrigin,112,5100,14.830849707501528
evolution_strategy,rastrigin,112,5200,14.830849707501528
evolution_strategy,rastrigin,112,5300,14.830849707501528
evolution_strategy,rastrigin,112,5400,14.830849707501528
evolution_strategy,rastrigin,112,5500,14.830849707501528
evolution_strategy,rastrigin,112,5600,14.830849707501528
evolution_strategy,rastrigin,112,5700,14.830849707501528
evolution_strategy,rastrigin,112,5800,14.830849707501528
evolution_strategy,rastrigin,112,5900,14.830849707501528
evolution_strategy,rastrigin,112,6000,14.830849707501528
evolution_strategy,rastrigin,112,6100,14.830849707501528
evolution_strategy,rastrigin,112,6200,14.830849707501528
evolution_strategy,rastrigin,112,6300,14.830849707501528
evolution_strategy,rastrigin,112,6400,14.830849707501528
evolution_strategy,rastrigin,112,6500,14.830849707501528
evolution_strategy,rastrigin,112,6600,14.830849707501528
evolution_strategy,rastrigin,112,6700,14.830849707501528
evolution_strategy,rastrigin,112,6800,14.830849707501528
evolution_strategy,rastrigin,112,6900,14.830849707501528
evolution_strategy,rastrigin,112,7000,14.830849707501528
evolution_strategy,rastrigin,112,7100,14.830849707501528
evolution_strategy,rastrigin,112,7200,14.830849707501528
evolution_strategy,rastrigin,112,7300,14.830849707501528
evolution_strategy,rastrigin,112,7400,14.830849707501528
evolution_strategy,rastrigin,112,7500,14.830849707501528
evolution_strategy,rastrigin,112,7600,14.830849707501528
evolution_strategy,rastrigin,112,7700,14.830849707501528
evolution_strategy,rastrigin,112,7800,14.830849707501528
evolution_strategy,rastrigin,112,7900,14.830849707501528
evolution_strategy,rastrigin,112,8000,14.830849707501528
evolution_strategy,rastrigin,112,8100,14.830849707501528
evolution_strategy,rastrigin,112,8200,14.830849707501528
evolution_strategy,rastrigin,112,8300,14.830849707501528
evolution_strategy,rastrigin,112,8400,14.830849707501528
evolution_strategy,rastrigin,112,8500,14.830849707501528
evolution_strategy,rastrigin,112,8600,14.830849707501528
evolution_strategy,rastrigin,112,8700,14.830849707501528
evolution_strategy,rastrigin,112,8800,14.830849707501528
evolution_strategy,rastrigin,112,8900,14.830849707501528
evolution_strategy,rastrigin,112,9000,14.830849707501528
evolution_strategy,rastrigin,112,9100,14.830849707501528
evolution_strategy,rastrigin,112,9200,14.830849707501528
evolution_strategy,rastrigin,112,9300,14.830849707501528
evolution_strategy,rastrigin,112,9400,14.830849707501528
evolution_strategy,rastrigin,112,9500,14.830849707501528
evolution_strategy,rastrigin,112,9600,14.830849707501528
evolution_strategy,rastrigin,112,9700,14.830849707501528
evolution_strategy,rastrigin,112,9800,14.830849707501528
evolution_strategy,rastrigin,112,9900,14.830849707501528
evolution_strategy,rastrigin,112,10000,14.830849707501528
evolution_strategy,rastrigin,112,10100,14.830849707501528
evolution_strategy,rastrigin,112,10200,14.830849707501528
evolution_strategy,rastrigin,112,10300,14.830849707501528
evolution_strategy,rastrigin,112,10400,14.830849707501528
evolution_strategy,rastrigin,112,10500,14.830849707501528
evolution_strategy,rastrigin,112,10600,14.830849707501528
evolution_strategy,rastrigin,112,10700,14.830849707501528
evolution_strategy,rastrigin,112,10800,14.830849707501528
evolution_strategy,rastrigin,112,10900,14.830849707501528
evolution_strategy,rastrigin,112,11000,14.830849707501528
evolution_strategy,rastrigin,112,11100,14.830849707501528
evolution_strategy,rastrigin,112,11200,14.830849707501528
evolution_strategy,rastrigin,112,11300,14.830849707501528
evolution_strategy,rastrigin,112,11400,14.830849707501528
evolution_strategy,rastrigin,112,11500,14.830849707501528
evolution_strategy,rastrigin,112,11600,14.830849707501528
evolution_strategy,rastrigin,112,11700,14.830849707501528
evolution_strategy,rastrigin,112,11800,14.830849707501528
evolution_strategy,rastrigin,112,11900,14.830849707501528
evolution_strategy,rastrigin,112,12000,14.830849707501528
evolution_strategy,rastrigin,112,12100,14.830849707501528
evolution_strategy,rastrigin,112,12200,14.830849707501528
evolution_strategy,rastrigin,112,12300,14.830849707501528
evolution_strategy,rastrigin,112,12400,14.830849707501528
evolution_strategy,rastrigin,112,12500,14.830849707501528
evolution_strategy,rastrigin,112,12600,14.830849707501528
evolution_strategy,rastrigin,112,12700,14.830849707501528
evolution_strategy,rastrigin,112,12800,14.830849707501528
evolution_strategy,rastrigin,112,12900,14.830849707501528
evolution_strategy,rastrigin,112,13000,14.830849707501528
evolution_strategy,rastrigin,112,13100,14.830849707501528
evolution_strategy,rastrigin,112,13200,14.830849707501528
evolution_strategy,rastrigin,112,13300,14.830849707501528
evolution_strategy,rastrigin,112,13400,14.830849707501528
evolution_strategy,rastrigin,112,13500,14.830849707501528
evolution_strategy,rastrigin,112,13600,14.830849707501528
evolution_strategy,rastrigin,112,13700,14.830849707501528
evolution_strategy,rastrigin,112,13800,14.830849707501528
evolution_strategy,rastrigin,112,13900,14.830849707501528
evolution_strategy,rastrigin,112,14000,14.830849707501528
evolution_strategy,rastrigin,112,14100,14.830849707501528
evolution_strategy,rastrigin,112,14200,14.830849707501528
evolution_strategy,rastrigin,112,14300,14.830849707501528
evolution_strategy,rastrigin,112,14400,14.830849707501528
evolution_strategy,rastrigin,112,14500,14.830849707501528
evolution_strategy,rastrigin,112,14600,14.830849707501528
evolution_strategy,rastrigin,112,14700,14.830849707501528
evolution_strategy,rastrigin,112,14800,14.830849707501528
evolution_strategy,rastrigin,112,14900,14.830849707501528
evolution_strategy,rastrigin,112,15000,14.830849707501528
evolution_strategy,rastrigin,112,15100,14.830849707501528
evolution_strategy,rastrigin,112,15200,14.830849707501528
evolution_strategy,rastrigin,112,15300,14.830849707501528
evolution_strategy,rastrigin,112,15400,14.830849707501528
evolution_strategy,rastrigin,112,15500,14.830849707501528
evolution_strategy,rastrigin,112,15600,14.830849707501528
evolution_strategy,rastrigin,112,15700,14.830849707501528
evolution_strategy,rastrigin,112,15800,14.830849707501528
evolution_strategy,rastrigin,112,15900,14.830849707501528
evolution_strategy,rastrigin,112,16000,14.830849707501528
evolution_strategy,rastrigin,112,16100,14.830849707501528
evolution_strategy,rastrigin,112,16200,14.830849707501528
evolution_strategy,rastrigin,112,16300,14.830849707501528
evolution_strategy,rastrigin,112,16400,14.830849707501528
evolution_strategy,rastrigin,112,16500,14.830849707501528
evolution_strategy,rastrigin,112,16600,14.830849707501528
evolution_strategy,rastrigin,112,16700,14.830849707501528
evolution_strategy,rastrigin,112,16800,14.830849707501528
evolution_strategy,rastrigin,112,16900,14.830849707501528
evolution_strategy,rastrigin,112,17000,14.830849707501528
evolution_strategy,rastrigin,112,17100,14.830849707501528
evolution_strategy,rastrigin,112,17200,14.830849707501528
evolution_strategy,rastrigin,112,17300,14.830849707501528
evolution_strategy,rastrigin,112,17400,14.830849707501528
evolution_strategy,rastrigin,112,17500,14.830849707501528
evolution_strategy,rastrigin,112,17600,14.830849707501528
evolution_strategy,rastrigin,112,17700,14.830849707501528
evolution_strategy,rastrigin,112,17800,14.830849707501528
evolution_strategy,rastrigin,112,17900,14.830849707501528
evolution_strategy,rastrigin,112,18000,14.830849707501528
evolution_strategy,rastrigin,112,18100,14.830849707501528
evolution_strategy,rastrigin,112,18200,14.830849707501528
evolution_strategy,rastrigin,112,18300,14.830849707501528
evolution_strategy,rastrigin,112,18400,14.830849707501528
evolution_strategy,rastrigin,112,18500,14.830849707501528
evolution_strategy,rastrigin,112,18600,14.830849707501528
evolution_strategy,rastrigin,112,18700,14.830849707501528
evolution_strategy,rastrigin,112,18800,14.830849707501528
evolution_strategy,rastrigin,112,18900,14.830849707501528
evolution_strategy,rastrigin,112,19000,14.830849707501528
evolution_strategy,rastrigin,112,19100,14.830849707501528
evolution_strategy,rastrigin,112,19200,14.830849707501528
evolution_strategy,rastrigin,112,19300,14.830849707501528
evolution_strategy,rastrigin,112,19400,14.830849707501528
evolution_strategy,rastrigin,112,19500,14.830849707501528
evolution_strategy,rastrigin,112,19600,14.830849707501528
evolution_strategy,rastrigin,112,19700,14.830849707501528
evolution_strategy,rastrigin,112,19800,14.830849707501528
evolution_strategy,rastrigin,112,19900,14.830849707501528
evolution_strategy,rastrigin,112,20000,14.830849707501528
evolution_strategy,rastrigin,113,100,50.44841377104861
evolution_strategy,rastrigin,113,200,50.44841377104861
evolution_strategy,rastrigin,113,300,37.38940980897033
evolution_strategy,rastrigin,113,400,37.38940980897033
evolution_strategy,rastrigin,113,500,37.38940980897033
evolution_strategy,rastrigin,113,600,37.38940980897033
evolution_strategy,rastrigin,113,700,37.38940980897033
evolution_strategy,rastrigin,113,800,37.38940980897033
evolution_strategy,rastrigin,113,900,37.131406588714654
evolution_strategy,rastrigin,113,1000,37.131406588714654
evolution_strategy,rastrigin,113,1100,37.131406588714654
evolution_strategy,rastrigin,113,1200,37.131406588714654
evolution_strategy,rastrigin,113,1300,37.131406588714654
evolution_strategy,rastrigin,113,1400,36.64296235017218
evolution_strategy,rastrigin,113,1500,36.64296235017218
evolution_strategy,rastrigin,113,1600,36.64296235017218
evolution_strategy,rastrigin,113,1700,36.64296235017218
evolution_strategy,rastrigin,113,1800,36.64296235017218
evolution_strategy,rastrigin,113,1900,36.64296235017218
evolution_strategy,rastrigin,113,2000,36.64296235017218
evolution_strategy,rastrigin,113,2100,36.64296235017218
evolution_strategy,rastrigin,113,2200,36.64296235017218
evolution_strategy,rastrigin,113,2300,36.64296235017218
evolution_strategy,rastrigin,113,2400,36.64296235017218
evolution_strategy,rastrigin,113,2500,36.64296235017218
evolution_strategy,rastrigin,113,2600,36.64296235017218
evolution_strategy,rastrigin,113,2700,36.64296235017218
evolution_strategy,rastrigin,113,2800,36.64296235017218
evolution_strategy,rastrigin,113,2900,36.64296235017218
evolution_strategy,rastrigin,113,3000,36.64296235017218
evolution_strategy,rastrigin,113,3100,36.64296235017218
evolution_strategy,rastrigin,113,3200,36.64296235017218
evolution_strategy,rastrigin,113,3300,36.64296235017218
evolution_strategy,rastrigin,113,3400,36.64296235017218
evolution_strategy,rastrigin,113,3500,36.64296235017218
evolution_strategy,rastrigin,113,3600,36.64296235017218
evolution_strategy,rastrigin,113,3700,36.64296235017218
evolution_strategy,rastrigin,113,3800,36.64296235017218
evolution_strategy,rastrigin,113,3900,36.64296235017218
evolution_strategy,rastrigin,113,4000,36.64296235017218
evolution_strategy,rastrigin,113,4100,36.64296235017218
evolution_strategy,rastrigin,113,4200,36.64296235017218
evolution_strategy,rastrigin,113,4300,36.64296235017218
evolution_strategy,rastrigin,113,4400,36.64296235017218
evolution_strategy,rastrigin,113,4500,36.423741776633676
evolution_strategy,rastrigin,113,4600,36.423741776633676
evolution_strategy,rastrigin,113,4700,36.423741776633676
evolution_strategy,rastrigin,113,4800,36.423741776633676
evolution_strategy,rastrigin,113,4900,36.423741776633676
evolution_strategy,rastrigin,113,5000,36.423741776633676
evolution_strategy,rastrigin,113,5100,36.423741776633676
evolution_strategy,rastrigin,113,5200,36.423741776633676
evolution_strategy,rastrigin,113,5300,36.423741776633676
evolution_strategy,rastrigin,113,5400,36.423741776633676
evolution_strategy,rastrigin,113,5500,36.423741776633676
evolution_strategy,rastrigin,113,5600,36.423741776633676
evolution_strategy,rastrigin,113,5700,36.423741776633676
evolution_strategy,rastrigin,113,5800,36.423741776633676
evolution_strategy,rastrigin,113,5900,36.423741776633676
evolution_strategy,rastrigin,113,6000,36.423741776633676
evolution_strategy,rastrigin,113,6100,36.423741776633676
evolution_strategy,rastrigin,113,6200,36.423741776633676
evolution_strategy,rastrigin,113,6300,36.423741776633676
evolution_strategy,rastrigin,113,6400,36.423741776633676
evolution_strategy,rastrigin,113,6500,36.423741776633676
evolution_strategy,rastrigin,113,6600,36.423741776633676
evolution_strategy,rastrigin,113,6700,36.423741776633676
evolution_strategy,rastrigin,113,6800,34.13756066768603
evolution_strategy,rastrigin,113,6900,34.13756066768603
evolution_strategy,rastrigin,113,7000,34.13756066768603
evolution_strategy,rastrigin,113,7100,34.13756066768603
evolution_strategy,rastrigin,113,7200,34.13756066768603
evolution_strategy,rastrigin,113,7300,34.13756066768603
evolution_strategy,rastrigin,113,7400,34.13756066768603
evolution_strategy,rastrigin,113,7500,34.13756066768603
evolution_strategy,rastrigin,113,7600,34.13756066768603
evolution_strategy,rastrigin,113,7700,34.13756066768603
evolution_strategy,rastrigin,113,7800,34.13756066768603
evolution_strategy,rastrigin,113,7900,34.13756066768603
evolution_strategy,rastrigin,113,8000,29.95704995637756
evolution_strategy,rastrigin,113,8100,29.95704995637756
evolution_strategy,rastrigin,113,8200,29.95704995637756
evolution_strategy,rastrigin,113,8300,27.218834732401945
evolution_strategy,rastrigin,113,8400,27.218834732401945
evolution_strategy,rastrigin,113,8500,27.218834732401945
evolution_strategy,rastrigin,113,8600,13.302129605594558
evolution_strategy,rastrigin,113,8700,13.302129605594558
evolution_strategy,rastrigin,113,8800,13.302129605594558
evolution_strategy,rastrigin,113,8900,13.302129605594558
evolution_strategy,rastrigin,113,9000,13.302129605594558
evolution_strategy,rastrigin,113,9100,13.302129605594558
evolution_strategy,rastrigin,113,9200,13.302129605594558
evolution_strategy,rastrigin,113,9300,13.302129605594558
evolution_strategy,rastrigin,113,9400,13.302129605594558
evolution_strategy,rastrigin,113,9500,13.302129605594558
evolution_strategy,rastrigin,113,9600,13.302129605594558
evolution_strategy,rastrigin,113,9700,13.302129605594558
evolution_strategy,rastrigin,113,9800,13.302129605594558
evolution_strategy,rastrigin,113,9900,13.302129605594558
evolution_strategy,rastrigin,113,10000,13.302129605594558
evolution_strategy,rastrigin,113,10100,13.302129605594558
evolution_strategy,rastrigin,113,10200,13.302129605594558
evolution_strategy,rastrigin,113,10300,13.302129605594558
evolution_strategy,rastrigin,113,10400,13.302129605594558
evolution_strategy,rastrigin,113,10500,13.302129605594558
evolution_strategy,rastrigin,113,10600,13.302129605594558
evolution_strategy,rastrigin,113,10700,13.302129605594558
evolution_strategy,rastrigin,113,10800,13.302129605594558
evolution_strategy,rastrigin,113,10900,13.302129605594558
evolution_strategy,rastrigin,113,11000,13.302129605594558
evolution_strategy,rastrigin,113,11100,13.302129605594558
evolution_strategy,rastrigin,113,11200,13.302129605594558
evolution_strategy,rastrigin,113,11300,13.302129605594558
evolution_strategy,rastrigin,113,11400,13.302129605594558
evolution_strategy,rastrigin,113,11500,13.302129605594558
evolution_strategy,rastrigin,113,11600,13.302129605594558
evolution_strategy,rastrigin,113,11700,13.302129605594558
evolution_strategy,rastrigin,113,11800,13.302129605594558
evolution_strategy,rastrigin,113,11900,13.302129605594558
evolution_strategy,rastrigin,113,12000,13.302129605594558
evolution_strategy,rastrigin,113,12100,13.302129605594558
evolution_strategy,rastrigin,113,12200,13.302129605594558
evolution_strategy,rastrigin,113,12300,13.302129605594558
evolution_strategy,rastrigin,113,12400,13.302129605594558
evolution_strategy,rastrigin,113,12500,13.302129605594558
evolution_strategy,rastrigin,113,12600,13.302129605594558
evolution_strategy,rastrigin,113,12700,13.302129605594558
evolution_strategy,rastrigin,113,12800,13.302129605594558
evolution_strategy,rastrigin,113,12900,13.302129605594558
evolution_strategy,rastrigin,113,13000,13.302129605594558
evolution_strategy,rastrigin,113,13100,13.302129605594558
evolution_strategy,rastrigin,113,13200,13.302129605594558
evolution_strategy,rastrigin,113,13300,13.302129605594558
evolution_strategy,rastrigin,113,13400,13.302129605594558
evolution_strategy,rastrigin,113,13500,13.302129605594558
evolution_strategy,rastrigin,113,13600,13.302129605594558
evolution_strategy,rastrigin,113,13700,13.302129605594558
evolution_strategy,rastrigin,113,13800,13.302129605594558
evolution_strategy,rastrigin,113,13900,13.302129605594558
evolution_strategy,rastrigin,113,14000,13.302129605594558
evolution_strategy,rastrigin,113,14100,13.302129605594558
evolution_strategy,rastrigin,113,14200,13.302129605594558
evolution_strategy,rastrigin,113,14300,13.302129605594558
evolution_strategy,rastrigin,113,14400,13.302129605594558
evolution_strategy,rastrigin,113,14500,13.302129605594558
evolution_strategy,rastrigin,113,14600,13.302129605594558
evolution_strategy,rastrigin,113,14700,13.302129605594558
evolution_strategy,rastrigin,113,14800,13.302129605594558
evolution_strategy,rastrigin,113,14900,13.302129605594558
evolution_strategy,rastrigin,113,15000,13.302129605594558
evolution_strategy,rastrigin,113,15100,13.302129605594558
evolution_strategy,rastrigin,113,15200,13.302129605594558
evolution_strategy,rastrigin,113,15300,13.302129605594558
evolution_strategy,rastrigin,113,15400,13.302129605594558
evolution_strategy,rastrigin,113,15500,13.302129605594558
evolution_strategy,rastrigin,113,15600,13.302129605594558
evolution_strategy,rastrigin,113,15700,13.302129605594558
evolution_strategy,rastrigin,113,15800,13.302129605594558
evolution_strategy,rastrigin,113,15900,13.302129605594558
evolution_strategy,rastrigin,113,16000,13.302129605594558
evolution_strategy,rastrigin,113,16100,13.302129605594558
evolution_strategy,rastrigin,113,16200,13.302129605594558
evolution_strategy,rastrigin,113,16300,13.302129605594558
evolution_strategy,rastrigin,113,16400,13.302129605594558
evolution_strategy,rastrigin,113,16500,13.302129605594558
evolution_strategy,rastrigin,113,16600,13.302129605594558
evolution_strategy,rastrigin,113,16700,13.302129605594558
evolution_strategy,rastrigin,113,16800,13.302129605594558
evolution_strategy,rastrigin,113,16900,13.302129605594558
evolution_strategy,rastrigin,113,17000,13.302129605594558
evolution_strategy,rastrigin,113,17100,13.302129605594558
evolution_strategy,rastrigin,113,17200,13.302129605594558
evolution_strategy,rastrigin,113,17300,13.302129605594558
evolution_strategy,rastrigin,113,17400,13.302129605594558
evolution_strategy,rastrigin,113,17500,13.302129605594558
evolution_strategy,rastrigin,113,17600,13.302129605594558
evolution_strategy,rastrigin,113,17700,13.302129605594558
evolution_strategy,rastrigin,113,17800,13.302129605594558
evolution_strategy,rastrigin,113,17900,13.302129605594558
evolution_strategy,rastrigin,113,18000,13.302129605594558
evolution_strategy,rastrigin,113,18100,13.302129605594558
evolution_strategy,rastrigin,113,18200,13.302129605594558
evolution_strategy,rastrigin,113,18300,13.302129605594558
evolution_strategy,rastrigin,113,18400,13.302129605594558
evolution_strategy,rastrigin,113,18500,13.302129605594558
evolution_strategy,rastrigin,113,18600,13.302129605594558
evolution_strategy,rastrigin,113,18700,13.302129605594558
evolution_strategy,rastrigin,113,18800,13.302129605594558
evolution_strategy,rastrigin,113,18900,13.302129605594558
evolution_strategy,rastrigin,113,19000,13.302129605594558
evolution_strategy,rastrigin,113,19100,13.302129605594558
evolution_strategy,rastrigin,113,19200,13.302129605594558
evolution_strategy,rastrigin,113,19300,13.302129605594558
evolution_strategy,rastrigin,113,19400,13.302129605594558
evolution_strategy,rastrigin,113,19500,13.302129605594558
evolution_strategy,rastrigin,113,19600,13.302129605594558
evolution_strategy,rastrigin,113,19700,13.302129605594558
evolution_strategy,rastrigin,113,19800,13.302129605594558
evolution_strategy,rastrigin,113,19900,13.302129605594558
evolution_strategy,rastrigin,113,20000,13.302129605594558
evolution_strategy,rastrigin,114,100,119.26389072082644
evolution_strategy,rastrigin,114,200,95.3361584301174
evolution_strategy,rastrigin,114,300,83.78868725878363
evolution_strategy,rastrigin,114,400,83.78868725878363
evolution_strategy,rastrigin,114,500,83.06135329808404
evolution_strategy,rastrigin,114,600,76.15969887861519
evolution_strategy,rastrigin,114,700,74.33991585038129
evolution_strategy,rastrigin,114,800,74.33991585038129
evolution_strategy,rastrigin,114,900,74.33991585038129
evolution_strategy,rastrigin,114,1000,66.69108136495147
evolution_strategy,rastrigin,114,1100,53.431925607400075
evolution_strategy,rastrigin,114,1200,53.431925607400075
evolution_strategy,rastrigin,114,1300,53.431925607400075
evolution_strategy,rastrigin,114,1400,53.431925607400075
evolution_strategy,rastrigin,114,1500,53.431925607400075
evolution_strategy,rastrigin,114,1600,53.431925607400075
evolution_strategy,rastrigin,114,1700,53.431925607400075
evolution_strategy,rastrigin,114,1800,53.431925607400075
evolution_strategy,rastrigin,114,1900,53.431925607400075
evolution_strategy,rastrigin,114,2000,53.431925607400075
evolution_strategy,rastrigin,114,2100,53.431925607400075
evolution_strategy,rastrigin,114,2200,53.431925607400075
evolution_strategy,rastrigin,114,2300,53.431925607400075
evolution_strategy,rastrigin,114,2400,53.431925607400075
evolution_strategy,rastrigin,114,2500,53.431925607400075
evolution_strategy,rastrigin,114,2600,53.431925607400075
evolution_strategy,rastrigin,114,2700,53.431925607400075
evolution_strategy,rastrigin,114,2800,53.431925607400075
evolution_strategy,rastrigin,114,2900,53.431925607400075
evolution_strategy,rastrigin,114,3000,53.431925607400075
evolution_strategy,rastrigin,114,3100,53.431925607400075
evolution_strategy,rastrigin,114,3200,53.431925607400075
evolution_strategy,rastrigin,114,3300,52.28184192649124
evolution_strategy,rastrigin,114,3400,52.28184192649124
evolution_strategy,rastrigin,114,3500,52.28184192649124
evolution_strategy,rastrigin,114,3600,52.28184192649124
evolution_strategy,rastrigin,114,3700,52.28184192649124
evolution_strategy,rastrigin,114,3800,52.28184192649124
evolution_strategy,rastrigin,114,3900,52.28184192649124
evolution_strategy,rastrigin,114,4000,50.44658551303722
evolution_strategy,rastrigin,114,4100,50.44658551303722
evolution_strategy,rastrigin,114,4200,39.61659177008617
evolution_strategy,rastrigin,114,4300,39.61659177008617
evolution_strategy,rastrigin,114,4400,39.61659177008617
evolution_strategy,rastrigin,114,4500,39.61659177008617
evolution_strategy,rastrigin,114,4600,39.61659177008617
evolution_strategy,rastrigin,114,4700,39.61659177008617
evolution_strategy,rastrigin,114,4800,39.61659177008617
evolution_strategy,rastrigin,114,4900,39.61659177008617
evolution_strategy,rastrigin,114,5000,39.61659177008617
evolution_strategy,rastrigin,114,5100,39.61659177008617
evolution_strategy,rastrigin,114,5200,33.570534907568344
evolution_strategy,rastrigin,114,5300,33.570534907568344
evolution_strategy,rastrigin,114,5400,33.570534907568344
evolution_strategy,rastrigin,114,5500,33.570534907568344
evolution_strategy,rastrigin,114,5600,33.570534907568344
evolution_strategy,rastrigin,114,5700,33.570534907568344
evolution_strategy,rastrigin,114,5800,33.570534907568344
evolution_strategy,rastrigin,114,5900,33.570534907568344
evolution_strategy,rastrigin,114,6000,33.570534907568344
evolution_strategy,rastrigin,114,6100,33.570534907568344
evolution_strategy,rastrigin,114,6200,33.570534907568344
evolution_strategy,rastrigin,114,6300,33.570534907568344
evolution_strategy,rastrigin,114,6400,33.570534907568344
evolution_strategy,rastrigin,114,6500,33.570534907568344
evolution_strategy,rastrigin,114,6600,33.570534907568344
evolution_strategy,rastrigin,114,6700,33.570534907568344
evolution_strategy,rastrigin,114,6800,33.570534907568344
evolution_strategy,rastrigin,114,6900,33.570534907568344
evolution_strategy,rastrigin,114,7000,33.570534907568344
evolution_strategy,rastrigin,114,7100,33.570534907568344
evolution_strategy,rastrigin,114,7200,33.41866503438162
evolution_strategy,rastrigin,114,7300,33.41866503438162
evolution_strategy,rastrigin,114,7400,33.41866503438162
evolution_strategy,rastrigin,114,7500,33.41866503438162
evolution_strategy,rastrigin,114,7600,21.765825304638412
evolution_strategy,rastrigin,114,7700,21.765825304638412
evolution_strategy,rastrigin,114,7800,21.765825304638412
evolution_strategy,rastrigin,114,7900,21.765825304638412
evolution_strategy,rastrigin,114,8000,21.765825304638412
evolution_strategy,rastrigin,114,8100,21.765825304638412
evolution_strategy,rastrigin,114,8200,21.765825304638412
evolution_strategy,rastrigin,114,8300,21.765825304638412
evolution_strategy,rastrigin,114,8400,21.765825304638412
evolution_strategy,rastrigin,114,8500,21.765825304638412
evolution_strategy,rastrigin,114,8600,21.765825304638412
evolution_strategy,rastrigin,114,8700,21.765825304638412
evolution_strategy,rastrigin,114,8800,21.765825304638412
evolution_strategy,rastrigin,114,8900,21.765825304638412
evolution_strategy,rastrigin,114,9000,21.765825304638412
evolution_strategy,rastrigin,114,9100,21.765825304638412
evolution_strategy,rastrigin,114,9200,21.765825304638412
evolution_strategy,rastrigin,114,9300,21.765825304638412
evolution_strategy,rastrigin,114,9400,21.765825304638412
evolution_strategy,rastrigin,114,9500,21.765825304638412
evolution_strategy,rastrigin,114,9600,21.765825304638412
evolution_strategy,rastrigin,114,9700,21.765825304638412
evolution_strategy,rastrigin,114,9800,21.765825304638412
evolution_strategy,rastrigin,114,9900,21.765825304638412
evolution_strategy,rastrigin,114,10000,21.765825304638412
evolution_strategy,rastrigin,114,10100,21.765825304638412
evolution_strategy,rastrigin,114,10200,21.765825304638412
evolution_strategy,rastrigin,114,10300,21.765825304638412
evolution_strategy,rastrigin,114,10400,21.765825304638412
evolution_strategy,rastrigin,114,10500,21.765825304638412
evolution_strategy,rastrigin,114,10600,21.765825304638412
evolution_strategy,rastrigin,114,10700,21.765825304638412
evolution_strategy,rastrigin,114,10800,21.765825304638412
evolution_strategy,rastrigin,114,10900,21.765825304638412
evolution_strategy,rastrigin,114,11000,21.765825304638412
evolution_strategy,rastrigin,114,11100,21.765825304638412
evolution_strategy,rastrigin,114,11200,21.765825304638412
evolution_strategy,rastrigin,114,11300,21.765825304638412
evolution_strategy,rastrigin,114,11400,21.765825304638412
evolution_strategy,rastrigin,114,11500,21.765825304638412
evolution_strategy,rastrigin,114,11600,21.765825304638412
evolution_strategy,rastrigin,114,11700,21.765825304638412
evolution_strategy,rastrigin,114,11800,21.765825304638412
evolution_strategy,rastrigin,114,11900,21.765825304638412
evolution_strategy,rastrigin,114,12000,21.765825304638412
evolution_strategy,rastrigin,114,12100,21.765825304638412
evolution_strategy,rastrigin,114,12200,21.765825304638412
evolution_strategy,rastrigin,114,12300,21.765825304638412
evolution_strategy,rastrigin,114,12400,21.765825304638412
evolution_strategy,rastrigin,114,12500,21.765825304638412
evolution_strategy,rastrigin,114,12600,21.765825304638412
evolution_strategy,rastrigin,114,12700,21.765825304638412
evolution_strategy,rastrigin,114,12800,21.765825304638412
evolution_strategy,rastrigin,114,12900,21.765825304638412
evolution_strategy,rastrigin,114,13000,21.765825304638412
evolution_strategy,rastrigin,114,13100,21.765825304638412
evolution_strategy,rastrigin,114,13200,21.765825304638412
evolution_strategy,rastrigin,114,13300,21.765825304638412
evolution_strategy,rastrigin,114,13400,21.765825304638412
evolution_strategy,rastrigin,114,13500,21.765825304638412
evolution_strategy,rastrigin,114,13600,21.765825304638412
evolution_strategy,rastrigin,114,13700,21.765825304638412
evolution_strategy,rastrigin,114,13800,21.765825304638412
evolution_strategy,rastrigin,114,13900,21.765825304638412
evolution_strategy,rastrigin,114,14000,21.765825304638412
evolution_strategy,rastrigin,114,14100,21.765825304638412
evolution_strategy,rastrigin,114,14200,21.765825304638412
evolution_strategy,rastrigin,114,14300,21.765825304638412
evolution_strategy,rastrigin,114,14400,21.765825304638412
evolution_strategy,rastrigin,114,14500,21.765825304638412
evolution_strategy,rastrigin,114,14600,21.765825304638412
evolution_strategy,rastrigin,114,14700,21.765825304638412
evolution_strategy,rastrigin,114,14800,21.765825304638412
evolution_strategy,rastrigin,114,14900,21.765825304638412
evolution_strategy,rastrigin,114,15000,21.765825304638412
evolution_strategy,rastrigin,114,15100,21.765825304638412
evolution_strategy,rastrigin,114,15200,21.765825304638412
evolution_strategy,rastrigin,114,15300,21.765825304638412
evolution_strategy,rastrigin,114,15400,21.765825304638412
evolution_strategy,rastrigin,114,15500,21.765825304638412
evolution_strategy,rastrigin,114,15600,21.765825304638412
evolution_strategy,rastrigin,114,15700,21.765825304638412
evolution_strategy,rastrigin,114,15800,21.765825304638412
evolution_strategy,rastrigin,114,15900,21.765825304638412
evolution_strategy,rastrigin,114,16000,21.765825304638412
evolution_strategy,rastrigin,114,16100,21.765825304638412
evolution_strategy,rastrigin,114,16200,21.765825304638412
evolution_strategy,rastrigin,114,16300,21.765825304638412
evolution_strategy,rastrigin,114,16400,21.765825304638412
evolution_strategy,rastrigin,114,16500,21.765825304638412
evolution_strategy,rastrigin,114,16600,21.765825304638412
evolution_strategy,rastrigin,114,16700,21.765825304638412
evolution_strategy,rastrigin,114,16800,21.765825304638412
evolution_strategy,rastrigin,114,16900,21.765825304638412
evolution_strategy,rastrigin,114,17000,21.765825304638412
evolution_strategy,rastrigin,114,17100,21.765825304638412
evolution_strategy,rastrigin,114,17200,21.765825304638412
evolution_strategy,rastrigin,114,17300,21.765825304638412
evolution_strategy,rastrigin,114,17400,21.765825304638412
evolution_strategy,rastrigin,114,17500,21.765825304638412
evolution_strategy,rastrigin,114,17600,21.765825304638412
evolution_strategy,rastrigin,114,17700,21.765825304638412
evolution_strategy,rastrigin,114,17800,21.765825304638412
evolution_strategy,rastrigin,114,17900,21.765825304638412
evolution_strategy,rastrigin,114,18000,21.765825304638412
evolution_strategy,rastrigin,114,18100,21.765825304638412
evolution_strategy,rastrigin,114,18200,21.765825304638412
evolution_strategy,rastrigin,114,18300,21.765825304638412
evolution_strategy,rastrigin,114,18400,21.765825304638412
evolution_strategy,rastrigin,114,18500,21.30717334950552
evolution_strategy,rastrigin,114,18600,21.30717334950552
evolution_strategy,rastrigin,114,18700,21.30717334950552
evolution_strategy,rastrigin,114,18800,21.30717334950552
evolution_strategy,rastrigin,114,18900,21.30717334950552
evolution_strategy,rastrigin,114,19000,21.30717334950552
evolution_strategy,rastrigin,114,19100,21.30717334950552
evolution_strategy,rastrigin,114,19200,21.30717334950552
evolution_strategy,rastrigin,114,19300,21.30717334950552
evolution_strategy,rastrigin,114,19400,21.30717334950552
evolution_strategy,rastrigin,114,19500,21.30717334950552
evolution_strategy,rastrigin,114,19600,21.30717334950552
evolution_strategy,rastrigin,114,19700,21.30717334950552
evolution_strategy,rastrigin,114,19800,21.30717334950552
evolution_strategy,rastrigin,114,19900,21.30717334950552
evolution_strategy,rastrigin,114,20000,21.30717334950552
evolution_strategy,rastrigin,115,100,107.49547682989972
evolution_strategy,rastrigin,115,200,101.13695556175053
evolution_strategy,rastrigin,115,300,90.97191243671178
evolution_strategy,rastrigin,115,400,76.01872809223849
evolution_strategy,rastrigin,115,500,76.01872809223849
evolution_strategy,rastrigin,115,600,76.01872809223849
evolution_strategy,rastrigin,115,700,76.01872809223849
evolution_strategy,rastrigin,115,800,76.01872809223849
evolution_strategy,rastrigin,115,900,76.01872809223849
evolution_strategy,rastrigin,115,1000,67.19031094245088
evolution_strategy,rastrigin,115,1100,67.19031094245088
evolution_strategy,rastrigin,115,1200,67.19031094245088
evolution_strategy,rastrigin,115,1300,67.19031094245088
evolution_strategy,rastrigin,115,1400,67.19031094245088
evolution_strategy,rastrigin,115,1500,64.83428117464568
evolution_strategy,rastrigin,115,1600,50.42088344094522
evolution_strategy,rastrigin,115,1700,50.42088344094522
evolution_strategy,rastrigin,115,1800,50.42088344094522
evolution_strategy,rastrigin,115,1900,50.42088344094522
evolution_strategy,rastrigin,115,2000,50.42088344094522
evolution_strategy,rastrigin,115,2100,50.42088344094522
evolution_strategy,rastrigin,115,2200,50.42088344094522
evolution_strategy,rastrigin,115,2300,41.54819335728454
evolution_strategy,rastrigin,115,2400,41.54819335728454
evolution_strategy,rastrigin,115,2500,41.54819335728454
evolution_strategy,rastrigin,115,2600,41.54819335728454
evolution_strategy,rastrigin,115,2700,41.54819335728454
evolution_strategy,rastrigin,115,2800,41.54819335728454
evolution_strategy,rastrigin,115,2900,40.2974265221062
evolution_strategy,rastrigin,115,3000,40.2974265221062
evolution_strategy,rastrigin,115,3100,38.56587060172879
evolution_strategy,rastrigin,115,3200,38.56587060172879
evolution_strategy,rastrigin,115,3300,38.56587060172879
evolution_strategy,rastrigin,115,3400,38.56587060172879
evolution_strategy,rastrigin,115,3500,34.65332643941855
evolution_strategy,rastrigin,115,3600,34.65332643941855
evolution_strategy,rastrigin,115,3700,31.837584963367476
evolution_strategy,rastrigin,115,3800,31.837584963367476
evolution_strategy,rastrigin,115,3900,31.837584963367476
evolution_strategy,rastrigin,115,4000,31.837584963367476
evolution_strategy,rastrigin,115,4100,31.837584963367476
evolution_strategy,rastrigin,115,4200,31.837584963367476
evolution_strategy,rastrigin,115,4300,31.837584963367476
evolution_strategy,rastrigin,115,4400,31.837584963367476
evolution_strategy,rastrigin,115,4500,31.837584963367476
evolution_strategy,rastrigin,115,4600,31.837584963367476
evolution_strategy,rastrigin,115,4700,31.837584963367476
evolution_strategy,rastrigin,115,4800,31.837584963367476
evolution_strategy,rastrigin,115,4900,31.837584963367476
evolution_strategy,rastrigin,115,5000,23.019597476370137
evolution_strategy,rastrigin,115,5100,23.019597476370137
evolution_strategy,rastrigin,115,5200,23.019597476370137
evolution_strategy,rastrigin,115,5300,23.019597476370137
evolution_strategy,rastrigin,115,5400,23.019597476370137
evolution_strategy,rastrigin,115,5500,23.019597476370137
evolution_strategy,rastrigin,115,5600,23.019597476370137
evolution_strategy,rastrigin,115,5700,23.019597476370137
evolution_strategy,rastrigin,115,5800,23.019597476370137
evolution_strategy,rastrigin,115,5900,23.019597476370137
evolution_strategy,rastrigin,115,6000,23.019597476370137
evolution_strategy,rastrigin,115,6100,23.019597476370137
evolution_strategy,rastrigin,115,6200,23.019597476370137
evolution_strategy,rastrigin,115,6300,23.019597476370137
evolution_strategy,rastrigin,115,6400,23.019597476370137
evolution_strategy,rastrigin,115,6500,17.856229647050526
evolution_strategy,rastrigin,115,6600,17.856229647050526
evolution_strategy,rastrigin,115,6700,17.856229647050526
evolution_strategy,rastrigin,115,6800,17.856229647050526
evolution_strategy,rastrigin,115,6900,17.856229647050526
evolution_strategy,rastrigin,115,7000,17.856229647050526
evolution_strategy,rastrigin,115,7100,17.856229647050526
evolution_strategy,rastrigin,115,7200,17.856229647050526
evolution_strategy,rastrigin,115,7300,17.856229647050526
evolution_strategy,rastrigin,115,7400,17.856229647050526
evolution_strategy,rastrigin,115,7500,17.856229647050526
evolution_strategy,rastrigin,115,7600,17.856229647050526
evolution_strategy,rastrigin,115,7700,17.856229647050526
evolution_strategy,rastrigin,115,7800,17.856229647050526
evolution_strategy,rastrigin,115,7900,17.856229647050526
evolution_strategy,rastrigin,115,8000,17.856229647050526
evolution_strategy,rastrigin,115,8100,17.856229647050526
evolution_strategy,rastrigin,115,8200,17.856229647050526
evolution_strategy,rastrigin,115,8300,17.856229647050526
evolution_strategy,rastrigin,115,8400,17.856229647050526
evolution_strategy,rastrigin,115,8500,17.856229647050526
evolution_strategy,rastrigin,115,8600,17.856229647050526
evolution_strategy,rastrigin,115,8700,17.856229647050526
evolution_strategy,rastrigin,115,8800,17.856229647050526
evolution_strategy,rastrigin,115,8900,17.856229647050526
evolution_strategy,rastrigin,115,9000,17.856229647050526
evolution_strategy,rastrigin,115,9100,17.856229647050526
evolution_strategy,rastrigin,115,9200,17.856229647050526
evolution_strategy,rastrigin,115,9300,17.856229647050526
evolution_strategy,rastrigin,115,9400,17.856229647050526
evolution_strategy,rastrigin,115,9500,17.856229647050526
evolution_strategy,rastrigin,115,9600,17.856229647050526
evolution_strategy,rastrigin,115,9700,17.856229647050526
evolution_strategy,rastrigin,115,9800,17.856229647050526
evolution_strategy,rastrigin,115,9900,17.856229647050526
evolution_strategy,rastrigin,115,10000,17.856229647050526
evolution_strategy,rastrigin,115,10100,17.856229647050526
evolution_strategy,rastrigin,115,10200,17.856229647050526
evolution_strategy,rastrigin,115,10300,17.856229647050526
evolution_strategy,rastrigin,115,10400,17.856229647050526
evolution_strategy,rastrigin,115,10500,17.856229647050526
evolution_strategy,rastrigin,115,10600,17.856229647050526
evolution_strategy,rastrigin,115,10700,17.856229647050526
evolution_strategy,rastrigin,115,10800,17.856229647050526
evolution_strategy,rastrigin,115,10900,17.856229647050526
evolution_strategy,rastrigin,115,11000,17.856229647050526
evolution_strategy,rastrigin,115,11100,17.856229647050526
evolution_strategy,rastrigin,115,11200,17.856229647050526
evolution_strategy,rastrigin,115,11300,17.856229647050526
evolution_strategy,rastrigin,115,11400,17.856229647050526
evolution_strategy,rastrigin,115,11500,17.856229647050526
evolution_strategy,rastrigin,115,11600,17.856229647050526
evolution_strategy,rastrigin,115,11700,17.856229647050526
evolution_strategy,rastrigin,115,11800,17.856229647050526
evolution_strategy,rastrigin,115,11900,17.856229647050526
evolution_strategy,rastrigin,115,12000,17.856229647050526
evolution_strategy,rastrigin,115,12100,17.856229647050526
evolution_strategy,rastrigin,115,12200,17.856229647050526
evolution_strategy,rastrigin,115,12300,17.856229647050526
evolution_strategy,rastrigin,115,12400,17.856229647050526
evolution_strategy,rastrigin,115,12500,17.856229647050526
evolution_strategy,rastrigin,115,12600,17.856229647050526
evolution_strategy,rastrigin,115,12700,17.856229647050526
evolution_strategy,rastrigin,115,12800,17.856229647050526
evolution_strategy,rastrigin,115,12900,17.856229647050526
evolution_strategy,rastrigin,115,13000,17.856229647050526
evolution_strategy,rastrigin,115,13100,17.856229647050526
evolution_strategy,rastrigin,115,13200,17.856229647050526
evolution_strategy,rastrigin,115,13300,17.856229647050526
evolution_strategy,rastrigin,115,13400,17.856229647050526
evolution_strategy,rastrigin,115,13500,17.856229647050526
evolution_strategy,rastrigin,115,13600,17.856229647050526
evolution_strategy,rastrigin,115,13700,17.856229647050526
evolution_strategy,rastrigin,115,13800,17.856229647050526
evolution_strategy,rastrigin,115,13900,17.856229647050526
evolution_strategy,rastrigin,115,14000,17.856229647050526
evolution_strategy,rastrigin,115,14100,17.856229647050526
evolution_strategy,rastrigin,115,14200,17.856229647050526
evolution_strategy,rastrigin,115,14300,17.856229647050526
evolution_strategy,rastrigin,115,14400,17.856229647050526
evolution_strategy,rastrigin,115,14500,17.856229647050526
evolution_strategy,rastrigin,115,14600,17.856229647050526
evolution_strategy,rastrigin,115,14700,17.856229647050526
evolution_strategy,rastrigin,115,14800,17.856229647050526
evolution_strategy,rastrigin,115,14900,17.856229647050526
evolution_strategy,rastrigin,115,15000,17.856229647050526
evolution_strategy,rastrigin,115,15100,17.856229647050526
evolution_strategy,rastrigin,115,15200,17.856229647050526
evolution_strategy,rastrigin,115,15300,17.856229647050526
evolution_strategy,rastrigin,115,15400,17.856229647050526
evolution_strategy,rastrigin,115,15500,17.856229647050526
evolution_strategy,rastrigin,115,15600,17.856229647050526
evolution_strategy,rastrigin,115,15700,17.856229647050526
evolution_strategy,rastrigin,115,15800,17.856229647050526
evolution_strategy,rastrigin,115,15900,17.856229647050526
evolution_strategy,rastrigin,115,16000,17.856229647050526
evolution_strategy,rastrigin,115,16100,17.856229647050526
evolution_strategy,rastrigin,115,16200,17.856229647050526
evolution_strategy,rastrigin,115,16300,17.856229647050526
evolution_strategy,rastrigin,115,16400,17.856229647050526
evolution_strategy,rastrigin,115,16500,17.856229647050526
evolution_strategy,rastrigin,115,16600,17.856229647050526
evolution_strategy,rastrigin,115,16700,17.856229647050526
evolution_strategy,rastrigin,115,16800,17.856229647050526
evolution_strategy,rastrigin,115,16900,17.856229647050526
evolution_strategy,rastrigin,115,17000,17.856229647050526
evolution_strategy,rastrigin,115,17100,17.856229647050526
evolution_strategy,rastrigin,115,17200,17.856229647050526
evolution_strategy,rastrigin,115,17300,17.856229647050526
evolution_strategy,rastrigin,115,17400,17.856229647050526
evolution_strategy,rastrigin,115,17500,17.856229647050526
evolution_strategy,rastrigin,115,17600,17.856229647050526
evolution_strategy,rastrigin,115,17700,17.856229647050526
evolution_strategy,rastrigin,115,17800,17.856229647050526
evolution_strategy,rastrigin,115,17900,17.856229647050526
evolution_strategy,rastrigin,115,18000,17.856229647050526
evolution_strategy,rastrigin,115,18100,17.856229647050526
evolution_strategy,rastrigin,115,18200,17.856229647050526
evolution_strategy,rastrigin,115,18300,17.856229647050526
evolution_strategy,rastrigin,115,18400,17.856229647050526
evolution_strategy,rastrigin,115,18500,17.856229647050526
evolution_strategy,rastrigin,115,18600,17.856229647050526
evolution_strategy,rastrigin,115,18700,17.856229647050526
evolution_strategy,rastrigin,115,18800,17.856229647050526
evolution_strategy,rastrigin,115,18900,17.856229647050526
evolution_strategy,rastrigin,115,19000,17.856229647050526
evolution_strategy,rastrigin,115,19100,17.856229647050526
evolution_strategy,rastrigin,115,19200,17.856229647050526
evolution_strategy,rastrigin,115,19300,17.856229647050526
evolution_strategy,rastrigin,115,19400,17.856229647050526
evolution_strategy,rastrigin,115,19500,17.856229647050526
evolution_strategy,rastrigin,115,19600,17.856229647050526
evolution_strategy,rastrigin,115,19700,17.856229647050526
evolution_strategy,rastrigin,115,19800,17.856229647050526
evolution_strategy,rastrigin,115,19900,17.856229647050526
evolution_strategy,rastrigin,115,20000,17.856229647050526
evolution_strategy,rastrigin,116,100,136.4524728898126
evolution_strategy,rastrigin,116,200,109.99157914930827
evolution_strategy,rastrigin,116,300,94.94688386171498
evolution_strategy,rastrigin,116,400,94.94688386171498
evolution_strategy,rastrigin,116,500,85.86510770631723
evolution_strategy,rastrigin,116,600,84.98675282649259
evolution_strategy,rastrigin,116,700,83.47752016500428
evolution_strategy,rastrigin,116,800,67.39137277366397
evolution_strategy,rastrigin,116,900,67.39137277366397
evolution_strategy,rastrigin,116,1000,67.39137277366397
evolution_strategy,rastrigin,116,1100,67.39137277366397
evolution_strategy,rastrigin,116,1200,67.39137277366397
evolution_strategy,rastrigin,116,1300,67.39137277366397
evolution_strategy,rastrigin,116,1400,50.20663687226356
evolution_strategy,rastrigin,116,1500,50.20663687226356
evolution_strategy,rastrigin,116,1600,50.20663687226356
evolution_strategy,rastrigin,116,1700,50.20663687226356
evolution_strategy,rastrigin,116,1800,50.20663687226356
evolution_strategy,rastrigin,116,1900,43.713652319548856
evolution_strategy,rastrigin,116,2000,43.713652319548856
evolution_strategy,rastrigin,116,2100,43.713652319548856
evolution_strategy,rastrigin,116,2200,43.713652319548856
evolution_strategy,rastrigin,116,2300,43.713652319548856
evolution_strategy,rastrigin,116,2400,43.713652319548856
evolution_strategy,rastrigin,116,2500,43.713652319548856
evolution_strategy,rastrigin,116,2600,39.507288246724876
evolution_strategy,rastrigin,116,2700,39.507288246724876
evolution_strategy,rastrigin,116,2800,39.507288246724876
evolution_strategy,rastrigin,116,2900,39.507288246724876
evolution_strategy,rastrigin,116,3000,39.507288246724876
evolution_strategy,rastrigin,116,3100,39.507288246724876
evolution_strategy,rastrigin,116,3200,39.507288246724876
evolution_strategy,rastrigin,116,3300,39.507288246724876
evolution_strategy,rastrigin,116,3400,22.849148091101384
evolution_strategy,rastrigin,116,3500,22.849148091101384
evolution_strategy,rastrigin,116,3600,22.849148091101384
evolution_strategy,rastrigin,116,3700,22.849148091101384
evolution_strategy,rastrigin,116,3800,22.849148091101384
evolution_strategy,rastrigin,116,3900,22.849148091101384
evolution_strategy,rastrigin,116,4000,22.849148091101384
evolution_strategy,rastrigin,116,4100,22.849148091101384
evolution_strategy,rastrigin,116,4200,22.849148091101384
evolution_strategy,rastrigin,116,4300,22.849148091101384
evolution_strategy,rastrigin,116,4400,22.849148091101384
evolution_strategy,rastrigin,116,4500,22.849148091101384
evolution_strategy,rastrigin,116,4600,22.849148091101384
evolution_strategy,rastrigin,116,4700,22.849148091101384
evolution_strategy,rastrigin,116,4800,22.849148091101384
evolution_strategy,rastrigin,116,4900,22.849148091101384
evolution_strategy,rastrigin,116,5000,22.849148091101384
evolution_strategy,rastrigin,116,5100,22.849148091101384
evolution_strategy,rastrigin,116,5200,22.849148091101384
evolution_strategy,rastrigin,116,5300,22.849148091101384
evolution_strategy,rastrigin,116,5400,22.849148091101384
evolution_strategy,rastrigin,116,5500,22.849148091101384
evolution_strategy,rastrigin,116,5600,22.849148091101384
evolution_strategy,rastrigin,116,5700,22.849148091101384
evolution_strategy,rastrigin,116,5800,22.849148091101384
evolution_strategy,rastrigin,116,5900,22.849148091101384
evolution_strategy,rastrigin,116,6000,22.849148091101384
evolution_strategy,rastrigin,116,6100,22.849148091101384
evolution_strategy,rastrigin,116,6200,22.849148091101384
evolution_strategy,rastrigin,116,6300,22.849148091101384
evolution_strategy,rastrigin,116,6400,22.849148091101384
evolution_strategy,rastrigin,116,6500,22.849148091101384
evolution_strategy,rastrigin,116,6600,22.849148091101384
evolution_strategy,rastrigin,116,6700,22.849148091101384
evolution_strategy,rastrigin,116,6800,22.849148091101384
evolution_strategy,rastrigin,116,6900,22.849148091101384
evolution_strategy,rastrigin,116,7000,22.849148091101384
evolution_strategy,rastrigin,116,7100,22.849148091101384
evolution_strategy,rastrigin,116,7200,22.849148091101384
evolution_strategy,rastrigin,116,7300,22.849148091101384
evolution_strategy,rastrigin,116,7400,22.849148091101384
evolution_strategy,rastrigin,116,7500,22.849148091101384
evolution_strategy,rastrigin,116,7600,22.849148091101384
evolution_strategy,rastrigin,116,7700,22.849148091101384
evolution_strategy,rastrigin,116,7800,22.849148091101384
evolution_strategy,rastrigin,116,7900,22.849148091101384
evolution_strategy,rastrigin,116,8000,22.849148091101384
evolution_strategy,rastrigin,116,8100,22.849148091101384
evolution_strategy,rastrigin,116,8200,22.849148091101384
evolution_strategy,rastrigin,116,8300,22.849148091101384
evolution_strategy,rastrigin,116,8400,22.849148091101384
evolution_strategy,rastrigin,116,8500,22.849148091101384
evolution_strategy,rastrigin,116,8600,22.849148091101384
evolution_strategy,rastrigin,116,8700,22.849148091101384
evolution_strategy,rastrigin,116,8800,22.849148091101384
evolution_strategy,rastrigin,116,8900,22.849148091101384
evolution_strategy,rastrigin,116,9000,22.849148091101384
evolution_strategy,rastrigin,116,9100,22.849148091101384
evolution_strategy,rastrigin,116,9200,22.849148091101384
evolution_strategy,rastrigin,116,9300,22.849148091101384
evolution_strategy,rastrigin,116,9400,22.849148091101384
evolution_strategy,rastrigin,116,9500,22.849148091101384
evolution_strategy,rastrigin,116,9600,22.849148091101384
evolution_strategy,rastrigin,116,9700,22.849148091101384
evolution_strategy,rastrigin,116,9800,22.849148091101384
evolution_strategy,rastrigin,116,9900,22.849148091101384
evolution_strategy,rastrigin,116,10000,22.849148091101384
evolution_strategy,rastrigin,116,10100,22.849148091101384
evolution_strategy,rastrigin,116,10200,22.849148091101384
evolution_strategy,rastrigin,116,10300,22.849148091101384
evolution_strategy,rastrigin,116,10400,22.849148091101384
evolution_strategy,rastrigin,116,10500,20.660116278510273
evolution_strategy,rastrigin,116,10600,20.660116278510273
evolution_strategy,rastrigin,116,10700,20.660116278510273
evolution_strategy,rastrigin,116,10800,20.660116278510273
evolution_strategy,rastrigin,116,10900,20.660116278510273
evolution_strategy,rastrigin,116,11000,20.660116278510273
evolution_strategy,rastrigin,116,11100,20.660116278510273
evolution_strategy,rastrigin,116,11200,20.660116278510273
evolution_strategy,rastrigin,116,11300,20.660116278510273
evolution_strategy,rastrigin,116,11400,20.660116278510273
evolution_strategy,rastrigin,116,11500,20.660116278510273
evolution_strategy,rastrigin,116,11600,20.660116278510273
evolution_strategy,rastrigin,116,11700,20.660116278510273
evolution_strategy,rastrigin,116,11800,20.660116278510273
evolution_strategy,rastrigin,116,11900,20.660116278510273
evolution_strategy,rastrigin,116,12000,20.660116278510273
evolution_strategy,rastrigin,116,12100,20.660116278510273
evolution_strategy,rastrigin,116,12200,20.660116278510273
evolution_strategy,rastrigin,116,12300,20.660116278510273
evolution_strategy,rastrigin,116,12400,20.660116278510273
evolution_strategy,rastrigin,116,12500,20.660116278510273
evolution_strategy,rastrigin,116,12600,20.660116278510273
evolution_strategy,rastrigin,116,12700,20.660116278510273
evolution_strategy,rastrigin,116,12800,20.660116278510273
evolution_strategy,rastrigin,116,12900,20.660116278510273
evolution_strategy,rastrigin,116,13000,20.660116278510273
evolution_strategy,rastrigin,116,13100,20.660116278510273
evolution_strategy,rastrigin,116,13200,20.660116278510273
evolution_strategy,rastrigin,116,13300,20.660116278510273
evolution_strategy,rastrigin,116,13400,20.660116278510273
evolution_strategy,rastrigin,116,13500,20.660116278510273
evolution_strategy,rastrigin,116,13600,20.660116278510273
evolution_strategy,rastrigin,116,13700,20.660116278510273
evolution_strategy,rastrigin,116,13800,20.660116278510273
evolution_strategy,rastrigin,116,13900,20.660116278510273
evolution_strategy,rastrigin,116,14000,20.660116278510273
evolution_strategy,rastrigin,116,14100,20.660116278510273
evolution_strategy,rastrigin,116,14200,20.660116278510273
evolution_strategy,rastrigin,116,14300,20.660116278510273
evolution_strategy,rastrigin,116,14400,20.660116278510273
evolution_strategy,rastrigin,116,14500,20.660116278510273
evolution_strategy,rastrigin,116,14600,20.660116278510273
evolution_strategy,rastrigin,116,14700,20.660116278510273
evolution_strategy,rastrigin,116,14800,20.660116278510273
evolution_strategy,rastrigin,116,14900,19.23531436367483
evolution_strategy,rastrigin,116,15000,19.23531436367483
evolution_strategy,rastrigin,116,15100,19.23531436367483
evolution_strategy,rastrigin,116,15200,19.23531436367483
evolution_strategy,rastrigin,116,15300,16.958763512146263
evolution_strategy,rastrigin,116,15400,16.958763512146263
evolution_strategy,rastrigin,116,15500,16.958763512146263
evolution_strategy,rastrigin,116,15600,16.958763512146263
evolution_strategy,rastrigin,116,15700,16.958763512146263
evolution_strategy,rastrigin,116,15800,16.958763512146263
evolution_strategy,rastrigin,116,15900,16.958763512146263
evolution_strategy,rastrigin,116,16000,16.958763512146263
evolution_strategy,rastrigin,116,16100,16.958763512146263
evolution_strategy,rastrigin,116,16200,16.958763512146263
evolution_strategy,rastrigin,116,16300,16.958763512146263
evolution_strategy,rastrigin,116,16400,16.958763512146263
evolution_strategy,rastrigin,116,16500,16.958763512146263
evolution_strategy,rastrigin,116,16600,16.958763512146263
evolution_strategy,rastrigin,116,16700,16.958763512146263
evolution_strategy,rastrigin,116,16800,16.958763512146263
evolution_strategy,rastrigin,116,16900,16.958763512146263
evolution_strategy,rastrigin,116,17000,16.958763512146263
evolution_strategy,rastrigin,116,17100,16.958763512146263
evolution_strategy,rastrigin,116,17200,16.958763512146263
evolution_strategy,rastrigin,116,17300,16.958763512146263
evolution_strategy,rastrigin,116,17400,16.958763512146263
evolution_strategy,rastrigin,116,17500,16.958763512146263
evolution_strategy,rastrigin,116,17600,16.958763512146263
evolution_strategy,rastrigin,116,17700,16.958763512146263
evolution_strategy,rastrigin,116,17800,16.958763512146263
evolution_strategy,rastrigin,116,17900,16.958763512146263
evolution_strategy,rastrigin,116,18000,16.958763512146263
evolution_strategy,rastrigin,116,18100,16.958763512146263
evolution_strategy,rastrigin,116,18200,16.958763512146263
evolution_strategy,rastrigin,116,18300,16.958763512146263
evolution_strategy,rastrigin,116,18400,16.958763512146263
evolution_strategy,rastrigin,116,18500,16.958763512146263
evolution_strategy,rastrigin,116,18600,16.958763512146263
evolution_strategy,rastrigin,116,18700,16.958763512146263
evolution_strategy,rastrigin,116,18800,16.958763512146263
evolution_strategy,rastrigin,116,18900,16.958763512146263
evolution_strategy,rastrigin,116,19000,16.958763512146263
evolution_strategy,rastrigin,116,19100,16.958763512146263
evolution_strategy,rastrigin,116,19200,16.958763512146263
evolution_strategy,rastrigin,116,19300,16.958763512146263
evolution_strategy,rastrigin,116,19400,16.958763512146263
evolution_strategy,rastrigin,116,19500,16.958763512146263
evolution_strategy,rastrigin,116,19600,16.958763512146263
evolution_strategy,rastrigin,116,19700,16.958763512146263
evolution_strategy,rastrigin,116,19800,16.958763512146263
evolution_strategy,rastrigin,116,19900,16.958763512146263
evolution_strategy,rastrigin,116,20000,16.958763512146263
evolution_strategy,rastrigin,117,100,102.20678738100565
evolution_strategy,rastrigin,117,200,69.86843335950203
evolution_strategy,rastrigin,117,300,69.86843335950203
evolution_strategy,rastrigin,117,400,69.86843335950203
evolution_strategy,rastrigin,117,500,69.86843335950203
evolution_strategy,rastrigin,117,600,69.62361124358242
evolution_strategy,rastrigin,117,700,68.7173608257481
evolution_strategy,rastrigin,117,800,68.7173608257481
evolution_strategy,rastrigin,117,900,53.1757528762071
evolution_strategy,rastrigin,117,1000,53.0380331983969
evolution_strategy,rastrigin,117,1100,53.0380331983969
evolution_strategy,rastrigin,117,1200,44.638014225592514
evolution_strategy,rastrigin,117,1300,44.638014225592514
evolution_strategy,rastrigin,117,1400,44.638014225592514
evolution_strategy,rastrigin,117,1500,44.638014225592514
evolution_strategy,rastrigin,117,1600,44.638014225592514
evolution_strategy,rastrigin,117,1700,44.638014225592514
evolution_strategy,rastrigin,117,1800,44.638014225592514
evolution_strategy,rastrigin,117,1900,44.638014225592514
evolution_strategy,rastrigin,117,2000,37.28397596231467
evolution_strategy,rastrigin,117,2100,37.28397596231467
evolution_strategy,rastrigin,117,2200,37.28397596231467
evolution_strategy,rastrigin,117,2300,37.28397596231467
evolution_strategy,rastrigin,117,2400,37.28397596231467
evolution_strategy,rastrigin,117,2500,37.28397596231467
evolution_strategy,rastrigin,117,2600,37.28397596231467
evolution_strategy,rastrigin,117,2700,37.28397596231467
evolution_strategy,rastrigin,117,2800,37.28397596231467
evolution_strategy,rastrigin,117,2900,37.28397596231467
evolution_strategy,rastrigin,117,3000,37.28397596231467
evolution_strategy,rastrigin,117,3100,37.28397596231467
evolution_strategy,rastrigin,117,3200,31.470671975644194
evolution_strategy,rastrigin,117,3300,31.470671975644194
evolution_strategy,rastrigin,117,3400,31.470671975644194
evolution_strategy,rastrigin,117,3500,31.470671975644194
evolution_strategy,rastrigin,117,3600,31.470671975644194
evolution_strategy,rastrigin,117,3700,31.470671975644194
evolution_strategy,rastrigin,117,3800,31.470671975644194
evolution_strategy,rastrigin,117,3900,31.470671975644194
evolution_strategy,rastrigin,117,4000,31.470671975644194
evolution_strategy,rastrigin,117,4100,31.470671975644194
evolution_strategy,rastrigin,117,4200,31.470671975644194
evolution_strategy,rastrigin,117,4300,31.470671975644194
evolution_strategy,rastrigin,117,4400,31.470671975644194
evolution_strategy,rastrigin,117,4500,31.470671975644194
evolution_strategy,rastrigin,117,4600,30.34957293093855
evolution_strategy,rastrigin,117,4700,30.34957293093855
evolution_strategy,rastrigin,117,4800,30.34957293093855
evolution_strategy,rastrigin,117,4900,30.34957293093855
evolution_strategy,rastrigin,117,5000,30.34957293093855
evolution_strategy,rastrigin,117,5100,30.34957293093855
evolution_strategy,rastrigin,117,5200,30.34957293093855
evolution_strategy,rastrigin,117,5300,30.34957293093855
evolution_strategy,rastrigin,117,5400,30.34957293093855
evolution_strategy,rastrigin,117,5500,30.34957293093855
evolution_strategy,rastrigin,117,5600,30.34957293093855
evolution_strategy,rastrigin,117,5700,30.34957293093855
evolution_strategy,rastrigin,117,5800,30.34957293093855
evolution_strategy,rastrigin,117,5900,30.34957293093855
evolution_strategy,rastrigin,117,6000,30.34957293093855
evolution_strategy,rastrigin,117,6100,30.34957293093855
evolution_strategy,rastrigin,117,6200,30.34957293093855
evolution_strategy,rastrigin,117,6300,30.34957293093855
evolution_strategy,rastrigin,117,6400,30.34957293093855
evolution_strategy,rastrigin,117,6500,30.34957293093855
evolution_strategy,rastrigin,117,6600,25.979896804933006
evolution_strategy,rastrigin,117,6700,25.979896804933006
evolution_strategy,rastrigin,117,6800,25.979896804933006
evolution_strategy,rastrigin,117,6900,25.979896804933006
evolution_strategy,rastrigin,117,7000,25.979896804933006
evolution_strategy,rastrigin,117,7100,25.979896804933006
evolution_strategy,rastrigin,117,7200,25.979896804933006
evolution_strategy,rastrigin,117,7300,25.979896804933006
evolution_strategy,rastrigin,117,7400,25.979896804933006
evolution_strategy,rastrigin,117,7500,25.979896804933006
evolution_strategy,rastrigin,117,7600,25.979896804933006
evolution_strategy,rastrigin,117,7700,25.979896804933006
evolution_strategy,rastrigin,117,7800,25.979896804933006
evolution_strategy,rastrigin,117,7900,25.979896804933006
evolution_strategy,rastrigin,117,8000,25.979896804933006
evolution_strategy,rastrigin,117,8100,25.979896804933006
evolution_strategy,rastrigin,117,8200,23.04885697145957
evolution_strategy,rastrigin,117,8300,23.04885697145957
evolution_strategy,rastrigin,117,8400,23.04885697145957
evolution_strategy,rastrigin,117,8500,23.04885697145957
evolution_strategy,rastrigin,117,8600,23.04885697145957
evolution_strategy,rastrigin,117,8700,23.04885697145957
evolution_strategy,rastrigin,117,8800,23.04885697145957
evolution_strategy,rastrigin,117,8900,23.04885697145957
evolution_strategy,rastrigin,117,9000,23.04885697145957
evolution_strategy,rastrigin,117,9100,23.04885697145957
evolution_strategy,rastrigin,117,9200,23.04885697145957
evolution_strategy,rastrigin,117,9300,23.04885697145957
evolution_strategy,rastrigin,117,9400,23.04885697145957
evolution_strategy,rastrigin,117,9500,23.04885697145957
evolution_strategy,rastrigin,117,9600,23.04885697145957
evolution_strategy,rastrigin,117,9700,23.04885697145957
evolution_strategy,rastrigin,117,9800,23.04885697145957
evolution_strategy,rastrigin,117,9900,23.04885697145957
evolution_strategy,rastrigin,117,10000,23.04885697145957
evolution_strategy,rastrigin,117,10100,23.04885697145957
evolution_strategy,rastrigin,117,10200,22.75510009667589
evolution_strategy,rastrigin,117,10300,22.75510009667589
evolution_strategy,rastrigin,117,10400,10.94799762962623
evolution_strategy,rastrigin,117,10500,10.94799762962623
evolution_strategy,rastrigin,117,10600,10.94799762962623
evolution_strategy,rastrigin,117,10700,10.94799762962623
evolution_strategy,rastrigin,117,10800,10.94799762962623
evolution_strategy,rastrigin,117,10900,10.94799762962623
evolution_strategy,rastrigin,117,11000,10.94799762962623
evolution_strategy,rastrigin,117,11100,10.94799762962623
evolution_strategy,rastrigin,117,11200,10.94799762962623
evolution_strategy,rastrigin,117,11300,10.94799762962623
evolution_strategy,rastrigin,117,11400,10.94799762962623
evolution_strategy,rastrigin,117,11500,10.94799762962623
evolution_strategy,rastrigin,117,11600,10.94799762962623
evolution_strategy,rastrigin,117,11700,10.94799762962623
evolution_strategy,rastrigin,117,11800,10.94799762962623
evolution_strategy,rastrigin,117,11900,10.94799762962623
evolution_strategy,rastrigin,117,12000,10.94799762962623
evolution_strategy,rastrigin,117,12100,10.94799762962623
evolution_strategy,rastrigin,117,12200,10.94799762962623
evolution_strategy,rastrigin,117,12300,10.94799762962623
evolution_strategy,rastrigin,117,12400,10.94799762962623
evolution_strategy,rastrigin,117,12500,10.94799762962623
evolution_strategy,rastrigin,117,12600,10.94799762962623
evolution_strategy,rastrigin,117,12700,10.94799762962623
evolution_strategy,rastrigin,117,12800,10.94799762962623
evolution_strategy,rastrigin,117,12900,10.94799762962623
evolution_strategy,rastrigin,117,13000,10.94799762962623
evolution_strategy,rastrigin,117,13100,10.94799762962623
evolution_strategy,rastrigin,117,13200,10.94799762962623
evolution_strategy,rastrigin,117,13300,10.94799762962623
evolution_strategy,rastrigin,117,13400,10.94799762962623
evolution_strategy,rastrigin,117,13500,10.94799762962623
evolution_strategy,rastrigin,117,13600,10.94799762962623
evolution_strategy,rastrigin,117,13700,10.94799762962623
evolution_strategy,rastrigin,117,13800,10.94799762962623
evolution_strategy,rastrigin,117,13900,10.94799762962623
evolution_strategy,rastrigin,117,14000,10.94799762962623
evolution_strategy,rastrigin,117,14100,10.94799762962623
evolution_strategy,rastrigin,117,14200,10.94799762962623
evolution_strategy,rastrigin,117,14300,10.94799762962623
evolution_strategy,rastrigin,117,14400,10.94799762962623
evolution_strategy,rastrigin,117,14500,10.94799762962623
evolution_strategy,rastrigin,117,14600,10.94799762962623
evolution_strategy,rastrigin,117,14700,10.94799762962623
evolution_strategy,rastrigin,117,14800,10.94799762962623
evolution_strategy,rastrigin,117,14900,10.94799762962623
evolution_strategy,rastrigin,117,15000,10.94799762962623
evolution_strategy,rastrigin,117,15100,10.94799762962623
evolution_strategy,rastrigin,117,15200,10.94799762962623
evolution_strategy,rastrigin,117,15300,10.94799762962623
evolution_strategy,rastrigin,117,15400,10.94799762962623
evolution_strategy,rastrigin,117,15500,10.94799762962623
evolution_strategy,rastrigin,117,15600,10.94799762962623
evolution_strategy,rastrigin,117,15700,10.94799762962623
evolution_strategy,rastrigin,117,15800,10.94799762962623
evolution_strategy,rastrigin,117,15900,10.94799762962623
evolution_strategy,rastrigin,117,16000,10.94799762962623
evolution_strategy,rastrigin,117,16100,10.94799762962623
evolution_strategy,rastrigin,117,16200,10.94799762962623
evolution_strategy,rastrigin,117,16300,10.94799762962623
evolution_strategy,rastrigin,117,16400,10.94799762962623
evolution_strategy,rastrigin,117,16500,10.94799762962623
evolution_strategy,rastrigin,117,16600,10.94799762962623
evolution_strategy,rastrigin,117,16700,10.94799762962623
evolution_strategy,rastrigin,117,16800,10.94799762962623
evolution_strategy,rastrigin,117,16900,10.94799762962623
evolution_strategy,rastrigin,117,17000,10.94799762962623
evolution_strategy,rastrigin,117,17100,10.94799762962623
evolution_strategy,rastrigin,117,17200,10.94799762962623
evolution_strategy,rastrigin,117,17300,10.94799762962623
evolution_strategy,rastrigin,117,17400,10.94799762962623
evolution_strategy,rastrigin,117,17500,10.94799762962623
evolution_strategy,rastrigin,117,17600,10.94799762962623
evolution_strategy,rastrigin,117,17700,10.94799762962623
evolution_strategy,rastrigin,117,17800,10.94799762962623
evolution_strategy,rastrigin,117,17900,10.94799762962623
evolution_strategy,rastrigin,117,18000,10.94799762962623
evolution_strategy,rastrigin,117,18100,10.94799762962623
evolution_strategy,rastrigin,117,18200,10.94799762962623
evolution_strategy,rastrigin,117,18300,10.94799762962623
evolution_strategy,rastrigin,117,18400,10.94799762962623
evolution_strategy,rastrigin,117,18500,10.94799762962623
evolution_strategy,rastrigin,117,18600,10.94799762962623
evolution_strategy,rastrigin,117,18700,10.94799762962623
evolution_strategy,rastrigin,117,18800,10.94799762962623
evolution_strategy,rastrigin,117,18900,10.94799762962623
evolution_strategy,rastrigin,117,19000,10.94799762962623
evolution_strategy,rastrigin,117,19100,10.94799762962623
evolution_strategy,rastrigin,117,19200,10.94799762962623
evolution_strategy,rastrigin,117,19300,10.94799762962623
evolution_strategy,rastrigin,117,19400,10.94799762962623
evolution_strategy,rastrigin,117,19500,10.94799762962623
evolution_strategy,rastrigin,117,19600,10.94799762962623
evolution_strategy,rastrigin,117,19700,10.94799762962623
evolution_strategy,rastrigin,117,19800,10.94799762962623
evolution_strategy,rastrigin,117,19900,10.94799762962623
evolution_strategy,rastrigin,117,20000,10.94799762962623
evolution_strategy,rastrigin,118,100,106.52310386829832
evolution_strategy,rastrigin,118,200,98.47004652746297
evolution_strategy,rastrigin,118,300,91.61398738320945
evolution_strategy,rastrigin,118,400,89.62273080293139
evolution_strategy,rastrigin,118,500,89.62273080293139
evolution_strategy,rastrigin,118,600,82.85623397360945
evolution_strategy,rastrigin,118,700,69.17391545882973
evolution_strategy,rastrigin,118,800,69.17391545882973
evolution_strategy,rastrigin,118,900,64.01318257499753
evolution_strategy,rastrigin,118,1000,64.01318257499753
evolution_strategy,rastrigin,118,1100,64.01318257499753
evolution_strategy,rastrigin,118,1200,64.01318257499753
evolution_strategy,rastrigin,118,1300,64.01318257499753
evolution_strategy,rastrigin,118,1400,64.01318257499753
evolution_strategy,rastrigin,118,1500,64.01318257499753
evolution_strategy,rastrigin,118,1600,64.01318257499753
evolution_strategy,rastrigin,118,1700,54.37203634575791
evolution_strategy,rastrigin,118,1800,54.37203634575791
evolution_strategy,rastrigin,118,1900,54.37203634575791
evolution_strategy,rastrigin,118,2000,54.37203634575791
evolution_strategy,rastrigin,118,2100,34.307609243435564
evolution_strategy,rastrigin,118,2200,34.307609243435564
evolution_strategy,rastrigin,118,2300,34.307609243435564
evolution_strategy,rastrigin,118,2400,34.307609243435564
evolution_strategy,rastrigin,118,2500,34.307609243435564
evolution_strategy,rastrigin,118,2600,34.307609243435564
evolution_strategy,rastrigin,118,2700,34.307609243435564
evolution_strategy,rastrigin,118,2800,34.307609243435564
evolution_strategy,rastrigin,118,2900,34.307609243435564
evolution_strategy,rastrigin,118,3000,34.307609243435564
evolution_strategy,rastrigin,118,3100,34.307609243435564
evolution_strategy,rastrigin,118,3200,34.307609243435564
evolution_strategy,rastrigin,118,3300,34.307609243435564
evolution_strategy,rastrigin,118,3400,34.307609243435564
evolution_strategy,rastrigin,118,3500,34.307609243435564
evolution_strategy,rastrigin,118,3600,34.307609243435564
evolution_strategy,rastrigin,118,3700,34.307609243435564
evolution_strategy,rastrigin,118,3800,34.307609243435564
evolution_strategy,rastrigin,118,3900,34.307609243435564
evolution_strategy,rastrigin,118,4000,34.307609243435564
evolution_strategy,rastrigin,118,4100,34.307609243435564
evolution_strategy,rastrigin,118,4200,34.307609243435564
evolution_strategy,rastrigin,118,4300,34.307609243435564
evolution_strategy,rastrigin,118,4400,34.307609243435564
evolution_strategy,rastrigin,118,4500,31.30247588567724
evolution_strategy,rastrigin,118,4600,31.30247588567724
evolution_strategy,rastrigin,118,4700,31.30247588567724
evolution_strategy,rastrigin,118,4800,31.30247588567724
evolution_strategy,rastrigin,118,4900,31.30247588567724
evolution_strategy,rastrigin,118,5000,28.01187223038147
evolution_strategy,rastrigin,118,5100,28.01187223038147
evolution_strategy,rastrigin,118,5200,28.01187223038147
evolution_strategy,rastrigin,118,5300,28.01187223038147
evolution_strategy,rastrigin,118,5400,28.01187223038147
evolution_strategy,rastrigin,118,5500,28.01187223038147
evolution_strategy,rastrigin,118,5600,28.01187223038147
evolution_strategy,rastrigin,118,5700,28.01187223038147
evolution_strategy,rastrigin,118,5800,28.01187223038147
evolution_strategy,rastrigin,118,5900,28.01187223038147
evolution_strategy,rastrigin,118,6000,28.01187223038147
evolution_strategy,rastrigin,118,6100,28.01187223038147
evolution_strategy,rastrigin,118,6200,28.01187223038147
evolution_strategy,rastrigin,118,6300,28.01187223038147
evolution_strategy,rastrigin,118,6400,28.01187223038147
evolution_strategy,rastrigin,118,6500,28.01187223038147
evolution_strategy,rastrigin,118,6600,28.01187223038147
evolution_strategy,rastrigin,118,6700,28.01187223038147
evolution_strategy,rastrigin,118,6800,28.01187223038147
evolution_strategy,rastrigin,118,6900,28.01187223038147
evolution_strategy,rastrigin,118,7000,28.01187223038147
evolution_strategy,rastrigin,118,7100,28.01187223038147
evolution_strategy,rastrigin,118,7200,28.01187223038147
evolution_strategy,rastrigin,118,7300,28.01187223038147
evolution_strategy,rastrigin,118,7400,28.01187223038147
evolution_strategy,rastrigin,118,7500,28.01187223038147
evolution_strategy,rastrigin,118,7600,28.01187223038147
evolution_strategy,rastrigin,118,7700,28.01187223038147
evolution_strategy,rastrigin,118,7800,28.01187223038147
evolution_strategy,rastrigin,118,7900,28.01187223038147
evolution_strategy,rastrigin,118,8000,28.01187223038147
evolution_strategy,rastrigin,118,8100,28.01187223038147
evolution_strategy,rastrigin,118,8200,28.01187223038147
evolution_strategy,rastrigin,118,8300,28.01187223038147
evolution_strategy,rastrigin,118,8400,28.01187223038147
evolution_strategy,rastrigin,118,8500,28.01187223038147
evolution_strategy,rastrigin,118,8600,28.01187223038147
evolution_strategy,rastrigin,118,8700,23.07434357462141
evolution_strategy,rastrigin,118,8800,23.07434357462141
evolution_strategy,rastrigin,118,8900,23.07434357462141
evolution_strategy,rastrigin,118,9000,23.07434357462141
evolution_strategy,rastrigin,118,9100,23.07434357462141
evolution_strategy,rastrigin,118,9200,23.07434357462141
evolution_strategy,rastrigin,118,9300,23.07434357462141
evolution_strategy,rastrigin,118,9400,23.07434357462141
evolution_strategy,rastrigin,118,9500,23.07434357462141
evolution_strategy,rastrigin,118,9600,23.07434357462141
evolution_strategy,rastrigin,118,9700,23.07434357462141
evolution_strategy,rastrigin,118,9800,23.07434357462141
evolution_strategy,rastrigin,118,9900,23.07434357462141
evolution_strategy,rastrigin,118,10000,23.07434357462141
evolution_strategy,rastrigin,118,10100,23.07434357462141
evolution_strategy,rastrigin,118,10200,23.07434357462141
evolution_strategy,rastrigin,118,10300,23.07434357462141
evolution_strategy,rastrigin,118,10400,23.07434357462141
evolution_strategy,rastrigin,118,10500,20.910244655550315
evolution_strategy,rastrigin,118,10600,20.910244655550315
evolution_strategy,rastrigin,118,10700,20.910244655550315
evolution_strategy,rastrigin,118,10800,20.910244655550315
evolution_strategy,rastrigin,118,10900,20.910244655550315
evolution_strategy,rastrigin,118,11000,20.910244655550315
evolution_strategy,rastrigin,118,11100,20.383734167718615
evolution_strategy,rastrigin,118,11200,20.383734167718615
evolution_strategy,rastrigin,118,11300,20.383734167718615
evolution_strategy,rastrigin,118,11400,20.383734167718615
evolution_strategy,rastrigin,118,11500,20.383734167718615
evolution_strategy,rastrigin,118,11600,20.383734167718615
evolution_strategy,rastrigin,118,11700,20.383734167718615
evolution_strategy,rastrigin,118,11800,20.383734167718615
evolution_strategy,rastrigin,118,11900,20.383734167718615
evolution_strategy,rastrigin,118,12000,20.383734167718615
evolution_strategy,rastrigin,118,12100,20.383734167718615
evolution_strategy,rastrigin,118,12200,20.383734167718615
evolution_strategy,rastrigin,118,12300,20.383734167718615
evolution_strategy,rastrigin,118,12400,20.383734167718615
evolution_strategy,rastrigin,118,12500,20.383734167718615
evolution_strategy,rastrigin,118,12600,20.383734167718615
evolution_strategy,rastrigin,118,12700,20.383734167718615
evolution_strategy,rastrigin,118,12800,20.383734167718615
evolution_strategy,rastrigin,118,12900,20.383734167718615
evolution_strategy,rastrigin,118,13000,20.383734167718615
evolution_strategy,rastrigin,118,13100,20.383734167718615
evolution_strategy,rastrigin,118,13200,20.383734167718615
evolution_strategy,rastrigin,118,13300,20.383734167718615
evolution_strategy,rastrigin,118,13400,20.383734167718615
evolution_strategy,rastrigin,118,13500,20.383734167718615
evolution_strategy,rastrigin,118,13600,20.383734167718615
evolution_strategy,rastrigin,118,13700,20.383734167718615
evolution_strategy,rastrigin,118,13800,20.383734167718615
evolution_strategy,rastrigin,118,13900,20.383734167718615
evolution_strategy,rastrigin,118,14000,20.383734167718615
evolution_strategy,rastrigin,118,14100,20.383734167718615
evolution_strategy,rastrigin,118,14200,20.383734167718615
evolution_strategy,rastrigin,118,14300,20.383734167718615
evolution_strategy,rastrigin,118,14400,20.383734167718615
evolution_strategy,rastrigin,118,14500,20.383734167718615
evolution_strategy,rastrigin,118,14600,20.383734167718615
evolution_strategy,rastrigin,118,14700,20.383734167718615
evolution_strategy,rastrigin,118,14800,20.383734167718615
evolution_strategy,rastrigin,118,14900,20.383734167718615
evolution_strategy,rastrigin,118,15000,20.383734167718615
evolution_strategy,rastrigin,118,15100,20.383734167718615
evolution_strategy,rastrigin,118,15200,20.383734167718615
evolution_strategy,rastrigin,118,15300,20.383734167718615
evolution_strategy,rastrigin,118,15400,20.383734167718615
evolution_strategy,rastrigin,118,15500,20.383734167718615
evolution_strategy,rastrigin,118,15600,20.383734167718615
evolution_strategy,rastrigin,118,15700,20.383734167718615
evolution_strategy,rastrigin,118,15800,20.383734167718615
evolution_strategy,rastrigin,118,15900,20.383734167718615
evolution_strategy,rastrigin,118,16000,20.383734167718615
evolution_strategy,rastrigin,118,16100,20.383734167718615
evolution_strategy,rastrigin,118,16200,20.383734167718615
evolution_strategy,rastrigin,118,16300,20.383734167718615
evolution_strategy,rastrigin,118,16400,20.383734167718615
evolution_strategy,rastrigin,118,16500,20.383734167718615
evolution_strategy,rastrigin,118,16600,20.383734167718615
evolution_strategy,rastrigin,118,16700,20.383734167718615
evolution_strategy,rastrigin,118,16800,20.383734167718615
evolution_strategy,rastrigin,118,16900,20.383734167718615
evolution_strategy,rastrigin,118,17000,20.383734167718615
evolution_strategy,rastrigin,118,17100,20.383734167718615
evolution_strategy,rastrigin,118,17200,20.383734167718615
evolution_strategy,rastrigin,118,17300,20.383734167718615
evolution_strategy,rastrigin,118,17400,20.383734167718615
evolution_strategy,rastrigin,118,17500,20.383734167718615
evolution_strategy,rastrigin,118,17600,20.383734167718615
evolution_strategy,rastrigin,118,17700,20.383734167718615
evolution_strategy,rastrigin,118,17800,20.383734167718615
evolution_strategy,rastrigin,118,17900,20.383734167718615
evolution_strategy,rastrigin,118,18000,20.383734167718615
evolution_strategy,rastrigin,118,18100,20.383734167718615
evolution_strategy,rastrigin,118,18200,20.383734167718615
evolution_strategy,rastrigin,118,18300,20.383734167718615
evolution_strategy,rastrigin,118,18400,20.383734167718615
evolution_strategy,rastrigin,118,18500,15.215732456807757
evolution_strategy,rastrigin,118,18600,15.215732456807757
evolution_strategy,rastrigin,118,18700,15.215732456807757
evolution_strategy,rastrigin,118,18800,15.215732456807757
evolution_strategy,rastrigin,118,18900,15.215732456807757
evolution_strategy,rastrigin,118,19000,15.215732456807757
evolution_strategy,rastrigin,118,19100,15.215732456807757
evolution_strategy,rastrigin,118,19200,15.215732456807757
evolution_strategy,rastrigin,118,19300,15.215732456807757
evolution_strategy,rastrigin,118,19400,15.215732456807757
evolution_strategy,rastrigin,118,19500,15.215732456807757
evolution_strategy,rastrigin,118,19600,15.215732456807757
evolution_strategy,rastrigin,118,19700,15.215732456807757
evolution_strategy,rastrigin,118,19800,15.215732456807757
evolution_strategy,rastrigin,118,19900,15.215732456807757
evolution_strategy,rastrigin,118,20000,15.215732456807757
evolution_strategy,rastrigin,119,100,114.39525622798082
evolution_strategy,rastrigin,119,200,94.77112780977137
evolution_strategy,rastrigin,119,300,94.77112780977137
evolution_strategy,rastrigin,119,400,88.88325169108438
evolution_strategy,rastrigin,119,500,76.97816891266189
evolution_strategy,rastrigin,119,600,62.10725711773986
evolution_strategy,rastrigin,119,700,62.10725711773986
evolution_strategy,rastrigin,119,800,62.091250081647836
evolution_strategy,rastrigin,119,900,62.091250081647836
evolution_strategy,rastrigin,119,1000,50.84379395742346
evolution_strategy,rastrigin,119,1100,50.84379395742346
evolution_strategy,rastrigin,119,1200,50.84379395742346
evolution_strategy,rastrigin,119,1300,50.84379395742346
evolution_strategy,rastrigin,119,1400,50.84379395742346
evolution_strategy,rastrigin,119,1500,50.84379395742346
evolution_strategy,rastrigin,119,1600,50.84379395742346
evolution_strategy,rastrigin,119,1700,50.84379395742346
evolution_strategy,rastrigin,119,1800,50.84379395742346
evolution_strategy,rastrigin,119,1900,50.84379395742346
evolution_strategy,rastrigin,119,2000,49.86302238475099
evolution_strategy,rastrigin,119,2100,43.66753951163523
evolution_strategy,rastrigin,119,2200,33.55604975168737
evolution_strategy,rastrigin,119,2300,22.99243825095425
evolution_strategy,rastrigin,119,2400,22.99243825095425
evolution_strategy,rastrigin,119,2500,22.99243825095425
evolution_strategy,rastrigin,119,2600,22.99243825095425
evolution_strategy,rastrigin,119,2700,22.99243825095425
evolution_strategy,rastrigin,119,2800,22.99243825095425
evolution_strategy,rastrigin,119,2900,22.99243825095425
evolution_strategy,rastrigin,119,3000,22.99243825095425
evolution_strategy,rastrigin,119,3100,22.99243825095425
evolution_strategy,rastrigin,119,3200,22.99243825095425
evolution_strategy,rastrigin,119,3300,22.99243825095425
evolution_strategy,rastrigin,119,3400,22.99243825095425
evolution_strategy,rastrigin,119,3500,22.99243825095425
evolution_strategy,rastrigin,119,3600,22.99243825095425
evolution_strategy,rastrigin,119,3700,22.99243825095425
evolution_strategy,rastrigin,119,3800,22.99243825095425
evolution_strategy,rastrigin,119,3900,22.99243825095425
evolution_strategy,rastrigin,119,4000,22.99243825095425
evolution_strategy,rastrigin,119,4100,22.99243825095425
evolution_strategy,rastrigin,119,4200,22.99243825095425
evolution_strategy,rastrigin,119,4300,22.99243825095425
evolution_strategy,rastrigin,119,4400,22.99243825095425
evolution_strategy,rastrigin,119,4500,22.99243825095425
evolution_strategy,rastrigin,119,4600,22.99243825095425
evolution_strategy,rastrigin,119,4700,22.99243825095425
evolution_strategy,rastrigin,119,4800,22.99243825095425
evolution_strategy,rastrigin,119,4900,22.99243825095425
evolution_strategy,rastrigin,119,5000,22.99243825095425
evolution_strategy,rastrigin,119,5100,22.99243825095425
evolution_strategy,rastrigin,119,5200,22.99243825095425
evolution_strategy,rastrigin,119,5300,22.99243825095425
evolution_strategy,rastrigin,119,5400,22.99243825095425
evolution_strategy,rastrigin,119,5500,22.99243825095425
evolution_strategy,rastrigin,119,5600,22.99243825095425
evolution_strategy,rastrigin,119,5700,22.99243825095425
evolution_strategy,rastrigin,119,5800,22.99243825095425
evolution_strategy,rastrigin,119,5900,22.99243825095425
evolution_strategy,rastrigin,119,6000,22.99243825095425
evolution_strategy,rastrigin,119,6100,22.99243825095425
evolution_strategy,rastrigin,119,6200,22.99243825095425
evolution_strategy,rastrigin,119,6300,22.99243825095425
evolution_strategy,rastrigin,119,6400,22.99243825095425
evolution_strategy,rastrigin,119,6500,22.99243825095425
evolution_strategy,rastrigin,119,6600,22.99243825095425
evolution_strategy,rastrigin,119,6700,22.99243825095425
evolution_strategy,rastrigin,119,6800,22.99243825095425
evolution_strategy,rastrigin,119,6900,22.99243825095425
evolution_strategy,rastrigin,119,7000,22.99243825095425
evolution_strategy,rastrigin,119,7100,22.99243825095425
evolution_strategy,rastrigin,119,7200,22.99243825095425
evolution_strategy,rastrigin,119,7300,22.99243825095425
evolution_strategy,rastrigin,119,7400,22.99243825095425
evolution_strategy,rastrigin,119,7500,22.99243825095425
evolution_strategy,rastrigin,119,7600,22.99243825095425
evolution_strategy,rastrigin,119,7700,22.99243825095425
evolution_strategy,rastrigin,119,7800,22.99243825095425
evolution_strategy,rastrigin,119,7900,22.99243825095425
evolution_strategy,rastrigin,119,8000,22.99243825095425
evolution_strategy,rastrigin,119,8100,22.99243825095425
evolution_strategy,rastrigin,119,8200,22.99243825095425
evolution_strategy,rastrigin,119,8300,22.99243825095425
evolution_strategy,rastrigin,119,8400,22.99243825095425
evolution_strategy,rastrigin,119,8500,22.99243825095425
evolution_strategy,rastrigin,119,8600,22.99243825095425
evolution_strategy,rastrigin,119,8700,22.99243825095425
evolution_strategy,rastrigin,119,8800,22.99243825095425
evolution_strategy,rastrigin,119,8900,22.99243825095425
evolution_strategy,rastrigin,119,9000,22.99243825095425
evolution_strategy,rastrigin,119,9100,22.99243825095425
evolution_strategy,rastrigin,119,9200,22.99243825095425
evolution_strategy,rastrigin,119,9300,22.99243825095425
evolution_strategy,rastrigin,119,9400,22.99243825095425
evolution_strategy,rastrigin,119,9500,22.99243825095425
evolution_strategy,rastrigin,119,9600,22.99243825095425
evolution_strategy,rastrigin,119,9700,22.99243825095425
evolution_strategy,rastrigin,119,9800,22.99243825095425
evolution_strategy,rastrigin,119,9900,22.99243825095425
evolution_strategy,rastrigin,119,10000,22.99243825095425
evolution_strategy,rastrigin,119,10100,22.99243825095425
evolution_strategy,rastrigin,119,10200,22.99243825095425
evolution_strategy,rastrigin,119,10300,22.99243825095425
evolution_strategy,rastrigin,119,10400,22.99243825095425
evolution_strategy,rastrigin,119,10500,22.99243825095425
evolution_strategy,rastrigin,119,10600,22.99243825095425
evolution_strategy,rastrigin,119,10700,22.99243825095425
evolution_strategy,rastrigin,119,10800,22.99243825095425
evolution_strategy,rastrigin,119,10900,22.99243825095425
evolution_strategy,rastrigin,119,11000,22.99243825095425
evolution_strategy,rastrigin,119,11100,22.99243825095425
evolution_strategy,rastrigin,119,11200,22.99243825095425
evolution_strategy,rastrigin,119,11300,22.99243825095425
evolution_strategy,rastrigin,119,11400,22.99243825095425
evolution_strategy,rastrigin,119,11500,22.99243825095425
evolution_strategy,rastrigin,119,11600,22.99243825095425
evolution_strategy,rastrigin,119,11700,22.99243825095425
evolution_strategy,rastrigin,119,11800,22.99243825095425
evolution_strategy,rastrigin,119,11900,22.99243825095425
evolution_strategy,rastrigin,119,12000,22.99243825095425
evolution_strategy,rastrigin,119,12100,22.99243825095425
evolution_strategy,rastrigin,119,12200,22.99243825095425
evolution_strategy,rastrigin,119,12300,22.99243825095425
evolution_strategy,rastrigin,119,12400,22.99243825095425
evolution_strategy,rastrigin,119,12500,22.99243825095425
evolution_strategy,rastrigin,119,12600,22.99243825095425
evolution_strategy,rastrigin,119,12700,22.99243825095425
evolution_strategy,rastrigin,119,12800,22.99243825095425
evolution_strategy,rastrigin,119,12900,22.99243825095425
evolution_strategy,rastrigin,119,13000,22.99243825095425
evolution_strategy,rastrigin,119,13100,22.99243825095425
evolution_strategy,rastrigin,119,13200,22.99243825095425
evolution_strategy,rastrigin,119,13300,22.99243825095425
evolution_strategy,rastrigin,119,13400,22.99243825095425
evolution_strategy,rastrigin,119,13500,22.99243825095425
evolution_strategy,rastrigin,119,13600,22.99243825095425
evolution_strategy,rastrigin,119,13700,22.99243825095425
evolution_strategy,rastrigin,119,13800,22.99243825095425
evolution_strategy,rastrigin,119,13900,22.99243825095425
evolution_strategy,rastrigin,119,14000,22.99243825095425
evolution_strategy,rastrigin,119,14100,22.99243825095425
evolution_strategy,rastrigin,119,14200,22.99243825095425
evolution_strategy,rastrigin,119,14300,22.99243825095425
evolution_strategy,rastrigin,119,14400,22.99243825095425
evolution_strategy,rastrigin,119,14500,22.99243825095425
evolution_strategy,rastrigin,119,14600,22.99243825095425
evolution_strategy,rastrigin,119,14700,22.99243825095425
evolution_strategy,rastrigin,119,14800,22.99243825095425
evolution_strategy,rastrigin,119,14900,22.99243825095425
evolution_strategy,rastrigin,119,15000,22.99243825095425
evolution_strategy,rastrigin,119,15100,22.99243825095425
evolution_strategy,rastrigin,119,15200,22.99243825095425
evolution_strategy,rastrigin,119,15300,22.99243825095425
evolution_strategy,rastrigin,119,15400,22.99243825095425
evolution_strategy,rastrigin,119,15500,22.99243825095425
evolution_strategy,rastrigin,119,15600,22.99243825095425
evolution_strategy,rastrigin,119,15700,22.99243825095425
evolution_strategy,rastrigin,119,15800,22.99243825095425
evolution_strategy,rastrigin,119,15900,22.99243825095425
evolution_strategy,rastrigin,119,16000,22.99243825095425
evolution_strategy,rastrigin,119,16100,22.99243825095425
evolution_strategy,rastrigin,119,16200,22.99243825095425
evolution_strategy,rastrigin,119,16300,22.99243825095425
evolution_strategy,rastrigin,119,16400,22.99243825095425
evolution_strategy,rastrigin,119,16500,22.99243825095425
evolution_strategy,rastrigin,119,16600,22.99243825095425
evolution_strategy,rastrigin,119,16700,22.99243825095425
evolution_strategy,rastrigin,119,16800,22.99243825095425
evolution_strategy,rastrigin,119,16900,22.99243825095425
evolution_strategy,rastrigin,119,17000,22.99243825095425
evolution_strategy,rastrigin,119,17100,22.99243825095425
evolution_strategy,rastrigin,119,17200,22.99243825095425
evolution_strategy,rastrigin,119,17300,22.99243825095425
evolution_strategy,rastrigin,119,17400,22.99243825095425
evolution_strategy,rastrigin,119,17500,22.99243825095425
evolution_strategy,rastrigin,119,17600,22.99243825095425
evolution_strategy,rastrigin,119,17700,22.99243825095425
evolution_strategy,rastrigin,119,17800,22.99243825095425
evolution_strategy,rastrigin,119,17900,22.99243825095425
evolution_strategy,rastrigin,119,18000,22.99243825095425
evolution_strategy,rastrigin,119,18100,18.367491082229407
evolution_strategy,rastrigin,119,18200,18.367491082229407
evolution_strategy,rastrigin,119,18300,18.367491082229407
evolution_strategy,rastrigin,119,18400,18.367491082229407
evolution_strategy,rastrigin,119,18500,18.367491082229407
evolution_strategy,rastrigin,119,18600,18.367491082229407
evolution_strategy,rastrigin,119,18700,18.367491082229407
evolution_strategy,rastrigin,119,18800,18.367491082229407
evolution_strategy,rastrigin,119,18900,18.367491082229407
evolution_strategy,rastrigin,119,19000,18.367491082229407
evolution_strategy,rastrigin,119,19100,18.367491082229407
evolution_strategy,rastrigin,119,19200,18.367491082229407
evolution_strategy,rastrigin,119,19300,18.367491082229407
evolution_strategy,rastrigin,119,19400,18.367491082229407
evolution_strategy,rastrigin,119,19500,18.367491082229407
evolution_strategy,rastrigin,119,19600,18.367491082229407
evolution_strategy,rastrigin,119,19700,18.367491082229407
evolution_strategy,rastrigin,119,19800,18.367491082229407
evolution_strategy,rastrigin,119,19900,18.367491082229407
evolution_strategy,rastrigin,119,20000,18.367491082229407
