algorithm,benchmark,seed,evaluations,best_value
genetic_algorithm,rastrigin,100,100,76.8389048394909
genetic_algorithm,rastrigin,100,200,54.566062463881075
genetic_algorithm,rastrigin,100,300,51.80588802936028
genetic_algorithm,rastrigin,100,400,50.54998351835753
genetic_algorithm,rastrigin,100,500,41.53147313860189
genetic_algorithm,rastrigin,100,600,37.386398927287814
genetic_algorithm,rastrigin,100,700,33.157404692021515
genetic_algorithm,rastrigin,100,800,33.157404692021515
genetic_algorithm,rastrigin,100,900,31.19279260480991
genetic_algorithm,rastrigin,100,1000,29.089636677017666
genetic_algorithm,rastrigin,100,1100,27.971001052763427
genetic_algorithm,rastrigin,100,1200,24.873743635264788
genetic_algorithm,rastrigin,100,1300,24.873743635264788
genetic_algorithm,rastrigin,100,1400,24.320609263669837
genetic_algorithm,rastrigin,100,1500,24.320609263669837
genetic_algorithm,rastrigin,100,1600,22.679934997520775
genetic_algorithm,rastrigin,100,1700,21.295550470506726
genetic_algorithm,rastrigin,100,1800,20.27784773064596
genetic_algorithm,rastrigin,100,1900,19.382328448582584
genetic_algorithm,rastrigin,100,2000,18.79507735879966
genetic_algorithm,rastrigin,100,2100,18.79507735879966
genetic_algorithm,rastrigin,100,2200,18.60966269841866
genetic_algorithm,rastrigin,100,2300,18.494480233674167
genetic_algorithm,rastrigin,100,2400,18.375564327344293
genetic_algorithm,rastrigin,100,2500,13.84501111508726
genetic_algorithm,rastrigin,100,2600,13.84501111508726
genetic_algorithm,rastrigin,100,2700,12.623834621274199
genetic_algorithm,rastrigin,100,2800,12.404856763584803
genetic_algorithm,rastrigin,100,2900,12.404856763584803
genetic_algorithm,rastrigin,100,3000,12.227542072203505
genetic_algorithm,rastrigin,100,3100,10.41367417938892
genetic_algorithm,rastrigin,100,3200,10.41367417938892
genetic_algorithm,rastrigin,100,3300,9.000615369733026
genetic_algorithm,rastrigin,100,3400,9.000615369733026
genetic_algorithm,rastrigin,100,3500,9.000615369733026
genetic_algorithm,rastrigin,100,3600,8.24703835696505
genetic_algorithm,rastrigin,100,3700,8.152201709894172
genetic_algorithm,rastrigin,100,3800,7.832444419367533
genetic_algorithm,rastrigin,100,3900,7.800905039286263
genetic_algorithm,rastrigin,100,4000,7.800905039286263
genetic_algorithm,rastrigin,100,4100,7.624059454943733
genetic_algorithm,rastrigin,100,4200,7.580429679246137
genetic_algorithm,rastrigin,100,4300,6.030366459314749
genetic_algorithm,rastrigin,100,4400,5.523274404737904
genetic_algorithm,rastrigin,100,4500,4.411401855571995
genetic_algorithm,rastrigin,100,4600,4.35869873822449
genetic_algorithm,rastrigin,100,4700,4.173001216066467
genetic_algorithm,rastrigin,100,4800,4.173001216066467
genetic_algorithm,rastrigin,100,4900,4.173001216066467
genetic_algorithm,rastrigin,100,5000,3.4826153927011063
genetic_algorithm,rastrigin,100,5100,2.799044250029638
genetic_algorithm,rastrigin,100,5200,2.799044250029638
genetic_algorithm,rastrigin,100,5300,2.799044250029638
genetic_algorithm,rastrigin,100,5400,2.6854398629884884
genetic_algorithm,rastrigin,100,5500,2.6854398629884884
genetic_algorithm,rastrigin,100,5600,2.6854398629884884
genetic_algorithm,rastrigin,100,5700,2.426659669455745
genetic_algorithm,rastrigin,100,5800,2.426659669455745
genetic_algorithm,rastrigin,100,5900,2.426659669455745
genetic_algorithm,rastrigin,100,6000,2.3572895381232684
genetic_algorithm,rastrigin,100,6100,2.2939634671330964
genetic_algorithm,rastrigin,100,6200,2.078866245923848
genetic_algorithm,rastrigin,100,6300,2.078866245923848
genetic_algorithm,rastrigin,100,6400,2.076945986047946
genetic_algorithm,rastrigin,100,6500,2.076945986047946
genetic_algorithm,rastrigin,100,6600,2.076945986047946
genetic_algorithm,rastrigin,100,6700,2.076945986047946
genetic_algorithm,rastrigin,100,6800,2.076945986047946
genetic_algorithm,rastrigin,100,6900,2.076945986047946
genetic_algorithm,rastrigin,100,7000,2.076945986047946
genetic_algorithm,rastrigin,100,7100,2.076945986047946
genetic_algorithm,rastrigin,100,7200,2.076945986047946
genetic_algorithm,rastrigin,100,7300,2.076945986047946
genetic_algorithm,rastrigin,100,7400,2.076945986047946
genetic_algorithm,rastrigin,100,7500,2.076945986047946
genetic_algorithm,rastrigin,100,7600,2.076945986047946
genetic_algorithm,rastrigin,100,7700,2.076945986047946
genetic_algorithm,rastrigin,100,7800,2.076945986047946
genetic_algorithm,rastrigin,100,7900,2.076945986047946
genetic_algorithm,rastrigin,100,8000,2.076945986047946
genetic_algorithm,rastrigin,100,8100,2.076945986047946
genetic_algorithm,rastrigin,100,8200,2.076945986047946
genetic_algorithm,rastrigin,100,8300,2.076678262674676
genetic_algorithm,rastrigin,100,8400,2.0686945636267637
genetic_algorithm,rastrigin,100,8500,1.6760221079338606
genetic_algorithm,rastrigin,100,8600,1.3053124265868092
genetic_algorithm,rastrigin,100,8700,1.3053124265868092
genetic_algorithm,rastrigin,100,8800,1.3053124265868092
genetic_algorithm,rastrigin,100,8900,1.3053124265868092
genetic_algorithm,rastrigin,100,9000,1.3051030176042104
genetic_algorithm,rastrigin,100,9100,1.26050423495235
genetic_algorithm,rastrigin,100,9200,1.26050423495235
genetic_algorithm,rastrigin,100,9300,1.26050423495235
genetic_algorithm,rastrigin,100,9400,1.26050423495235
genetic_algorithm,rastrigin,100,9500,1.1283812142547163
genetic_algorithm,rastrigin,100,9600,1.1283812142547163
genetic_algorithm,rastrigin,100,9700,1.0874244789119984
genetic_algorithm,rastrigin,100,9800,1.0874244789119984
genetic_algorithm,rastrigin,100,9900,1.0874244789119984
genetic_algorithm,rastrigin,100,10000,0.4450265930017565
genetic_algorithm,rastrigin,100,10100,0.4450265930017565
genetic_algorithm,rastrigin,100,10200,0.4450265930017565
genetic_algorithm,rastrigin,100,10300,0.4450265930017565
genetic_algorithm,rastrigin,100,10400,0.4450265930017565
genetic_algorithm,rastrigin,100,10500,0.4450265930017565
genetic_algorithm,rastrigin,100,10600,0.4450265930017565
genetic_algorithm,rastrigin,100,10700,0.36438094024335044
genetic_algorithm,rastrigin,100,10800,0.36438094024335044
genetic_algorithm,rastrigin,100,10900,0.31026901637432047
genetic_algorithm,rastrigin,100,11000,0.2182668215757957
genetic_algorithm,rastrigin,100,11100,0.2182668215757957
genetic_algorithm,rastrigin,100,11200,0.2182668215757957
genetic_algorithm,rastrigin,100,11300,0.2182668215757957
genetic_algorithm,rastrigin,100,11400,0.2182668215757957
genetic_algorithm,rastrigin,100,11500,0.19180822238745066
genetic_algorithm,rastrigin,100,11600,0.19180822238745066
genetic_algorithm,rastrigin,100,11700,0.19180822238745066
genetic_algorithm,rastrigin,100,11800,0.19180822238745066
genetic_algorithm,rastrigin,100,11900,0.19180822238745066
genetic_algorithm,rastrigin,100,12000,0.19180822238745066
genetic_algorithm,rastrigin,100,12100,0.19180822238745066
genetic_algorithm,rastrigin,100,12200,0.19180822238745066
genetic_algorithm,rastrigin,100,12300,0.19180822238745066
genetic_algorithm,rastrigin,100,12400,0.19180822238745066
genetic_algorithm,rastrigin,100,12500,0.19180822238745066
genetic_algorithm,rastrigin,100,12600,0.19180822238745066
genetic_algorithm,rastrigin,100,12700,0.19180822238745066
genetic_algorithm,rastrigin,100,12800,0.19180822238745066
genetic_algorithm,rastrigin,100,12900,0.19180822238745066
genetic_algorithm,rastrigin,100,13000,0.19180822238745066
genetic_algorithm,rastrigin,100,13100,0.19180822238745066
genetic_algorithm,rastrigin,100,13200,0.19180822238745066
genetic_algorithm,rastrigin,100,13300,0.19180822238745066
genetic_algorithm,rastrigin,100,13400,0.19180822238745066
genetic_algorithm,rastrigin,100,13500,0.19180822238745066
genetic_algorithm,rastrigin,100,13600,0.19180822238745066
genetic_algorithm,rastrigin,100,13700,0.17853249888280232
genetic_algorithm,rastrigin,100,13800,0.17853249888280232
genetic_algorithm,rastrigin,100,13900,0.17853249888280232
genetic_algorithm,rastrigin,100,14000,0.17853249888280232
genetic_algorithm,rastrigin,100,14100,0.17853249888280232
genetic_algorithm,rastrigin,100,14200,0.17853249888280232
genetic_algorithm,rastrigin,100,14300,0.17853249888280232
genetic_algorithm,rastrigin,100,14400,0.17853249888280232
genetic_algorithm,rastrigin,100,14500,0.17853249888280232
genetic_algorithm,rastrigin,100,14600,0.17853249888280232
genetic_algorithm,rastrigin,100,14700,0.17853249888280232
genetic_algorithm,rastrigin,100,14800,0.17853249888280232
genetic_algorithm,rastrigin,100,14900,0.17853249888280232
genetic_algorithm,rastrigin,100,15000,0.17853249888280232
genetic_algorithm,rastrigin,100,15100,0.17853249888280232
genetic_algorithm,rastrigin,100,15200,0.17853249888280232
genetic_algorithm,rastrigin,100,15300,0.17853249888280232
genetic_algorithm,rastrigin,100,15400,0.17853249888280232
genetic_algorithm,rastrigin,100,15500,0.17853249888280232
genetic_algorithm,rastrigin,100,15600,0.17853249888280232
genetic_algorithm,rastrigin,100,15700,0.17853249888280232
genetic_algorithm,rastrigin,100,15800,0.17853249888280232
genetic_algorithm,rastrigin,100,15900,0.11598746981516683
genetic_algorithm,rastrigin,100,16000,0.09734699299779948
genetic_algorithm,rastrigin,100,16100,0.09734699299779948
genetic_algorithm,rastrigin,100,16200,0.08586345666647333
genetic_algorithm,rastrigin,100,16300,0.06870644096785838
genetic_algorithm,rastrigin,100,16400,0.06870644096785838
genetic_algorithm,rastrigin,100,16500,0.06870644096785838
genetic_algorithm,rastrigin,100,16600,0.06870644096785838
genetic_algorithm,rastrigin,100,16700,0.06870644096785838
genetic_algorithm,rastrigin,100,16800,0.06269569179575285
genetic_algorithm,rastrigin,100,16900,0.06269569179575285
genetic_algorithm,rastrigin,100,17000,0.06269569179575285
genetic_algorithm,rastrigin,100,17100,0.06269569179575285
genetic_algorithm,rastrigin,100,17200,0.06269569179575285
genetic_algorithm,rastrigin,100,17300,0.06269569179575285
genetic_algorithm,rastrigin,100,17400,0.0549079838478832
genetic_algorithm,rastrigin,100,17500,0.0549079838478832
genetic_algorithm,rastrigin,100,17600,0.03226098723703785
genetic_algorithm,rastrigin,100,17700,0.03226098723703785
genetic_algorithm,rastrigin,100,17800,0.03226098723703785
genetic_algorithm,rastrigin,100,17900,0.03226098723703785
genetic_algorithm,rastrigin,100,18000,0.03226098723703785
genetic_algorithm,rastrigin,100,18100,0.03226098723703785
genetic_algorithm,rastrigin,100,18200,0.03226098723703785
genetic_algorithm,rastrigin,100,18300,0.03226098723703785
genetic_algorithm,rastrigin,100,18400,0.03226098723703785
genetic_algorithm,rastrigin,100,18500,0.03226098723703785
genetic_algorithm,rastrigin,100,18600,0.03226098723703785
genetic_algorithm,rastrigin,100,18700,0.03226098723703785
genetic_algorithm,rastrigin,100,18800,0.03226098723703785
genetic_algorithm,rastrigin,100,18900,0.03226098723703785
genetic_algorithm,rastrigin,100,19000,0.023323432171991954
genetic_algorithm,rastrigin,100,19100,0.022480949207292156
genetic_algorithm,rastrigin,100,19200,0.01645169364638832
genetic_algorithm,rastrigin,100,19300,0.01645169364638832
genetic_algorithm,rastrigin,100,19400,0.01645169364638832
genetic_algorithm,rastrigin,100,19500,0.01645169364638832
genetic_algorithm,rastrigin,100,19600,0.01645169364638832
genetic_algorithm,rastrigin,100,19700,0.01645169364638832
genetic_algorithm,rastrigin,100,19800,0.01645169364638832
genetic_algorithm,rastrigin,100,19900,0.01645169364638832
genetic_algorithm,rastrigin,100,20000,0.01645169364638832
genetic_algorithm,rastrigin,101,100,102.17281494811407
genetic_algorithm,rastrigin,101,200,71.51443529745568
genetic_algorithm,rastrigin,101,300,69.9297958104084
genetic_algorithm,rastrigin,101,400,68.2852587219688
genetic_algorithm,rastrigin,101,500,58.36504857455702
genetic_algorithm,rastrigin,101,600,53.937414683274866
genetic_algorithm,rastrigin,101,700,52.317328687715076
genetic_algorithm,rastrigin,101,800,45.471363910330936
genetic_algorithm,rastrigin,101,900,44.626547091131584
genetic_algorithm,rastrigin,101,1000,44.626547091131584
genetic_algorithm,rastrigin,101,1100,43.746727619260554
genetic_algorithm,rastrigin,101,1200,43.28816990483212
genetic_algorithm,rastrigin,101,1300,42.64371026041612
genetic_algorithm,rastrigin,101,1400,40.792287832426325
genetic_algorithm,rastrigin,101,1500,40.792287832426325
genetic_algorithm,rastrigin,101,1600,39.26097866944684
genetic_algorithm,rastrigin,101,1700,38.406749158379
genetic_algorithm,rastrigin,101,1800,37.31667528213113
genetic_algorithm,rastrigin,101,1900,35.332292175538925
genetic_algorithm,rastrigin,101,2000,34.366313488185185
genetic_algorithm,rastrigin,101,2100,34.366313488185185
genetic_algorithm,rastrigin,101,2200,33.35895240841067
genetic_algorithm,rastrigin,101,2300,31.186434063407262
genetic_algorithm,rastrigin,101,2400,31.173506065982508
genetic_algorithm,rastrigin,101,2500,31.04955848448749
genetic_algorithm,rastrigin,101,2600,31.04955848448749
genetic_algorithm,rastrigin,101,2700,30.983006819610353
genetic_algorithm,rastrigin,101,2800,30.983006819610353
genetic_algorithm,rastrigin,101,2900,29.561347751686867
genetic_algorithm,rastrigin,101,3000,29.561347751686867
genetic_algorithm,rastrigin,101,3100,29.236461276902702
genetic_algorithm,rastrigin,101,3200,28.922724424463212
genetic_algorithm,rastrigin,101,3300,28.531024962296527
genetic_algorithm,rastrigin,101,3400,26.143343725634807
genetic_algorithm,rastrigin,101,3500,26.058051570714525
genetic_algorithm,rastrigin,101,3600,24.017278107240898
genetic_algorithm,rastrigin,101,3700,22.697892859541426
genetic_algorithm,rastrigin,101,3800,16.0153127188849
genetic_algorithm,rastrigin,101,3900,16.0153127188849
genetic_algorithm,rastrigin,101,4000,15.709493220804788
genetic_algorithm,rastrigin,101,4100,15.170847909294736
genetic_algorithm,rastrigin,101,4200,15.170847909294736
genetic_algorithm,rastrigin,101,4300,15.170847909294736
genetic_algorithm,rastrigin,101,4400,14.816752284980993
genetic_algorithm,rastrigin,101,4500,14.446724071408738
genetic_algorithm,rastrigin,101,4600,14.014967837782308
genetic_algorithm,rastrigin,101,4700,13.727930047377356
genetic_algorithm,rastrigin,101,4800,13.325069533149403
genetic_algorithm,rastrigin,101,4900,12.932094793769807
genetic_algorithm,rastrigin,101,5000,12.932094793769807
genetic_algorithm,rastrigin,101,5100,12.580098964083831
genetic_algorithm,rastrigin,101,5200,12.580098964083831
genetic_algorithm,rastrigin,101,5300,11.551388169540274
genetic_algorithm,rastrigin,101,5400,11.551388169540274
genetic_algorithm,rastrigin,101,5500,11.081171883472521
genetic_algorithm,rastrigin,101,5600,11.081171883472521
genetic_algorithm,rastrigin,101,5700,11.081171883472521
genetic_algorithm,rastrigin,101,5800,11.081171883472521
genetic_algorithm,rastrigin,101,5900,8.706677546414426
genetic_algorithm,rastrigin,101,6000,6.788781019894358
genetic_algorithm,rastrigin,101,6100,6.788781019894358
genetic_algorithm,rastrigin,101,6200,6.788781019894358
genetic_algorithm,rastrigin,101,6300,6.50635525181913
genetic_algorithm,rastrigin,101,6400,6.50635525181913
genetic_algorithm,rastrigin,101,6500,6.50635525181913
genetic_algorithm,rastrigin,101,6600,6.50635525181913
genetic_algorithm,rastrigin,101,6700,6.50635525181913
genetic_algorithm,rastrigin,101,6800,6.504572965620952
genetic_algorithm,rastrigin,101,6900,3.7854027872366487
genetic_algorithm,rastrigin,101,7000,3.7854027872366487
genetic_algorithm,rastrigin,101,7100,3.7531563615581547
genetic_algorithm,rastrigin,101,7200,3.239275704854066
genetic_algorithm,rastrigin,101,7300,3.1065559332705845
genetic_algorithm,rastrigin,101,7400,2.7915723536087427
genetic_algorithm,rastrigin,101,7500,2.7915723536087427
genetic_algorithm,rastrigin,101,7600,2.7915723536087427
genetic_algorithm,rastrigin,101,7700,2.7915723536087427
genetic_algorithm,rastrigin,101,7800,2.7915723536087427
genetic_algorithm,rastrigin,101,7900,2.7915723536087427
genetic_algorithm,rastrigin,101,8000,2.7915723536087427
genetic_algorithm,rastrigin,101,8100,1.9142427575633008
genetic_algorithm,rastrigin,101,8200,1.9142427575633008
genetic_algorithm,rastrigin,101,8300,1.9142427575633008
genetic_algorithm,rastrigin,101,8400,1.9142427575633008
genetic_algorithm,rastrigin,101,8500,1.9142427575633008
genetic_algorithm,rastrigin,101,8600,1.5310968147197883
genetic_algorithm,rastrigin,101,8700,1.5310968147197883
genetic_algorithm,rastrigin,101,8800,1.452548494880574
genetic_algorithm,rastrigin,101,8900,1.452548494880574
genetic_algorithm,rastrigin,101,9000,1.4391589327681373
genetic_algorithm,rastrigin,101,9100,1.4391589327681373
genetic_algorithm,rastrigin,101,9200,1.4391589327681373
genetic_algorithm,rastrigin,101,9300,1.4391589327681373
genetic_algorithm,rastrigin,101,9400,1.4391589327681373
genetic_algorithm,rastrigin,101,9500,1.4391589327681373
genetic_algorithm,rastrigin,101,9600,1.4391589327681373
genetic_algorithm,rastrigin,101,9700,1.4391589327681373
genetic_algorithm,rastrigin,101,9800,1.4391589327681373
genetic_algorithm,rastrigin,101,9900,1.4391589327681373
genetic_algorithm,rastrigin,101,10000,1.4391589327681373
genetic_algorithm,rastrigin,101,10100,1.4293362615565997
genetic_algorithm,rastrigin,101,10200,1.4293362615565997
genetic_algorithm,rastrigin,101,10300,1.3505109009776248
genetic_algorithm,rastrigin,101,10400,1.3505109009776248
genetic_algorithm,rastrigin,101,10500,1.3505109009776248
genetic_algorithm,rastrigin,101,10600,1.3505109009776248
genetic_algorithm,rastrigin,101,10700,1.3505109009776248
genetic_algorithm,rastrigin,101,10800,1.3505109009776248
genetic_algorithm,rastrigin,101,10900,1.3505109009776248
genetic_algorithm,rastrigin,101,11000,1.3505109009776248
genetic_algorithm,rastrigin,101,11100,1.3505109009776248
genetic_algorithm,rastrigin,101,11200,1.3505109009776248
genetic_algorithm,rastrigin,101,11300,1.3505109009776248
genetic_algorithm,rastrigin,101,11400,1.347685843129625
genetic_algorithm,rastrigin,101,11500,1.3197197144762072
genetic_algorithm,rastrigin,101,11600,1.117609814569036
genetic_algorithm,rastrigin,101,11700,1.108924081426565
genetic_algorithm,rastrigin,101,11800,1.0984273560161455
genetic_algorithm,rastrigin,101,11900,1.0984273560161455
genetic_algorithm,rastrigin,101,12000,1.0984273560161455
genetic_algorithm,rastrigin,101,12100,1.0984273560161455
genetic_algorithm,rastrigin,101,12200,1.0984273560161455
genetic_algorithm,rastrigin,101,12300,1.0984273560161455
genetic_algorithm,rastrigin,101,12400,1.09629580189592
genetic_algorithm,rastrigin,101,12500,1.09629580189592
genetic_algorithm,rastrigin,101,12600,1.0734418307096973
genetic_algorithm,rastrigin,101,12700,1.0734418307096973
genetic_algorithm,rastrigin,101,12800,1.0734418307096973
genetic_algorithm,rastrigin,101,12900,1.0240074977979674
genetic_algorithm,rastrigin,101,13000,1.0240074977979674
genetic_algorithm,rastrigin,101,13100,1.0240074977979674
genetic_algorithm,rastrigin,101,13200,1.0240074977979674
genetic_algorithm,rastrigin,101,13300,1.0240074977979674
genetic_algorithm,rastrigin,101,13400,1.0240074977979674
genetic_algorithm,rastrigin,101,13500,1.0240074977979674
genetic_algorithm,rastrigin,101,13600,1.0240074977979674
genetic_algorithm,rastrigin,101,13700,1.0240074977979674
genetic_algorithm,rastrigin,101,13800,1.0240074977979674
genetic_algorithm,rastrigin,101,13900,1.0240074977979674
genetic_algorithm,rastrigin,101,14000,1.0240074977979674
genetic_algorithm,rastrigin,101,14100,1.0240074977979674
genetic_algorithm,rastrigin,101,14200,1.0240074977979674
genetic_algorithm,rastrigin,101,14300,1.0240074977979674
genetic_algorithm,rastrigin,101,14400,1.0240074977979674
genetic_algorithm,rastrigin,101,14500,1.0240074977979674
genetic_algorithm,rastrigin,101,14600,1.013110886082771
genetic_algorithm,rastrigin,101,14700,1.013110886082771
genetic_algorithm,rastrigin,101,14800,1.013110886082771
genetic_algorithm,rastrigin,101,14900,1.013110886082771
genetic_algorithm,rastrigin,101,15000,1.013110886082771
genetic_algorithm,rastrigin,101,15100,1.013110886082771
genetic_algorithm,rastrigin,101,15200,1.013110886082771
genetic_algorithm,rastrigin,101,15300,1.013110886082771
genetic_algorithm,rastrigin,101,15400,1.013110886082771
genetic_algorithm,rastrigin,101,15500,1.013110886082771
genetic_algorithm,rastrigin,101,15600,1.013110886082771
genetic_algorithm,rastrigin,101,15700,1.010930288051341
genetic_algorithm,rastrigin,101,15800,1.010930288051341
genetic_algorithm,rastrigin,101,15900,1.010930288051341
genetic_algorithm,rastrigin,101,16000,1.010930288051341
genetic_algorithm,rastrigin,101,16100,1.010930288051341
genetic_algorithm,rastrigin,101,16200,1.010930288051341
genetic_algorithm,rastrigin,101,16300,0.5729633824790454
genetic_algorithm,rastrigin,101,16400,0.5729633824790454
genetic_algorithm,rastrigin,101,16500,0.4081444500230589
genetic_algorithm,rastrigin,101,16600,0.357586711297742
genetic_algorithm,rastrigin,101,16700,0.22501697866718473
genetic_algorithm,rastrigin,101,16800,0.22501697866718473
genetic_algorithm,rastrigin,101,16900,0.22501697866718473
genetic_algorithm,rastrigin,101,17000,0.19694052100145143
genetic_algorithm,rastrigin,101,17100,0.15915663435123406
genetic_algorithm,rastrigin,101,17200,0.15915663435123406
genetic_algorithm,rastrigin,101,17300,0.13471988050521588
genetic_algorithm,rastrigin,101,17400,0.13471988050521588
genetic_algorithm,rastrigin,101,17500,0.13471988050521588
genetic_algorithm,rastrigin,101,17600,0.13471988050521588
genetic_algorithm,rastrigin,101,17700,0.13471988050521588
genetic_algorithm,rastrigin,101,17800,0.13471988050521588
genetic_algorithm,rastrigin,101,17900,0.13471988050521588
genetic_algorithm,rastrigin,101,18000,0.13471988050521588
genetic_algorithm,rastrigin,101,18100,0.13471988050521588
genetic_algorithm,rastrigin,101,18200,0.13471988050521588
genetic_algorithm,rastrigin,101,18300,0.13471988050521588
genetic_algorithm,rastrigin,101,18400,0.13471988050521588
genetic_algorithm,rastrigin,101,18500,0.13471988050521588
genetic_algorithm,rastrigin,101,18600,0.13452696145560594
genetic_algorithm,rastrigin,101,18700,0.1319070894039811
genetic_algorithm,rastrigin,101,18800,0.1319070894039811
genetic_algorithm,rastrigin,101,18900,0.1319070894039811
genetic_algorithm,rastrigin,101,19000,0.1319070894039811
genetic_algorithm,rastrigin,101,19100,0.1319070894039811
genetic_algorithm,rastrigin,101,19200,0.1319070894039811
genetic_algorithm,rastrigin,101,19300,0.1319070894039811
genetic_algorithm,rastrigin,101,19400,0.0607420041159088
genetic_algorithm,rastrigin,101,19500,0.0607420041159088
genetic_algorithm,rastrigin,101,19600,0.0607420041159088
genetic_algorithm,rastrigin,101,19700,0.0607420041159088
genetic_algorithm,rastrigin,101,19800,0.0607420041159088
genetic_algorithm,rastrigin,101,19900,0.0607420041159088
genetic_algorithm,rastrigin,101,20000,0.0607420041159088
genetic_algorithm,rastrigin,102,100,83.84485517097298
genetic_algorithm,rastrigin,102,200,61.63635137034014
genetic_algorithm,rastrigin,102,300,56.95136644629249
genetic_algorithm,rastrigin,102,400,43.24266449114472
genetic_algorithm,rastrigin,102,500,40.54383019357987
genetic_algorithm,rastrigin,102,600,25.670896183867598
genetic_algorithm,rastrigin,102,700,17.54274993084941
genetic_algorithm,rastrigin,102,800,10.07843584270718
genetic_algorithm,rastrigin,102,900,10.07843584270718
genetic_algorithm,rastrigin,102,1000,9.874233653195901
genetic_algorithm,rastrigin,102,1100,6.762439481427677
genetic_algorithm,rastrigin,102,1200,6.762439481427677
genetic_algorithm,rastrigin,102,1300,6.490809739416889
genetic_algorithm,rastrigin,102,1400,5.50384684143971
genetic_algorithm,rastrigin,102,1500,4.867680950344834
genetic_algorithm,rastrigin,102,1600,4.867680950344834
genetic_algorithm,rastrigin,102,1700,4.627035070246791
genetic_algorithm,rastrigin,102,1800,4.585752876965046
genetic_algorithm,rastrigin,102,1900,4.585752876965046
genetic_algorithm,rastrigin,102,2000,4.585752876965046
genetic_algorithm,rastrigin,102,2100,4.585752876965046
genetic_algorithm,rastrigin,102,2200,4.199972364121351
genetic_algorithm,rastrigin,102,2300,4.199972364121351
genetic_algorithm,rastrigin,102,2400,4.199972364121351
genetic_algorithm,rastrigin,102,2500,4.199972364121351
genetic_algorithm,rastrigin,102,2600,4.1467942898468095
genetic_algorithm,rastrigin,102,2700,4.1467942898468095
genetic_algorithm,rastrigin,102,2800,4.1467942898468095
genetic_algorithm,rastrigin,102,2900,4.1467942898468095
genetic_algorithm,rastrigin,102,3000,4.1467942898468095
genetic_algorithm,rastrigin,102,3100,4.125245048100481
genetic_algorithm,rastrigin,102,3200,3.259698646501093
genetic_algorithm,rastrigin,102,3300,3.259698646501093
genetic_algorithm,rastrigin,102,3400,3.259698646501093
genetic_algorithm,rastrigin,102,3500,3.259698646501093
genetic_algorithm,rastrigin,102,3600,3.181850506633779
genetic_algorithm,rastrigin,102,3700,3.177923799602482
genetic_algorithm,rastrigin,102,3800,3.175469851695638
genetic_algorithm,rastrigin,102,3900,3.058139522269798
genetic_algorithm,rastrigin,102,4000,3.058139522269798
genetic_algorithm,rastrigin,102,4100,2.3185930869040305
genetic_algorithm,rastrigin,102,4200,2.3185930869040305
genetic_algorithm,rastrigin,102,4300,2.3185930869040305
genetic_algorithm,rastrigin,102,4400,2.31578513367387
genetic_algorithm,rastrigin,102,4500,2.31578513367387
genetic_algorithm,rastrigin,102,4600,2.31578513367387
genetic_algorithm,rastrigin,102,4700,2.31578513367387
genetic_algorithm,rastrigin,102,4800,2.2593045285304356
genetic_algorithm,rastrigin,102,4900,2.2593045285304356
genetic_algorithm,rastrigin,102,5000,2.2593045285304356
genetic_algorithm,rastrigin,102,5100,2.2593045285304356
genetic_algorithm,rastrigin,102,5200,2.2593045285304356
genetic_algorithm,rastrigin,102,5300,2.177083208315125
genetic_algorithm,rastrigin,102,5400,2.177083208315125
genetic_algorithm,rastrigin,102,5500,2.177083208315125
genetic_algorithm,rastrigin,102,5600,2.177083208315125
genetic_algorithm,rastrigin,102,5700,2.177083208315125
genetic_algorithm,rastrigin,102,5800,2.177083208315125
genetic_algorithm,rastrigin,102,5900,2.177083208315125
genetic_algorithm,rastrigin,102,6000,2.177083208315125
genetic_algorithm,rastrigin,102,6100,2.177083208315125
genetic_algorithm,rastrigin,102,6200,2.177083208315125
genetic_algorithm,rastrigin,102,6300,2.177083208315125
genetic_algorithm,rastrigin,102,6400,2.177083208315125
genetic_algorithm,rastrigin,102,6500,2.177083208315125
genetic_algorithm,rastrigin,102,6600,2.177083208315125
genetic_algorithm,rastrigin,102,6700,2.177083208315125
genetic_algorithm,rastrigin,102,6800,2.177083208315125
genetic_algorithm,rastrigin,102,6900,2.177083208315125
genetic_algorithm,rastrigin,102,7000,2.177083208315125
genetic_algorithm,rastrigin,102,7100,2.177083208315125
genetic_algorithm,rastrigin,102,7200,2.177083208315125
genetic_algorithm,rastrigin,102,7300,2.177083208315125
genetic_algorithm,rastrigin,102,7400,2.177083208315125
genetic_algorithm,rastrigin,102,7500,2.177083208315125
genetic_algorithm,rastrigin,102,7600,2.1731622342044403
genetic_algorithm,rastrigin,102,7700,2.1731622342044403
genetic_algorithm,rastrigin,102,7800,1.1876904325427518
genetic_algorithm,rastrigin,102,7900,1.1876904325427518
genetic_algorithm,rastrigin,102,8000,1.1876904325427518
genetic_algorithm,rastrigin,102,8100,1.1876904325427518
genetic_algorithm,rastrigin,102,8200,1.1876904325427518
genetic_algorithm,rastrigin,102,8300,1.1339786687012179
genetic_algorithm,rastrigin,102,8400,1.0933073538906513
genetic_algorithm,rastrigin,102,8500,1.0933073538906513
genetic_algorithm,rastrigin,102,8600,1.0933073538906513
genetic_algorithm,rastrigin,102,8700,1.0255428360090661
genetic_algorithm,rastrigin,102,8800,1.0255428360090661
genetic_algorithm,rastrigin,102,8900,1.0255428360090661
genetic_algorithm,rastrigin,102,9000,1.0255428360090661
genetic_algorithm,rastrigin,102,9100,0.8671263897904851
genetic_algorithm,rastrigin,102,9200,0.7947154306647093
genetic_algorithm,rastrigin,102,9300,0.4904422527567789
genetic_algorithm,rastrigin,102,9400,0.4904422527567789
genetic_algorithm,rastrigin,102,9500,0.4904422527567789
genetic_algorithm,rastrigin,102,9600,0.4904422527567789
genetic_algorithm,rastrigin,102,9700,0.4904422527567789
genetic_algorithm,rastrigin,102,9800,0.3429454311391993
genetic_algorithm,rastrigin,102,9900,0.3429454311391993
genetic_algorithm,rastrigin,102,10000,0.3393745075837842
genetic_algorithm,rastrigin,102,10100,0.3393745075837842
genetic_algorithm,rastrigin,102,10200,0.3393745075837842
genetic_algorithm,rastrigin,102,10300,0.33463674584105263
genetic_algorithm,rastrigin,102,10400,0.2762749725175837
genetic_algorithm,rastrigin,102,10500,0.2762749725175837
genetic_algorithm,rastrigin,102,10600,0.2762749725175837
genetic_algorithm,rastrigin,102,10700,0.2762749725175837
genetic_algorithm,rastrigin,102,10800,0.2762749725175837
genetic_algorithm,rastrigin,102,10900,0.2762749725175837
genetic_algorithm,rastrigin,102,11000,0.2762749725175837
genetic_algorithm,rastrigin,102,11100,0.2762749725175837
genetic_algorithm,rastrigin,102,11200,0.21371456106736275
genetic_algorithm,rastrigin,102,11300,0.21371456106736275
genetic_algorithm,rastrigin,102,11400,0.21371456106736275
genetic_algorithm,rastrigin,102,11500,0.18975771388114993
genetic_algorithm,rastrigin,102,11600,0.18975771388114993
genetic_algorithm,rastrigin,102,11700,0.18975771388114993
genetic_algorithm,rastrigin,102,11800,0.18975771388114993
genetic_algorithm,rastrigin,102,11900,0.18975771388114993
genetic_algorithm,rastrigin,102,12000,0.18975771388114993
genetic_algorithm,rastrigin,102,12100,0.18975771388114993
genetic_algorithm,rastrigin,102,12200,0.18592347334865167
genetic_algorithm,rastrigin,102,12300,0.18592347334865167
genetic_algorithm,rastrigin,102,12400,0.18592347334865167
genetic_algorithm,rastrigin,102,12500,0.14228026222201606
genetic_algorithm,rastrigin,102,12600,0.14228026222201606
genetic_algorithm,rastrigin,102,12700,0.06431164934491562
genetic_algorithm,rastrigin,102,12800,0.0629713635079554
genetic_algorithm,rastrigin,102,12900,0.0629713635079554
genetic_algorithm,rastrigin,102,13000,0.0629713635079554
genetic_algorithm,rastrigin,102,13100,0.0629713635079554
genetic_algorithm,rastrigin,102,13200,0.0629713635079554
genetic_algorithm,rastrigin,102,13300,0.0629713635079554
genetic_algorithm,rastrigin,102,13400,0.0629713635079554
genetic_algorithm,rastrigin,102,13500,0.0629713635079554
genetic_algorithm,rastrigin,102,13600,0.0629713635079554
genetic_algorithm,rastrigin,102,13700,0.0629713635079554
genetic_algorithm,rastrigin,102,13800,0.0629713635079554
genetic_algorithm,rastrigin,102,13900,0.0629713635079554
genetic_algorithm,rastrigin,102,14000,0.0629713635079554
genetic_algorithm,rastrigin,102,14100,0.0629713635079554
genetic_algorithm,rastrigin,102,14200,0.06203168408839588
genetic_algorithm,rastrigin,102,14300,0.061975444776521726
genetic_algorithm,rastrigin,102,14400,0.05608947875855108
genetic_algorithm,rastrigin,102,14500,0.05608947875855108
genetic_algorithm,rastrigin,102,14600,0.05608947875855108
genetic_algorithm,rastrigin,102,14700,0.05608947875855108
genetic_algorithm,rastrigin,102,14800,0.05584178917428062
genetic_algorithm,rastrigin,102,14900,0.05467750514081615
genetic_algorithm,rastrigin,102,15000,0.05467750514081615
genetic_algorithm,rastrigin,102,15100,0.04011106434093392
genetic_algorithm,rastrigin,102,15200,0.04011106434093392
genetic_algorithm,rastrigin,102,15300,0.04011106434093392
genetic_algorithm,rastrigin,102,15400,0.04011106434093392
genetic_algorithm,rastrigin,102,15500,0.04011106434093392
genetic_algorithm,rastrigin,102,15600,0.04011106434093392
genetic_algorithm,rastrigin,102,15700,0.04011106434093392
genetic_algorithm,rastrigin,102,15800,0.028881849777150137
genetic_algorithm,rastrigin,102,15900,0.02804596562826589
genetic_algorithm,rastrigin,102,16000,0.02804596562826589
genetic_algorithm,rastrigin,102,16100,0.02382638720889929
genetic_algorithm,rastrigin,102,16200,0.020979593101088767
genetic_algorithm,rastrigin,102,16300,0.01246819553551859
genetic_algorithm,rastrigin,102,16400,0.01246819553551859
genetic_algorithm,rastrigin,102,16500,0.01227028954826892
genetic_algorithm,rastrigin,102,16600,0.01227028954826892
genetic_algorithm,rastrigin,102,16700,0.01227028954826892
genetic_algorithm,rastrigin,102,16800,0.01227028954826892
genetic_algorithm,rastrigin,102,16900,0.01227028954826892
genetic_algorithm,rastrigin,102,17000,0.01227028954826892
genetic_algorithm,rastrigin,102,17100,0.01227028954826892
genetic_algorithm,rastrigin,102,17200,0.01227028954826892
genetic_algorithm,rastrigin,102,17300,0.01227028954826892
genetic_algorithm,rastrigin,102,17400,0.01227028954826892
genetic_algorithm,rastrigin,102,17500,0.01227028954826892
genetic_algorithm,rastrigin,102,17600,0.01227028954826892
genetic_algorithm,rastrigin,102,17700,0.01227028954826892
genetic_algorithm,rastrigin,102,17800,0.01227028954826892
genetic_algorithm,rastrigin,102,17900,0.01227028954826892
genetic_algorithm,rastrigin,102,18000,0.01227028954826892
genetic_algorithm,rastrigin,102,18100,0.01227028954826892
genetic_algorithm,rastrigin,102,18200,0.01227028954826892
genetic_algorithm,rastrigin,102,18300,0.01227028954826892
genetic_algorithm,rastrigin,102,18400,0.012248798820508
genetic_algorithm,rastrigin,102,18500,0.012248798820508
genetic_algorithm,rastrigin,102,18600,0.012248798820508
genetic_algorithm,rastrigin,102,18700,0.012248798820508
genetic_algorithm,rastrigin,102,18800,0.012248798820508
genetic_algorithm,rastrigin,102,18900,0.012248798820508
genetic_algorithm,rastrigin,102,19000,0.012248798820508
genetic_algorithm,rastrigin,102,19100,0.012248798820508
genetic_algorithm,rastrigin,102,19200,0.012248798820508
genetic_algorithm,rastrigin,102,19300,0.008814645340862626
genetic_algorithm,rastrigin,102,19400,0.008814645340862626
genetic_algorithm,rastrigin,102,19500,0.008814645340862626
genetic_algorithm,rastrigin,102,19600,0.008814645340862626
genetic_algorithm,rastrigin,102,19700,0.008814645340862626
genetic_algorithm,rastrigin,102,19800,0.008814645340862626
genetic_algorithm,rastrigin,102,19900,0.008814645340862626
genetic_algorithm,rastrigin,102,20000,0.008814645340862626
genetic_algorithm,rastrigin,103,100,64.71761140990037
genetic_algorithm,rastrigin,103,200,57.06011387088514
genetic_algorithm,rastrigin,103,300,48.45248557929774
genetic_algorithm,rastrigin,103,400,43.98825434571152
genetic_algorithm,rastrigin,103,500,29.03864872246743
genetic_algorithm,rastrigin,103,600,29.03864872246743
genetic_algorithm,rastrigin,103,700,22.493092178412425
genetic_algorithm,rastrigin,103,800,22.25239808392955
genetic_algorithm,rastrigin,103,900,21.259499409136424
genetic_algorithm,rastrigin,103,1000,19.24716161516578
genetic_algorithm,rastrigin,103,1100,17.242836735005085
genetic_algorithm,rastrigin,103,1200,16.844549248565187
genetic_algorithm,rastrigin,103,1300,15.45106052910657
genetic_algorithm,rastrigin,103,1400,15.45106052910657
genetic_algorithm,rastrigin,103,1500,13.532205549653767
genetic_algorithm,rastrigin,103,1600,13.172740637225218
genetic_algorithm,rastrigin,103,1700,13.172740637225218
genetic_algorithm,rastrigin,103,1800,13.172740637225218
genetic_algorithm,rastrigin,103,1900,13.050073028397904
genetic_algorithm,rastrigin,103,2000,11.808478589646242
genetic_algorithm,rastrigin,103,2100,11.808478589646242
genetic_algorithm,rastrigin,103,2200,11.089552609412593
genetic_algorithm,rastrigin,103,2300,10.244251500753748
genetic_algorithm,rastrigin,103,2400,10.244251500753748
genetic_algorithm,rastrigin,103,2500,10.244251500753748
genetic_algorithm,rastrigin,103,2600,9.506373346511864
genetic_algorithm,rastrigin,103,2700,9.506373346511864
genetic_algorithm,rastrigin,103,2800,9.506373346511864
genetic_algorithm,rastrigin,103,2900,9.2837271028434
genetic_algorithm,rastrigin,103,3000,9.2837271028434
genetic_algorithm,rastrigin,103,3100,8.507144183399646
genetic_algorithm,rastrigin,103,3200,8.507144183399646
genetic_algorithm,rastrigin,103,3300,8.4674914026278
genetic_algorithm,rastrigin,103,3400,8.080101094433829
genetic_algorithm,rastrigin,103,3500,7.592592261307971
genetic_algorithm,rastrigin,103,3600,7.585051163500594
genetic_algorithm,rastrigin,103,3700,7.277345860859526
genetic_algorithm,rastrigin,103,3800,7.277345860859526
genetic_algorithm,rastrigin,103,3900,7.277345860859526
genetic_algorithm,rastrigin,103,4000,7.277345860859526
genetic_algorithm,rastrigin,103,4100,7.26249394703494
genetic_algorithm,rastrigin,103,4200,6.687689641718691
genetic_algorithm,rastrigin,103,4300,6.687689641718691
genetic_algorithm,rastrigin,103,4400,6.687689641718691
genetic_algorithm,rastrigin,103,4500,6.687689641718691
genetic_algorithm,rastrigin,103,4600,6.687689641718691
genetic_algorithm,rastrigin,103,4700,6.382494320754759
genetic_algorithm,rastrigin,103,4800,6.352050926367724
genetic_algorithm,rastrigin,103,4900,6.277284317197115
genetic_algorithm,rastrigin,103,5000,6.259784639923026
genetic_algorithm,rastrigin,103,5100,6.259784639923026
genetic_algorithm,rastrigin,103,5200,6.226700130963863
genetic_algorithm,rastrigin,103,5300,6.161911757403473
genetic_algorithm,rastrigin,103,5400,6.161911757403473
genetic_algorithm,rastrigin,103,5500,6.161911757403473
genetic_algorithm,rastrigin,103,5600,6.161911757403473
genetic_algorithm,rastrigin,103,5700,5.035992465289439
genetic_algorithm,rastrigin,103,5800,4.883635316383902
genetic_algorithm,rastrigin,103,5900,4.883635316383902
genetic_algorithm,rastrigin,103,6000,4.883635316383902
genetic_algorithm,rastrigin,103,6100,4.883635316383902
genetic_algorithm,rastrigin,103,6200,4.883635316383902
genetic_algorithm,rastrigin,103,6300,4.883635316383902
genetic_algorithm,rastrigin,103,6400,4.883635316383902
genetic_algorithm,rastrigin,103,6500,4.883635316383902
genetic_algorithm,rastrigin,103,6600,4.883635316383902
genetic_algorithm,rastrigin,103,6700,4.883635316383902
genetic_algorithm,rastrigin,103,6800,4.883635316383902
genetic_algorithm,rastrigin,103,6900,3.37822510381838
genetic_algorithm,rastrigin,103,7000,3.37822510381838
genetic_algorithm,rastrigin,103,7100,3.37822510381838
genetic_algorithm,rastrigin,103,7200,3.2062608935249415
genetic_algorithm,rastrigin,103,7300,2.3098104401370136
genetic_algorithm,rastrigin,103,7400,2.3031232576889664
genetic_algorithm,rastrigin,103,7500,2.2883936179684525
genetic_algorithm,rastrigin,103,7600,2.2379662380289744
genetic_algorithm,rastrigin,103,7700,2.1268627231472976
genetic_algorithm,rastrigin,103,7800,2.118269928231655
genetic_algorithm,rastrigin,103,7900,2.118269928231655
genetic_algorithm,rastrigin,103,8000,2.118269928231655
genetic_algorithm,rastrigin,103,8100,2.118269928231655
genetic_algorithm,rastrigin,103,8200,2.118269928231655
genetic_algorithm,rastrigin,103,8300,2.0905519029498834
genetic_algorithm,rastrigin,103,8400,2.0905519029498834
genetic_algorithm,rastrigin,103,8500,1.5350043448622444
genetic_algorithm,rastrigin,103,8600,1.5350043448622444
genetic_algorithm,rastrigin,103,8700,1.5350043448622444
genetic_algorithm,rastrigin,103,8800,1.5350043448622444
genetic_algorithm,rastrigin,103,8900,1.5350043448622444
genetic_algorithm,rastrigin,103,9000,1.472915484701673
genetic_algorithm,rastrigin,103,9100,1.236181891333004
genetic_algorithm,rastrigin,103,9200,1.236181891333004
genetic_algorithm,rastrigin,103,9300,1.236181891333004
genetic_algorithm,rastrigin,103,9400,1.236181891333004
genetic_algorithm,rastrigin,103,9500,1.2123861419801614
genetic_algorithm,rastrigin,103,9600,1.2123861419801614
genetic_algorithm,rastrigin,103,9700,1.20519643877941
genetic_algorithm,rastrigin,103,9800,1.20519643877941
genetic_algorithm,rastrigin,103,9900,1.20519643877941
genetic_algorithm,rastrigin,103,10000,1.20519643877941
genetic_algorithm,rastrigin,103,10100,1.20519643877941
genetic_algorithm,rastrigin,103,10200,1.20519643877941
genetic_algorithm,rastrigin,103,10300,1.20519643877941
genetic_algorithm,rastrigin,103,10400,1.20519643877941
genetic_algorithm,rastrigin,103,10500,1.20519643877941
genetic_algorithm,rastrigin,103,10600,1.196052682974127
genetic_algorithm,rastrigin,103,10700,1.196052682974127
genetic_algorithm,rastrigin,103,10800,1.196052682974127
genetic_algorithm,rastrigin,103,10900,1.196052682974127
genetic_algorithm,rastrigin,103,11000,1.196052682974127
genetic_algorithm,rastrigin,103,11100,1.196052682974127
genetic_algorithm,rastrigin,103,11200,1.196052682974127
genetic_algorithm,rastrigin,103,11300,1.1328070540641022
genetic_algorithm,rastrigin,103,11400,1.1328070540641022
genetic_algorithm,rastrigin,103,11500,1.1232220145072915
genetic_algorithm,rastrigin,103,11600,1.1232220145072915
genetic_algorithm,rastrigin,103,11700,1.1160132621356098
genetic_algorithm,rastrigin,103,11800,1.1160132621356098
genetic_algorithm,rastrigin,103,11900,1.1160132621356098
genetic_algorithm,rastrigin,103,12000,1.1160132621356098
genetic_algorithm,rastrigin,103,12100,1.1160132621356098
genetic_algorithm,rastrigin,103,12200,1.0888740341279401
genetic_algorithm,rastrigin,103,12300,1.0838221277432183
genetic_algorithm,rastrigin,103,12400,1.0748363784002208
genetic_algorithm,rastrigin,103,12500,1.0748363784002208
genetic_algorithm,rastrigin,103,12600,1.0748363784002208
genetic_algorithm,rastrigin,103,12700,1.0748363784002208
genetic_algorithm,rastrigin,103,12800,1.0748363784002208
genetic_algorithm,rastrigin,103,12900,1.0748363784002208
genetic_algorithm,rastrigin,103,13000,1.0748363784002208
genetic_algorithm,rastrigin,103,13100,1.0652580026501965
genetic_algorithm,rastrigin,103,13200,1.0499230260089263
genetic_algorithm,rastrigin,103,13300,1.0499230260089263
genetic_algorithm,rastrigin,103,13400,1.0499230260089263
genetic_algorithm,rastrigin,103,13500,1.0499230260089263
genetic_algorithm,rastrigin,103,13600,1.0499230260089263
genetic_algorithm,rastrigin,103,13700,0.5087858832636982
genetic_algorithm,rastrigin,103,13800,0.4463042860415527
genetic_algorithm,rastrigin,103,13900,0.4463042860415527
genetic_algorithm,rastrigin,103,14000,0.42786898928403616
genetic_algorithm,rastrigin,103,14100,0.42786898928403616
genetic_algorithm,rastrigin,103,14200,0.42786898928403616
genetic_algorithm,rastrigin,103,14300,0.42786898928403616
genetic_algorithm,rastrigin,103,14400,0.42786898928403616
genetic_algorithm,rastrigin,103,14500,0.42786898928403616
genetic_algorithm,rastrigin,103,14600,0.42786898928403616
genetic_algorithm,rastrigin,103,14700,0.42786898928403616
genetic_algorithm,rastrigin,103,14800,0.42786898928403616
genetic_algorithm,rastrigin,103,14900,0.42786898928403616
genetic_algorithm,rastrigin,103,15000,0.42786898928403616
genetic_algorithm,rastrigin,103,15100,0.42786898928403616
genetic_algorithm,rastrigin,103,15200,0.42786898928403616
genetic_algorithm,rastrigin,103,15300,0.42786898928403616
genetic_algorithm,rastrigin,103,15400,0.42786898928403616
genetic_algorithm,rastrigin,103,15500,0.42786898928403616
genetic_algorithm,rastrigin,103,15600,0.42786898928403616
genetic_algorithm,rastrigin,103,15700,0.42786898928403616
genetic_algorithm,rastrigin,103,15800,0.42786898928403616
genetic_algorithm,rastrigin,103,15900,0.42786898928403616
genetic_algorithm,rastrigin,103,16000,0.42786898928403616
genetic_algorithm,rastrigin,103,16100,0.42786898928403616
genetic_algorithm,rastrigin,103,16200,0.42786898928403616
genetic_algorithm,rastrigin,103,16300,0.42786898928403616
genetic_algorithm,rastrigin,103,16400,0.22184325178194797
genetic_algorithm,rastrigin,103,16500,0.22184325178194797
genetic_algorithm,rastrigin,103,16600,0.20569240705214042
genetic_algorithm,rastrigin,103,16700,0.20569240705214042
genetic_algorithm,rastrigin,103,16800,0.20569240705214042
genetic_algorithm,rastrigin,103,16900,0.20569240705214042
genetic_algorithm,rastrigin,103,17000,0.20569240705214042
genetic_algorithm,rastrigin,103,17100,0.20569240705214042
genetic_algorithm,rastrigin,103,17200,0.14458217993140465
genetic_algorithm,rastrigin,103,17300,0.14458217993140465
genetic_algorithm,rastrigin,103,17400,0.14458217993140465
genetic_algorithm,rastrigin,103,17500,0.14458217993140465
genetic_algorithm,rastrigin,103,17600,0.14458217993140465
genetic_algorithm,rastrigin,103,17700,0.10612502913166111
genetic_algorithm,rastrigin,103,17800,0.07354530553310212
genetic_algorithm,rastrigin,103,17900,0.07354530553310212
genetic_algorithm,rastrigin,103,18000,0.07354530553310212
genetic_algorithm,rastrigin,103,18100,0.06150458025317107
genetic_algorithm,rastrigin,103,18200,0.06135700339588368
genetic_algorithm,rastrigin,103,18300,0.06135700339588368
genetic_algorithm,rastrigin,103,18400,0.06135700339588368
genetic_algorithm,rastrigin,103,18500,0.06135700339588368
genetic_algorithm,rastrigin,103,18600,0.06135700339588368
genetic_algorithm,rastrigin,103,18700,0.06135700339588368
genetic_algorithm,rastrigin,103,18800,0.06135700339588368
genetic_algorithm,rastrigin,103,18900,0.06135700339588368
genetic_algorithm,rastrigin,103,19000,0.06135700339588368
genetic_algorithm,rastrigin,103,19100,0.06135700339588368
genetic_algorithm,rastrigin,103,19200,0.06135700339588368
genetic_algorithm,rastrigin,103,19300,0.06135700339588368
genetic_algorithm,rastrigin,103,19400,0.06135700339588368
genetic_algorithm,rastrigin,103,19500,0.06135700339588368
genetic_algorithm,rastrigin,103,19600,0.06135700339588368
genetic_algorithm,rastrigin,103,19700,0.06135700339588368
genetic_algorithm,rastrigin,103,19800,0.06135700339588368
genetic_algorithm,rastrigin,103,19900,0.06135700339588368
genetic_algorithm,rastrigin,103,20000,0.052449974420611056
genetic_algorithm,rastrigin,104,100,109.9543655380911
genetic_algorithm,rastrigin,104,200,69.775919479001
genetic_algorithm,rastrigin,104,300,67.14559758796591
genetic_algorithm,rastrigin,104,400,42.6307882818304
genetic_algorithm,rastrigin,104,500,39.505265292404566
genetic_algorithm,rastrigin,104,600,31.586301114822476
genetic_algorithm,rastrigin,104,700,30.178421599678913
genetic_algorithm,rastrigin,104,800,29.972600647110724
genetic_algorithm,rastrigin,104,900,29.972600647110724
genetic_algorithm,rastrigin,104,1000,21.92103871942666
genetic_algorithm,rastrigin,104,1100,21.92103871942666
genetic_algorithm,rastrigin,104,1200,19.099142097177094
genetic_algorithm,rastrigin,104,1300,19.099142097177094
genetic_algorithm,rastrigin,104,1400,18.901665603316786
genetic_algorithm,rastrigin,104,1500,18.33516802708843
genetic_algorithm,rastrigin,104,1600,15.45308388173001
genetic_algorithm,rastrigin,104,1700,15.45308388173001
genetic_algorithm,rastrigin,104,1800,15.45308388173001
genetic_algorithm,rastrigin,104,1900,15.45308388173001
genetic_algorithm,rastrigin,104,2000,15.308940043530342
genetic_algorithm,rastrigin,104,2100,13.349809691146618
genetic_algorithm,rastrigin,104,2200,13.347789170333783
genetic_algorithm,rastrigin,104,2300,13.347789170333783
genetic_algorithm,rastrigin,104,2400,13.347789170333783
genetic_algorithm,rastrigin,104,2500,12.557830091084682
genetic_algorithm,rastrigin,104,2600,12.557830091084682
genetic_algorithm,rastrigin,104,2700,11.92148898233225
genetic_algorithm,rastrigin,104,2800,11.92148898233225
genetic_algorithm,rastrigin,104,2900,11.836482070830385
genetic_algorithm,rastrigin,104,3000,11.797092806933222
genetic_algorithm,rastrigin,104,3100,11.797092806933222
genetic_algorithm,rastrigin,104,3200,11.797092806933222
genetic_algorithm,rastrigin,104,3300,9.95133775515751
genetic_algorithm,rastrigin,104,3400,9.95133775515751
genetic_algorithm,rastrigin,104,3500,9.25343389389235
genetic_algorithm,rastrigin,104,3600,9.25343389389235
genetic_algorithm,rastrigin,104,3700,9.25343389389235
genetic_algorithm,rastrigin,104,3800,8.824669793351816
genetic_algorithm,rastrigin,104,3900,8.326711375033113
genetic_algorithm,rastrigin,104,4000,8.326711375033113
genetic_algorithm,rastrigin,104,4100,8.326711375033113
genetic_algorithm,rastrigin,104,4200,8.326711375033113
genetic_algorithm,rastrigin,104,4300,8.326711375033113
genetic_algorithm,rastrigin,104,4400,8.326711375033113
genetic_algorithm,rastrigin,104,4500,8.297760956083266
genetic_algorithm,rastrigin,104,4600,8.297760956083266
genetic_algorithm,rastrigin,104,4700,8.241277433574723
genetic_algorithm,rastrigin,104,4800,8.241277433574723
genetic_algorithm,rastrigin,104,4900,8.241277433574723
genetic_algorithm,rastrigin,104,5000,8.229189196013621
genetic_algorithm,rastrigin,104,5100,8.229189196013621
genetic_algorithm,rastrigin,104,5200,8.229189196013621
genetic_algorithm,rastrigin,104,5300,7.47950751584419
genetic_algorithm,rastrigin,104,5400,7.47950751584419
genetic_algorithm,rastrigin,104,5500,6.848348109829544
genetic_algorithm,rastrigin,104,5600,6.848348109829544
genetic_algorithm,rastrigin,104,5700,6.784157879641739
genetic_algorithm,rastrigin,104,5800,6.784157879641739
genetic_algorithm,rastrigin,104,5900,6.464880289975952
genetic_algorithm,rastrigin,104,6000,6.427778455792222
genetic_algorithm,rastrigin,104,6100,6.229638412314841
genetic_algorithm,rastrigin,104,6200,6.226917306957233
genetic_algorithm,rastrigin,104,6300,6.226917306957233
genetic_algorithm,rastrigin,104,6400,6.226917306957233
genetic_algorithm,rastrigin,104,6500,6.226917306957233
genetic_algorithm,rastrigin,104,6600,6.117703333696397
genetic_algorithm,rastrigin,104,6700,5.890700110642911
genetic_algorithm,rastrigin,104,6800,5.890700110642911
genetic_algorithm,rastrigin,104,6900,5.890700110642911
genetic_algorithm,rastrigin,104,7000,5.890700110642911
genetic_algorithm,rastrigin,104,7100,5.890700110642911
genetic_algorithm,rastrigin,104,7200,5.562329698213674
genetic_algorithm,rastrigin,104,7300,5.562329698213674
genetic_algorithm,rastrigin,104,7400,5.2920133458335386
genetic_algorithm,rastrigin,104,7500,4.808807177036499
genetic_algorithm,rastrigin,104,7600,4.808807177036499
genetic_algorithm,rastrigin,104,7700,4.306895621250348
genetic_algorithm,rastrigin,104,7800,4.306895621250348
genetic_algorithm,rastrigin,104,7900,4.049634007052617
genetic_algorithm,rastrigin,104,8000,3.595418977971576
genetic_algorithm,rastrigin,104,8100,3.595418977971576
genetic_algorithm,rastrigin,104,8200,2.9707606509957145
genetic_algorithm,rastrigin,104,8300,2.9707606509957145
genetic_algorithm,rastrigin,104,8400,2.9707606509957145
genetic_algorithm,rastrigin,104,8500,2.9707606509957145
genetic_algorithm,rastrigin,104,8600,2.9297824771129513
genetic_algorithm,rastrigin,104,8700,2.861061510512073
genetic_algorithm,rastrigin,104,8800,2.861061510512073
genetic_algorithm,rastrigin,104,8900,2.829158620172791
genetic_algorithm,rastrigin,104,9000,2.781794041219811
genetic_algorithm,rastrigin,104,9100,2.781794041219811
genetic_algorithm,rastrigin,104,9200,2.781794041219811
genetic_algorithm,rastrigin,104,9300,2.781794041219811
genetic_algorithm,rastrigin,104,9400,2.781794041219811
genetic_algorithm,rastrigin,104,9500,2.760603791522101
genetic_algorithm,rastrigin,104,9600,2.7013542775803217
genetic_algorithm,rastrigin,104,9700,2.5686193001589146
genetic_algorithm,rastrigin,104,9800,2.5553911411373633
genetic_algorithm,rastrigin,104,9900,2.501328293173813
genetic_algorithm,rastrigin,104,10000,1.7199990045757971
genetic_algorithm,rastrigin,104,10100,1.7199990045757971
genetic_algorithm,rastrigin,104,10200,1.456955771509115
genetic_algorithm,rastrigin,104,10300,1.2616085369256353
genetic_algorithm,rastrigin,104,10400,1.2616085369256353
genetic_algorithm,rastrigin,104,10500,1.2616085369256353
genetic_algorithm,rastrigin,104,10600,1.1532296112841465
genetic_algorithm,rastrigin,104,10700,1.1532296112841465
genetic_algorithm,rastrigin,104,10800,1.1532296112841465
genetic_algorithm,rastrigin,104,10900,1.1532296112841465
genetic_algorithm,rastrigin,104,11000,1.1532296112841465
genetic_algorithm,rastrigin,104,11100,1.1532296112841465
genetic_algorithm,rastrigin,104,11200,1.1532296112841465
genetic_algorithm,rastrigin,104,11300,1.1532296112841465
genetic_algorithm,rastrigin,104,11400,1.1532296112841465
genetic_algorithm,rastrigin,104,11500,1.1532296112841465
genetic_algorithm,rastrigin,104,11600,1.1148878008672938
genetic_algorithm,rastrigin,104,11700,1.1148878008672938
genetic_algorithm,rastrigin,104,11800,1.1148878008672938
genetic_algorithm,rastrigin,104,11900,1.1148878008672938
genetic_algorithm,rastrigin,104,12000,1.1148878008672938
genetic_algorithm,rastrigin,104,12100,1.1148878008672938
genetic_algorithm,rastrigin,104,12200,1.1148878008672938
genetic_algorithm,rastrigin,104,12300,1.1148878008672938
genetic_algorithm,rastrigin,104,12400,1.1148878008672938
genetic_algorithm,rastrigin,104,12500,1.1148878008672938
genetic_algorithm,rastrigin,104,12600,1.1148878008672938
genetic_algorithm,rastrigin,104,12700,1.101512227548298
genetic_algorithm,rastrigin,104,12800,1.101512227548298
genetic_algorithm,rastrigin,104,12900,1.0967167469509747
genetic_algorithm,rastrigin,104,13000,1.0967167469509747
genetic_algorithm,rastrigin,104,13100,1.0967167469509747
genetic_algorithm,rastrigin,104,13200,1.0967167469509747
genetic_algorithm,rastrigin,104,13300,1.0967167469509747
genetic_algorithm,rastrigin,104,13400,1.0967167469509747
genetic_algorithm,rastrigin,104,13500,1.0967167469509747
genetic_algorithm,rastrigin,104,13600,1.0967167469509747
genetic_algorithm,rastrigin,104,13700,1.0967167469509747
genetic_algorithm,rastrigin,104,13800,1.0967167469509747
genetic_algorithm,rastrigin,104,13900,1.093524909054409
genetic_algorithm,rastrigin,104,14000,1.093524909054409
genetic_algorithm,rastrigin,104,14100,1.093524909054409
genetic_algorithm,rastrigin,104,14200,1.0927093069734326
genetic_algorithm,rastrigin,104,14300,1.0927093069734326
genetic_algorithm,rastrigin,104,14400,1.0927093069734326
genetic_algorithm,rastrigin,104,14500,1.0927093069734326
genetic_algorithm,rastrigin,104,14600,1.0927093069734326
genetic_algorithm,rastrigin,104,14700,1.0927093069734326
genetic_algorithm,rastrigin,104,14800,1.0927093069734326
genetic_algorithm,rastrigin,104,14900,1.0927093069734326
genetic_algorithm,rastrigin,104,15000,1.0927093069734326
genetic_algorithm,rastrigin,104,15100,1.0556043577609273
genetic_algorithm,rastrigin,104,15200,1.0556043577609273
genetic_algorithm,rastrigin,104,15300,1.0556043577609273
genetic_algorithm,rastrigin,104,15400,1.0556043577609273
genetic_algorithm,rastrigin,104,15500,1.0556043577609273
genetic_algorithm,rastrigin,104,15600,1.0556043577609273
genetic_algorithm,rastrigin,104,15700,1.0556043577609273
genetic_algorithm,rastrigin,104,15800,1.0556043577609273
genetic_algorithm,rastrigin,104,15900,1.0556043577609273
genetic_algorithm,rastrigin,104,16000,1.0556043577609273
genetic_algorithm,rastrigin,104,16100,1.0556043577609273
genetic_algorithm,rastrigin,104,16200,1.0556043577609273
genetic_algorithm,rastrigin,104,16300,1.0556043577609273
genetic_algorithm,rastrigin,104,16400,1.0556043577609273
genetic_algorithm,rastrigin,104,16500,1.0556043577609273
genetic_algorithm,rastrigin,104,16600,1.0556043577609273
genetic_algorithm,rastrigin,104,16700,1.0556043577609273
genetic_algorithm,rastrigin,104,16800,1.0556043577609273
genetic_algorithm,rastrigin,104,16900,1.0556043577609273
genetic_algorithm,rastrigin,104,17000,1.0556043577609273
genetic_algorithm,rastrigin,104,17100,1.0556043577609273
genetic_algorithm,rastrigin,104,17200,1.0556043577609273
genetic_algorithm,rastrigin,104,17300,0.8662315115576433
genetic_algorithm,rastrigin,104,17400,0.8660823744664583
genetic_algorithm,rastrigin,104,17500,0.29669978015179765
genetic_algorithm,rastrigin,104,17600,0.2882894532131388
genetic_algorithm,rastrigin,104,17700,0.2882894532131388
genetic_algorithm,rastrigin,104,17800,0.27950313869564525
genetic_algorithm,rastrigin,104,17900,0.27950313869564525
genetic_algorithm,rastrigin,104,18000,0.27950313869564525
genetic_algorithm,rastrigin,104,18100,0.27950313869564525
genetic_algorithm,rastrigin,104,18200,0.27950313869564525
genetic_algorithm,rastrigin,104,18300,0.27950313869564525
genetic_algorithm,rastrigin,104,18400,0.25514812017259203
genetic_algorithm,rastrigin,104,18500,0.25514812017259203
genetic_algorithm,rastrigin,104,18600,0.25514812017259203
genetic_algorithm,rastrigin,104,18700,0.25514812017259203
genetic_algorithm,rastrigin,104,18800,0.25514812017259203
genetic_algorithm,rastrigin,104,18900,0.25514812017259203
genetic_algorithm,rastrigin,104,19000,0.25514812017259203
genetic_algorithm,rastrigin,104,19100,0.25514812017259203
genetic_algorithm,rastrigin,104,19200,0.25514812017259203
genetic_algorithm,rastrigin,104,19300,0.25514812017259203
genetic_algorithm,rastrigin,104,19400,0.25514812017259203
genetic_algorithm,rastrigin,104,19500,0.25514812017259203
genetic_algorithm,rastrigin,104,19600,0.21536039766927217
genetic_algorithm,rastrigin,104,19700,0.10835788397989177
genetic_algorithm,rastrigin,104,19800,0.10835788397989177
genetic_algorithm,rastrigin,104,19900,0.10835788397989177
genetic_algorithm,rastrigin,104,20000,0.09385740952376409
genetic_algorithm,rastrigin,105,100,113.72665358869413
genetic_algorithm,rastrigin,105,200,91.15986438652797
genetic_algorithm,rastrigin,105,300,49.222020040819075
genetic_algorithm,rastrigin,105,400,49.222020040819075
genetic_algorithm,rastrigin,105,500,46.58524890584459
genetic_algorithm,rastrigin,105,600,46.009759101905196
genetic_algorithm,rastrigin,105,700,44.38597690310295
genetic_algorithm,rastrigin,105,800,39.46622991522613
genetic_algorithm,rastrigin,105,900,33.90285575728747
genetic_algorithm,rastrigin,105,1000,30.07402688318433
genetic_algorithm,rastrigin,105,1100,29.06576142555987
genetic_algorithm,rastrigin,105,1200,28.134647388879316
genetic_algorithm,rastrigin,105,1300,25.819579380554046
genetic_algorithm,rastrigin,105,1400,25.52378632272479
genetic_algorithm,rastrigin,105,1500,25.10037614770576
genetic_algorithm,rastrigin,105,1600,24.866853577999137
genetic_algorithm,rastrigin,105,1700,23.92051845534327
genetic_algorithm,rastrigin,105,1800,21.492762900797374
genetic_algorithm,rastrigin,105,1900,21.425948241415995
genetic_algorithm,rastrigin,105,2000,21.04017336719164
genetic_algorithm,rastrigin,105,2100,20.88182248229046
genetic_algorithm,rastrigin,105,2200,20.88182248229046
genetic_algorithm,rastrigin,105,2300,20.88182248229046
genetic_algorithm,rastrigin,105,2400,20.88182248229046
genetic_algorithm,rastrigin,105,2500,20.14929158188292
genetic_algorithm,rastrigin,105,2600,20.14929158188292
genetic_algorithm,rastrigin,105,2700,20.14929158188292
genetic_algorithm,rastrigin,105,2800,18.27482490721529
genetic_algorithm,rastrigin,105,2900,14.363355938192143
genetic_algorithm,rastrigin,105,3000,14.363355938192143
genetic_algorithm,rastrigin,105,3100,11.740614374231058
genetic_algorithm,rastrigin,105,3200,11.740614374231058
genetic_algorithm,rastrigin,105,3300,11.740614374231058
genetic_algorithm,rastrigin,105,3400,11.740614374231058
genetic_algorithm,rastrigin,105,3500,11.740614374231058
genetic_algorithm,rastrigin,105,3600,11.740614374231058
genetic_algorithm,rastrigin,105,3700,11.208639394756645
genetic_algorithm,rastrigin,105,3800,11.208639394756645
genetic_algorithm,rastrigin,105,3900,11.208639394756645
genetic_algorithm,rastrigin,105,4000,11.208639394756645
genetic_algorithm,rastrigin,105,4100,11.192156201624258
genetic_algorithm,rastrigin,105,4200,11.126715588400415
genetic_algorithm,rastrigin,105,4300,8.351620292281325
genetic_algorithm,rastrigin,105,4400,8.351620292281325
genetic_algorithm,rastrigin,105,4500,8.351620292281325
genetic_algorithm,rastrigin,105,4600,8.160719119053752
genetic_algorithm,rastrigin,105,4700,7.884409407432443
genetic_algorithm,rastrigin,105,4800,6.686067336220958
genetic_algorithm,rastrigin,105,4900,6.686067336220958
genetic_algorithm,rastrigin,105,5000,6.473121958758028
genetic_algorithm,rastrigin,105,5100,4.943083151689692
genetic_algorithm,rastrigin,105,5200,4.5907702508414445
genetic_algorithm,rastrigin,105,5300,4.427262633748512
genetic_algorithm,rastrigin,105,5400,4.3355231264122835
genetic_algorithm,rastrigin,105,5500,4.260301449789239
genetic_algorithm,rastrigin,105,5600,4.215209476382654
genetic_algorithm,rastrigin,105,5700,4.215209476382654
genetic_algorithm,rastrigin,105,5800,4.215209476382654
genetic_algorithm,rastrigin,105,5900,4.089375000229396
genetic_algorithm,rastrigin,105,6000,4.089375000229396
genetic_algorithm,rastrigin,105,6100,4.089375000229396
genetic_algorithm,rastrigin,105,6200,4.089375000229396
genetic_algorithm,rastrigin,105,6300,4.089375000229396
genetic_algorithm,rastrigin,105,6400,4.089375000229396
genetic_algorithm,rastrigin,105,6500,4.089375000229396
genetic_algorithm,rastrigin,105,6600,4.089375000229396
genetic_algorithm,rastrigin,105,6700,4.089375000229396
genetic_algorithm,rastrigin,105,6800,4.089375000229396
genetic_algorithm,rastrigin,105,6900,4.089375000229396
genetic_algorithm,rastrigin,105,7000,4.089375000229396
genetic_algorithm,rastrigin,105,7100,3.5652465879032462
genetic_algorithm,rastrigin,105,7200,3.350952442638146
genetic_algorithm,rastrigin,105,7300,3.2622297596489886
genetic_algorithm,rastrigin,105,7400,3.2622297596489886
genetic_algorithm,rastrigin,105,7500,3.2539045947583958
genetic_algorithm,rastrigin,105,7600,3.2539045947583958
genetic_algorithm,rastrigin,105,7700,3.2539045947583958
genetic_algorithm,rastrigin,105,7800,3.2539045947583958
genetic_algorithm,rastrigin,105,7900,3.2539045947583958
genetic_algorithm,rastrigin,105,8000,3.1861068541365825
genetic_algorithm,rastrigin,105,8100,3.1861068541365825
genetic_algorithm,rastrigin,105,8200,3.1861068541365825
genetic_algorithm,rastrigin,105,8300,3.1861068541365825
genetic_algorithm,rastrigin,105,8400,3.1861068541365825
genetic_algorithm,rastrigin,105,8500,3.1861068541365825
genetic_algorithm,rastrigin,105,8600,2.607429758768319
genetic_algorithm,rastrigin,105,8700,2.607429758768319
genetic_algorithm,rastrigin,105,8800,2.607429758768319
genetic_algorithm,rastrigin,105,8900,2.3716990024772144
genetic_algorithm,rastrigin,105,9000,2.3716990024772144
genetic_algorithm,rastrigin,105,9100,2.3716990024772144
genetic_algorithm,rastrigin,105,9200,2.3716990024772144
genetic_algorithm,rastrigin,105,9300,2.2618514172833812
genetic_algorithm,rastrigin,105,9400,2.254005778653223
genetic_algorithm,rastrigin,105,9500,2.254005778653223
genetic_algorithm,rastrigin,105,9600,2.254005778653223
genetic_algorithm,rastrigin,105,9700,2.216618456127989
genetic_algorithm,rastrigin,105,9800,2.216618456127989
genetic_algorithm,rastrigin,105,9900,2.1478740502091824
genetic_algorithm,rastrigin,105,10000,2.1478740502091824
genetic_algorithm,rastrigin,105,10100,2.1478740502091824
genetic_algorithm,rastrigin,105,10200,2.074248692381275
genetic_algorithm,rastrigin,105,10300,2.074248692381275
genetic_algorithm,rastrigin,105,10400,2.074248692381275
genetic_algorithm,rastrigin,105,10500,2.074248692381275
genetic_algorithm,rastrigin,105,10600,2.074248692381275
genetic_algorithm,rastrigin,105,10700,2.074248692381275
genetic_algorithm,rastrigin,105,10800,2.074248692381275
genetic_algorithm,rastrigin,105,10900,2.074248692381275
genetic_algorithm,rastrigin,105,11000,2.074248692381275
genetic_algorithm,rastrigin,105,11100,2.074248692381275
genetic_algorithm,rastrigin,105,11200,2.074248692381275
genetic_algorithm,rastrigin,105,11300,2.074248692381275
genetic_algorithm,rastrigin,105,11400,2.074248692381275
genetic_algorithm,rastrigin,105,11500,2.074248692381275
genetic_algorithm,rastrigin,105,11600,2.0453062230577785
genetic_algorithm,rastrigin,105,11700,2.041400162240876
genetic_algorithm,rastrigin,105,11800,2.041400162240876
genetic_algorithm,rastrigin,105,11900,2.041400162240876
genetic_algorithm,rastrigin,105,12000,2.0366742520426726
genetic_algorithm,rastrigin,105,12100,2.0366742520426726
genetic_algorithm,rastrigin,105,12200,2.0366742520426726
genetic_algorithm,rastrigin,105,12300,2.0366742520426726
genetic_algorithm,rastrigin,105,12400,2.0366742520426726
genetic_algorithm,rastrigin,105,12500,2.0366742520426726
genetic_algorithm,rastrigin,105,12600,2.03539893705927
genetic_algorithm,rastrigin,105,12700,2.03539893705927
genetic_algorithm,rastrigin,105,12800,2.03539893705927
genetic_algorithm,rastrigin,105,12900,2.03539893705927
genetic_algorithm,rastrigin,105,13000,2.03539893705927
genetic_algorithm,rastrigin,105,13100,2.03539893705927
genetic_algorithm,rastrigin,105,13200,2.03539893705927
genetic_algorithm,rastrigin,105,13300,2.03539893705927
genetic_algorithm,rastrigin,105,13400,2.03539893705927
genetic_algorithm,rastrigin,105,13500,2.03539893705927
genetic_algorithm,rastrigin,105,13600,2.03539893705927
genetic_algorithm,rastrigin,105,13700,2.03539893705927
genetic_algorithm,rastrigin,105,13800,2.03539893705927
genetic_algorithm,rastrigin,105,13900,2.03539893705927
genetic_algorithm,rastrigin,105,14000,2.03539893705927
genetic_algorithm,rastrigin,105,14100,2.0315215522718972
genetic_algorithm,rastrigin,105,14200,2.0315215522718972
genetic_algorithm,rastrigin,105,14300,2.0315215522718972
genetic_algorithm,rastrigin,105,14400,2.030282402920534
genetic_algorithm,rastrigin,105,14500,2.030282402920534
genetic_algorithm,rastrigin,105,14600,2.030282402920534
genetic_algorithm,rastrigin,105,14700,2.030282402920534
genetic_algorithm,rastrigin,105,14800,2.030282402920534
genetic_algorithm,rastrigin,105,14900,2.030282402920534
genetic_algorithm,rastrigin,105,15000,2.030282402920534
genetic_algorithm,rastrigin,105,15100,2.030282402920534
genetic_algorithm,rastrigin,105,15200,2.030282402920534
genetic_algorithm,rastrigin,105,15300,2.030282402920534
genetic_algorithm,rastrigin,105,15400,2.030282402920534
genetic_algorithm,rastrigin,105,15500,2.030282402920534
genetic_algorithm,rastrigin,105,15600,2.030282402920534
genetic_algorithm,rastrigin,105,15700,2.030282402920534
genetic_algorithm,rastrigin,105,15800,2.030282402920534
genetic_algorithm,rastrigin,105,15900,2.0302455001079522
genetic_algorithm,rastrigin,105,16000,2.0302455001079522
genetic_algorithm,rastrigin,105,16100,2.0302455001079522
genetic_algorithm,rastrigin,105,16200,2.0302455001079522
genetic_algorithm,rastrigin,105,16300,2.0273094174570474
genetic_algorithm,rastrigin,105,16400,2.0273094174570474
genetic_algorithm,rastrigin,105,16500,2.0273094174570474
genetic_algorithm,rastrigin,105,16600,2.0273094174570474
genetic_algorithm,rastrigin,105,16700,2.0273094174570474
genetic_algorithm,rastrigin,105,16800,2.0273094174570474
genetic_algorithm,rastrigin,105,16900,2.0273094174570474
genetic_algorithm,rastrigin,105,17000,2.0273094174570474
genetic_algorithm,rastrigin,105,17100,2.0273094174570474
genetic_algorithm,rastrigin,105,17200,2.0179936724290712
genetic_algorithm,rastrigin,105,17300,2.0179936724290712
genetic_algorithm,rastrigin,105,17400,2.0179936724290712
genetic_algorithm,rastrigin,105,17500,2.0179936724290712
genetic_algorithm,rastrigin,105,17600,2.0179936724290712
genetic_algorithm,rastrigin,105,17700,1.9011710806925635
genetic_algorithm,rastrigin,105,17800,1.741026563829763
genetic_algorithm,rastrigin,105,17900,1.741026563829763
genetic_algorithm,rastrigin,105,18000,1.741026563829763
genetic_algorithm,rastrigin,105,18100,1.6016920863691126
genetic_algorithm,rastrigin,105,18200,1.490814427914458
genetic_algorithm,rastrigin,105,18300,1.490814427914458
genetic_algorithm,rastrigin,105,18400,1.490814427914458
genetic_algorithm,rastrigin,105,18500,1.490814427914458
genetic_algorithm,rastrigin,105,18600,1.3427985559858513
genetic_algorithm,rastrigin,105,18700,1.2423455153910794
genetic_algorithm,rastrigin,105,18800,1.2423455153910794
genetic_algorithm,rastrigin,105,18900,1.2423455153910794
genetic_algorithm,rastrigin,105,19000,1.2423455153910794
genetic_algorithm,rastrigin,105,19100,1.2423455153910794
genetic_algorithm,rastrigin,105,19200,1.2423455153910794
genetic_algorithm,rastrigin,105,19300,1.2423455153910794
genetic_algorithm,rastrigin,105,19400,1.2423455153910794
genetic_algorithm,rastrigin,105,19500,1.2423455153910794
genetic_algorithm,rastrigin,105,19600,1.2423455153910794
genetic_algorithm,rastrigin,105,19700,1.2423455153910794
genetic_algorithm,rastrigin,105,19800,1.2423455153910794
genetic_algorithm,rastrigin,105,19900,1.2423455153910794
genetic_algorithm,rastrigin,105,20000,1.2423455153910794
genetic_algorithm,rastrigin,106,100,93.71087180231778
genetic_algorithm,rastrigin,106,200,69.48810529088631
genetic_algorithm,rastrigin,106,300,61.916958891693554
genetic_algorithm,rastrigin,106,400,54.849774079318465
genetic_algorithm,rastrigin,106,500,53.51761287468792
genetic_algorithm,rastrigin,106,600,46.821909426071606
genetic_algorithm,rastrigin,106,700,46.690802730348985
genetic_algorithm,rastrigin,106,800,37.707800964484015
genetic_algorithm,rastrigin,106,900,37.707800964484015
genetic_algorithm,rastrigin,106,1000,34.40941290636104
genetic_algorithm,rastrigin,106,1100,34.40941290636104
genetic_algorithm,rastrigin,106,1200,32.6051387132203
genetic_algorithm,rastrigin,106,1300,32.6051387132203
genetic_algorithm,rastrigin,106,1400,30.427125047125685
genetic_algorithm,rastrigin,106,1500,24.53056548328746
genetic_algorithm,rastrigin,106,1600,22.36213565969757
genetic_algorithm,rastrigin,106,1700,22.33145544642629
genetic_algorithm,rastrigin,106,1800,22.06441315887419
genetic_algorithm,rastrigin,106,1900,22.06441315887419
genetic_algorithm,rastrigin,106,2000,20.13116259111642
genetic_algorithm,rastrigin,106,2100,16.23362430133507
genetic_algorithm,rastrigin,106,2200,15.849684146567668
genetic_algorithm,rastrigin,106,2300,12.882612196272063
genetic_algorithm,rastrigin,106,2400,12.882612196272063
genetic_algorithm,rastrigin,106,2500,12.882612196272063
genetic_algorithm,rastrigin,106,2600,12.399731073062654
genetic_algorithm,rastrigin,106,2700,12.392090802538874
genetic_algorithm,rastrigin,106,2800,12.392090802538874
genetic_algorithm,rastrigin,106,2900,12.392090802538874
genetic_algorithm,rastrigin,106,3000,12.23025231082272
genetic_algorithm,rastrigin,106,3100,10.771831785692498
genetic_algorithm,rastrigin,106,3200,10.771831785692498
genetic_algorithm,rastrigin,106,3300,10.771831785692498
genetic_algorithm,rastrigin,106,3400,10.771831785692498
genetic_algorithm,rastrigin,106,3500,9.443256034474189
genetic_algorithm,rastrigin,106,3600,9.443256034474189
genetic_algorithm,rastrigin,106,3700,8.49530978866018
genetic_algorithm,rastrigin,106,3800,8.49530978866018
genetic_algorithm,rastrigin,106,3900,8.130304188912987
genetic_algorithm,rastrigin,106,4000,5.37613206992917
genetic_algorithm,rastrigin,106,4100,5.37613206992917
genetic_algorithm,rastrigin,106,4200,5.37613206992917
genetic_algorithm,rastrigin,106,4300,4.896220091532186
genetic_algorithm,rastrigin,106,4400,4.896220091532186
genetic_algorithm,rastrigin,106,4500,4.896220091532186
genetic_algorithm,rastrigin,106,4600,4.896220091532186
genetic_algorithm,rastrigin,106,4700,4.896220091532186
genetic_algorithm,rastrigin,106,4800,4.896220091532186
genetic_algorithm,rastrigin,106,4900,4.896220091532186
genetic_algorithm,rastrigin,106,5000,4.896220091532186
genetic_algorithm,rastrigin,106,5100,4.7046149319785115
genetic_algorithm,rastrigin,106,5200,4.7046149319785115
genetic_algorithm,rastrigin,106,5300,4.7046149319785115
genetic_algorithm,rastrigin,106,5400,4.7046149319785115
genetic_algorithm,rastrigin,106,5500,4.7046149319785115
genetic_algorithm,rastrigin,106,5600,4.7046149319785115
genetic_algorithm,rastrigin,106,5700,4.643161911036259
genetic_algorithm,rastrigin,106,5800,4.643161911036259
genetic_algorithm,rastrigin,106,5900,4.643161911036259
genetic_algorithm,rastrigin,106,6000,4.5331729873944795
genetic_algorithm,rastrigin,106,6100,4.5331729873944795
genetic_algorithm,rastrigin,106,6200,4.5318375292986275
genetic_algorithm,rastrigin,106,6300,4.5318375292986275
genetic_algorithm,rastrigin,106,6400,4.516802659009485
genetic_algorithm,rastrigin,106,6500,4.516802659009485
genetic_algorithm,rastrigin,106,6600,4.31694967610315
genetic_algorithm,rastrigin,106,6700,4.31694967610315
genetic_algorithm,rastrigin,106,6800,4.267196419555873
genetic_algorithm,rastrigin,106,6900,4.267196419555873
genetic_algorithm,rastrigin,106,7000,4.267196419555873
genetic_algorithm,rastrigin,106,7100,4.267196419555873
genetic_algorithm,rastrigin,106,7200,4.267196419555873
genetic_algorithm,rastrigin,106,7300,4.263279241082273
genetic_algorithm,rastrigin,106,7400,3.7894333832690137
genetic_algorithm,rastrigin,106,7500,3.7894333832690137
genetic_algorithm,rastrigin,106,7600,3.7894333832690137
genetic_algorithm,rastrigin,106,7700,3.7894333832690137
genetic_algorithm,rastrigin,106,7800,3.4033029860918447
genetic_algorithm,rastrigin,106,7900,3.2384621151889803
genetic_algorithm,rastrigin,106,8000,2.979707645754644
genetic_algorithm,rastrigin,106,8100,2.979707645754644
genetic_algorithm,rastrigin,106,8200,2.9264893394141325
genetic_algorithm,rastrigin,106,8300,2.9098905286995773
genetic_algorithm,rastrigin,106,8400,2.740075337208623
genetic_algorithm,rastrigin,106,8500,2.740075337208623
genetic_algorithm,rastrigin,106,8600,2.7385643080833972
genetic_algorithm,rastrigin,106,8700,1.6152847225328912
genetic_algorithm,rastrigin,106,8800,1.6152847225328912
genetic_algorithm,rastrigin,106,8900,1.6152847225328912
genetic_algorithm,rastrigin,106,9000,1.6152847225328912
genetic_algorithm,rastrigin,106,9100,1.400256157347755
genetic_algorithm,rastrigin,106,9200,1.400256157347755
genetic_algorithm,rastrigin,106,9300,1.400256157347755
genetic_algorithm,rastrigin,106,9400,1.400256157347755
genetic_algorithm,rastrigin,106,9500,1.3210731394481456
genetic_algorithm,rastrigin,106,9600,0.9280157658284622
genetic_algorithm,rastrigin,106,9700,0.9280157658284622
genetic_algorithm,rastrigin,106,9800,0.9280157658284622
genetic_algorithm,rastrigin,106,9900,0.8884560851647478
genetic_algorithm,rastrigin,106,10000,0.802514921823601
genetic_algorithm,rastrigin,106,10100,0.7400689920392978
genetic_algorithm,rastrigin,106,10200,0.6802230072022439
genetic_algorithm,rastrigin,106,10300,0.49303684073319687
genetic_algorithm,rastrigin,106,10400,0.49303684073319687
genetic_algorithm,rastrigin,106,10500,0.49303684073319687
genetic_algorithm,rastrigin,106,10600,0.49303684073319687
genetic_algorithm,rastrigin,106,10700,0.3775245558019549
genetic_algorithm,rastrigin,106,10800,0.3775245558019549
genetic_algorithm,rastrigin,106,10900,0.2057749618023763
genetic_algorithm,rastrigin,106,11000,0.2057749618023763
genetic_algorithm,rastrigin,106,11100,0.2057749618023763
genetic_algorithm,rastrigin,106,11200,0.1932645600745957
genetic_algorithm,rastrigin,106,11300,0.1932645600745957
genetic_algorithm,rastrigin,106,11400,0.1932645600745957
genetic_algorithm,rastrigin,106,11500,0.1932645600745957
genetic_algorithm,rastrigin,106,11600,0.1932645600745957
genetic_algorithm,rastrigin,106,11700,0.1932645600745957
genetic_algorithm,rastrigin,106,11800,0.1560426034338036
genetic_algorithm,rastrigin,106,11900,0.1560426034338036
genetic_algorithm,rastrigin,106,12000,0.1560426034338036
genetic_algorithm,rastrigin,106,12100,0.1560426034338036
genetic_algorithm,rastrigin,106,12200,0.1560426034338036
genetic_algorithm,rastrigin,106,12300,0.15150270736849336
genetic_algorithm,rastrigin,106,12400,0.1480217204540395
genetic_algorithm,rastrigin,106,12500,0.1480217204540395
genetic_algorithm,rastrigin,106,12600,0.1480217204540395
genetic_algorithm,rastrigin,106,12700,0.1480217204540395
genetic_algorithm,rastrigin,106,12800,0.1480217204540395
genetic_algorithm,rastrigin,106,12900,0.1480217204540395
genetic_algorithm,rastrigin,106,13000,0.1480217204540395
genetic_algorithm,rastrigin,106,13100,0.1480217204540395
genetic_algorithm,rastrigin,106,13200,0.1480217204540395
genetic_algorithm,rastrigin,106,13300,0.1480217204540395
genetic_algorithm,rastrigin,106,13400,0.1480217204540395
genetic_algorithm,rastrigin,106,13500,0.1480217204540395
genetic_algorithm,rastrigin,106,13600,0.1480217204540395
genetic_algorithm,rastrigin,106,13700,0.14702404032186678
genetic_algorithm,rastrigin,106,13800,0.14702404032186678
genetic_algorithm,rastrigin,106,13900,0.14702404032186678
genetic_algorithm,rastrigin,106,14000,0.14702404032186678
genetic_algorithm,rastrigin,106,14100,0.14702404032186678
genetic_algorithm,rastrigin,106,14200,0.14702404032186678
genetic_algorithm,rastrigin,106,14300,0.14702404032186678
genetic_algorithm,rastrigin,106,14400,0.07557608828905416
genetic_algorithm,rastrigin,106,14500,0.07557608828905416
genetic_algorithm,rastrigin,106,14600,0.07557608828905416
genetic_algorithm,rastrigin,106,14700,0.07557608828905416
genetic_algorithm,rastrigin,106,14800,0.07557608828905416
genetic_algorithm,rastrigin,106,14900,0.07557608828905416
genetic_algorithm,rastrigin,106,15000,0.07557608828905416
genetic_algorithm,rastrigin,106,15100,0.07557608828905416
genetic_algorithm,rastrigin,106,15200,0.07557608828905416
genetic_algorithm,rastrigin,106,15300,0.07557608828905416
genetic_algorithm,rastrigin,106,15400,0.07557608828905416
genetic_algorithm,rastrigin,106,15500,0.07557608828905416
genetic_algorithm,rastrigin,106,15600,0.07557608828905416
genetic_algorithm,rastrigin,106,15700,0.07557608828905416
genetic_algorithm,rastrigin,106,15800,0.07557608828905416
genetic_algorithm,rastrigin,106,15900,0.07557608828905416
genetic_algorithm,rastrigin,106,16000,0.07557608828905416
genetic_algorithm,rastrigin,106,16100,0.0629142793389974
genetic_algorithm,rastrigin,106,16200,0.059013410990431225
genetic_algorithm,rastrigin,106,16300,0.059013410990431225
genetic_algorithm,rastrigin,106,16400,0.059013410990431225
genetic_algorithm,rastrigin,106,16500,0.059013410990431225
genetic_algorithm,rastrigin,106,16600,0.059013410990431225
genetic_algorithm,rastrigin,106,16700,0.059013410990431225
genetic_algorithm,rastrigin,106,16800,0.059013410990431225
genetic_algorithm,rastrigin,106,16900,0.059013410990431225
genetic_algorithm,rastrigin,106,17000,0.059013410990431225
genetic_algorithm,rastrigin,106,17100,0.059013410990431225
genetic_algorithm,rastrigin,106,17200,0.059013410990431225
genetic_algorithm,rastrigin,106,17300,0.059013410990431225
genetic_algorithm,rastrigin,106,17400,0.059013410990431225
genetic_algorithm,rastrigin,106,17500,0.059013410990431225
genetic_algorithm,rastrigin,106,17600,0.059013410990431225
genetic_algorithm,rastrigin,106,17700,0.059013410990431225
genetic_algorithm,rastrigin,106,17800,0.059013410990431225
genetic_algorithm,rastrigin,106,17900,0.059013410990431225
genetic_algorithm,rastrigin,106,18000,0.05075803692156455
genetic_algorithm,rastrigin,106,18100,0.05075803692156455
genetic_algorithm,rastrigin,106,18200,0.05075803692156455
genetic_algorithm,rastrigin,106,18300,0.05075803692156455
genetic_algorithm,rastrigin,106,18400,0.05075803692156455
genetic_algorithm,rastrigin,106,18500,0.05075803692156455
genetic_algorithm,rastrigin,106,18600,0.05075803692156455
genetic_algorithm,rastrigin,106,18700,0.05075803692156455
genetic_algorithm,rastrigin,106,18800,0.05075803692156455
genetic_algorithm,rastrigin,106,18900,0.05075803692156455
genetic_algorithm,rastrigin,106,19000,0.0416480676681914
genetic_algorithm,rastrigin,106,19100,0.0416480676681914
genetic_algorithm,rastrigin,106,19200,0.0416480676681914
genetic_algorithm,rastrigin,106,19300,0.0416480676681914
genetic_algorithm,rastrigin,106,19400,0.0416480676681914
genetic_algorithm,rastrigin,106,19500,0.0416480676681914
genetic_algorithm,rastrigin,106,19600,0.0416480676681914
genetic_algorithm,rastrigin,106,19700,0.04001255684134719
genetic_algorithm,rastrigin,106,19800,0.04001255684134719
genetic_algorithm,rastrigin,106,19900,0.04001255684134719
genetic_algorithm,rastrigin,106,20000,0.04001255684134719
genetic_algorithm,rastrigin,107,100,92.59050768068775
genetic_algorithm,rastrigin,107,200,85.76075677952595
genetic_algorithm,rastrigin,107,300,60.61194082485583
genetic_algorithm,rastrigin,107,400,34.045101028984305
genetic_algorithm,rastrigin,107,500,34.045101028984305
genetic_algorithm,rastrigin,107,600,34.045101028984305
genetic_algorithm,rastrigin,107,700,31.270736621446403
genetic_algorithm,rastrigin,107,800,25.63479402714168
genetic_algorithm,rastrigin,107,900,18.554044642190163
genetic_algorithm,rastrigin,107,1000,12.543183967777523
genetic_algorithm,rastrigin,107,1100,12.104425425516041
genetic_algorithm,rastrigin,107,1200,11.039017124727422
genetic_algorithm,rastrigin,107,1300,10.968187413277775
genetic_algorithm,rastrigin,107,1400,10.965596889523468
genetic_algorithm,rastrigin,107,1500,10.242848977591692
genetic_algorithm,rastrigin,107,1600,10.242848977591692
genetic_algorithm,rastrigin,107,1700,10.242848977591692
genetic_algorithm,rastrigin,107,1800,10.242848977591692
genetic_algorithm,rastrigin,107,1900,10.06228268607272
genetic_algorithm,rastrigin,107,2000,8.94622613271639
genetic_algorithm,rastrigin,107,2100,8.94622613271639
genetic_algorithm,rastrigin,107,2200,8.94622613271639
genetic_algorithm,rastrigin,107,2300,8.94622613271639
genetic_algorithm,rastrigin,107,2400,8.94622613271639
genetic_algorithm,rastrigin,107,2500,8.94622613271639
genetic_algorithm,rastrigin,107,2600,8.94622613271639
genetic_algorithm,rastrigin,107,2700,8.94622613271639
genetic_algorithm,rastrigin,107,2800,8.664582988738672
genetic_algorithm,rastrigin,107,2900,8.664582988738672
genetic_algorithm,rastrigin,107,3000,8.664582988738672
genetic_algorithm,rastrigin,107,3100,8.406724348587744
genetic_algorithm,rastrigin,107,3200,8.406724348587744
genetic_algorithm,rastrigin,107,3300,8.406724348587744
genetic_algorithm,rastrigin,107,3400,8.339470116014184
genetic_algorithm,rastrigin,107,3500,5.355660069838706
genetic_algorithm,rastrigin,107,3600,5.355660069838706
genetic_algorithm,rastrigin,107,3700,4.5780234134889355
genetic_algorithm,rastrigin,107,3800,4.437199294072016
genetic_algorithm,rastrigin,107,3900,4.236055944119485
genetic_algorithm,rastrigin,107,4000,3.4918648900862763
genetic_algorithm,rastrigin,107,4100,3.4918648900862763
genetic_algorithm,rastrigin,107,4200,3.4472793331007523
genetic_algorithm,rastrigin,107,4300,3.4472793331007523
genetic_algorithm,rastrigin,107,4400,3.4269578600264623
genetic_algorithm,rastrigin,107,4500,2.3814137339500547
genetic_algorithm,rastrigin,107,4600,2.3814137339500547
genetic_algorithm,rastrigin,107,4700,2.3814137339500547
genetic_algorithm,rastrigin,107,4800,2.3814137339500547
genetic_algorithm,rastrigin,107,4900,2.3814137339500547
genetic_algorithm,rastrigin,107,5000,2.3814137339500547
genetic_algorithm,rastrigin,107,5100,2.3676179105572714
genetic_algorithm,rastrigin,107,5200,2.3676179105572714
genetic_algorithm,rastrigin,107,5300,2.3676179105572714
genetic_algorithm,rastrigin,107,5400,2.3676179105572714
genetic_algorithm,rastrigin,107,5500,2.3676179105572714
genetic_algorithm,rastrigin,107,5600,2.3676179105572714
genetic_algorithm,rastrigin,107,5700,2.3676179105572714
genetic_algorithm,rastrigin,107,5800,2.3676179105572714
genetic_algorithm,rastrigin,107,5900,2.3060031603574345
genetic_algorithm,rastrigin,107,6000,2.2761032451737435
genetic_algorithm,rastrigin,107,6100,2.2143104483268132
genetic_algorithm,rastrigin,107,6200,2.2143104483268132
genetic_algorithm,rastrigin,107,6300,2.1816529916423377
genetic_algorithm,rastrigin,107,6400,2.1816529916423377
genetic_algorithm,rastrigin,107,6500,2.1761856391206607
genetic_algorithm,rastrigin,107,6600,2.03496893937411
genetic_algorithm,rastrigin,107,6700,2.03496893937411
genetic_algorithm,rastrigin,107,6800,2.03496893937411
genetic_algorithm,rastrigin,107,6900,2.03496893937411
genetic_algorithm,rastrigin,107,7000,2.03496893937411
genetic_algorithm,rastrigin,107,7100,2.03496893937411
genetic_algorithm,rastrigin,107,7200,2.03496893937411
genetic_algorithm,rastrigin,107,7300,2.03496893937411
genetic_algorithm,rastrigin,107,7400,2.03496893937411
genetic_algorithm,rastrigin,107,7500,2.03496893937411
genetic_algorithm,rastrigin,107,7600,2.03496893937411
genetic_algorithm,rastrigin,107,7700,2.03496893937411
genetic_algorithm,rastrigin,107,7800,2.03496893937411
genetic_algorithm,rastrigin,107,7900,2.03496893937411
genetic_algorithm,rastrigin,107,8000,1.259545196992235
genetic_algorithm,rastrigin,107,8100,1.259545196992235
genetic_algorithm,rastrigin,107,8200,1.259545196992235
genetic_algorithm,rastrigin,107,8300,1.259545196992235
genetic_algorithm,rastrigin,107,8400,1.259545196992235
genetic_algorithm,rastrigin,107,8500,1.259545196992235
genetic_algorithm,rastrigin,107,8600,1.240317317816988
genetic_algorithm,rastrigin,107,8700,1.234115930804947
genetic_algorithm,rastrigin,107,8800,1.220479971310482
genetic_algorithm,rastrigin,107,8900,1.220479971310482
genetic_algorithm,rastrigin,107,9000,1.220479971310482
genetic_algorithm,rastrigin,107,9100,1.220479971310482
genetic_algorithm,rastrigin,107,9200,1.220479971310482
genetic_algorithm,rastrigin,107,9300,1.220479971310482
genetic_algorithm,rastrigin,107,9400,1.220479971310482
genetic_algorithm,rastrigin,107,9500,1.2174393279060212
genetic_algorithm,rastrigin,107,9600,1.2174393279060212
genetic_algorithm,rastrigin,107,9700,1.2174393279060212
genetic_algorithm,rastrigin,107,9800,1.2174393279060212
genetic_algorithm,rastrigin,107,9900,1.196861697529144
genetic_algorithm,rastrigin,107,10000,1.0947580913985888
genetic_algorithm,rastrigin,107,10100,1.0947580913985888
genetic_algorithm,rastrigin,107,10200,1.0798024461773679
genetic_algorithm,rastrigin,107,10300,1.0798024461773679
genetic_algorithm,rastrigin,107,10400,1.0798024461773679
genetic_algorithm,rastrigin,107,10500,1.072442899253744
genetic_algorithm,rastrigin,107,10600,1.072442899253744
genetic_algorithm,rastrigin,107,10700,1.072442899253744
genetic_algorithm,rastrigin,107,10800,1.072442899253744
genetic_algorithm,rastrigin,107,10900,1.0612066297541958
genetic_algorithm,rastrigin,107,11000,1.0612066297541958
genetic_algorithm,rastrigin,107,11100,1.0612066297541958
genetic_algorithm,rastrigin,107,11200,1.0612066297541958
genetic_algorithm,rastrigin,107,11300,1.0519411549476985
genetic_algorithm,rastrigin,107,11400,1.0498378431254594
genetic_algorithm,rastrigin,107,11500,1.0473949327658545
genetic_algorithm,rastrigin,107,11600,1.0473949327658545
genetic_algorithm,rastrigin,107,11700,1.0473949327658545
genetic_algorithm,rastrigin,107,11800,1.0473949327658545
genetic_algorithm,rastrigin,107,11900,1.0399313267827779
genetic_algorithm,rastrigin,107,12000,1.0399313267827779
genetic_algorithm,rastrigin,107,12100,1.0399313267827779
genetic_algorithm,rastrigin,107,12200,1.0399313267827779
genetic_algorithm,rastrigin,107,12300,1.0399313267827779
genetic_algorithm,rastrigin,107,12400,1.0399313267827779
genetic_algorithm,rastrigin,107,12500,1.0399313267827779
genetic_algorithm,rastrigin,107,12600,1.0399313267827779
genetic_algorithm,rastrigin,107,12700,1.0399313267827779
genetic_algorithm,rastrigin,107,12800,1.0399313267827779
genetic_algorithm,rastrigin,107,12900,1.0399313267827779
genetic_algorithm,rastrigin,107,13000,1.0399313267827779
genetic_algorithm,rastrigin,107,13100,1.0399313267827779
genetic_algorithm,rastrigin,107,13200,1.0399313267827779
genetic_algorithm,rastrigin,107,13300,0.9277655527262709
genetic_algorithm,rastrigin,107,13400,0.9277655527262709
genetic_algorithm,rastrigin,107,13500,0.9055056979852196
genetic_algorithm,rastrigin,107,13600,0.9055056979852196
genetic_algorithm,rastrigin,107,13700,0.8462616340470106
genetic_algorithm,rastrigin,107,13800,0.8462616340470106
genetic_algorithm,rastrigin,107,13900,0.8328077500148794
genetic_algorithm,rastrigin,107,14000,0.5506956480897571
genetic_algorithm,rastrigin,107,14100,0.5506956480897571
genetic_algorithm,rastrigin,107,14200,0.5506956480897571
genetic_algorithm,rastrigin,107,14300,0.4403031729267468
genetic_algorithm,rastrigin,107,14400,0.4403031729267468
genetic_algorithm,rastrigin,107,14500,0.4403031729267468
genetic_algorithm,rastrigin,107,14600,0.3317589936191325
genetic_algorithm,rastrigin,107,14700,0.3317589936191325
genetic_algorithm,rastrigin,107,14800,0.3317589936191325
genetic_algorithm,rastrigin,107,14900,0.2894492564278295
genetic_algorithm,rastrigin,107,15000,0.24758248240087255
genetic_algorithm,rastrigin,107,15100,0.17985055690820673
genetic_algorithm,rastrigin,107,15200,0.17771880019571995
genetic_algorithm,rastrigin,107,15300,0.17477721499250265
genetic_algorithm,rastrigin,107,15400,0.17477721499250265
genetic_algorithm,rastrigin,107,15500,0.17477721499250265
genetic_algorithm,rastrigin,107,15600,0.17194741513087308
genetic_algorithm,rastrigin,107,15700,0.17194741513087308
genetic_algorithm,rastrigin,107,15800,0.17194741513087308
genetic_algorithm,rastrigin,107,15900,0.17194741513087308
genetic_algorithm,rastrigin,107,16000,0.17156198000323286
genetic_algorithm,rastrigin,107,16100,0.17156198000323286
genetic_algorithm,rastrigin,107,16200,0.17156198000323286
genetic_algorithm,rastrigin,107,16300,0.17156198000323286
genetic_algorithm,rastrigin,107,16400,0.17156198000323286
genetic_algorithm,rastrigin,107,16500,0.17156198000323286
genetic_algorithm,rastrigin,107,16600,0.08425006404203828
genetic_algorithm,rastrigin,107,16700,0.07446438159249169
genetic_algorithm,rastrigin,107,16800,0.07446438159249169
genetic_algorithm,rastrigin,107,16900,0.07446438159249169
genetic_algorithm,rastrigin,107,17000,0.017278654261218662
genetic_algorithm,rastrigin,107,17100,0.017278654261218662
genetic_algorithm,rastrigin,107,17200,0.017278654261218662
genetic_algorithm,rastrigin,107,17300,0.017278654261218662
genetic_algorithm,rastrigin,107,17400,0.017278654261218662
genetic_algorithm,rastrigin,107,17500,0.017278654261218662
genetic_algorithm,rastrigin,107,17600,0.017278654261218662
genetic_algorithm,rastrigin,107,17700,0.017278654261218662
genetic_algorithm,rastrigin,107,17800,0.017278654261218662
genetic_algorithm,rastrigin,107,17900,0.017278654261218662
genetic_algorithm,rastrigin,107,18000,0.017278654261218662
genetic_algorithm,rastrigin,107,18100,0.017278654261218662
genetic_algorithm,rastrigin,107,18200,0.017278654261218662
genetic_algorithm,rastrigin,107,18300,0.017278654261218662
genetic_algorithm,rastrigin,107,18400,0.014188359507613768
genetic_algorithm,rastrigin,107,18500,0.01177291960325988
genetic_algorithm,rastrigin,107,18600,0.01177291960325988
genetic_algorithm,rastrigin,107,18700,0.01177291960325988
genetic_algorithm,rastrigin,107,18800,0.01177291960325988
genetic_algorithm,rastrigin,107,18900,0.01177291960325988
genetic_algorithm,rastrigin,107,19000,0.01177291960325988
genetic_algorithm,rastrigin,107,19100,0.01177291960325988
genetic_algorithm,rastrigin,107,19200,0.01177291960325988
genetic_algorithm,rastrigin,107,19300,0.01177291960325988
genetic_algorithm,rastrigin,107,19400,0.01177291960325988
genetic_algorithm,rastrigin,107,19500,0.01177291960325988
genetic_algorithm,rastrigin,107,19600,0.01177291960325988
genetic_algorithm,rastrigin,107,19700,0.01177291960325988
genetic_algorithm,rastrigin,107,19800,0.01177291960325988
genetic_algorithm,rastrigin,107,19900,0.01177291960325988
genetic_algorithm,rastrigin,107,20000,0.01177291960325988
genetic_algorithm,rastrigin,108,100,91.55802083578772
genetic_algorithm,rastrigin,108,200,74.22500662546324
genetic_algorithm,rastrigin,108,300,35.202124309650515
genetic_algorithm,rastrigin,108,400,32.40598481759564
genetic_algorithm,rastrigin,108,500,29.940937303038183
genetic_algorithm,rastrigin,108,600,29.940937303038183
genetic_algorithm,rastrigin,108,700,29.940937303038183
genetic_algorithm,rastrigin,108,800,29.940937303038183
genetic_algorithm,rastrigin,108,900,29.940937303038183
genetic_algorithm,rastrigin,108,1000,25.066904435158364
genetic_algorithm,rastrigin,108,1100,22.565238510125084
genetic_algorithm,rastrigin,108,1200,21.51433329093875
genetic_algorithm,rastrigin,108,1300,20.53300115978209
genetic_algorithm,rastrigin,108,1400,19.819904364860804
genetic_algorithm,rastrigin,108,1500,18.157043325124874
genetic_algorithm,rastrigin,108,1600,18.056418656096795
genetic_algorithm,rastrigin,108,1700,18.056418656096795
genetic_algorithm,rastrigin,108,1800,16.92917637573089
genetic_algorithm,rastrigin,108,1900,16.086914597263814
genetic_algorithm,rastrigin,108,2000,15.593507592840467
genetic_algorithm,rastrigin,108,2100,15.310751308831883
genetic_algorithm,rastrigin,108,2200,15.310751308831883
genetic_algorithm,rastrigin,108,2300,12.174938265277689
genetic_algorithm,rastrigin,108,2400,12.174938265277689
genetic_algorithm,rastrigin,108,2500,12.174938265277689
genetic_algorithm,rastrigin,108,2600,12.156187109446364
genetic_algorithm,rastrigin,108,2700,12.156187109446364
genetic_algorithm,rastrigin,108,2800,12.156187109446364
genetic_algorithm,rastrigin,108,2900,11.703735362756163
genetic_algorithm,rastrigin,108,3000,11.703735362756163
genetic_algorithm,rastrigin,108,3100,11.703735362756163
genetic_algorithm,rastrigin,108,3200,11.703735362756163
genetic_algorithm,rastrigin,108,3300,11.374969569562865
genetic_algorithm,rastrigin,108,3400,11.374969569562865
genetic_algorithm,rastrigin,108,3500,11.374969569562865
genetic_algorithm,rastrigin,108,3600,11.374969569562865
genetic_algorithm,rastrigin,108,3700,10.901511003519161
genetic_algorithm,rastrigin,108,3800,10.901511003519161
genetic_algorithm,rastrigin,108,3900,10.898999575951535
genetic_algorithm,rastrigin,108,4000,10.711381458993714
genetic_algorithm,rastrigin,108,4100,10.17697117311738
genetic_algorithm,rastrigin,108,4200,9.233054137185079
genetic_algorithm,rastrigin,108,4300,9.233054137185079
genetic_algorithm,rastrigin,108,4400,9.233054137185079
genetic_algorithm,rastrigin,108,4500,9.233054137185079
genetic_algorithm,rastrigin,108,4600,9.068489757167242
genetic_algorithm,rastrigin,108,4700,9.047792766188934
genetic_algorithm,rastrigin,108,4800,9.047792766188934
genetic_algorithm,rastrigin,108,4900,7.269218468513998
genetic_algorithm,rastrigin,108,5000,7.269218468513998
genetic_algorithm,rastrigin,108,5100,6.543442120927509
genetic_algorithm,rastrigin,108,5200,5.88787585331238
genetic_algorithm,rastrigin,108,5300,4.047374902662227
genetic_algorithm,rastrigin,108,5400,3.571625174636381
genetic_algorithm,rastrigin,108,5500,3.571625174636381
genetic_algorithm,rastrigin,108,5600,3.571625174636381
genetic_algorithm,rastrigin,108,5700,3.4876541374321732
genetic_algorithm,rastrigin,108,5800,3.4876541374321732
genetic_algorithm,rastrigin,108,5900,3.454687732780272
genetic_algorithm,rastrigin,108,6000,3.454687732780272
genetic_algorithm,rastrigin,108,6100,3.454687732780272
genetic_algorithm,rastrigin,108,6200,3.454687732780272
genetic_algorithm,rastrigin,108,6300,3.454687732780272
genetic_algorithm,rastrigin,108,6400,3.454687732780272
genetic_algorithm,rastrigin,108,6500,3.3789026755832197
genetic_algorithm,rastrigin,108,6600,3.3789026755832197
genetic_algorithm,rastrigin,108,6700,3.3789026755832197
genetic_algorithm,rastrigin,108,6800,3.3789026755832197
genetic_algorithm,rastrigin,108,6900,3.3789026755832197
genetic_algorithm,rastrigin,108,7000,3.3789026755832197
genetic_algorithm,rastrigin,108,7100,3.3789026755832197
genetic_algorithm,rastrigin,108,7200,3.3789026755832197
genetic_algorithm,rastrigin,108,7300,3.3789026755832197
genetic_algorithm,rastrigin,108,7400,3.3789026755832197
genetic_algorithm,rastrigin,108,7500,3.3789026755832197
genetic_algorithm,rastrigin,108,7600,3.3789026755832197
genetic_algorithm,rastrigin,108,7700,3.3789026755832197
genetic_algorithm,rastrigin,108,7800,3.3789026755832197
genetic_algorithm,rastrigin,108,7900,3.3789026755832197
genetic_algorithm,rastrigin,108,8000,3.3605968898913545
genetic_algorithm,rastrigin,108,8100,3.2960464919412544
genetic_algorithm,rastrigin,108,8200,3.2960464919412544
genetic_algorithm,rastrigin,108,8300,3.2960464919412544
genetic_algorithm,rastrigin,108,8400,3.2960464919412544
genetic_algorithm,rastrigin,108,8500,3.2960464919412544
genetic_algorithm,rastrigin,108,8600,3.2960464919412544
genetic_algorithm,rastrigin,108,8700,3.2955155022555402
genetic_algorithm,rastrigin,108,8800,2.9289356868787735
genetic_algorithm,rastrigin,108,8900,2.9289356868787735
genetic_algorithm,rastrigin,108,9000,2.9289356868787735
genetic_algorithm,rastrigin,108,9100,2.9289356868787735
genetic_algorithm,rastrigin,108,9200,2.9289356868787735
genetic_algorithm,rastrigin,108,9300,2.9289356868787735
genetic_algorithm,rastrigin,108,9400,2.9289356868787735
genetic_algorithm,rastrigin,108,9500,2.731062477996261
genetic_algorithm,rastrigin,108,9600,2.649243552887583
genetic_algorithm,rastrigin,108,9700,2.6034154159280263
genetic_algorithm,rastrigin,108,9800,2.6034154159280263
genetic_algorithm,rastrigin,108,9900,2.6034154159280263
genetic_algorithm,rastrigin,108,10000,2.499316667492849
genetic_algorithm,rastrigin,108,10100,2.499316667492849
genetic_algorithm,rastrigin,108,10200,2.499316667492849
genetic_algorithm,rastrigin,108,10300,2.499316667492849
genetic_algorithm,rastrigin,108,10400,2.424155781392443
genetic_algorithm,rastrigin,108,10500,2.424155781392443
genetic_algorithm,rastrigin,108,10600,2.424155781392443
genetic_algorithm,rastrigin,108,10700,1.5490253565845364
genetic_algorithm,rastrigin,108,10800,1.5490253565845364
genetic_algorithm,rastrigin,108,10900,1.510461451594395
genetic_algorithm,rastrigin,108,11000,1.4518881939140442
genetic_algorithm,rastrigin,108,11100,1.4518881939140442
genetic_algorithm,rastrigin,108,11200,1.4518881939140442
genetic_algorithm,rastrigin,108,11300,1.4518881939140442
genetic_algorithm,rastrigin,108,11400,1.4518881939140442
genetic_algorithm,rastrigin,108,11500,1.4518881939140442
genetic_algorithm,rastrigin,108,11600,1.4518881939140442
genetic_algorithm,rastrigin,108,11700,1.4518881939140442
genetic_algorithm,rastrigin,108,11800,1.3284844303719296
genetic_algorithm,rastrigin,108,11900,1.2551309822737267
genetic_algorithm,rastrigin,108,12000,1.2551309822737267
genetic_algorithm,rastrigin,108,12100,1.2551309822737267
genetic_algorithm,rastrigin,108,12200,1.2551309822737267
genetic_algorithm,rastrigin,108,12300,1.2551309822737267
genetic_algorithm,rastrigin,108,12400,1.2511566433422274
genetic_algorithm,rastrigin,108,12500,1.2511566433422274
genetic_algorithm,rastrigin,108,12600,1.2511566433422274
genetic_algorithm,rastrigin,108,12700,1.2511566433422274
genetic_algorithm,rastrigin,108,12800,0.80764866584353
genetic_algorithm,rastrigin,108,12900,0.80764866584353
genetic_algorithm,rastrigin,108,13000,0.80764866584353
genetic_algorithm,rastrigin,108,13100,0.80764866584353
genetic_algorithm,rastrigin,108,13200,0.80764866584353
genetic_algorithm,rastrigin,108,13300,0.80764866584353
genetic_algorithm,rastrigin,108,13400,0.80764866584353
genetic_algorithm,rastrigin,108,13500,0.80764866584353
genetic_algorithm,rastrigin,108,13600,0.80764866584353
genetic_algorithm,rastrigin,108,13700,0.80764866584353
genetic_algorithm,rastrigin,108,13800,0.80764866584353
genetic_algorithm,rastrigin,108,13900,0.6061873245342753
genetic_algorithm,rastrigin,108,14000,0.6061873245342753
genetic_algorithm,rastrigin,108,14100,0.44868678421366326
genetic_algorithm,rastrigin,108,14200,0.3989404390564175
genetic_algorithm,rastrigin,108,14300,0.3481871825284202
genetic_algorithm,rastrigin,108,14400,0.3481871825284202
genetic_algorithm,rastrigin,108,14500,0.2674591399402999
genetic_algorithm,rastrigin,108,14600,0.25843709436600193
genetic_algorithm,rastrigin,108,14700,0.25843709436600193
genetic_algorithm,rastrigin,108,14800,0.25843709436600193
genetic_algorithm,rastrigin,108,14900,0.25843709436600193
genetic_algorithm,rastrigin,108,15000,0.25843709436600193
genetic_algorithm,rastrigin,108,15100,0.17660984217233988
genetic_algorithm,rastrigin,108,15200,0.17660984217233988
genetic_algorithm,rastrigin,108,15300,0.17660984217233988
genetic_algorithm,rastrigin,108,15400,0.17660984217233988
genetic_algorithm,rastrigin,108,15500,0.17660984217233988
genetic_algorithm,rastrigin,108,15600,0.17660984217233988
genetic_algorithm,rastrigin,108,15700,0.17660984217233988
genetic_algorithm,rastrigin,108,15800,0.17660984217233988
genetic_algorithm,rastrigin,108,15900,0.17660984217233988
genetic_algorithm,rastrigin,108,16000,0.17660984217233988
genetic_algorithm,rastrigin,108,16100,0.17660984217233988
genetic_algorithm,rastrigin,108,16200,0.10260099596439431
genetic_algorithm,rastrigin,108,16300,0.10260099596439431
genetic_algorithm,rastrigin,108,16400,0.10260099596439431
genetic_algorithm,rastrigin,108,16500,0.10260099596439431
genetic_algorithm,rastrigin,108,16600,0.10260099596439431
genetic_algorithm,rastrigin,108,16700,0.10260099596439431
genetic_algorithm,rastrigin,108,16800,0.10260099596439431
genetic_algorithm,rastrigin,108,16900,0.10260099596439431
genetic_algorithm,rastrigin,108,17000,0.10260099596439431
genetic_algorithm,rastrigin,108,17100,0.10260099596439431
genetic_algorithm,rastrigin,108,17200,0.10260099596439431
genetic_algorithm,rastrigin,108,17300,0.10260099596439431
genetic_algorithm,rastrigin,108,17400,0.0775722043375282
genetic_algorithm,rastrigin,108,17500,0.0775722043375282
genetic_algorithm,rastrigin,108,17600,0.07134419958434535
genetic_algorithm,rastrigin,108,17700,0.07134419958434535
genetic_algorithm,rastrigin,108,17800,0.07134419958434535
genetic_algorithm,rastrigin,108,17900,0.07134419958434535
genetic_algorithm,rastrigin,108,18000,0.07134419958434535
genetic_algorithm,rastrigin,108,18100,0.07134419958434535
genetic_algorithm,rastrigin,108,18200,0.07134419958434535
genetic_algorithm,rastrigin,108,18300,0.07134419958434535
genetic_algorithm,rastrigin,108,18400,0.07134419958434535
genetic_algorithm,rastrigin,108,18500,0.07134419958434535
genetic_algorithm,rastrigin,108,18600,0.07134419958434535
genetic_algorithm,rastrigin,108,18700,0.07134419958434535
genetic_algorithm,rastrigin,108,18800,0.07134419958434535
genetic_algorithm,rastrigin,108,18900,0.07134419958434535
genetic_algorithm,rastrigin,108,19000,0.07134419958434535
genetic_algorithm,rastrigin,108,19100,0.07134419958434535
genetic_algorithm,rastrigin,108,19200,0.07134419958434535
genetic_algorithm,rastrigin,108,19300,0.07134419958434535
genetic_algorithm,rastrigin,108,19400,0.07134419958434535
genetic_algorithm,rastrigin,108,19500,0.07134419958434535
genetic_algorithm,rastrigin,108,19600,0.07134419958434535
genetic_algorithm,rastrigin,108,19700,0.07134419958434535
genetic_algorithm,rastrigin,108,19800,0.07134419958434535
genetic_algorithm,rastrigin,108,19900,0.07134419958434535
genetic_algorithm,rastrigin,108,20000,0.07134419958434535
genetic_algorithm,rastrigin,109,100,81.6939799531473
genetic_algorithm,rastrigin,109,200,69.6430453673257
genetic_algorithm,rastrigin,109,300,63.744961480632305
genetic_algorithm,rastrigin,109,400,57.026522305026404
genetic_algorithm,rastrigin,109,500,47.766326586789624
genetic_algorithm,rastrigin,109,600,45.06185027158242
genetic_algorithm,rastrigin,109,700,42.76816975841349
genetic_algorithm,rastrigin,109,800,35.65588395671077
genetic_algorithm,rastrigin,109,900,34.64369717676975
genetic_algorithm,rastrigin,109,1000,34.64369717676975
genetic_algorithm,rastrigin,109,1100,30.207361281181406
genetic_algorithm,rastrigin,109,1200,30.207361281181406
genetic_algorithm,rastrigin,109,1300,29.384902007312547
genetic_algorithm,rastrigin,109,1400,29.22742924446439
genetic_algorithm,rastrigin,109,1500,28.27014941187045
genetic_algorithm,rastrigin,109,1600,26.217018482729202
genetic_algorithm,rastrigin,109,1700,26.217018482729202
genetic_algorithm,rastrigin,109,1800,26.217018482729202
genetic_algorithm,rastrigin,109,1900,24.806723050443097
genetic_algorithm,rastrigin,109,2000,23.892438443834067
genetic_algorithm,rastrigin,109,2100,23.20240450212158
genetic_algorithm,rastrigin,109,2200,23.19969089017684
genetic_algorithm,rastrigin,109,2300,22.09000463004341
genetic_algorithm,rastrigin,109,2400,21.723305619529384
genetic_algorithm,rastrigin,109,2500,21.15754853716443
genetic_algorithm,rastrigin,109,2600,18.30803460481667
genetic_algorithm,rastrigin,109,2700,18.30803460481667
genetic_algorithm,rastrigin,109,2800,18.08697222566991
genetic_algorithm,rastrigin,109,2900,18.08697222566991
genetic_algorithm,rastrigin,109,3000,17.491421695043186
genetic_algorithm,rastrigin,109,3100,17.170347753981787
genetic_algorithm,rastrigin,109,3200,17.128791327299226
genetic_algorithm,rastrigin,109,3300,16.57090517857243
genetic_algorithm,rastrigin,109,3400,16.57090517857243
genetic_algorithm,rastrigin,109,3500,16.57090517857243
genetic_algorithm,rastrigin,109,3600,16.156455578128217
genetic_algorithm,rastrigin,109,3700,16.08303484404793
genetic_algorithm,rastrigin,109,3800,14.014530648531647
genetic_algorithm,rastrigin,109,3900,14.014530648531647
genetic_algorithm,rastrigin,109,4000,13.823399309210416
genetic_algorithm,rastrigin,109,4100,13.823399309210416
genetic_algorithm,rastrigin,109,4200,13.823399309210416
genetic_algorithm,rastrigin,109,4300,13.823399309210416
genetic_algorithm,rastrigin,109,4400,13.823399309210416
genetic_algorithm,rastrigin,109,4500,12.437734397648825
genetic_algorithm,rastrigin,109,4600,12.437734397648825
genetic_algorithm,rastrigin,109,4700,12.437734397648825
genetic_algorithm,rastrigin,109,4800,12.437734397648825
genetic_algorithm,rastrigin,109,4900,12.437734397648825
genetic_algorithm,rastrigin,109,5000,12.262319719244289
genetic_algorithm,rastrigin,109,5100,11.517767894767076
genetic_algorithm,rastrigin,109,5200,8.88940307436863
genetic_algorithm,rastrigin,109,5300,8.88940307436863
genetic_algorithm,rastrigin,109,5400,8.609947221756912
genetic_algorithm,rastrigin,109,5500,6.866142409875394
genetic_algorithm,rastrigin,109,5600,6.866142409875394
genetic_algorithm,rastrigin,109,5700,6.866142409875394
genetic_algorithm,rastrigin,109,5800,6.866142409875394
genetic_algorithm,rastrigin,109,5900,6.866142409875394
genetic_algorithm,rastrigin,109,6000,6.699511601261548
genetic_algorithm,rastrigin,109,6100,6.699511601261548
genetic_algorithm,rastrigin,109,6200,6.699511601261548
genetic_algorithm,rastrigin,109,6300,6.699511601261548
genetic_algorithm,rastrigin,109,6400,6.098449208655296
genetic_algorithm,rastrigin,109,6500,6.098449208655296
genetic_algorithm,rastrigin,109,6600,6.098449208655296
genetic_algorithm,rastrigin,109,6700,5.467863618638688
genetic_algorithm,rastrigin,109,6800,5.449422697647037
genetic_algorithm,rastrigin,109,6900,5.399458772554468
genetic_algorithm,rastrigin,109,7000,5.373159349441977
genetic_algorithm,rastrigin,109,7100,5.373159349441977
genetic_algorithm,rastrigin,109,7200,5.340841033983892
genetic_algorithm,rastrigin,109,7300,5.294655563147984
genetic_algorithm,rastrigin,109,7400,5.1361345368246845
genetic_algorithm,rastrigin,109,7500,5.106797419294082
genetic_algorithm,rastrigin,109,7600,5.106797419294082
genetic_algorithm,rastrigin,109,7700,4.1628112196983125
genetic_algorithm,rastrigin,109,7800,4.1628112196983125
genetic_algorithm,rastrigin,109,7900,4.1628112196983125
genetic_algorithm,rastrigin,109,8000,4.1628112196983125
genetic_algorithm,rastrigin,109,8100,4.1628112196983125
genetic_algorithm,rastrigin,109,8200,4.1628112196983125
genetic_algorithm,rastrigin,109,8300,4.1628112196983125
genetic_algorithm,rastrigin,109,8400,4.111751715470035
genetic_algorithm,rastrigin,109,8500,4.111751715470035
genetic_algorithm,rastrigin,109,8600,4.111751715470035
genetic_algorithm,rastrigin,109,8700,4.111751715470035
genetic_algorithm,rastrigin,109,8800,4.111751715470035
genetic_algorithm,rastrigin,109,8900,4.111751715470035
genetic_algorithm,rastrigin,109,9000,4.111751715470035
genetic_algorithm,rastrigin,109,9100,4.110957941094597
genetic_algorithm,rastrigin,109,9200,4.110957941094597
genetic_algorithm,rastrigin,109,9300,4.110957941094597
genetic_algorithm,rastrigin,109,9400,4.054159990830868
genetic_algorithm,rastrigin,109,9500,4.054159990830868
genetic_algorithm,rastrigin,109,9600,4.054159990830868
genetic_algorithm,rastrigin,109,9700,4.054159990830868
genetic_algorithm,rastrigin,109,9800,4.014633528176375
genetic_algorithm,rastrigin,109,9900,4.014633528176375
genetic_algorithm,rastrigin,109,10000,4.014633528176375
genetic_algorithm,rastrigin,109,10100,4.014633528176375
genetic_algorithm,rastrigin,109,10200,4.014633528176375
genetic_algorithm,rastrigin,109,10300,4.014633528176375
genetic_algorithm,rastrigin,109,10400,4.014633528176375
genetic_algorithm,rastrigin,109,10500,4.014633528176375
genetic_algorithm,rastrigin,109,10600,4.01353205000288
genetic_algorithm,rastrigin,109,10700,4.008530277492412
genetic_algorithm,rastrigin,109,10800,4.008530277492412
genetic_algorithm,rastrigin,109,10900,4.008530277492412
genetic_algorithm,rastrigin,109,11000,4.008530277492412
genetic_algorithm,rastrigin,109,11100,4.008530277492412
genetic_algorithm,rastrigin,109,11200,4.008530277492412
genetic_algorithm,rastrigin,109,11300,4.008530277492412
genetic_algorithm,rastrigin,109,11400,3.8121216823495843
genetic_algorithm,rastrigin,109,11500,3.8121216823495843
genetic_algorithm,rastrigin,109,11600,3.8121216823495843
genetic_algorithm,rastrigin,109,11700,3.51413163459668
genetic_algorithm,rastrigin,109,11800,3.51413163459668
genetic_algorithm,rastrigin,109,11900,3.51413163459668
genetic_algorithm,rastrigin,109,12000,3.51413163459668
genetic_algorithm,rastrigin,109,12100,3.2885658295115547
genetic_algorithm,rastrigin,109,12200,3.2885658295115547
genetic_algorithm,rastrigin,109,12300,3.2885658295115547
genetic_algorithm,rastrigin,109,12400,3.2885658295115547
genetic_algorithm,rastrigin,109,12500,3.2885658295115547
genetic_algorithm,rastrigin,109,12600,3.2740167905394912
genetic_algorithm,rastrigin,109,12700,3.2740167905394912
genetic_algorithm,rastrigin,109,12800,3.2740167905394912
genetic_algorithm,rastrigin,109,12900,3.2740167905394912
genetic_algorithm,rastrigin,109,13000,3.2740167905394912
genetic_algorithm,rastrigin,109,13100,3.2740167905394912
genetic_algorithm,rastrigin,109,13200,3.2740167905394912
genetic_algorithm,rastrigin,109,13300,3.2740167905394912
genetic_algorithm,rastrigin,109,13400,3.2740167905394912
genetic_algorithm,rastrigin,109,13500,3.2740167905394912
genetic_algorithm,rastrigin,109,13600,3.2740167905394912
genetic_algorithm,rastrigin,109,13700,3.2740167905394912
genetic_algorithm,rastrigin,109,13800,3.2740167905394912
genetic_algorithm,rastrigin,109,13900,3.2740167905394912
genetic_algorithm,rastrigin,109,14000,3.2740167905394912
genetic_algorithm,rastrigin,109,14100,3.2709800213894766
genetic_algorithm,rastrigin,109,14200,3.2709800213894766
genetic_algorithm,rastrigin,109,14300,3.2709800213894766
genetic_algorithm,rastrigin,109,14400,3.2709800213894766
genetic_algorithm,rastrigin,109,14500,3.2709800213894766
genetic_algorithm,rastrigin,109,14600,3.2709800213894766
genetic_algorithm,rastrigin,109,14700,3.2709800213894766
genetic_algorithm,rastrigin,109,14800,3.2709800213894766
genetic_algorithm,rastrigin,109,14900,3.2709800213894766
genetic_algorithm,rastrigin,109,15000,3.2709800213894766
genetic_algorithm,rastrigin,109,15100,3.2709800213894766
genetic_algorithm,rastrigin,109,15200,2.7675212163882463
genetic_algorithm,rastrigin,109,15300,2.7675212163882463
genetic_algorithm,rastrigin,109,15400,2.7675212163882463
genetic_algorithm,rastrigin,109,15500,2.765383585444752
genetic_algorithm,rastrigin,109,15600,2.765383585444752
genetic_algorithm,rastrigin,109,15700,2.765383585444752
genetic_algorithm,rastrigin,109,15800,2.765383585444752
genetic_algorithm,rastrigin,109,15900,2.5470631577614
genetic_algorithm,rastrigin,109,16000,2.4091508894885862
genetic_algorithm,rastrigin,109,16100,2.4091508894885862
genetic_algorithm,rastrigin,109,16200,2.3965858195080045
genetic_algorithm,rastrigin,109,16300,2.3965858195080045
genetic_algorithm,rastrigin,109,16400,2.3965858195080045
genetic_algorithm,rastrigin,109,16500,2.196359555825609
genetic_algorithm,rastrigin,109,16600,2.196359555825609
genetic_algorithm,rastrigin,109,16700,2.196359555825609
genetic_algorithm,rastrigin,109,16800,2.196359555825609
genetic_algorithm,rastrigin,109,16900,2.196359555825609
genetic_algorithm,rastrigin,109,17000,2.196359555825609
genetic_algorithm,rastrigin,109,17100,2.196359555825609
genetic_algorithm,rastrigin,109,17200,2.196359555825609
genetic_algorithm,rastrigin,109,17300,2.196359555825609
genetic_algorithm,rastrigin,109,17400,2.1955570699268065
genetic_algorithm,rastrigin,109,17500,2.1955570699268065
genetic_algorithm,rastrigin,109,17600,2.1955570699268065
genetic_algorithm,rastrigin,109,17700,2.1955570699268065
genetic_algorithm,rastrigin,109,17800,2.1955570699268065
genetic_algorithm,rastrigin,109,17900,2.1955570699268065
genetic_algorithm,rastrigin,109,18000,2.1955570699268065
genetic_algorithm,rastrigin,109,18100,2.1955570699268065
genetic_algorithm,rastrigin,109,18200,2.1951334075859705
genetic_algorithm,rastrigin,109,18300,2.1951334075859705
genetic_algorithm,rastrigin,109,18400,2.1951334075859705
genetic_algorithm,rastrigin,109,18500,2.1951334075859705
genetic_algorithm,rastrigin,109,18600,2.1951334075859705
genetic_algorithm,rastrigin,109,18700,2.1951334075859705
genetic_algorithm,rastrigin,109,18800,2.1951334075859705
genetic_algorithm,rastrigin,109,18900,2.1951334075859705
genetic_algorithm,rastrigin,109,19000,2.0623997730414914
genetic_algorithm,rastrigin,109,19100,1.5573893450690406
genetic_algorithm,rastrigin,109,19200,1.5573893450690406
genetic_algorithm,rastrigin,109,19300,1.3525414080691434
genetic_algorithm,rastrigin,109,19400,1.2643131464899966
genetic_algorithm,rastrigin,109,19500,1.2643131464899966
genetic_algorithm,rastrigin,109,19600,1.2643131464899966
genetic_algorithm,rastrigin,109,19700,1.2643131464899966
genetic_algorithm,rastrigin,109,19800,1.2643131464899966
genetic_algorithm,rastrigin,109,19900,1.2643131464899966
genetic_algorithm,rastrigin,109,20000,1.2425014393325569
genetic_algorithm,rastrigin,110,100,96.7187092144134
genetic_algorithm,rastrigin,110,200,75.97810260518997
genetic_algorithm,rastrigin,110,300,67.45565772989286
genetic_algorithm,rastrigin,110,400,51.679927049276095
genetic_algorithm,rastrigin,110,500,49.880512616806435
genetic_algorithm,rastrigin,110,600,46.7460326598853
genetic_algorithm,rastrigin,110,700,42.92852102384537
genetic_algorithm,rastrigin,110,800,36.13371584418003
genetic_algorithm,rastrigin,110,900,34.81148351277119
genetic_algorithm,rastrigin,110,1000,32.66941645912013
genetic_algorithm,rastrigin,110,1100,32.178249265202396
genetic_algorithm,rastrigin,110,1200,25.34033473874794
genetic_algorithm,rastrigin,110,1300,25.24312186567313
genetic_algorithm,rastrigin,110,1400,24.568525163398476
genetic_algorithm,rastrigin,110,1500,23.84475933100714
genetic_algorithm,rastrigin,110,1600,21.980169780788117
genetic_algorithm,rastrigin,110,1700,21.980169780788117
genetic_algorithm,rastrigin,110,1800,21.66857407605933
genetic_algorithm,rastrigin,110,1900,21.66857407605933
genetic_algorithm,rastrigin,110,2000,20.629602479338615
genetic_algorithm,rastrigin,110,2100,20.629602479338615
genetic_algorithm,rastrigin,110,2200,19.633395522572158
genetic_algorithm,rastrigin,110,2300,19.633395522572158
genetic_algorithm,rastrigin,110,2400,19.251208062788024
genetic_algorithm,rastrigin,110,2500,17.18462985659974
genetic_algorithm,rastrigin,110,2600,16.67586984344632
genetic_algorithm,rastrigin,110,2700,16.67586984344632
genetic_algorithm,rastrigin,110,2800,16.116328758198875
genetic_algorithm,rastrigin,110,2900,14.531106103742275
genetic_algorithm,rastrigin,110,3000,13.990024539125812
genetic_algorithm,rastrigin,110,3100,13.990024539125812
genetic_algorithm,rastrigin,110,3200,13.316824458703906
genetic_algorithm,rastrigin,110,3300,13.103850485726738
genetic_algorithm,rastrigin,110,3400,10.773267974675562
genetic_algorithm,rastrigin,110,3500,10.657205809146049
genetic_algorithm,rastrigin,110,3600,10.370033919131302
genetic_algorithm,rastrigin,110,3700,10.370033919131302
genetic_algorithm,rastrigin,110,3800,10.370033919131302
genetic_algorithm,rastrigin,110,3900,10.370033919131302
genetic_algorithm,rastrigin,110,4000,10.370033919131302
genetic_algorithm,rastrigin,110,4100,10.370033919131302
genetic_algorithm,rastrigin,110,4200,10.370033919131302
genetic_algorithm,rastrigin,110,4300,10.07557310721711
genetic_algorithm,rastrigin,110,4400,10.07557310721711
genetic_algorithm,rastrigin,110,4500,10.07557310721711
genetic_algorithm,rastrigin,110,4600,10.07557310721711
genetic_algorithm,rastrigin,110,4700,10.07557310721711
genetic_algorithm,rastrigin,110,4800,9.692540933248154
genetic_algorithm,rastrigin,110,4900,9.692540933248154
genetic_algorithm,rastrigin,110,5000,9.692540933248154
genetic_algorithm,rastrigin,110,5100,9.692540933248154
genetic_algorithm,rastrigin,110,5200,9.692540933248154
genetic_algorithm,rastrigin,110,5300,9.644415994016185
genetic_algorithm,rastrigin,110,5400,9.580631331323644
genetic_algorithm,rastrigin,110,5500,9.538162998977512
genetic_algorithm,rastrigin,110,5600,9.538162998977512
genetic_algorithm,rastrigin,110,5700,9.538162998977512
genetic_algorithm,rastrigin,110,5800,9.218719657473272
genetic_algorithm,rastrigin,110,5900,8.749067047477837
genetic_algorithm,rastrigin,110,6000,8.749067047477837
genetic_algorithm,rastrigin,110,6100,8.749067047477837
genetic_algorithm,rastrigin,110,6200,8.676185858506685
genetic_algorithm,rastrigin,110,6300,8.475963465732065
genetic_algorithm,rastrigin,110,6400,8.475963465732065
genetic_algorithm,rastrigin,110,6500,6.296382091668562
genetic_algorithm,rastrigin,110,6600,4.380403524167619
genetic_algorithm,rastrigin,110,6700,3.2025006597279173
genetic_algorithm,rastrigin,110,6800,3.2025006597279173
genetic_algorithm,rastrigin,110,6900,3.2025006597279173
genetic_algorithm,rastrigin,110,7000,3.2025006597279173
genetic_algorithm,rastrigin,110,7100,3.2025006597279173
genetic_algorithm,rastrigin,110,7200,3.2025006597279173
genetic_algorithm,rastrigin,110,7300,2.6739052582369993
genetic_algorithm,rastrigin,110,7400,2.6739052582369993
genetic_algorithm,rastrigin,110,7500,2.6739052582369993
genetic_algorithm,rastrigin,110,7600,2.6739052582369993
genetic_algorithm,rastrigin,110,7700,2.6739052582369993
genetic_algorithm,rastrigin,110,7800,2.6739052582369993
genetic_algorithm,rastrigin,110,7900,2.6739052582369993
genetic_algorithm,rastrigin,110,8000,2.6038136279154003
genetic_algorithm,rastrigin,110,8100,2.418755458395111
genetic_algorithm,rastrigin,110,8200,2.3573617085384058
genetic_algorithm,rastrigin,110,8300,2.313699831733132
genetic_algorithm,rastrigin,110,8400,2.203298579438183
genetic_algorithm,rastrigin,110,8500,2.203298579438183
genetic_algorithm,rastrigin,110,8600,2.171614025712344
genetic_algorithm,rastrigin,110,8700,2.171614025712344
genetic_algorithm,rastrigin,110,8800,2.171614025712344
genetic_algorithm,rastrigin,110,8900,1.7734320551264773
genetic_algorithm,rastrigin,110,9000,1.6138859904035883
genetic_algorithm,rastrigin,110,9100,1.4775179352683665
genetic_algorithm,rastrigin,110,9200,1.4475892235070944
genetic_algorithm,rastrigin,110,9300,1.3643003124596476
genetic_algorithm,rastrigin,110,9400,1.3643003124596476
genetic_algorithm,rastrigin,110,9500,1.3643003124596476
genetic_algorithm,rastrigin,110,9600,1.3643003124596476
genetic_algorithm,rastrigin,110,9700,1.3546517297952931
genetic_algorithm,rastrigin,110,9800,1.3546517297952931
genetic_algorithm,rastrigin,110,9900,1.3546517297952931
genetic_algorithm,rastrigin,110,10000,1.3546517297952931
genetic_algorithm,rastrigin,110,10100,1.3546517297952931
genetic_algorithm,rastrigin,110,10200,1.3546517297952931
genetic_algorithm,rastrigin,110,10300,1.21141896435293
genetic_algorithm,rastrigin,110,10400,1.1558164961245865
genetic_algorithm,rastrigin,110,10500,1.1558164961245865
genetic_algorithm,rastrigin,110,10600,1.1558164961245865
genetic_algorithm,rastrigin,110,10700,1.1558164961245865
genetic_algorithm,rastrigin,110,10800,1.1558164961245865
genetic_algorithm,rastrigin,110,10900,1.1558164961245865
genetic_algorithm,rastrigin,110,11000,1.1558164961245865
genetic_algorithm,rastrigin,110,11100,1.1558164961245865
genetic_algorithm,rastrigin,110,11200,1.1494293990592155
genetic_algorithm,rastrigin,110,11300,1.1494293990592155
genetic_algorithm,rastrigin,110,11400,1.0967772550842625
genetic_algorithm,rastrigin,110,11500,1.0967772550842625
genetic_algorithm,rastrigin,110,11600,1.0967772550842625
genetic_algorithm,rastrigin,110,11700,1.0967772550842625
genetic_algorithm,rastrigin,110,11800,1.0967772550842625
genetic_algorithm,rastrigin,110,11900,1.0929234926390023
genetic_algorithm,rastrigin,110,12000,1.0929234926390023
genetic_algorithm,rastrigin,110,12100,1.0929234926390023
genetic_algorithm,rastrigin,110,12200,1.0929234926390023
genetic_algorithm,rastrigin,110,12300,1.0929234926390023
genetic_algorithm,rastrigin,110,12400,1.0929234926390023
genetic_algorithm,rastrigin,110,12500,1.0929234926390023
genetic_algorithm,rastrigin,110,12600,1.0929234926390023
genetic_algorithm,rastrigin,110,12700,1.08491897582428
genetic_algorithm,rastrigin,110,12800,1.08491897582428
genetic_algorithm,rastrigin,110,12900,1.08491897582428
genetic_algorithm,rastrigin,110,13000,1.0610918341411661
genetic_algorithm,rastrigin,110,13100,1.0610918341411661
genetic_algorithm,rastrigin,110,13200,1.0610918341411661
genetic_algorithm,rastrigin,110,13300,1.0610918341411661
genetic_algorithm,rastrigin,110,13400,1.0610918341411661
genetic_algorithm,rastrigin,110,13500,1.0610918341411661
genetic_algorithm,rastrigin,110,13600,1.055363348903711
genetic_algorithm,rastrigin,110,13700,1.055363348903711
genetic_algorithm,rastrigin,110,13800,1.055363348903711
genetic_algorithm,rastrigin,110,13900,1.055363348903711
genetic_algorithm,rastrigin,110,14000,1.055363348903711
genetic_algorithm,rastrigin,110,14100,1.054900652568378
genetic_algorithm,rastrigin,110,14200,1.0302081539781511
genetic_algorithm,rastrigin,110,14300,1.02707454047885
genetic_algorithm,rastrigin,110,14400,0.9546041289019627
genetic_algorithm,rastrigin,110,14500,0.9546041289019627
genetic_algorithm,rastrigin,110,14600,0.11423071106764837
genetic_algorithm,rastrigin,110,14700,0.11423071106764837
genetic_algorithm,rastrigin,110,14800,0.11423071106764837
genetic_algorithm,rastrigin,110,14900,0.03513103270128681
genetic_algorithm,rastrigin,110,15000,0.03513103270128681
genetic_algorithm,rastrigin,110,15100,0.03513103270128681
genetic_algorithm,rastrigin,110,15200,0.03513103270128681
genetic_algorithm,rastrigin,110,15300,0.03513103270128681
genetic_algorithm,rastrigin,110,15400,0.03272400923427199
genetic_algorithm,rastrigin,110,15500,0.03272400923427199
genetic_algorithm,rastrigin,110,15600,0.03272400923427199
genetic_algorithm,rastrigin,110,15700,0.03272400923427199
genetic_algorithm,rastrigin,110,15800,0.03272400923427199
genetic_algorithm,rastrigin,110,15900,0.03272400923427199
genetic_algorithm,rastrigin,110,16000,0.03272400923427199
genetic_algorithm,rastrigin,110,16100,0.03272400923427199
genetic_algorithm,rastrigin,110,16200,0.03272400923427199
genetic_algorithm,rastrigin,110,16300,0.03272400923427199
genetic_algorithm,rastrigin,110,16400,0.03272400923427199
genetic_algorithm,rastrigin,110,16500,0.03272400923427199
genetic_algorithm,rastrigin,110,16600,0.03272400923427199
genetic_algorithm,rastrigin,110,16700,0.03272400923427199
genetic_algorithm,rastrigin,110,16800,0.03143890234011337
genetic_algorithm,rastrigin,110,16900,0.03143890234011337
genetic_algorithm,rastrigin,110,17000,0.03143890234011337
genetic_algorithm,rastrigin,110,17100,0.03143890234011337
genetic_algorithm,rastrigin,110,17200,0.03143890234011337
genetic_algorithm,rastrigin,110,17300,0.03143890234011337
genetic_algorithm,rastrigin,110,17400,0.03143890234011337
genetic_algorithm,rastrigin,110,17500,0.024841893325742603
genetic_algorithm,rastrigin,110,17600,0.024841893325742603
genetic_algorithm,rastrigin,110,17700,0.024841893325742603
genetic_algorithm,rastrigin,110,17800,0.024841893325742603
genetic_algorithm,rastrigin,110,17900,0.024841893325742603
genetic_algorithm,rastrigin,110,18000,0.024841893325742603
genetic_algorithm,rastrigin,110,18100,0.024841893325742603
genetic_algorithm,rastrigin,110,18200,0.02430673908162362
genetic_algorithm,rastrigin,110,18300,0.02430673908162362
genetic_algorithm,rastrigin,110,18400,0.02430673908162362
genetic_algorithm,rastrigin,110,18500,0.02430673908162362
genetic_algorithm,rastrigin,110,18600,0.02430673908162362
genetic_algorithm,rastrigin,110,18700,0.02430673908162362
genetic_algorithm,rastrigin,110,18800,0.02196023138253622
genetic_algorithm,rastrigin,110,18900,0.017021566640835317
genetic_algorithm,rastrigin,110,19000,0.017021566640835317
genetic_algorithm,rastrigin,110,19100,0.017021566640835317
genetic_algorithm,rastrigin,110,19200,0.017021566640835317
genetic_algorithm,rastrigin,110,19300,0.017021566640835317
genetic_algorithm,rastrigin,110,19400,0.017021566640835317
genetic_algorithm,rastrigin,110,19500,0.017021566640835317
genetic_algorithm,rastrigin,110,19600,0.017021566640835317
genetic_algorithm,rastrigin,110,19700,0.017021566640835317
genetic_algorithm,rastrigin,110,19800,0.017021566640835317
genetic_algorithm,rastrigin,110,19900,0.017021566640835317
genetic_algorithm,rastrigin,110,20000,0.017021566640835317
genetic_algorithm,rastrigin,111,100,86.95980673737367
genetic_algorithm,rastrigin,111,200,60.733068541584146
genetic_algorithm,rastrigin,111,300,24.023054408925645
genetic_algorithm,rastrigin,111,400,22.475175813539437
genetic_algorithm,rastrigin,111,500,18.796026776005206
genetic_algorithm,rastrigin,111,600,18.796026776005206
genetic_algorithm,rastrigin,111,700,17.366390653024737
genetic_algorithm,rastrigin,111,800,14.00453261960098
genetic_algorithm,rastrigin,111,900,14.00453261960098
genetic_algorithm,rastrigin,111,1000,10.887968645695011
genetic_algorithm,rastrigin,111,1100,10.887968645695011
genetic_algorithm,rastrigin,111,1200,10.887968645695011
genetic_algorithm,rastrigin,111,1300,10.451027408336088
genetic_algorithm,rastrigin,111,1400,10.451027408336088
genetic_algorithm,rastrigin,111,1500,10.451027408336088
genetic_algorithm,rastrigin,111,1600,8.6261589231151
genetic_algorithm,rastrigin,111,1700,8.6261589231151
genetic_algorithm,rastrigin,111,1800,8.063738791921168
genetic_algorithm,rastrigin,111,1900,8.063738791921168
genetic_algorithm,rastrigin,111,2000,8.018068704230927
genetic_algorithm,rastrigin,111,2100,7.971071185852026
genetic_algorithm,rastrigin,111,2200,7.971071185852026
genetic_algorithm,rastrigin,111,2300,7.044739098560669
genetic_algorithm,rastrigin,111,2400,7.044739098560669
genetic_algorithm,rastrigin,111,2500,7.044739098560669
genetic_algorithm,rastrigin,111,2600,7.044739098560669
genetic_algorithm,rastrigin,111,2700,7.044739098560669
genetic_algorithm,rastrigin,111,2800,6.100596808901628
genetic_algorithm,rastrigin,111,2900,6.100596808901628
genetic_algorithm,rastrigin,111,3000,6.100596808901628
genetic_algorithm,rastrigin,111,3100,5.704844428672288
genetic_algorithm,rastrigin,111,3200,5.704844428672288
genetic_algorithm,rastrigin,111,3300,5.704844428672288
genetic_algorithm,rastrigin,111,3400,5.704844428672288
genetic_algorithm,rastrigin,111,3500,5.704844428672288
genetic_algorithm,rastrigin,111,3600,4.78348083272644
genetic_algorithm,rastrigin,111,3700,4.78348083272644
genetic_algorithm,rastrigin,111,3800,4.78348083272644
genetic_algorithm,rastrigin,111,3900,4.78348083272644
genetic_algorithm,rastrigin,111,4000,4.514655817361401
genetic_algorithm,rastrigin,111,4100,4.514655817361401
genetic_algorithm,rastrigin,111,4200,4.514655817361401
genetic_algorithm,rastrigin,111,4300,4.514655817361401
genetic_algorithm,rastrigin,111,4400,4.514655817361401
genetic_algorithm,rastrigin,111,4500,4.514655817361401
genetic_algorithm,rastrigin,111,4600,4.514655817361401
genetic_algorithm,rastrigin,111,4700,4.514655817361401
genetic_algorithm,rastrigin,111,4800,3.702823191364814
genetic_algorithm,rastrigin,111,4900,3.702823191364814
genetic_algorithm,rastrigin,111,5000,2.7161043270173195
genetic_algorithm,rastrigin,111,5100,2.6894629021674348
genetic_algorithm,rastrigin,111,5200,2.6894629021674348
genetic_algorithm,rastrigin,111,5300,2.6894629021674348
genetic_algorithm,rastrigin,111,5400,2.6894629021674348
genetic_algorithm,rastrigin,111,5500,2.523275429780412
genetic_algorithm,rastrigin,111,5600,2.45733961981054
genetic_algorithm,rastrigin,111,5700,2.3720417699315135
genetic_algorithm,rastrigin,111,5800,2.1445117860321545
genetic_algorithm,rastrigin,111,5900,2.1445117860321545
genetic_algorithm,rastrigin,111,6000,2.1445117860321545
genetic_algorithm,rastrigin,111,6100,2.1445117860321545
genetic_algorithm,rastrigin,111,6200,2.1445117860321545
genetic_algorithm,rastrigin,111,6300,2.134061043954347
genetic_algorithm,rastrigin,111,6400,2.134061043954347
genetic_algorithm,rastrigin,111,6500,2.134061043954347
genetic_algorithm,rastrigin,111,6600,2.134061043954347
genetic_algorithm,rastrigin,111,6700,2.089870271950332
genetic_algorithm,rastrigin,111,6800,2.089870271950332
genetic_algorithm,rastrigin,111,6900,2.089870271950332
genetic_algorithm,rastrigin,111,7000,2.089870271950332
genetic_algorithm,rastrigin,111,7100,2.089870271950332
genetic_algorithm,rastrigin,111,7200,2.089870271950332
genetic_algorithm,rastrigin,111,7300,2.089870271950332
genetic_algorithm,rastrigin,111,7400,1.300251916098233
genetic_algorithm,rastrigin,111,7500,1.300251916098233
genetic_algorithm,rastrigin,111,7600,1.300251916098233
genetic_algorithm,rastrigin,111,7700,1.300251916098233
genetic_algorithm,rastrigin,111,7800,1.300251916098233
genetic_algorithm,rastrigin,111,7900,1.28865692312894
genetic_algorithm,rastrigin,111,8000,1.249944980017176
genetic_algorithm,rastrigin,111,8100,1.249944980017176
genetic_algorithm,rastrigin,111,8200,1.249944980017176
genetic_algorithm,rastrigin,111,8300,1.249944980017176
genetic_algorithm,rastrigin,111,8400,1.249944980017176
genetic_algorithm,rastrigin,111,8500,1.249944980017176
genetic_algorithm,rastrigin,111,8600,1.249944980017176
genetic_algorithm,rastrigin,111,8700,0.9586157348677773
genetic_algorithm,rastrigin,111,8800,0.8635794621715007
genetic_algorithm,rastrigin,111,8900,0.8514273233150789
genetic_algorithm,rastrigin,111,9000,0.8514273233150789
genetic_algorithm,rastrigin,111,9100,0.5312425878185678
genetic_algorithm,rastrigin,111,9200,0.48998402963826493
genetic_algorithm,rastrigin,111,9300,0.48998402963826493
genetic_algorithm,rastrigin,111,9400,0.48998402963826493
genetic_algorithm,rastrigin,111,9500,0.37549677908265267
genetic_algorithm,rastrigin,111,9600,0.36085100007863957
genetic_algorithm,rastrigin,111,9700,0.36085100007863957
genetic_algorithm,rastrigin,111,9800,0.20067420862778818
genetic_algorithm,rastrigin,111,9900,0.20067420862778818
genetic_algorithm,rastrigin,111,10000,0.20067420862778818
genetic_algorithm,rastrigin,111,10100,0.20067420862778818
genetic_algorithm,rastrigin,111,10200,0.20067420862778818
genetic_algorithm,rastrigin,111,10300,0.15352747587620286
genetic_algorithm,rastrigin,111,10400,0.15352747587620286
genetic_algorithm,rastrigin,111,10500,0.15352747587620286
genetic_algorithm,rastrigin,111,10600,0.15352747587620286
genetic_algorithm,rastrigin,111,10700,0.15352747587620286
genetic_algorithm,rastrigin,111,10800,0.15352747587620286
genetic_algorithm,rastrigin,111,10900,0.15352747587620286
genetic_algorithm,rastrigin,111,11000,0.15352747587620286
genetic_algorithm,rastrigin,111,11100,0.15352747587620286
genetic_algorithm,rastrigin,111,11200,0.15352747587620286
genetic_algorithm,rastrigin,111,11300,0.12660383856903934
genetic_algorithm,rastrigin,111,11400,0.12660383856903934
genetic_algorithm,rastrigin,111,11500,0.12660383856903934
genetic_algorithm,rastrigin,111,11600,0.12660383856903934
genetic_algorithm,rastrigin,111,11700,0.12660383856903934
genetic_algorithm,rastrigin,111,11800,0.12050851945096497
genetic_algorithm,rastrigin,111,11900,0.12050851945096497
genetic_algorithm,rastrigin,111,12000,0.1124632047724532
genetic_algorithm,rastrigin,111,12100,0.1124632047724532
genetic_algorithm,rastrigin,111,12200,0.1124632047724532
genetic_algorithm,rastrigin,111,12300,0.08351596856385868
genetic_algorithm,rastrigin,111,12400,0.08351596856385868
genetic_algorithm,rastrigin,111,12500,0.08351596856385868
genetic_algorithm,rastrigin,111,12600,0.08351596856385868
genetic_algorithm,rastrigin,111,12700,0.08351596856385868
genetic_algorithm,rastrigin,111,12800,0.08351596856385868
genetic_algorithm,rastrigin,111,12900,0.08351596856385868
genetic_algorithm,rastrigin,111,13000,0.08351596856385868
genetic_algorithm,rastrigin,111,13100,0.08351596856385868
genetic_algorithm,rastrigin,111,13200,0.08351596856385868
genetic_algorithm,rastrigin,111,13300,0.08351596856385868
genetic_algorithm,rastrigin,111,13400,0.08351596856385868
genetic_algorithm,rastrigin,111,13500,0.08351596856385868
genetic_algorithm,rastrigin,111,13600,0.080120833564294
genetic_algorithm,rastrigin,111,13700,0.080120833564294
genetic_algorithm,rastrigin,111,13800,0.080120833564294
genetic_algorithm,rastrigin,111,13900,0.080120833564294
genetic_algorithm,rastrigin,111,14000,0.080120833564294
genetic_algorithm,rastrigin,111,14100,0.080120833564294
genetic_algorithm,rastrigin,111,14200,0.080120833564294
genetic_algorithm,rastrigin,111,14300,0.080120833564294
genetic_algorithm,rastrigin,111,14400,0.052485442690624495
genetic_algorithm,rastrigin,111,14500,0.052485442690624495
genetic_algorithm,rastrigin,111,14600,0.052485442690624495
genetic_algorithm,rastrigin,111,14700,0.03466359756147597
genetic_algorithm,rastrigin,111,14800,0.03466359756147597
genetic_algorithm,rastrigin,111,14900,0.03466359756147597
genetic_algorithm,rastrigin,111,15000,0.03466359756147597
genetic_algorithm,rastrigin,111,15100,0.03466359756147597
genetic_algorithm,rastrigin,111,15200,0.03466359756147597
genetic_algorithm,rastrigin,111,15300,0.03466359756147597
genetic_algorithm,rastrigin,111,15400,0.03466359756147597
genetic_algorithm,rastrigin,111,15500,0.03466359756147597
genetic_algorithm,rastrigin,111,15600,0.03466359756147597
genetic_algorithm,rastrigin,111,15700,0.03466359756147597
genetic_algorithm,rastrigin,111,15800,0.03466359756147597
genetic_algorithm,rastrigin,111,15900,0.03466359756147597
genetic_algorithm,rastrigin,111,16000,0.03466359756147597
genetic_algorithm,rastrigin,111,16100,0.03466359756147597
genetic_algorithm,rastrigin,111,16200,0.02150820502761519
genetic_algorithm,rastrigin,111,16300,0.02150820502761519
genetic_algorithm,rastrigin,111,16400,0.02150820502761519
genetic_algorithm,rastrigin,111,16500,0.008689756861798514
genetic_algorithm,rastrigin,111,16600,0.008689756861798514
genetic_algorithm,rastrigin,111,16700,0.008689756861798514
genetic_algorithm,rastrigin,111,16800,0.008689756861798514
genetic_algorithm,rastrigin,111,16900,0.008689756861798514
genetic_algorithm,rastrigin,111,17000,0.008689756861798514
genetic_algorithm,rastrigin,111,17100,0.008689756861798514
genetic_algorithm,rastrigin,111,17200,0.008689756861798514
genetic_algorithm,rastrigin,111,17300,0.008689756861798514
genetic_algorithm,rastrigin,111,17400,0.008689756861798514
genetic_algorithm,rastrigin,111,17500,0.008689756861798514
genetic_algorithm,rastrigin,111,17600,0.008689756861798514
genetic_algorithm,rastrigin,111,17700,0.007959418301027199
genetic_algorithm,rastrigin,111,17800,0.007959418301027199
genetic_algorithm,rastrigin,111,17900,0.007959418301027199
genetic_algorithm,rastrigin,111,18000,0.007959418301027199
genetic_algorithm,rastrigin,111,18100,0.007959418301027199
genetic_algorithm,rastrigin,111,18200,0.007959418301027199
genetic_algorithm,rastrigin,111,18300,0.007959418301027199
genetic_algorithm,rastrigin,111,18400,0.007959418301027199
genetic_algorithm,rastrigin,111,18500,0.007959418301027199
genetic_algorithm,rastrigin,111,18600,0.007959418301027199
genetic_algorithm,rastrigin,111,18700,0.007959418301027199
genetic_algorithm,rastrigin,111,18800,0.007959418301027199
genetic_algorithm,rastrigin,111,18900,0.007959418301027199
genetic_algorithm,rastrigin,111,19000,0.007959418301027199
genetic_algorithm,rastrigin,111,19100,0.007959418301027199
genetic_algorithm,rastrigin,111,19200,0.007959418301027199
genetic_algorithm,rastrigin,111,19300,0.007959418301027199
genetic_algorithm,rastrigin,111,19400,0.007959418301027199
genetic_algorithm,rastrigin,111,19500,0.007959418301027199
genetic_algorithm,rastrigin,111,19600,0.007959418301027199
genetic_algorithm,rastrigin,111,19700,0.007959418301027199
genetic_algorithm,rastrigin,111,19800,0.007548910120448227
genetic_algorithm,rastrigin,111,19900,0.007548910120448227
genetic_algorithm,rastrigin,111,20000,0.007548910120448227
genetic_algorithm,rastrigin,112,100,79.54583773259857
genetic_algorithm,rastrigin,112,200,50.830252721031144
genetic_algorithm,rastrigin,112,300,34.27854993449512
genetic_algorithm,rastrigin,112,400,34.24909012017582
genetic_algorithm,rastrigin,112,500,28.32756892407565
genetic_algorithm,rastrigin,112,600,27.623443015713022
genetic_algorithm,rastrigin,112,700,26.81481934698334
genetic_algorithm,rastrigin,112,800,25.21543576169786
genetic_algorithm,rastrigin,112,900,23.41843495995475
genetic_algorithm,rastrigin,112,1000,22.65643474494877
genetic_algorithm,rastrigin,112,1100,19.61998464631145
genetic_algorithm,rastrigin,112,1200,19.61998464631145
genetic_algorithm,rastrigin,112,1300,18.690969484836657
genetic_algorithm,rastrigin,112,1400,16.72962807726978
genetic_algorithm,rastrigin,112,1500,16.72962807726978
genetic_algorithm,rastrigin,112,1600,16.72962807726978
genetic_algorithm,rastrigin,112,1700,16.70405556224354
genetic_algorithm,rastrigin,112,1800,16.70405556224354
genetic_algorithm,rastrigin,112,1900,13.706761874221115
genetic_algorithm,rastrigin,112,2000,13.706761874221115
genetic_algorithm,rastrigin,112,2100,13.706761874221115
genetic_algorithm,rastrigin,112,2200,13.706761874221115
genetic_algorithm,rastrigin,112,2300,13.706761874221115
genetic_algorithm,rastrigin,112,2400,13.591399178543568
genetic_algorithm,rastrigin,112,2500,13.08308712658453
genetic_algorithm,rastrigin,112,2600,13.08308712658453
genetic_algorithm,rastrigin,112,2700,11.4745293154878
genetic_algorithm,rastrigin,112,2800,11.4745293154878
genetic_algorithm,rastrigin,112,2900,11.4745293154878
genetic_algorithm,rastrigin,112,3000,11.224371642122549
genetic_algorithm,rastrigin,112,3100,10.687343884762242
genetic_algorithm,rastrigin,112,3200,9.977633660810127
genetic_algorithm,rastrigin,112,3300,9.939178668051596
genetic_algorithm,rastrigin,112,3400,9.437391053377098
genetic_algorithm,rastrigin,112,3500,9.265004201464336
genetic_algorithm,rastrigin,112,3600,9.265004201464336
genetic_algorithm,rastrigin,112,3700,6.709935857343382
genetic_algorithm,rastrigin,112,3800,6.709935857343382
genetic_algorithm,rastrigin,112,3900,5.443336433881726
genetic_algorithm,rastrigin,112,4000,5.443336433881726
genetic_algorithm,rastrigin,112,4100,5.443336433881726
genetic_algorithm,rastrigin,112,4200,4.9884618628333754
genetic_algorithm,rastrigin,112,4300,4.9884618628333754
genetic_algorithm,rastrigin,112,4400,4.9884618628333754
genetic_algorithm,rastrigin,112,4500,4.982808632044566
genetic_algorithm,rastrigin,112,4600,4.785438704767273
genetic_algorithm,rastrigin,112,4700,4.785438704767273
genetic_algorithm,rastrigin,112,4800,4.785438704767273
genetic_algorithm,rastrigin,112,4900,4.785438704767273
genetic_algorithm,rastrigin,112,5000,4.785438704767273
genetic_algorithm,rastrigin,112,5100,4.785438704767273
genetic_algorithm,rastrigin,112,5200,4.315922661001679
genetic_algorithm,rastrigin,112,5300,3.9429724315515102
genetic_algorithm,rastrigin,112,5400,3.7384068117658984
genetic_algorithm,rastrigin,112,5500,3.423183424930187
genetic_algorithm,rastrigin,112,5600,3.37291427680006
genetic_algorithm,rastrigin,112,5700,3.347826636122491
genetic_algorithm,rastrigin,112,5800,3.190577542505423
genetic_algorithm,rastrigin,112,5900,3.1059676184914338
genetic_algorithm,rastrigin,112,6000,3.1059676184914338
genetic_algorithm,rastrigin,112,6100,3.1059676184914338
genetic_algorithm,rastrigin,112,6200,2.8191708321636497
genetic_algorithm,rastrigin,112,6300,2.633210875267764
genetic_algorithm,rastrigin,112,6400,1.9996588054596032
genetic_algorithm,rastrigin,112,6500,1.3256124732434102
genetic_algorithm,rastrigin,112,6600,1.3256124732434102
genetic_algorithm,rastrigin,112,6700,1.3256124732434102
genetic_algorithm,rastrigin,112,6800,1.3256124732434102
genetic_algorithm,rastrigin,112,6900,1.2800054718667155
genetic_algorithm,rastrigin,112,7000,1.2800054718667155
genetic_algorithm,rastrigin,112,7100,1.2800054718667155
genetic_algorithm,rastrigin,112,7200,1.2800054718667155
genetic_algorithm,rastrigin,112,7300,1.2800054718667155
genetic_algorithm,rastrigin,112,7400,1.2800054718667155
genetic_algorithm,rastrigin,112,7500,1.2800054718667155
genetic_algorithm,rastrigin,112,7600,1.2800054718667155
genetic_algorithm,rastrigin,112,7700,0.2391414125174265
genetic_algorithm,rastrigin,112,7800,0.2391414125174265
genetic_algorithm,rastrigin,112,7900,0.2391414125174265
genetic_algorithm,rastrigin,112,8000,0.2391414125174265
genetic_algorithm,rastrigin,112,8100,0.2391414125174265
genetic_algorithm,rastrigin,112,8200,0.2391414125174265
genetic_algorithm,rastrigin,112,8300,0.2391414125174265
genetic_algorithm,rastrigin,112,8400,0.2391414125174265
genetic_algorithm,rastrigin,112,8500,0.22802603851630465
genetic_algorithm,rastrigin,112,8600,0.16220432318490907
genetic_algorithm,rastrigin,112,8700,0.16220432318490907
genetic_algorithm,rastrigin,112,8800,0.16220432318490907
genetic_algorithm,rastrigin,112,8900,0.15955181207790758
genetic_algorithm,rastrigin,112,9000,0.15955181207790758
genetic_algorithm,rastrigin,112,9100,0.10945000659567938
genetic_algorithm,rastrigin,112,9200,0.10945000659567938
genetic_algorithm,rastrigin,112,9300,0.07691987097756225
genetic_algorithm,rastrigin,112,9400,0.07691987097756225
genetic_algorithm,rastrigin,112,9500,0.07691987097756225
genetic_algorithm,rastrigin,112,9600,0.07691987097756225
genetic_algorithm,rastrigin,112,9700,0.06921047296387428
genetic_algorithm,rastrigin,112,9800,0.06921047296387428
genetic_algorithm,rastrigin,112,9900,0.06921047296387428
genetic_algorithm,rastrigin,112,10000,0.06921047296387428
genetic_algorithm,rastrigin,112,10100,0.04033140734901508
genetic_algorithm,rastrigin,112,10200,0.04033140734901508
genetic_algorithm,rastrigin,112,10300,0.04033140734901508
genetic_algorithm,rastrigin,112,10400,0.04033140734901508
genetic_algorithm,rastrigin,112,10500,0.04033140734901508
genetic_algorithm,rastrigin,112,10600,0.04033140734901508
genetic_algorithm,rastrigin,112,10700,0.04033140734901508
genetic_algorithm,rastrigin,112,10800,0.04033140734901508
genetic_algorithm,rastrigin,112,10900,0.04033140734901508
genetic_algorithm,rastrigin,112,11000,0.04033140734901508
genetic_algorithm,rastrigin,112,11100,0.04033140734901508
genetic_algorithm,rastrigin,112,11200,0.04033140734901508
genetic_algorithm,rastrigin,112,11300,0.04033140734901508
genetic_algorithm,rastrigin,112,11400,0.04033140734901508
genetic_algorithm,rastrigin,112,11500,0.04033140734901508
genetic_algorithm,rastrigin,112,11600,0.04033140734901508
genetic_algorithm,rastrigin,112,11700,0.04033140734901508
genetic_algorithm,rastrigin,112,11800,0.04033140734901508
genetic_algorithm,rastrigin,112,11900,0.04033140734901508
genetic_algorithm,rastrigin,112,12000,0.04033140734901508
genetic_algorithm,rastrigin,112,12100,0.04033140734901508
genetic_algorithm,rastrigin,112,12200,0.04033140734901508
genetic_algorithm,rastrigin,112,12300,0.04033140734901508
genetic_algorithm,rastrigin,112,12400,0.04033140734901508
genetic_algorithm,rastrigin,112,12500,0.04033140734901508
genetic_algorithm,rastrigin,112,12600,0.025135181043992816
genetic_algorithm,rastrigin,112,12700,0.025135181043992816
genetic_algorithm,rastrigin,112,12800,0.016022374874140155
genetic_algorithm,rastrigin,112,12900,0.016022374874140155
genetic_algorithm,rastrigin,112,13000,0.016022374874140155
genetic_algorithm,rastrigin,112,13100,0.016022374874140155
genetic_algorithm,rastrigin,112,13200,0.016022374874140155
genetic_algorithm,rastrigin,112,13300,0.016022374874140155
genetic_algorithm,rastrigin,112,13400,0.016022374874140155
genetic_algorithm,rastrigin,112,13500,0.016022374874140155
genetic_algorithm,rastrigin,112,13600,0.016022374874140155
genetic_algorithm,rastrigin,112,13700,0.016022374874140155
genetic_algorithm,rastrigin,112,13800,0.016022374874140155
genetic_algorithm,rastrigin,112,13900,0.016022374874140155
genetic_algorithm,rastrigin,112,14000,0.016022374874140155
genetic_algorithm,rastrigin,112,14100,0.016022374874140155
genetic_algorithm,rastrigin,112,14200,0.016022374874140155
genetic_algorithm,rastrigin,112,14300,0.016022374874140155
genetic_algorithm,rastrigin,112,14400,0.016022374874140155
genetic_algorithm,rastrigin,112,14500,0.016022374874140155
genetic_algorithm,rastrigin,112,14600,0.016022374874140155
genetic_algorithm,rastrigin,112,14700,0.016022374874140155
genetic_algorithm,rastrigin,112,14800,0.016022374874140155
genetic_algorithm,rastrigin,112,14900,0.016022374874140155
genetic_algorithm,rastrigin,112,15000,0.011359168719266677
genetic_algorithm,rastrigin,112,15100,0.011359168719266677
genetic_algorithm,rastrigin,112,15200,0.011359168719266677
genetic_algorithm,rastrigin,112,15300,0.011359168719266677
genetic_algorithm,rastrigin,112,15400,0.011359168719266677
genetic_algorithm,rastrigin,112,15500,0.011359168719266677
genetic_algorithm,rastrigin,112,15600,0.011359168719266677
genetic_algorithm,rastrigin,112,15700,0.009648823433437315
genetic_algorithm,rastrigin,112,15800,0.009648823433437315
genetic_algorithm,rastrigin,112,15900,0.009648823433437315
genetic_algorithm,rastrigin,112,16000,0.009648823433437315
genetic_algorithm,rastrigin,112,16100,0.009648823433437315
genetic_algorithm,rastrigin,112,16200,0.009648823433437315
genetic_algorithm,rastrigin,112,16300,0.009648823433437315
genetic_algorithm,rastrigin,112,16400,0.009648823433437315
genetic_algorithm,rastrigin,112,16500,0.009648823433437315
genetic_algorithm,rastrigin,112,16600,0.009648823433437315
genetic_algorithm,rastrigin,112,16700,0.009648823433437315
genetic_algorithm,rastrigin,112,16800,0.009648823433437315
genetic_algorithm,rastrigin,112,16900,0.009648823433437315
genetic_algorithm,rastrigin,112,17000,0.009648823433437315
genetic_algorithm,rastrigin,112,17100,0.009648823433437315
genetic_algorithm,rastrigin,112,17200,0.009648823433437315
genetic_algorithm,rastrigin,112,17300,0.009648823433437315
genetic_algorithm,rastrigin,112,17400,0.009648823433437315
genetic_algorithm,rastrigin,112,17500,0.009648823433437315
genetic_algorithm,rastrigin,112,17600,0.009648823433437315
genetic_algorithm,rastrigin,112,17700,0.009648823433437315
genetic_algorithm,rastrigin,112,17800,0.009648823433437315
genetic_algorithm,rastrigin,112,17900,0.009648823433437315
genetic_algorithm,rastrigin,112,18000,0.009648823433437315
genetic_algorithm,rastrigin,112,18100,0.009648823433437315
genetic_algorithm,rastrigin,112,18200,0.009648823433437315
genetic_algorithm,rastrigin,112,18300,0.009648823433437315
genetic_algorithm,rastrigin,112,18400,0.009648823433437315
genetic_algorithm,rastrigin,112,18500,0.00631427703555687
genetic_algorithm,rastrigin,112,18600,0.00631427703555687
genetic_algorithm,rastrigin,112,18700,0.00631427703555687
genetic_algorithm,rastrigin,112,18800,0.00631427703555687
genetic_algorithm,rastrigin,112,18900,0.00631427703555687
genetic_algorithm,rastrigin,112,19000,0.00631427703555687
genetic_algorithm,rastrigin,112,19100,0.00631427703555687
genetic_algorithm,rastrigin,112,19200,0.00631427703555687
genetic_algorithm,rastrigin,112,19300,0.00631427703555687
genetic_algorithm,rastrigin,112,19400,0.00631427703555687
genetic_algorithm,rastrigin,112,19500,0.00631427703555687
genetic_algorithm,rastrigin,112,19600,0.00631427703555687
genetic_algorithm,rastrigin,112,19700,0.00631427703555687
genetic_algorithm,rastrigin,112,19800,0.005173941702651064
genetic_algorithm,rastrigin,112,19900,0.005173941702651064
genetic_algorithm,rastrigin,112,20000,0.005173941702651064
genetic_algorithm,rastrigin,113,100,61.05006792483512
genetic_algorithm,rastrigin,113,200,33.02577962124231
genetic_algorithm,rastrigin,113,300,28.51958988960243
genetic_algorithm,rastrigin,113,400,25.70819650402484
genetic_algorithm,rastrigin,113,500,25.70819650402484
genetic_algorithm,rastrigin,113,600,22.040863195319474
genetic_algorithm,rastrigin,113,700,22.040863195319474
genetic_algorithm,rastrigin,113,800,19.14822484203883
genetic_algorithm,rastrigin,113,900,18.863561862651125
genetic_algorithm,rastrigin,113,1000,17.034279916246845
genetic_algorithm,rastrigin,113,1100,14.716849398518562
genetic_algorithm,rastrigin,113,1200,13.36317747597083
genetic_algorithm,rastrigin,113,1300,11.672784927282336
genetic_algorithm,rastrigin,113,1400,11.672784927282336
genetic_algorithm,rastrigin,113,1500,10.486834339344696
genetic_algorithm,rastrigin,113,1600,10.486834339344696
genetic_algorithm,rastrigin,113,1700,10.486834339344696
genetic_algorithm,rastrigin,113,1800,10.20831054637921
genetic_algorithm,rastrigin,113,1900,10.20831054637921
genetic_algorithm,rastrigin,113,2000,9.926450881158985
genetic_algorithm,rastrigin,113,2100,9.186240380923437
genetic_algorithm,rastrigin,113,2200,9.186240380923437
genetic_algorithm,rastrigin,113,2300,9.186240380923437
genetic_algorithm,rastrigin,113,2400,8.71912819051019
genetic_algorithm,rastrigin,113,2500,8.70674962497344
genetic_algorithm,rastrigin,113,2600,8.484215518246032
genetic_algorithm,rastrigin,113,2700,8.484215518246032
genetic_algorithm,rastrigin,113,2800,8.463306474129311
genetic_algorithm,rastrigin,113,2900,7.410575849383619
genetic_algorithm,rastrigin,113,3000,7.40962644065786
genetic_algorithm,rastrigin,113,3100,5.27506036987036
genetic_algorithm,rastrigin,113,3200,5.27506036987036
genetic_algorithm,rastrigin,113,3300,5.27506036987036
genetic_algorithm,rastrigin,113,3400,5.27506036987036
genetic_algorithm,rastrigin,113,3500,5.27506036987036
genetic_algorithm,rastrigin,113,3600,5.27506036987036
genetic_algorithm,rastrigin,113,3700,5.248170742881086
genetic_algorithm,rastrigin,113,3800,4.796759111411063
genetic_algorithm,rastrigin,113,3900,4.796759111411063
genetic_algorithm,rastrigin,113,4000,4.796759111411063
genetic_algorithm,rastrigin,113,4100,4.796759111411063
genetic_algorithm,rastrigin,113,4200,4.796759111411063
genetic_algorithm,rastrigin,113,4300,4.796759111411063
genetic_algorithm,rastrigin,113,4400,4.796759111411063
genetic_algorithm,rastrigin,113,4500,4.796759111411063
genetic_algorithm,rastrigin,113,4600,4.696354778753161
genetic_algorithm,rastrigin,113,4700,4.696354778753161
genetic_algorithm,rastrigin,113,4800,4.696354778753161
genetic_algorithm,rastrigin,113,4900,4.696354778753161
genetic_algorithm,rastrigin,113,5000,4.696354778753161
genetic_algorithm,rastrigin,113,5100,4.545204783777791
genetic_algorithm,rastrigin,113,5200,4.545204783777791
genetic_algorithm,rastrigin,113,5300,4.545204783777791
genetic_algorithm,rastrigin,113,5400,4.545204783777791
genetic_algorithm,rastrigin,113,5500,3.883203112983608
genetic_algorithm,rastrigin,113,5600,3.883203112983608
genetic_algorithm,rastrigin,113,5700,3.663177079963873
genetic_algorithm,rastrigin,113,5800,3.663177079963873
genetic_algorithm,rastrigin,113,5900,3.663177079963873
genetic_algorithm,rastrigin,113,6000,3.5944384255412274
genetic_algorithm,rastrigin,113,6100,3.5944384255412274
genetic_algorithm,rastrigin,113,6200,3.2030860694378305
genetic_algorithm,rastrigin,113,6300,3.2030860694378305
genetic_algorithm,rastrigin,113,6400,3.2030860694378305
genetic_algorithm,rastrigin,113,6500,3.185661389242199
genetic_algorithm,rastrigin,113,6600,3.185661389242199
genetic_algorithm,rastrigin,113,6700,3.185661389242199
genetic_algorithm,rastrigin,113,6800,3.1660337612679115
genetic_algorithm,rastrigin,113,6900,3.1483469603802376
genetic_algorithm,rastrigin,113,7000,3.136049459677963
genetic_algorithm,rastrigin,113,7100,3.136049459677963
genetic_algorithm,rastrigin,113,7200,3.136049459677963
genetic_algorithm,rastrigin,113,7300,3.1231567652145173
genetic_algorithm,rastrigin,113,7400,3.0640880356539384
genetic_algorithm,rastrigin,113,7500,3.0640880356539384
genetic_algorithm,rastrigin,113,7600,2.3804871539525436
genetic_algorithm,rastrigin,113,7700,2.3804871539525436
genetic_algorithm,rastrigin,113,7800,2.3804871539525436
genetic_algorithm,rastrigin,113,7900,2.3804871539525436
genetic_algorithm,rastrigin,113,8000,2.3804871539525436
genetic_algorithm,rastrigin,113,8100,2.3804871539525436
genetic_algorithm,rastrigin,113,8200,2.3804871539525436
genetic_algorithm,rastrigin,113,8300,2.3804871539525436
genetic_algorithm,rastrigin,113,8400,2.3804871539525436
genetic_algorithm,rastrigin,113,8500,2.3804871539525436
genetic_algorithm,rastrigin,113,8600,2.3804871539525436
genetic_algorithm,rastrigin,113,8700,2.3804871539525436
genetic_algorithm,rastrigin,113,8800,2.3804871539525436
genetic_algorithm,rastrigin,113,8900,2.3804871539525436
genetic_algorithm,rastrigin,113,9000,2.3804871539525436
genetic_algorithm,rastrigin,113,9100,2.3804871539525436
genetic_algorithm,rastrigin,113,9200,2.3804871539525436
genetic_algorithm,rastrigin,113,9300,2.2171810798857763
genetic_algorithm,rastrigin,113,9400,2.2122444871787224
genetic_algorithm,rastrigin,113,9500,2.2122444871787224
genetic_algorithm,rastrigin,113,9600,2.2122444871787224
genetic_algorithm,rastrigin,113,9700,2.193586503882756
genetic_algorithm,rastrigin,113,9800,1.1970682169807958
genetic_algorithm,rastrigin,113,9900,1.1970682169807958
genetic_algorithm,rastrigin,113,10000,1.1970682169807958
genetic_algorithm,rastrigin,113,10100,1.1970682169807958
genetic_algorithm,rastrigin,113,10200,1.1970682169807958
genetic_algorithm,rastrigin,113,10300,1.1704495270008977
genetic_algorithm,rastrigin,113,10400,1.1704495270008977
genetic_algorithm,rastrigin,113,10500,1.1704495270008977
genetic_algorithm,rastrigin,113,10600,1.1704495270008977
genetic_algorithm,rastrigin,113,10700,1.1704495270008977
genetic_algorithm,rastrigin,113,10800,1.1704495270008977
genetic_algorithm,rastrigin,113,10900,1.1704495270008977
genetic_algorithm,rastrigin,113,11000,1.1704495270008977
genetic_algorithm,rastrigin,113,11100,1.1704495270008977
genetic_algorithm,rastrigin,113,11200,1.1522380975218027
genetic_algorithm,rastrigin,113,11300,1.1522380975218027
genetic_algorithm,rastrigin,113,11400,1.136957644850284
genetic_algorithm,rastrigin,113,11500,1.136957644850284
genetic_algorithm,rastrigin,113,11600,1.1119123231674735
genetic_algorithm,rastrigin,113,11700,1.1119123231674735
genetic_algorithm,rastrigin,113,11800,1.1119123231674735
genetic_algorithm,rastrigin,113,11900,1.1119123231674735
genetic_algorithm,rastrigin,113,12000,1.0352979948141723
genetic_algorithm,rastrigin,113,12100,1.0352979948141723
genetic_algorithm,rastrigin,113,12200,1.0352979948141723
genetic_algorithm,rastrigin,113,12300,1.0352979948141723
genetic_algorithm,rastrigin,113,12400,1.0352979948141723
genetic_algorithm,rastrigin,113,12500,0.7607032834744558
genetic_algorithm,rastrigin,113,12600,0.7607032834744558
genetic_algorithm,rastrigin,113,12700,0.5199391614251709
genetic_algorithm,rastrigin,113,12800,0.5199391614251709
genetic_algorithm,rastrigin,113,12900,0.5199391614251709
genetic_algorithm,rastrigin,113,13000,0.5199391614251709
genetic_algorithm,rastrigin,113,13100,0.5181251390752379
genetic_algorithm,rastrigin,113,13200,0.4438604138265134
genetic_algorithm,rastrigin,113,13300,0.43282366427109764
genetic_algorithm,rastrigin,113,13400,0.36572392467435577
genetic_algorithm,rastrigin,113,13500,0.33382936648351347
genetic_algorithm,rastrigin,113,13600,0.33382936648351347
genetic_algorithm,rastrigin,113,13700,0.33382936648351347
genetic_algorithm,rastrigin,113,13800,0.33382936648351347
genetic_algorithm,rastrigin,113,13900,0.33382936648351347
genetic_algorithm,rastrigin,113,14000,0.33382936648351347
genetic_algorithm,rastrigin,113,14100,0.33382936648351347
genetic_algorithm,rastrigin,113,14200,0.33382936648351347
genetic_algorithm,rastrigin,113,14300,0.33382936648351347
genetic_algorithm,rastrigin,113,14400,0.33382936648351347
genetic_algorithm,rastrigin,113,14500,0.33382936648351347
genetic_algorithm,rastrigin,113,14600,0.33382936648351347
genetic_algorithm,rastrigin,113,14700,0.33382936648351347
genetic_algorithm,rastrigin,113,14800,0.33382936648351347
genetic_algorithm,rastrigin,113,14900,0.33382936648351347
genetic_algorithm,rastrigin,113,15000,0.2926538821676843
genetic_algorithm,rastrigin,113,15100,0.2926538821676843
genetic_algorithm,rastrigin,113,15200,0.28752548564511926
genetic_algorithm,rastrigin,113,15300,0.28752548564511926
genetic_algorithm,rastrigin,113,15400,0.22545259040695953
genetic_algorithm,rastrigin,113,15500,0.22345294345122113
genetic_algorithm,rastrigin,113,15600,0.22345294345122113
genetic_algorithm,rastrigin,113,15700,0.22345294345122113
genetic_algorithm,rastrigin,113,15800,0.15344306808607655
genetic_algorithm,rastrigin,113,15900,0.15344306808607655
genetic_algorithm,rastrigin,113,16000,0.15344306808607655
genetic_algorithm,rastrigin,113,16100,0.15344306808607655
genetic_algorithm,rastrigin,113,16200,0.15344306808607655
genetic_algorithm,rastrigin,113,16300,0.15344306808607655
genetic_algorithm,rastrigin,113,16400,0.15344306808607655
genetic_algorithm,rastrigin,113,16500,0.15344306808607655
genetic_algorithm,rastrigin,113,16600,0.15344306808607655
genetic_algorithm,rastrigin,113,16700,0.15344306808607655
genetic_algorithm,rastrigin,113,16800,0.15344306808607655
genetic_algorithm,rastrigin,113,16900,0.14877703457594293
genetic_algorithm,rastrigin,113,17000,0.14877703457594293
genetic_algorithm,rastrigin,113,17100,0.14259900686613491
genetic_algorithm,rastrigin,113,17200,0.14259900686613491
genetic_algorithm,rastrigin,113,17300,0.14259900686613491
genetic_algorithm,rastrigin,113,17400,0.14259900686613491
genetic_algorithm,rastrigin,113,17500,0.14259900686613491
genetic_algorithm,rastrigin,113,17600,0.0742544245582053
genetic_algorithm,rastrigin,113,17700,0.0742544245582053
genetic_algorithm,rastrigin,113,17800,0.0742544245582053
genetic_algorithm,rastrigin,113,17900,0.0742544245582053
genetic_algorithm,rastrigin,113,18000,0.04338025731608752
genetic_algorithm,rastrigin,113,18100,0.04338025731608752
genetic_algorithm,rastrigin,113,18200,0.04071535509150692
genetic_algorithm,rastrigin,113,18300,0.04071535509150692
genetic_algorithm,rastrigin,113,18400,0.04071535509150692
genetic_algorithm,rastrigin,113,18500,0.04071535509150692
genetic_algorithm,rastrigin,113,18600,0.04071535509150692
genetic_algorithm,rastrigin,113,18700,0.04071535509150692
genetic_algorithm,rastrigin,113,18800,0.04071535509150692
genetic_algorithm,rastrigin,113,18900,0.04071535509150692
genetic_algorithm,rastrigin,113,19000,0.04071535509150692
genetic_algorithm,rastrigin,113,19100,0.04071535509150692
genetic_algorithm,rastrigin,113,19200,0.04071535509150692
genetic_algorithm,rastrigin,113,19300,0.04071535509150692
genetic_algorithm,rastrigin,113,19400,0.04071535509150692
genetic_algorithm,rastrigin,113,19500,0.04071535509150692
genetic_algorithm,rastrigin,113,19600,0.04071535509150692
genetic_algorithm,rastrigin,113,19700,0.04071535509150692
genetic_algorithm,rastrigin,113,19800,0.04071535509150692
genetic_algorithm,rastrigin,113,19900,0.04071535509150692
genetic_algorithm,rastrigin,113,20000,0.04071535509150692
genetic_algorithm,rastrigin,114,100,114.38508794312219
genetic_algorithm,rastrigin,114,200,88.15631212706965
genetic_algorithm,rastrigin,114,300,71.341015442003
genetic_algorithm,rastrigin,114,400,61.11323924592533
genetic_algorithm,rastrigin,114,500,55.0847877586881
genetic_algorithm,rastrigin,114,600,45.24056867896415
genetic_algorithm,rastrigin,114,700,43.98369364519388
genetic_algorithm,rastrigin,114,800,32.12662138470962
genetic_algorithm,rastrigin,114,900,29.784859467376094
genetic_algorithm,rastrigin,114,1000,29.784859467376094
genetic_algorithm,rastrigin,114,1100,29.784859467376094
genetic_algorithm,rastrigin,114,1200,29.475961434184853
genetic_algorithm,rastrigin,114,1300,25.632488867397996
genetic_algorithm,rastrigin,114,1400,22.77299553626763
genetic_algorithm,rastrigin,114,1500,21.050575220047875
genetic_algorithm,rastrigin,114,1600,19.916004381091767
genetic_algorithm,rastrigin,114,1700,19.01807854547529
genetic_algorithm,rastrigin,114,1800,13.979516356422195
genetic_algorithm,rastrigin,114,1900,13.979516356422195
genetic_algorithm,rastrigin,114,2000,13.979516356422195
genetic_algorithm,rastrigin,114,2100,10.669183045507879
genetic_algorithm,rastrigin,114,2200,10.669183045507879
genetic_algorithm,rastrigin,114,2300,9.753865240847958
genetic_algorithm,rastrigin,114,2400,9.427966793044703
genetic_algorithm,rastrigin,114,2500,8.972052236921428
genetic_algorithm,rastrigin,114,2600,8.972052236921428
genetic_algorithm,rastrigin,114,2700,8.552206601426775
genetic_algorithm,rastrigin,114,2800,8.484240974631689
genetic_algorithm,rastrigin,114,2900,8.484240974631689
genetic_algorithm,rastrigin,114,3000,8.484240974631689
genetic_algorithm,rastrigin,114,3100,8.484240974631689
genetic_algorithm,rastrigin,114,3200,8.271063766570904
genetic_algorithm,rastrigin,114,3300,8.271063766570904
genetic_algorithm,rastrigin,114,3400,8.233641403585239
genetic_algorithm,rastrigin,114,3500,8.233641403585239
genetic_algorithm,rastrigin,114,3600,5.308410849089611
genetic_algorithm,rastrigin,114,3700,5.308410849089611
genetic_algorithm,rastrigin,114,3800,5.308410849089611
genetic_algorithm,rastrigin,114,3900,5.308410849089611
genetic_algorithm,rastrigin,114,4000,5.308410849089611
genetic_algorithm,rastrigin,114,4100,5.270723416584431
genetic_algorithm,rastrigin,114,4200,5.270723416584431
genetic_algorithm,rastrigin,114,4300,5.268208811384028
genetic_algorithm,rastrigin,114,4400,5.254347266371838
genetic_algorithm,rastrigin,114,4500,5.254347266371838
genetic_algorithm,rastrigin,114,4600,5.249523847365992
genetic_algorithm,rastrigin,114,4700,5.187124350071485
genetic_algorithm,rastrigin,114,4800,4.506869395632378
genetic_algorithm,rastrigin,114,4900,4.406791867893915
genetic_algorithm,rastrigin,114,5000,4.406791867893915
genetic_algorithm,rastrigin,114,5100,4.406791867893915
genetic_algorithm,rastrigin,114,5200,4.406791867893915
genetic_algorithm,rastrigin,114,5300,4.406791867893915
genetic_algorithm,rastrigin,114,5400,4.354332398512597
genetic_algorithm,rastrigin,114,5500,4.354332398512597
genetic_algorithm,rastrigin,114,5600,4.354332398512597
genetic_algorithm,rastrigin,114,5700,4.354332398512597
genetic_algorithm,rastrigin,114,5800,4.354332398512597
genetic_algorithm,rastrigin,114,5900,4.354332398512597
genetic_algorithm,rastrigin,114,6000,4.354332398512597
genetic_algorithm,rastrigin,114,6100,4.265562496049753
genetic_algorithm,rastrigin,114,6200,4.20532084839715
genetic_algorithm,rastrigin,114,6300,4.136266345599893
genetic_algorithm,rastrigin,114,6400,4.136266345599893
genetic_algorithm,rastrigin,114,6500,4.124580339020454
genetic_algorithm,rastrigin,114,6600,4.11322911228045
genetic_algorithm,rastrigin,114,6700,4.11322911228045
genetic_algorithm,rastrigin,114,6800,4.11322911228045
genetic_algorithm,rastrigin,114,6900,4.11322911228045
genetic_algorithm,rastrigin,114,7000,4.11322911228045
genetic_algorithm,rastrigin,114,7100,4.107362844751194
genetic_algorithm,rastrigin,114,7200,3.8682649346347944
genetic_algorithm,rastrigin,114,7300,3.547704267552774
genetic_algorithm,rastrigin,114,7400,3.547704267552774
genetic_algorithm,rastrigin,114,7500,3.547704267552774
genetic_algorithm,rastrigin,114,7600,3.547704267552774
genetic_algorithm,rastrigin,114,7700,3.547704267552774
genetic_algorithm,rastrigin,114,7800,3.537095055112701
genetic_algorithm,rastrigin,114,7900,3.537095055112701
genetic_algorithm,rastrigin,114,8000,3.537095055112701
genetic_algorithm,rastrigin,114,8100,3.357304430625959
genetic_algorithm,rastrigin,114,8200,3.357304430625959
genetic_algorithm,rastrigin,114,8300,3.357304430625959
genetic_algorithm,rastrigin,114,8400,3.357304430625959
genetic_algorithm,rastrigin,114,8500,3.357304430625959
genetic_algorithm,rastrigin,114,8600,3.357304430625959
genetic_algorithm,rastrigin,114,8700,3.357304430625959
genetic_algorithm,rastrigin,114,8800,3.357304430625959
genetic_algorithm,rastrigin,114,8900,3.357304430625959
genetic_algorithm,rastrigin,114,9000,3.357304430625959
genetic_algorithm,rastrigin,114,9100,2.6458523182621434
genetic_algorithm,rastrigin,114,9200,1.6845483255192875
genetic_algorithm,rastrigin,114,9300,1.6845483255192875
genetic_algorithm,rastrigin,114,9400,1.6038039066096985
genetic_algorithm,rastrigin,114,9500,1.5882485470638414
genetic_algorithm,rastrigin,114,9600,1.5882485470638414
genetic_algorithm,rastrigin,114,9700,1.5882485470638414
genetic_algorithm,rastrigin,114,9800,1.5882485470638414
genetic_algorithm,rastrigin,114,9900,1.5882485470638414
genetic_algorithm,rastrigin,114,10000,1.5882485470638414
genetic_algorithm,rastrigin,114,10100,1.5882485470638414
genetic_algorithm,rastrigin,114,10200,1.4387526287491852
genetic_algorithm,rastrigin,114,10300,1.3584509703070893
genetic_algorithm,rastrigin,114,10400,1.3584509703070893
genetic_algorithm,rastrigin,114,10500,1.3584509703070893
genetic_algorithm,rastrigin,114,10600,1.3584509703070893
genetic_algorithm,rastrigin,114,10700,1.3584509703070893
genetic_algorithm,rastrigin,114,10800,1.2251499225412488
genetic_algorithm,rastrigin,114,10900,1.2251499225412488
genetic_algorithm,rastrigin,114,11000,1.167863659824917
genetic_algorithm,rastrigin,114,11100,1.167863659824917
genetic_algorithm,rastrigin,114,11200,1.167863659824917
genetic_algorithm,rastrigin,114,11300,1.160593999917225
genetic_algorithm,rastrigin,114,11400,1.1557550018964662
genetic_algorithm,rastrigin,114,11500,1.1513346151918995
genetic_algorithm,rastrigin,114,11600,1.1513346151918995
genetic_algorithm,rastrigin,114,11700,1.1513346151918995
genetic_algorithm,rastrigin,114,11800,1.150900447632793
genetic_algorithm,rastrigin,114,11900,1.150900447632793
genetic_algorithm,rastrigin,114,12000,1.1288340122966645
genetic_algorithm,rastrigin,114,12100,1.1288340122966645
genetic_algorithm,rastrigin,114,12200,1.1288340122966645
genetic_algorithm,rastrigin,114,12300,1.0352483719677394
genetic_algorithm,rastrigin,114,12400,1.0352483719677394
genetic_algorithm,rastrigin,114,12500,1.0352483719677394
genetic_algorithm,rastrigin,114,12600,1.0352483719677394
genetic_algorithm,rastrigin,114,12700,1.0352483719677394
genetic_algorithm,rastrigin,114,12800,1.0352483719677394
genetic_algorithm,rastrigin,114,12900,1.0352483719677394
genetic_algorithm,rastrigin,114,13000,1.0352483719677394
genetic_algorithm,rastrigin,114,13100,1.0352483719677394
genetic_algorithm,rastrigin,114,13200,1.0352483719677394
genetic_algorithm,rastrigin,114,13300,1.0352483719677394
genetic_algorithm,rastrigin,114,13400,1.0352483719677394
genetic_algorithm,rastrigin,114,13500,1.0352483719677394
genetic_algorithm,rastrigin,114,13600,1.0352483719677394
genetic_algorithm,rastrigin,114,13700,1.033899475978913
genetic_algorithm,rastrigin,114,13800,1.033899475978913
genetic_algorithm,rastrigin,114,13900,1.033899475978913
genetic_algorithm,rastrigin,114,14000,1.033899475978913
genetic_algorithm,rastrigin,114,14100,1.033899475978913
genetic_algorithm,rastrigin,114,14200,1.033899475978913
genetic_algorithm,rastrigin,114,14300,1.026600589960708
genetic_algorithm,rastrigin,114,14400,1.0260949270842588
genetic_algorithm,rastrigin,114,14500,1.0260949270842588
genetic_algorithm,rastrigin,114,14600,1.0260949270842588
genetic_algorithm,rastrigin,114,14700,1.0260949270842588
genetic_algorithm,rastrigin,114,14800,1.0182695749314519
genetic_algorithm,rastrigin,114,14900,1.0182695749314519
genetic_algorithm,rastrigin,114,15000,1.017809931230019
genetic_algorithm,rastrigin,114,15100,1.017809931230019
genetic_algorithm,rastrigin,114,15200,1.017809931230019
genetic_algorithm,rastrigin,114,15300,1.017809931230019
genetic_algorithm,rastrigin,114,15400,1.017809931230019
genetic_algorithm,rastrigin,114,15500,1.017809931230019
genetic_algorithm,rastrigin,114,15600,1.0164507483806489
genetic_algorithm,rastrigin,114,15700,1.0164507483806489
genetic_algorithm,rastrigin,114,15800,1.0164507483806489
genetic_algorithm,rastrigin,114,15900,1.0156417027556444
genetic_algorithm,rastrigin,114,16000,1.0151246398669258
genetic_algorithm,rastrigin,114,16100,1.0151246398669258
genetic_algorithm,rastrigin,114,16200,1.0151246398669258
genetic_algorithm,rastrigin,114,16300,1.0151246398669258
genetic_algorithm,rastrigin,114,16400,1.0151246398669258
genetic_algorithm,rastrigin,114,16500,1.0151246398669258
genetic_algorithm,rastrigin,114,16600,1.01264650809064
genetic_algorithm,rastrigin,114,16700,1.01264650809064
genetic_algorithm,rastrigin,114,16800,1.01264650809064
genetic_algorithm,rastrigin,114,16900,1.01264650809064
genetic_algorithm,rastrigin,114,17000,1.01264650809064
genetic_algorithm,rastrigin,114,17100,1.01264650809064
genetic_algorithm,rastrigin,114,17200,1.01264650809064
genetic_algorithm,rastrigin,114,17300,1.01264650809064
genetic_algorithm,rastrigin,114,17400,1.01264650809064
genetic_algorithm,rastrigin,114,17500,1.01264650809064
genetic_algorithm,rastrigin,114,17600,1.01264650809064
genetic_algorithm,rastrigin,114,17700,1.01264650809064
genetic_algorithm,rastrigin,114,17800,1.009578159210733
genetic_algorithm,rastrigin,114,17900,1.009578159210733
genetic_algorithm,rastrigin,114,18000,1.009578159210733
genetic_algorithm,rastrigin,114,18100,1.009578159210733
genetic_algorithm,rastrigin,114,18200,1.009578159210733
genetic_algorithm,rastrigin,114,18300,1.009578159210733
genetic_algorithm,rastrigin,114,18400,1.009578159210733
genetic_algorithm,rastrigin,114,18500,1.0078910915508033
genetic_algorithm,rastrigin,114,18600,1.0078910915508033
genetic_algorithm,rastrigin,114,18700,1.0078910915508033
genetic_algorithm,rastrigin,114,18800,1.0078910915508033
genetic_algorithm,rastrigin,114,18900,1.0078910915508033
genetic_algorithm,rastrigin,114,19000,1.0078910915508033
genetic_algorithm,rastrigin,114,19100,1.0078910915508033
genetic_algorithm,rastrigin,114,19200,1.0078910915508033
genetic_algorithm,rastrigin,114,19300,1.00776930868588
genetic_algorithm,rastrigin,114,19400,1.0077185184087796
genetic_algorithm,rastrigin,114,19500,1.0077185184087796
genetic_algorithm,rastrigin,114,19600,1.0077185184087796
genetic_algorithm,rastrigin,114,19700,1.0077185184087796
genetic_algorithm,rastrigin,114,19800,1.0077185184087796
genetic_algorithm,rastrigin,114,19900,1.0077185184087796
genetic_algorithm,rastrigin,114,20000,1.0077185184087796
genetic_algorithm,rastrigin,115,100,89.7116092291005
genetic_algorithm,rastrigin,115,200,81.55157399138085
genetic_algorithm,rastrigin,115,300,68.22643057013006
genetic_algorithm,rastrigin,115,400,44.175909105991735
genetic_algorithm,rastrigin,115,500,41.011800699534476
genetic_algorithm,rastrigin,115,600,39.47652882953791
genetic_algorithm,rastrigin,115,700,37.70233261514812
genetic_algorithm,rastrigin,115,800,34.56413927793702
genetic_algorithm,rastrigin,115,900,30.171220294415875
genetic_algorithm,rastrigin,115,1000,27.59571974087521
genetic_algorithm,rastrigin,115,1100,24.309283126886015
genetic_algorithm,rastrigin,115,1200,24.309283126886015
genetic_algorithm,rastrigin,115,1300,23.680939532158277
genetic_algorithm,rastrigin,115,1400,23.674405534022938
genetic_algorithm,rastrigin,115,1500,21.694900753484447
genetic_algorithm,rastrigin,115,1600,18.930125798574863
genetic_algorithm,rastrigin,115,1700,18.930125798574863
genetic_algorithm,rastrigin,115,1800,18.361076099935048
genetic_algorithm,rastrigin,115,1900,14.974258952281545
genetic_algorithm,rastrigin,115,2000,14.714209214219252
genetic_algorithm,rastrigin,115,2100,13.276169594589405
genetic_algorithm,rastrigin,115,2200,12.208919726819971
genetic_algorithm,rastrigin,115,2300,12.208919726819971
genetic_algorithm,rastrigin,115,2400,11.319678681894004
genetic_algorithm,rastrigin,115,2500,6.638645480079546
genetic_algorithm,rastrigin,115,2600,6.638645480079546
genetic_algorithm,rastrigin,115,2700,6.5959868606886545
genetic_algorithm,rastrigin,115,2800,6.317562948059987
genetic_algorithm,rastrigin,115,2900,6.30589857002451
genetic_algorithm,rastrigin,115,3000,6.024767093267357
genetic_algorithm,rastrigin,115,3100,6.024767093267357
genetic_algorithm,rastrigin,115,3200,6.024767093267357
genetic_algorithm,rastrigin,115,3300,5.691882392104262
genetic_algorithm,rastrigin,115,3400,5.514364538437391
genetic_algorithm,rastrigin,115,3500,5.514364538437391
genetic_algorithm,rastrigin,115,3600,5.514364538437391
genetic_algorithm,rastrigin,115,3700,5.514364538437391
genetic_algorithm,rastrigin,115,3800,5.514364538437391
genetic_algorithm,rastrigin,115,3900,5.514364538437391
genetic_algorithm,rastrigin,115,4000,5.07222021290886
genetic_algorithm,rastrigin,115,4100,5.0622160038257675
genetic_algorithm,rastrigin,115,4200,4.724273309332162
genetic_algorithm,rastrigin,115,4300,4.724273309332162
genetic_algorithm,rastrigin,115,4400,4.724273309332162
genetic_algorithm,rastrigin,115,4500,4.51889486381387
genetic_algorithm,rastrigin,115,4600,4.51889486381387
genetic_algorithm,rastrigin,115,4700,3.822843111305133
genetic_algorithm,rastrigin,115,4800,3.708694911640592
genetic_algorithm,rastrigin,115,4900,3.502163498796932
genetic_algorithm,rastrigin,115,5000,3.502163498796932
genetic_algorithm,rastrigin,115,5100,3.4414795337758193
genetic_algorithm,rastrigin,115,5200,3.2223950606191067
genetic_algorithm,rastrigin,115,5300,3.2223950606191067
genetic_algorithm,rastrigin,115,5400,2.9024485824116653
genetic_algorithm,rastrigin,115,5500,2.9024485824116653
genetic_algorithm,rastrigin,115,5600,2.80559869382364
genetic_algorithm,rastrigin,115,5700,2.7632465212789725
genetic_algorithm,rastrigin,115,5800,2.7632465212789725
genetic_algorithm,rastrigin,115,5900,2.4933077907705155
genetic_algorithm,rastrigin,115,6000,2.427008283850853
genetic_algorithm,rastrigin,115,6100,2.427008283850853
genetic_algorithm,rastrigin,115,6200,2.427008283850853
genetic_algorithm,rastrigin,115,6300,1.7554884818863883
genetic_algorithm,rastrigin,115,6400,1.7554884818863883
genetic_algorithm,rastrigin,115,6500,1.3550680812456193
genetic_algorithm,rastrigin,115,6600,1.3550680812456193
genetic_algorithm,rastrigin,115,6700,1.1743839874917228
genetic_algorithm,rastrigin,115,6800,1.1743839874917228
genetic_algorithm,rastrigin,115,6900,1.0551117711835758
genetic_algorithm,rastrigin,115,7000,1.0551117711835758
genetic_algorithm,rastrigin,115,7100,1.0551117711835758
genetic_algorithm,rastrigin,115,7200,1.0551117711835758
genetic_algorithm,rastrigin,115,7300,1.0551117711835758
genetic_algorithm,rastrigin,115,7400,1.0513307129287455
genetic_algorithm,rastrigin,115,7500,1.0513307129287455
genetic_algorithm,rastrigin,115,7600,1.0513307129287455
genetic_algorithm,rastrigin,115,7700,1.0513307129287455
genetic_algorithm,rastrigin,115,7800,1.0513307129287455
genetic_algorithm,rastrigin,115,7900,1.0513307129287455
genetic_algorithm,rastrigin,115,8000,1.0513307129287455
genetic_algorithm,rastrigin,115,8100,1.0513307129287455
genetic_algorithm,rastrigin,115,8200,1.0513307129287455
genetic_algorithm,rastrigin,115,8300,1.0289577909344558
genetic_algorithm,rastrigin,115,8400,1.0289577909344558
genetic_algorithm,rastrigin,115,8500,1.0289577909344558
genetic_algorithm,rastrigin,115,8600,1.0289577909344558
genetic_algorithm,rastrigin,115,8700,1.0289577909344558
genetic_algorithm,rastrigin,115,8800,1.0289577909344558
genetic_algorithm,rastrigin,115,8900,1.0289577909344558
genetic_algorithm,rastrigin,115,9000,1.0289577909344558
genetic_algorithm,rastrigin,115,9100,1.0289577909344558
genetic_algorithm,rastrigin,115,9200,1.0289577909344558
genetic_algorithm,rastrigin,115,9300,1.0289577909344558
genetic_algorithm,rastrigin,115,9400,1.0289577909344558
genetic_algorithm,rastrigin,115,9500,0.15192414780764807
genetic_algorithm,rastrigin,115,9600,0.15192414780764807
genetic_algorithm,rastrigin,115,9700,0.15192414780764807
genetic_algorithm,rastrigin,115,9800,0.15192414780764807
genetic_algorithm,rastrigin,115,9900,0.15192414780764807
genetic_algorithm,rastrigin,115,10000,0.13163559099375277
genetic_algorithm,rastrigin,115,10100,0.13163559099375277
genetic_algorithm,rastrigin,115,10200,0.13163559099375277
genetic_algorithm,rastrigin,115,10300,0.13163559099375277
genetic_algorithm,rastrigin,115,10400,0.13163559099375277
genetic_algorithm,rastrigin,115,10500,0.1143048261614581
genetic_algorithm,rastrigin,115,10600,0.1143048261614581
genetic_algorithm,rastrigin,115,10700,0.1143048261614581
genetic_algorithm,rastrigin,115,10800,0.1143048261614581
genetic_algorithm,rastrigin,115,10900,0.08862725573084163
genetic_algorithm,rastrigin,115,11000,0.08862725573084163
genetic_algorithm,rastrigin,115,11100,0.08862725573084163
genetic_algorithm,rastrigin,115,11200,0.08862725573084163
genetic_algorithm,rastrigin,115,11300,0.08862725573084163
genetic_algorithm,rastrigin,115,11400,0.08862725573084163
genetic_algorithm,rastrigin,115,11500,0.08862725573084163
genetic_algorithm,rastrigin,115,11600,0.08862725573084163
genetic_algorithm,rastrigin,115,11700,0.08862725573084163
genetic_algorithm,rastrigin,115,11800,0.08862725573084163
genetic_algorithm,rastrigin,115,11900,0.08862725573084163
genetic_algorithm,rastrigin,115,12000,0.08862725573084163
genetic_algorithm,rastrigin,115,12100,0.08862725573084163
genetic_algorithm,rastrigin,115,12200,0.08862725573084163
genetic_algorithm,rastrigin,115,12300,0.08862725573084163
genetic_algorithm,rastrigin,115,12400,0.06169498191121647
genetic_algorithm,rastrigin,115,12500,0.06169498191121647
genetic_algorithm,rastrigin,115,12600,0.06169498191121647
genetic_algorithm,rastrigin,115,12700,0.06169498191121647
genetic_algorithm,rastrigin,115,12800,0.06169498191121647
genetic_algorithm,rastrigin,115,12900,0.06169498191121647
genetic_algorithm,rastrigin,115,13000,0.06169498191121647
genetic_algorithm,rastrigin,115,13100,0.06169498191121647
genetic_algorithm,rastrigin,115,13200,0.06169498191121647
genetic_algorithm,rastrigin,115,13300,0.06169498191121647
genetic_algorithm,rastrigin,115,13400,0.06169498191121647
genetic_algorithm,rastrigin,115,13500,0.06169498191121647
genetic_algorithm,rastrigin,115,13600,0.06169498191121647
genetic_algorithm,rastrigin,115,13700,0.05058475807189211
genetic_algorithm,rastrigin,115,13800,0.05058475807189211
genetic_algorithm,rastrigin,115,13900,0.05058475807189211
genetic_algorithm,rastrigin,115,14000,0.05058475807189211
genetic_algorithm,rastrigin,115,14100,0.05058475807189211
genetic_algorithm,rastrigin,115,14200,0.05058475807189211
genetic_algorithm,rastrigin,115,14300,0.05058475807189211
genetic_algorithm,rastrigin,115,14400,0.05058475807189211
genetic_algorithm,rastrigin,115,14500,0.05058475807189211
genetic_algorithm,rastrigin,115,14600,0.05058475807189211
genetic_algorithm,rastrigin,115,14700,0.05058475807189211
genetic_algorithm,rastrigin,115,14800,0.05058475807189211
genetic_algorithm,rastrigin,115,14900,0.04982701715543669
genetic_algorithm,rastrigin,115,15000,0.04982701715543669
genetic_algorithm,rastrigin,115,15100,0.04982701715543669
genetic_algorithm,rastrigin,115,15200,0.04982701715543669
genetic_algorithm,rastrigin,115,15300,0.04982701715543669
genetic_algorithm,rastrigin,115,15400,0.04982701715543669
genetic_algorithm,rastrigin,115,15500,0.04982701715543669
genetic_algorithm,rastrigin,115,15600,0.04982701715543669
genetic_algorithm,rastrigin,115,15700,0.04982701715543669
genetic_algorithm,rastrigin,115,15800,0.04982701715543669
genetic_algorithm,rastrigin,115,15900,0.04982701715543669
genetic_algorithm,rastrigin,115,16000,0.04982701715543669
genetic_algorithm,rastrigin,115,16100,0.0468147109568946
genetic_algorithm,rastrigin,115,16200,0.0468147109568946
genetic_algorithm,rastrigin,115,16300,0.0468147109568946
genetic_algorithm,rastrigin,115,16400,0.046111442086996135
genetic_algorithm,rastrigin,115,16500,0.046111442086996135
genetic_algorithm,rastrigin,115,16600,0.046111442086996135
genetic_algorithm,rastrigin,115,16700,0.046111442086996135
genetic_algorithm,rastrigin,115,16800,0.03907502979215849
genetic_algorithm,rastrigin,115,16900,0.02752312977180793
genetic_algorithm,rastrigin,115,17000,0.02752312977180793
genetic_algorithm,rastrigin,115,17100,0.02752312977180793
genetic_algorithm,rastrigin,115,17200,0.02752312977180793
genetic_algorithm,rastrigin,115,17300,0.02752312977180793
genetic_algorithm,rastrigin,115,17400,0.02752312977180793
genetic_algorithm,rastrigin,115,17500,0.026527536178903688
genetic_algorithm,rastrigin,115,17600,0.014831337002533473
genetic_algorithm,rastrigin,115,17700,0.014831337002533473
genetic_algorithm,rastrigin,115,17800,0.014831337002533473
genetic_algorithm,rastrigin,115,17900,0.014831337002533473
genetic_algorithm,rastrigin,115,18000,0.014831337002533473
genetic_algorithm,rastrigin,115,18100,0.014831337002533473
genetic_algorithm,rastrigin,115,18200,0.013590518299920973
genetic_algorithm,rastrigin,115,18300,0.013590518299920973
genetic_algorithm,rastrigin,115,18400,0.013590518299920973
genetic_algorithm,rastrigin,115,18500,0.013590518299920973
genetic_algorithm,rastrigin,115,18600,0.013590518299920973
genetic_algorithm,rastrigin,115,18700,0.013590518299920973
genetic_algorithm,rastrigin,115,18800,0.013590518299920973
genetic_algorithm,rastrigin,115,18900,0.011769009751532167
genetic_algorithm,rastrigin,115,19000,0.011769009751532167
genetic_algorithm,rastrigin,115,19100,0.011769009751532167
genetic_algorithm,rastrigin,115,19200,0.00988646240836033
genetic_algorithm,rastrigin,115,19300,0.00988646240836033
genetic_algorithm,rastrigin,115,19400,0.00988646240836033
genetic_algorithm,rastrigin,115,19500,0.00988646240836033
genetic_algorithm,rastrigin,115,19600,0.00988646240836033
genetic_algorithm,rastrigin,115,19700,0.00988646240836033
genetic_algorithm,rastrigin,115,19800,0.00988646240836033
genetic_algorithm,rastrigin,115,19900,0.00988646240836033
genetic_algorithm,rastrigin,115,20000,0.00988646240836033
genetic_algorithm,rastrigin,116,100,105.97218355806638
genetic_algorithm,rastrigin,116,200,82.16897530580566
genetic_algorithm,rastrigin,116,300,61.22422644075398
genetic_algorithm,rastrigin,116,400,60.978134835200834
genetic_algorithm,rastrigin,116,500,47.8730763796737
genetic_algorithm,rastrigin,116,600,43.10235587620103
genetic_algorithm,rastrigin,116,700,38.13276389435265
genetic_algorithm,rastrigin,116,800,36.25049303604299
genetic_algorithm,rastrigin,116,900,36.25049303604299
genetic_algorithm,rastrigin,116,1000,34.49830842965322
genetic_algorithm,rastrigin,116,1100,34.49830842965322
genetic_algorithm,rastrigin,116,1200,34.365575084096704
genetic_algorithm,rastrigin,116,1300,31.241838161264454
genetic_algorithm,rastrigin,116,1400,29.27370704380651
genetic_algorithm,rastrigin,116,1500,29.27370704380651
genetic_algorithm,rastrigin,116,1600,27.055892293198994
genetic_algorithm,rastrigin,116,1700,23.38669804370481
genetic_algorithm,rastrigin,116,1800,23.38669804370481
genetic_algorithm,rastrigin,116,1900,23.38669804370481
genetic_algorithm,rastrigin,116,2000,19.638810921602484
genetic_algorithm,rastrigin,116,2100,12.276505487204531
genetic_algorithm,rastrigin,116,2200,11.73247753904323
genetic_algorithm,rastrigin,116,2300,11.265973308935955
genetic_algorithm,rastrigin,116,2400,11.265973308935955
genetic_algorithm,rastrigin,116,2500,10.708436909946812
genetic_algorithm,rastrigin,116,2600,8.307442944547986
genetic_algorithm,rastrigin,116,2700,8.307442944547986
genetic_algorithm,rastrigin,116,2800,6.274074532796973
genetic_algorithm,rastrigin,116,2900,5.976196175202915
genetic_algorithm,rastrigin,116,3000,5.561456806186044
genetic_algorithm,rastrigin,116,3100,5.456752744252782
genetic_algorithm,rastrigin,116,3200,5.419126435381642
genetic_algorithm,rastrigin,116,3300,5.284144379804715
genetic_algorithm,rastrigin,116,3400,5.284144379804715
genetic_algorithm,rastrigin,116,3500,5.240993966017328
genetic_algorithm,rastrigin,116,3600,5.1919688935628585
genetic_algorithm,rastrigin,116,3700,5.1919688935628585
genetic_algorithm,rastrigin,116,3800,5.1919688935628585
genetic_algorithm,rastrigin,116,3900,5.1919688935628585
genetic_algorithm,rastrigin,116,4000,5.1919688935628585
genetic_algorithm,rastrigin,116,4100,5.172463448100132
genetic_algorithm,rastrigin,116,4200,5.1258387875387825
genetic_algorithm,rastrigin,116,4300,5.1258387875387825
genetic_algorithm,rastrigin,116,4400,5.112144496033423
genetic_algorithm,rastrigin,116,4500,4.492998506169897
genetic_algorithm,rastrigin,116,4600,4.492998506169897
genetic_algorithm,rastrigin,116,4700,4.492998506169897
genetic_algorithm,rastrigin,116,4800,4.492998506169897
genetic_algorithm,rastrigin,116,4900,4.161402666710217
genetic_algorithm,rastrigin,116,5000,4.161402666710217
genetic_algorithm,rastrigin,116,5100,3.453651757836269
genetic_algorithm,rastrigin,116,5200,3.453651757836269
genetic_algorithm,rastrigin,116,5300,3.368699592906836
genetic_algorithm,rastrigin,116,5400,3.323782695337897
genetic_algorithm,rastrigin,116,5500,3.323782695337897
genetic_algorithm,rastrigin,116,5600,3.323782695337897
genetic_algorithm,rastrigin,116,5700,3.323782695337897
genetic_algorithm,rastrigin,116,5800,3.3035937501874457
genetic_algorithm,rastrigin,116,5900,2.4680180786599237
genetic_algorithm,rastrigin,116,6000,2.4680180786599237
genetic_algorithm,rastrigin,116,6100,2.4680180786599237
genetic_algorithm,rastrigin,116,6200,2.4680180786599237
genetic_algorithm,rastrigin,116,6300,2.3030285100990255
genetic_algorithm,rastrigin,116,6400,2.2901871432356415
genetic_algorithm,rastrigin,116,6500,2.2901871432356415
genetic_algorithm,rastrigin,116,6600,2.2901871432356415
genetic_algorithm,rastrigin,116,6700,2.2463948766843487
genetic_algorithm,rastrigin,116,6800,2.2463948766843487
genetic_algorithm,rastrigin,116,6900,2.2463948766843487
genetic_algorithm,rastrigin,116,7000,2.2463948766843487
genetic_algorithm,rastrigin,116,7100,2.2463948766843487
genetic_algorithm,rastrigin,116,7200,1.5148596621391732
genetic_algorithm,rastrigin,116,7300,1.4875191747190684
genetic_algorithm,rastrigin,116,7400,1.4875191747190684
genetic_algorithm,rastrigin,116,7500,1.441307985264018
genetic_algorithm,rastrigin,116,7600,1.441307985264018
genetic_algorithm,rastrigin,116,7700,1.441307985264018
genetic_algorithm,rastrigin,116,7800,1.441307985264018
genetic_algorithm,rastrigin,116,7900,1.441307985264018
genetic_algorithm,rastrigin,116,8000,1.441307985264018
genetic_algorithm,rastrigin,116,8100,1.441307985264018
genetic_algorithm,rastrigin,116,8200,1.1670754544046957
genetic_algorithm,rastrigin,116,8300,1.1670754544046957
genetic_algorithm,rastrigin,116,8400,1.1566499739852247
genetic_algorithm,rastrigin,116,8500,1.1566499739852247
genetic_algorithm,rastrigin,116,8600,1.1566499739852247
genetic_algorithm,rastrigin,116,8700,1.1566499739852247
genetic_algorithm,rastrigin,116,8800,1.1566499739852247
genetic_algorithm,rastrigin,116,8900,1.1566499739852247
genetic_algorithm,rastrigin,116,9000,1.1566499739852247
genetic_algorithm,rastrigin,116,9100,1.1566499739852247
genetic_algorithm,rastrigin,116,9200,1.1566499739852247
genetic_algorithm,rastrigin,116,9300,1.1566499739852247
genetic_algorithm,rastrigin,116,9400,1.1566499739852247
genetic_algorithm,rastrigin,116,9500,1.1566499739852247
genetic_algorithm,rastrigin,116,9600,1.1566499739852247
genetic_algorithm,rastrigin,116,9700,1.1155263714573636
genetic_algorithm,rastrigin,116,9800,1.098549606061411
genetic_algorithm,rastrigin,116,9900,1.066437904384557
genetic_algorithm,rastrigin,116,10000,1.066437904384557
genetic_algorithm,rastrigin,116,10100,1.066437904384557
genetic_algorithm,rastrigin,116,10200,1.066437904384557
genetic_algorithm,rastrigin,116,10300,1.066437904384557
genetic_algorithm,rastrigin,116,10400,1.066437904384557
genetic_algorithm,rastrigin,116,10500,1.066437904384557
genetic_algorithm,rastrigin,116,10600,1.066437904384557
genetic_algorithm,rastrigin,116,10700,1.066437904384557
genetic_algorithm,rastrigin,116,10800,1.066437904384557
genetic_algorithm,rastrigin,116,10900,1.066437904384557
genetic_algorithm,rastrigin,116,11000,1.066437904384557
genetic_algorithm,rastrigin,116,11100,1.066437904384557
genetic_algorithm,rastrigin,116,11200,1.066437904384557
genetic_algorithm,rastrigin,116,11300,1.066437904384557
genetic_algorithm,rastrigin,116,11400,1.0320242698581126
genetic_algorithm,rastrigin,116,11500,1.0318786689377646
genetic_algorithm,rastrigin,116,11600,0.9364741133039445
genetic_algorithm,rastrigin,116,11700,0.9352534447181426
genetic_algorithm,rastrigin,116,11800,0.9352534447181426
genetic_algorithm,rastrigin,116,11900,0.9352534447181426
genetic_algorithm,rastrigin,116,12000,0.9352534447181426
genetic_algorithm,rastrigin,116,12100,0.5504053658654868
genetic_algorithm,rastrigin,116,12200,0.5364844953216164
genetic_algorithm,rastrigin,116,12300,0.5364844953216164
genetic_algorithm,rastrigin,116,12400,0.5141648341144816
genetic_algorithm,rastrigin,116,12500,0.5127796385821455
genetic_algorithm,rastrigin,116,12600,0.5017608717336941
genetic_algorithm,rastrigin,116,12700,0.3364825618782561
genetic_algorithm,rastrigin,116,12800,0.2922989765622219
genetic_algorithm,rastrigin,116,12900,0.23542822111107853
genetic_algorithm,rastrigin,116,13000,0.22783124996918502
genetic_algorithm,rastrigin,116,13100,0.1255996823930161
genetic_algorithm,rastrigin,116,13200,0.1255996823930161
genetic_algorithm,rastrigin,116,13300,0.1255996823930161
genetic_algorithm,rastrigin,116,13400,0.1255996823930161
genetic_algorithm,rastrigin,116,13500,0.1255996823930161
genetic_algorithm,rastrigin,116,13600,0.1255996823930161
genetic_algorithm,rastrigin,116,13700,0.1255996823930161
genetic_algorithm,rastrigin,116,13800,0.1255996823930161
genetic_algorithm,rastrigin,116,13900,0.1255996823930161
genetic_algorithm,rastrigin,116,14000,0.1255996823930161
genetic_algorithm,rastrigin,116,14100,0.1255996823930161
genetic_algorithm,rastrigin,116,14200,0.1255996823930161
genetic_algorithm,rastrigin,116,14300,0.1255996823930161
genetic_algorithm,rastrigin,116,14400,0.1255996823930161
genetic_algorithm,rastrigin,116,14500,0.1255996823930161
genetic_algorithm,rastrigin,116,14600,0.1255996823930161
genetic_algorithm,rastrigin,116,14700,0.1255996823930161
genetic_algorithm,rastrigin,116,14800,0.1255996823930161
genetic_algorithm,rastrigin,116,14900,0.1255996823930161
genetic_algorithm,rastrigin,116,15000,0.1255996823930161
genetic_algorithm,rastrigin,116,15100,0.1255996823930161
genetic_algorithm,rastrigin,116,15200,0.1255996823930161
genetic_algorithm,rastrigin,116,15300,0.1255996823930161
genetic_algorithm,rastrigin,116,15400,0.1255996823930161
genetic_algorithm,rastrigin,116,15500,0.1255996823930161
genetic_algorithm,rastrigin,116,15600,0.09355446385205823
genetic_algorithm,rastrigin,116,15700,0.09355446385205823
genetic_algorithm,rastrigin,116,15800,0.09355446385205823
genetic_algorithm,rastrigin,116,15900,0.09355446385205823
genetic_algorithm,rastrigin,116,16000,0.09355446385205823
genetic_algorithm,rastrigin,116,16100,0.09355446385205823
genetic_algorithm,rastrigin,116,16200,0.09355446385205823
genetic_algorithm,rastrigin,116,16300,0.09355446385205823
genetic_algorithm,rastrigin,116,16400,0.09355446385205823
genetic_algorithm,rastrigin,116,16500,0.09355446385205823
genetic_algorithm,rastrigin,116,16600,0.09355446385205823
genetic_algorithm,rastrigin,116,16700,0.09355446385205823
genetic_algorithm,rastrigin,116,16800,0.06449662817834678
genetic_algorithm,rastrigin,116,16900,0.05938801436568042
genetic_algorithm,rastrigin,116,17000,0.052764878086776434
genetic_algorithm,rastrigin,116,17100,0.052764878086776434
genetic_algorithm,rastrigin,116,17200,0.052764878086776434
genetic_algorithm,rastrigin,116,17300,0.052764878086776434
genetic_algorithm,rastrigin,116,17400,0.052764878086776434
genetic_algorithm,rastrigin,116,17500,0.052764878086776434
genetic_algorithm,rastrigin,116,17600,0.052764878086776434
genetic_algorithm,rastrigin,116,17700,0.052764878086776434
genetic_algorithm,rastrigin,116,17800,0.04797042238482163
genetic_algorithm,rastrigin,116,17900,0.04797042238482163
genetic_algorithm,rastrigin,116,18000,0.04797042238482163
genetic_algorithm,rastrigin,116,18100,0.04797042238482163
genetic_algorithm,rastrigin,116,18200,0.044051515039939204
genetic_algorithm,rastrigin,116,18300,0.044051515039939204
genetic_algorithm,rastrigin,116,18400,0.044051515039939204
genetic_algorithm,rastrigin,116,18500,0.044051515039939204
genetic_algorithm,rastrigin,116,18600,0.0315164760389024
genetic_algorithm,rastrigin,116,18700,0.0315164760389024
genetic_algorithm,rastrigin,116,18800,0.0315164760389024
genetic_algorithm,rastrigin,116,18900,0.0315164760389024
genetic_algorithm,rastrigin,116,19000,0.0315164760389024
genetic_algorithm,rastrigin,116,19100,0.0315164760389024
genetic_algorithm,rastrigin,116,19200,0.0315164760389024
genetic_algorithm,rastrigin,116,19300,0.0315164760389024
genetic_algorithm,rastrigin,116,19400,0.030971474131135324
genetic_algorithm,rastrigin,116,19500,0.030971474131135324
genetic_algorithm,rastrigin,116,19600,0.030971474131135324
genetic_algorithm,rastrigin,116,19700,0.030971474131135324
genetic_algorithm,rastrigin,116,19800,0.030971474131135324
genetic_algorithm,rastrigin,116,19900,0.030971474131135324
genetic_algorithm,rastrigin,116,20000,0.030971474131135324
genetic_algorithm,rastrigin,117,100,95.12730387035333
genetic_algorithm,rastrigin,117,200,78.22539539245516
genetic_algorithm,rastrigin,117,300,54.00626857241414
genetic_algorithm,rastrigin,117,400,33.645597211751905
genetic_algorithm,rastrigin,117,500,33.645597211751905
genetic_algorithm,rastrigin,117,600,33.645597211751905
genetic_algorithm,rastrigin,117,700,33.377334700902495
genetic_algorithm,rastrigin,117,800,26.68084099525727
genetic_algorithm,rastrigin,117,900,24.379523463872772
genetic_algorithm,rastrigin,117,1000,23.17424420747058
genetic_algorithm,rastrigin,117,1100,23.05744138117049
genetic_algorithm,rastrigin,117,1200,21.54173560940515
genetic_algorithm,rastrigin,117,1300,19.984213617985986
genetic_algorithm,rastrigin,117,1400,17.489156177253165
genetic_algorithm,rastrigin,117,1500,16.35559673573951
genetic_algorithm,rastrigin,117,1600,14.94027657629917
genetic_algorithm,rastrigin,117,1700,14.59751607812288
genetic_algorithm,rastrigin,117,1800,13.874087582815733
genetic_algorithm,rastrigin,117,1900,13.874087582815733
genetic_algorithm,rastrigin,117,2000,13.874087582815733
genetic_algorithm,rastrigin,117,2100,13.874087582815733
genetic_algorithm,rastrigin,117,2200,12.73935227595733
genetic_algorithm,rastrigin,117,2300,12.73935227595733
genetic_algorithm,rastrigin,117,2400,12.73935227595733
genetic_algorithm,rastrigin,117,2500,12.477692209875087
genetic_algorithm,rastrigin,117,2600,12.477692209875087
genetic_algorithm,rastrigin,117,2700,12.352375805183001
genetic_algorithm,rastrigin,117,2800,12.352375805183001
genetic_algorithm,rastrigin,117,2900,12.352375805183001
genetic_algorithm,rastrigin,117,3000,12.34009397942036
genetic_algorithm,rastrigin,117,3100,10.335800956328654
genetic_algorithm,rastrigin,117,3200,10.335800956328654
genetic_algorithm,rastrigin,117,3300,10.335800956328654
genetic_algorithm,rastrigin,117,3400,10.335800956328654
genetic_algorithm,rastrigin,117,3500,10.335800956328654
genetic_algorithm,rastrigin,117,3600,10.335800956328654
genetic_algorithm,rastrigin,117,3700,10.078083764329222
genetic_algorithm,rastrigin,117,3800,9.616923968215218
genetic_algorithm,rastrigin,117,3900,9.474971337478905
genetic_algorithm,rastrigin,117,4000,9.293921580226282
genetic_algorithm,rastrigin,117,4100,9.277054975131378
genetic_algorithm,rastrigin,117,4200,9.216347168906168
genetic_algorithm,rastrigin,117,4300,9.085282949997634
genetic_algorithm,rastrigin,117,4400,9.085282949997634
genetic_algorithm,rastrigin,117,4500,9.082633544717766
genetic_algorithm,rastrigin,117,4600,8.487599052270156
genetic_algorithm,rastrigin,117,4700,8.487599052270156
genetic_algorithm,rastrigin,117,4800,8.487599052270156
genetic_algorithm,rastrigin,117,4900,7.375680914642757
genetic_algorithm,rastrigin,117,5000,5.653943647797334
genetic_algorithm,rastrigin,117,5100,5.559335860040719
genetic_algorithm,rastrigin,117,5200,5.559335860040719
genetic_algorithm,rastrigin,117,5300,5.5417481404251845
genetic_algorithm,rastrigin,117,5400,5.5417481404251845
genetic_algorithm,rastrigin,117,5500,5.5417481404251845
genetic_algorithm,rastrigin,117,5600,5.5417481404251845
genetic_algorithm,rastrigin,117,5700,5.5417481404251845
genetic_algorithm,rastrigin,117,5800,5.443473404812906
genetic_algorithm,rastrigin,117,5900,5.1613858321129555
genetic_algorithm,rastrigin,117,6000,5.1613858321129555
genetic_algorithm,rastrigin,117,6100,5.1613858321129555
genetic_algorithm,rastrigin,117,6200,4.285437247301715
genetic_algorithm,rastrigin,117,6300,4.285437247301715
genetic_algorithm,rastrigin,117,6400,4.285437247301715
genetic_algorithm,rastrigin,117,6500,4.285437247301715
genetic_algorithm,rastrigin,117,6600,4.285437247301715
genetic_algorithm,rastrigin,117,6700,4.285437247301715
genetic_algorithm,rastrigin,117,6800,4.166890662274511
genetic_algorithm,rastrigin,117,6900,4.1288264333444005
genetic_algorithm,rastrigin,117,7000,4.1219414138631265
genetic_algorithm,rastrigin,117,7100,4.1219414138631265
genetic_algorithm,rastrigin,117,7200,4.1219414138631265
genetic_algorithm,rastrigin,117,7300,4.1219414138631265
genetic_algorithm,rastrigin,117,7400,4.1219414138631265
genetic_algorithm,rastrigin,117,7500,4.1219414138631265
genetic_algorithm,rastrigin,117,7600,3.302620013500345
genetic_algorithm,rastrigin,117,7700,3.302620013500345
genetic_algorithm,rastrigin,117,7800,3.302620013500345
genetic_algorithm,rastrigin,117,7900,3.302620013500345
genetic_algorithm,rastrigin,117,8000,3.302620013500345
genetic_algorithm,rastrigin,117,8100,3.302620013500345
genetic_algorithm,rastrigin,117,8200,3.286077981227322
genetic_algorithm,rastrigin,117,8300,3.286077981227322
genetic_algorithm,rastrigin,117,8400,3.286077981227322
genetic_algorithm,rastrigin,117,8500,3.286077981227322
genetic_algorithm,rastrigin,117,8600,3.286077981227322
genetic_algorithm,rastrigin,117,8700,3.286077981227322
genetic_algorithm,rastrigin,117,8800,3.0186319223477227
genetic_algorithm,rastrigin,117,8900,3.0186319223477227
genetic_algorithm,rastrigin,117,9000,3.0186319223477227
genetic_algorithm,rastrigin,117,9100,2.9488219334029253
genetic_algorithm,rastrigin,117,9200,2.9488219334029253
genetic_algorithm,rastrigin,117,9300,2.9135182461370164
genetic_algorithm,rastrigin,117,9400,2.6934518293759453
genetic_algorithm,rastrigin,117,9500,2.568811932899692
genetic_algorithm,rastrigin,117,9600,2.568811932899692
genetic_algorithm,rastrigin,117,9700,2.568811932899692
genetic_algorithm,rastrigin,117,9800,2.420226613819125
genetic_algorithm,rastrigin,117,9900,2.420226613819125
genetic_algorithm,rastrigin,117,10000,2.420226613819125
genetic_algorithm,rastrigin,117,10100,2.372820823629482
genetic_algorithm,rastrigin,117,10200,2.372820823629482
genetic_algorithm,rastrigin,117,10300,2.3649204928798753
genetic_algorithm,rastrigin,117,10400,2.3649204928798753
genetic_algorithm,rastrigin,117,10500,2.3649204928798753
genetic_algorithm,rastrigin,117,10600,2.3413475270140083
genetic_algorithm,rastrigin,117,10700,2.2951952661342574
genetic_algorithm,rastrigin,117,10800,2.2431599684082784
genetic_algorithm,rastrigin,117,10900,2.2431599684082784
genetic_algorithm,rastrigin,117,11000,2.2431599684082784
genetic_algorithm,rastrigin,117,11100,2.1779568777327825
genetic_algorithm,rastrigin,117,11200,2.1779568777327825
genetic_algorithm,rastrigin,117,11300,2.1077615835744297
genetic_algorithm,rastrigin,117,11400,2.1046801100639954
genetic_algorithm,rastrigin,117,11500,2.0905300858637617
genetic_algorithm,rastrigin,117,11600,2.0905300858637617
genetic_algorithm,rastrigin,117,11700,2.0843371422845394
genetic_algorithm,rastrigin,117,11800,2.0843371422845394
genetic_algorithm,rastrigin,117,11900,2.0843371422845394
genetic_algorithm,rastrigin,117,12000,2.0843371422845394
genetic_algorithm,rastrigin,117,12100,2.0843371422845394
genetic_algorithm,rastrigin,117,12200,2.0843371422845394
genetic_algorithm,rastrigin,117,12300,2.082214136599717
genetic_algorithm,rastrigin,117,12400,2.0716202264349874
genetic_algorithm,rastrigin,117,12500,2.0626290623451524
genetic_algorithm,rastrigin,117,12600,2.049820447543027
genetic_algorithm,rastrigin,117,12700,2.049820447543027
genetic_algorithm,rastrigin,117,12800,2.049820447543027
genetic_algorithm,rastrigin,117,12900,2.049820447543027
genetic_algorithm,rastrigin,117,13000,2.049820447543027
genetic_algorithm,rastrigin,117,13100,2.049820447543027
genetic_algorithm,rastrigin,117,13200,2.049820447543027
genetic_algorithm,rastrigin,117,13300,2.049820447543027
genetic_algorithm,rastrigin,117,13400,2.049820447543027
genetic_algorithm,rastrigin,117,13500,2.049820447543027
genetic_algorithm,rastrigin,117,13600,2.049820447543027
genetic_algorithm,rastrigin,117,13700,2.049820447543027
genetic_algorithm,rastrigin,117,13800,2.049820447543027
genetic_algorithm,rastrigin,117,13900,2.049820447543027
genetic_algorithm,rastrigin,117,14000,2.049820447543027
genetic_algorithm,rastrigin,117,14100,2.049820447543027
genetic_algorithm,rastrigin,117,14200,2.0324341768696286
genetic_algorithm,rastrigin,117,14300,2.0324341768696286
genetic_algorithm,rastrigin,117,14400,2.0324341768696286
genetic_algorithm,rastrigin,117,14500,2.0324341768696286
genetic_algorithm,rastrigin,117,14600,2.0324341768696286
genetic_algorithm,rastrigin,117,14700,2.0324341768696286
genetic_algorithm,rastrigin,117,14800,2.0324341768696286
genetic_algorithm,rastrigin,117,14900,2.0324341768696286
genetic_algorithm,rastrigin,117,15000,2.0324341768696286
genetic_algorithm,rastrigin,117,15100,2.0324341768696286
genetic_algorithm,rastrigin,117,15200,2.0324341768696286
genetic_algorithm,rastrigin,117,15300,2.0324341768696286
genetic_algorithm,rastrigin,117,15400,2.022557495675386
genetic_algorithm,rastrigin,117,15500,2.022557495675386
genetic_algorithm,rastrigin,117,15600,2.022557495675386
genetic_algorithm,rastrigin,117,15700,2.022557495675386
genetic_algorithm,rastrigin,117,15800,2.022557495675386
genetic_algorithm,rastrigin,117,15900,2.022557495675386
genetic_algorithm,rastrigin,117,16000,2.022557495675386
genetic_algorithm,rastrigin,117,16100,1.1903162034876402
genetic_algorithm,rastrigin,117,16200,1.1903162034876402
genetic_algorithm,rastrigin,117,16300,1.1903162034876402
genetic_algorithm,rastrigin,117,16400,1.1903162034876402
genetic_algorithm,rastrigin,117,16500,1.1702293257721976
genetic_algorithm,rastrigin,117,16600,1.1651863133817244
genetic_algorithm,rastrigin,117,16700,1.1573934894139768
genetic_algorithm,rastrigin,117,16800,1.1523484346093937
genetic_algorithm,rastrigin,117,16900,1.1523484346093937
genetic_algorithm,rastrigin,117,17000,1.1523484346093937
genetic_algorithm,rastrigin,117,17100,1.1523484346093937
genetic_algorithm,rastrigin,117,17200,1.1523484346093937
genetic_algorithm,rastrigin,117,17300,1.1523484346093937
genetic_algorithm,rastrigin,117,17400,1.1469416778288632
genetic_algorithm,rastrigin,117,17500,1.1469416778288632
genetic_algorithm,rastrigin,117,17600,1.1022200591810503
genetic_algorithm,rastrigin,117,17700,1.1022200591810503
genetic_algorithm,rastrigin,117,17800,1.1022200591810503
genetic_algorithm,rastrigin,117,17900,1.1022200591810503
genetic_algorithm,rastrigin,117,18000,1.1022200591810503
genetic_algorithm,rastrigin,117,18100,1.1022200591810503
genetic_algorithm,rastrigin,117,18200,1.1022200591810503
genetic_algorithm,rastrigin,117,18300,1.1022200591810503
genetic_algorithm,rastrigin,117,18400,1.1022200591810503
genetic_algorithm,rastrigin,117,18500,0.6606392323621435
genetic_algorithm,rastrigin,117,18600,0.6606392323621435
genetic_algorithm,rastrigin,117,18700,0.6606392323621435
genetic_algorithm,rastrigin,117,18800,0.6606392323621435
genetic_algorithm,rastrigin,117,18900,0.47034082050592474
genetic_algorithm,rastrigin,117,19000,0.24896070110779078
genetic_algorithm,rastrigin,117,19100,0.24896070110779078
genetic_algorithm,rastrigin,117,19200,0.20739439622030886
genetic_algorithm,rastrigin,117,19300,0.1809197985778468
genetic_algorithm,rastrigin,117,19400,0.1809197985778468
genetic_algorithm,rastrigin,117,19500,0.16128022010016707
genetic_algorithm,rastrigin,117,19600,0.15462988199350036
genetic_algorithm,rastrigin,117,19700,0.1469319889297651
genetic_algorithm,rastrigin,117,19800,0.1364991193812699
genetic_algorithm,rastrigin,117,19900,0.11906421296781389
genetic_algorithm,rastrigin,117,20000,0.11552793022046615
genetic_algorithm,rastrigin,118,100,92.51043323672727
genetic_algorithm,rastrigin,118,200,80.39339334766248
genetic_algorithm,rastrigin,118,300,72.6341482143471
genetic_algorithm,rastrigin,118,400,57.595100901354265
genetic_algorithm,rastrigin,118,500,49.81538634240186
genetic_algorithm,rastrigin,118,600,44.35796493790421
genetic_algorithm,rastrigin,118,700,44.35796493790421
genetic_algorithm,rastrigin,118,800,38.57120978142087
genetic_algorithm,rastrigin,118,900,38.23022400884633
genetic_algorithm,rastrigin,118,1000,38.23022400884633
genetic_algorithm,rastrigin,118,1100,37.67559936767088
genetic_algorithm,rastrigin,118,1200,35.85047503410077
genetic_algorithm,rastrigin,118,1300,35.414810479743295
genetic_algorithm,rastrigin,118,1400,35.414810479743295
genetic_algorithm,rastrigin,118,1500,33.17348998049391
genetic_algorithm,rastrigin,118,1600,32.335688517520396
genetic_algorithm,rastrigin,118,1700,32.335688517520396
genetic_algorithm,rastrigin,118,1800,31.885599908767702
genetic_algorithm,rastrigin,118,1900,31.26398702962649
genetic_algorithm,rastrigin,118,2000,30.905285251849733
genetic_algorithm,rastrigin,118,2100,30.905285251849733
genetic_algorithm,rastrigin,118,2200,30.549281025518866
genetic_algorithm,rastrigin,118,2300,30.541545500635294
genetic_algorithm,rastrigin,118,2400,29.520198373562835
genetic_algorithm,rastrigin,118,2500,29.446262895388983
genetic_algorithm,rastrigin,118,2600,26.60749031298498
genetic_algorithm,rastrigin,118,2700,23.489413031715955
genetic_algorithm,rastrigin,118,2800,23.489413031715955
genetic_algorithm,rastrigin,118,2900,23.145983302412972
genetic_algorithm,rastrigin,118,3000,23.01376932069178
genetic_algorithm,rastrigin,118,3100,18.351563816677142
genetic_algorithm,rastrigin,118,3200,15.872796373796788
genetic_algorithm,rastrigin,118,3300,14.49587063689485
genetic_algorithm,rastrigin,118,3400,12.60369314387475
genetic_algorithm,rastrigin,118,3500,12.60369314387475
genetic_algorithm,rastrigin,118,3600,12.600276255366396
genetic_algorithm,rastrigin,118,3700,12.539372264885984
genetic_algorithm,rastrigin,118,3800,12.464175710677566
genetic_algorithm,rastrigin,118,3900,12.464175710677566
genetic_algorithm,rastrigin,118,4000,12.464175710677566
genetic_algorithm,rastrigin,118,4100,12.464175710677566
genetic_algorithm,rastrigin,118,4200,12.464175710677566
genetic_algorithm,rastrigin,118,4300,12.464175710677566
genetic_algorithm,rastrigin,118,4400,12.464175710677566
genetic_algorithm,rastrigin,118,4500,12.464175710677566
genetic_algorithm,rastrigin,118,4600,12.464175710677566
genetic_algorithm,rastrigin,118,4700,12.464175710677566
genetic_algorithm,rastrigin,118,4800,12.464175710677566
genetic_algorithm,rastrigin,118,4900,11.712453794800254
genetic_algorithm,rastrigin,118,5000,10.197516770413898
genetic_algorithm,rastrigin,118,5100,10.197516770413898
genetic_algorithm,rastrigin,118,5200,9.496214930397883
genetic_algorithm,rastrigin,118,5300,8.606277812942409
genetic_algorithm,rastrigin,118,5400,8.606277812942409
genetic_algorithm,rastrigin,118,5500,8.446663622207026
genetic_algorithm,rastrigin,118,5600,8.446663622207026
genetic_algorithm,rastrigin,118,5700,8.412539739975188
genetic_algorithm,rastrigin,118,5800,8.39989318502073
genetic_algorithm,rastrigin,118,5900,8.26792759949953
genetic_algorithm,rastrigin,118,6000,8.213577156623742
genetic_algorithm,rastrigin,118,6100,8.20811274993082
genetic_algorithm,rastrigin,118,6200,5.972755646465444
genetic_algorithm,rastrigin,118,6300,5.38673201830882
genetic_algorithm,rastrigin,118,6400,5.38673201830882
genetic_algorithm,rastrigin,118,6500,5.38673201830882
genetic_algorithm,rastrigin,118,6600,4.948735993150478
genetic_algorithm,rastrigin,118,6700,4.596715771955175
genetic_algorithm,rastrigin,118,6800,4.596715771955175
genetic_algorithm,rastrigin,118,6900,4.596715771955175
genetic_algorithm,rastrigin,118,7000,4.596715771955175
genetic_algorithm,rastrigin,118,7100,4.596715771955175
genetic_algorithm,rastrigin,118,7200,4.160757410149813
genetic_algorithm,rastrigin,118,7300,4.160757410149813
genetic_algorithm,rastrigin,118,7400,4.160757410149813
genetic_algorithm,rastrigin,118,7500,4.160757410149813
genetic_algorithm,rastrigin,118,7600,3.3529827011707027
genetic_algorithm,rastrigin,118,7700,3.3529827011707027
genetic_algorithm,rastrigin,118,7800,2.900700071722838
genetic_algorithm,rastrigin,118,7900,2.745804813993246
genetic_algorithm,rastrigin,118,8000,2.7022809985678293
genetic_algorithm,rastrigin,118,8100,2.7022809985678293
genetic_algorithm,rastrigin,118,8200,2.7022809985678293
genetic_algorithm,rastrigin,118,8300,2.5789462904716913
genetic_algorithm,rastrigin,118,8400,2.5789462904716913
genetic_algorithm,rastrigin,118,8500,2.4672263889410715
genetic_algorithm,rastrigin,118,8600,2.4672263889410715
genetic_algorithm,rastrigin,118,8700,2.4672263889410715
genetic_algorithm,rastrigin,118,8800,2.4672263889410715
genetic_algorithm,rastrigin,118,8900,2.4436876388759288
genetic_algorithm,rastrigin,118,9000,2.4436876388759288
genetic_algorithm,rastrigin,118,9100,2.4436876388759288
genetic_algorithm,rastrigin,118,9200,2.258523126624169
genetic_algorithm,rastrigin,118,9300,2.258523126624169
genetic_algorithm,rastrigin,118,9400,2.190187471432864
genetic_algorithm,rastrigin,118,9500,2.190187471432864
genetic_algorithm,rastrigin,118,9600,2.190187471432864
genetic_algorithm,rastrigin,118,9700,2.190187471432864
genetic_algorithm,rastrigin,118,9800,1.3904884167039597
genetic_algorithm,rastrigin,118,9900,1.2161368872723557
genetic_algorithm,rastrigin,118,10000,1.2161368872723557
genetic_algorithm,rastrigin,118,10100,1.2161368872723557
genetic_algorithm,rastrigin,118,10200,1.2161368872723557
genetic_algorithm,rastrigin,118,10300,1.2161368872723557
genetic_algorithm,rastrigin,118,10400,1.2161368872723557
genetic_algorithm,rastrigin,118,10500,1.2161368872723557
genetic_algorithm,rastrigin,118,10600,1.2161368872723557
genetic_algorithm,rastrigin,118,10700,1.2161368872723557
genetic_algorithm,rastrigin,118,10800,1.2161368872723557
genetic_algorithm,rastrigin,118,10900,1.2161368872723557
genetic_algorithm,rastrigin,118,11000,1.2161368872723557
genetic_algorithm,rastrigin,118,11100,1.2161368872723557
genetic_algorithm,rastrigin,118,11200,1.2161368872723557
genetic_algorithm,rastrigin,118,11300,1.1784333617618898
genetic_algorithm,rastrigin,118,11400,1.1784333617618898
genetic_algorithm,rastrigin,118,11500,1.1784333617618898
genetic_algorithm,rastrigin,118,11600,1.1784333617618898
genetic_algorithm,rastrigin,118,11700,1.158045703455116
genetic_algorithm,rastrigin,118,11800,1.158045703455116
genetic_algorithm,rastrigin,118,11900,1.158045703455116
genetic_algorithm,rastrigin,118,12000,1.158045703455116
genetic_algorithm,rastrigin,118,12100,1.1383409376770288
genetic_algorithm,rastrigin,118,12200,1.1383409376770288
genetic_algorithm,rastrigin,118,12300,1.0775510178256837
genetic_algorithm,rastrigin,118,12400,1.0775510178256837
genetic_algorithm,rastrigin,118,12500,1.0775510178256837
genetic_algorithm,rastrigin,118,12600,0.9908095042171396
genetic_algorithm,rastrigin,118,12700,0.9908095042171396
genetic_algorithm,rastrigin,118,12800,0.9566674771215418
genetic_algorithm,rastrigin,118,12900,0.725177407256723
genetic_algorithm,rastrigin,118,13000,0.3728507788015918
genetic_algorithm,rastrigin,118,13100,0.24223251818102653
genetic_algorithm,rastrigin,118,13200,0.22272019278653943
genetic_algorithm,rastrigin,118,13300,0.22272019278653943
genetic_algorithm,rastrigin,118,13400,0.2014419420415834
genetic_algorithm,rastrigin,118,13500,0.15977842624020866
genetic_algorithm,rastrigin,118,13600,0.15977842624020866
genetic_algorithm,rastrigin,118,13700,0.15977842624020866
genetic_algorithm,rastrigin,118,13800,0.15977842624020866
genetic_algorithm,rastrigin,118,13900,0.06153013575247712
genetic_algorithm,rastrigin,118,14000,0.059374119824909144
genetic_algorithm,rastrigin,118,14100,0.059374119824909144
genetic_algorithm,rastrigin,118,14200,0.059374119824909144
genetic_algorithm,rastrigin,118,14300,0.059374119824909144
genetic_algorithm,rastrigin,118,14400,0.059374119824909144
genetic_algorithm,rastrigin,118,14500,0.059374119824909144
genetic_algorithm,rastrigin,118,14600,0.059374119824909144
genetic_algorithm,rastrigin,118,14700,0.059374119824909144
genetic_algorithm,rastrigin,118,14800,0.059374119824909144
genetic_algorithm,rastrigin,118,14900,0.059374119824909144
genetic_algorithm,rastrigin,118,15000,0.059374119824909144
genetic_algorithm,rastrigin,118,15100,0.059374119824909144
genetic_algorithm,rastrigin,118,15200,0.059374119824909144
genetic_algorithm,rastrigin,118,15300,0.059374119824909144
genetic_algorithm,rastrigin,118,15400,0.059374119824909144
genetic_algorithm,rastrigin,118,15500,0.059374119824909144
genetic_algorithm,rastrigin,118,15600,0.059374119824909144
genetic_algorithm,rastrigin,118,15700,0.05445290932119917
genetic_algorithm,rastrigin,118,15800,0.05445290932119917
genetic_algorithm,rastrigin,118,15900,0.05445290932119917
genetic_algorithm,rastrigin,118,16000,0.05445290932119917
genetic_algorithm,rastrigin,118,16100,0.05445290932119917
genetic_algorithm,rastrigin,118,16200,0.05445290932119917
genetic_algorithm,rastrigin,118,16300,0.052582191006763424
genetic_algorithm,rastrigin,118,16400,0.052582191006763424
genetic_algorithm,rastrigin,118,16500,0.052582191006763424
genetic_algorithm,rastrigin,118,16600,0.052582191006763424
genetic_algorithm,rastrigin,118,16700,0.052582191006763424
genetic_algorithm,rastrigin,118,16800,0.03701854977290964
genetic_algorithm,rastrigin,118,16900,0.03701854977290964
genetic_algorithm,rastrigin,118,17000,0.03701854977290964
genetic_algorithm,rastrigin,118,17100,0.03701854977290964
genetic_algorithm,rastrigin,118,17200,0.03701854977290964
genetic_algorithm,rastrigin,118,17300,0.03701854977290964
genetic_algorithm,rastrigin,118,17400,0.030356221568780484
genetic_algorithm,rastrigin,118,17500,0.030212188447748645
genetic_algorithm,rastrigin,118,17600,0.026859159829299983
genetic_algorithm,rastrigin,118,17700,0.02678213296417198
genetic_algorithm,rastrigin,118,17800,0.02678213296417198
genetic_algorithm,rastrigin,118,17900,0.02678213296417198
genetic_algorithm,rastrigin,118,18000,0.02678213296417198
genetic_algorithm,rastrigin,118,18100,0.02678213296417198
genetic_algorithm,rastrigin,118,18200,0.02678213296417198
genetic_algorithm,rastrigin,118,18300,0.02678213296417198
genetic_algorithm,rastrigin,118,18400,0.020174248778232595
genetic_algorithm,rastrigin,118,18500,0.020174248778232595
genetic_algorithm,rastrigin,118,18600,0.020174248778232595
genetic_algorithm,rastrigin,118,18700,0.020174248778232595
genetic_algorithm,rastrigin,118,18800,0.020174248778232595
genetic_algorithm,rastrigin,118,18900,0.020174248778232595
genetic_algorithm,rastrigin,118,19000,0.020174248778232595
genetic_algorithm,rastrigin,118,19100,0.020174248778232595
genetic_algorithm,rastrigin,118,19200,0.020174248778232595
genetic_algorithm,rastrigin,118,19300,0.020174248778232595
genetic_algorithm,rastrigin,118,19400,0.020066564135959197
genetic_algorithm,rastrigin,118,19500,0.020066564135959197
genetic_algorithm,rastrigin,118,19600,0.020066564135959197
genetic_algorithm,rastrigin,118,19700,0.020066564135959197
genetic_algorithm,rastrigin,118,19800,0.020066564135959197
genetic_algorithm,rastrigin,118,19900,0.01701144259089915
genetic_algorithm,rastrigin,118,20000,0.01597393534629532
genetic_algorithm,rastrigin,119,100,63.03772906659926
genetic_algorithm,rastrigin,119,200,51.56090954673221
genetic_algorithm,rastrigin,119,300,43.95347493986831
genetic_algorithm,rastrigin,119,400,33.831639878945694
genetic_algorithm,rastrigin,119,500,21.927003762663773
genetic_algorithm,rastrigin,119,600,18.878863520958063
genetic_algorithm,rastrigin,119,700,18.015522922288923
genetic_algorithm,rastrigin,119,800,16.18707653177968
genetic_algorithm,rastrigin,119,900,13.28574763629922
genetic_algorithm,rastrigin,119,1000,13.28574763629922
genetic_algorithm,rastrigin,119,1100,13.28574763629922
genetic_algorithm,rastrigin,119,1200,13.28574763629922
genetic_algorithm,rastrigin,119,1300,13.192553576248486
genetic_algorithm,rastrigin,119,1400,12.452271778530687
genetic_algorithm,rastrigin,119,1500,11.605694902895493
genetic_algorithm,rastrigin,119,1600,10.188036475098727
genetic_algorithm,rastrigin,119,1700,10.188036475098727
genetic_algorithm,rastrigin,119,1800,10.015361892387332
genetic_algorithm,rastrigin,119,1900,9.681279153582466
genetic_algorithm,rastrigin,119,2000,8.85648617368426
genetic_algorithm,rastrigin,119,2100,8.75276751752152
genetic_algorithm,rastrigin,119,2200,8.75276751752152
genetic_algorithm,rastrigin,119,2300,8.75276751752152
genetic_algorithm,rastrigin,119,2400,8.75276751752152
genetic_algorithm,rastrigin,119,2500,8.75276751752152
genetic_algorithm,rastrigin,119,2600,8.633400283423967
genetic_algorithm,rastrigin,119,2700,8.633400283423967
genetic_algorithm,rastrigin,119,2800,7.473069552263922
genetic_algorithm,rastrigin,119,2900,7.473069552263922
genetic_algorithm,rastrigin,119,3000,7.373932427866805
genetic_algorithm,rastrigin,119,3100,7.373932427866805
genetic_algorithm,rastrigin,119,3200,7.373932427866805
genetic_algorithm,rastrigin,119,3300,7.373932427866805
genetic_algorithm,rastrigin,119,3400,7.373932427866805
genetic_algorithm,rastrigin,119,3500,7.373932427866805
genetic_algorithm,rastrigin,119,3600,7.197791748481066
genetic_algorithm,rastrigin,119,3700,7.161453884648793
genetic_algorithm,rastrigin,119,3800,7.161453884648793
genetic_algorithm,rastrigin,119,3900,6.898974835461232
genetic_algorithm,rastrigin,119,4000,6.820349646624194
genetic_algorithm,rastrigin,119,4100,6.799319327443996
genetic_algorithm,rastrigin,119,4200,6.799319327443996
genetic_algorithm,rastrigin,119,4300,6.799319327443996
genetic_algorithm,rastrigin,119,4400,6.799319327443996
genetic_algorithm,rastrigin,119,4500,6.538714837802743
genetic_algorithm,rastrigin,119,4600,6.538714837802743
genetic_algorithm,rastrigin,119,4700,6.341267479000379
genetic_algorithm,rastrigin,119,4800,6.341267479000379
genetic_algorithm,rastrigin,119,4900,3.3601834658428373
genetic_algorithm,rastrigin,119,5000,2.4413425982306336
genetic_algorithm,rastrigin,119,5100,2.4413425982306336
genetic_algorithm,rastrigin,119,5200,2.4413425982306336
genetic_algorithm,rastrigin,119,5300,2.4413425982306336
genetic_algorithm,rastrigin,119,5400,2.4413425982306336
genetic_algorithm,rastrigin,119,5500,1.4063882454253047
genetic_algorithm,rastrigin,119,5600,1.4063882454253047
genetic_algorithm,rastrigin,119,5700,1.4063882454253047
genetic_algorithm,rastrigin,119,5800,1.4063882454253047
genetic_algorithm,rastrigin,119,5900,1.4063882454253047
genetic_algorithm,rastrigin,119,6000,1.392116034197855
genetic_algorithm,rastrigin,119,6100,1.392116034197855
genetic_algorithm,rastrigin,119,6200,1.3882298474073167
genetic_algorithm,rastrigin,119,6300,1.3882298474073167
genetic_algorithm,rastrigin,119,6400,1.3882298474073167
genetic_algorithm,rastrigin,119,6500,1.3882298474073167
genetic_algorithm,rastrigin,119,6600,1.2600681269089478
genetic_algorithm,rastrigin,119,6700,1.2600681269089478
genetic_algorithm,rastrigin,119,6800,1.2600681269089478
genetic_algorithm,rastrigin,119,6900,1.1848729849157138
genetic_algorithm,rastrigin,119,7000,1.0983700899486877
genetic_algorithm,rastrigin,119,7100,1.0983700899486877
genetic_algorithm,rastrigin,119,7200,1.0983700899486877
genetic_algorithm,rastrigin,119,7300,1.0548115166480727
genetic_algorithm,rastrigin,119,7400,1.0548115166480727
genetic_algorithm,rastrigin,119,7500,1.0548115166480727
genetic_algorithm,rastrigin,119,7600,1.0548115166480727
genetic_algorithm,rastrigin,119,7700,1.0519195363335
genetic_algorithm,rastrigin,119,7800,1.0444149556222158
genetic_algorithm,rastrigin,119,7900,1.0444149556222158
genetic_algorithm,rastrigin,119,8000,1.0444149556222158
genetic_algorithm,rastrigin,119,8100,1.0332940027118838
genetic_algorithm,rastrigin,119,8200,1.0288636216225626
genetic_algorithm,rastrigin,119,8300,1.0288636216225626
genetic_algorithm,rastrigin,119,8400,1.0288636216225626
genetic_algorithm,rastrigin,119,8500,1.0288636216225626
genetic_algorithm,rastrigin,119,8600,1.0288636216225626
genetic_algorithm,rastrigin,119,8700,1.024065846979994
genetic_algorithm,rastrigin,119,8800,0.1216253978975601
genetic_algorithm,rastrigin,119,8900,0.1216253978975601
genetic_algorithm,rastrigin,119,9000,0.1216253978975601
genetic_algorithm,rastrigin,119,9100,0.1216253978975601
genetic_algorithm,rastrigin,119,9200,0.1216253978975601
genetic_algorithm,rastrigin,119,9300,0.1216253978975601
genetic_algorithm,rastrigin,119,9400,0.1216253978975601
genetic_algorithm,rastrigin,119,9500,0.11671893755784879
genetic_algorithm,rastrigin,119,9600,0.09375679988423258
genetic_algorithm,rastrigin,119,9700,0.09375679988423258
genetic_algorithm,rastrigin,119,9800,0.09375679988423258
genetic_algorithm,rastrigin,119,9900,0.09375679988423258
genetic_algorithm,rastrigin,119,10000,0.09375679988423258
genetic_algorithm,rastrigin,119,10100,0.09375679988423258
genetic_algorithm,rastrigin,119,10200,0.09375679988423258
genetic_algorithm,rastrigin,119,10300,0.09375679988423258
genetic_algorithm,rastrigin,119,10400,0.07904179732346961
genetic_algorithm,rastrigin,119,10500,0.07904179732346961
genetic_algorithm,rastrigin,119,10600,0.07904179732346961
genetic_algorithm,rastrigin,119,10700,0.07904179732346961
genetic_algorithm,rastrigin,119,10800,0.07904179732346961
genetic_algorithm,rastrigin,119,10900,0.07904179732346961
genetic_algorithm,rastrigin,119,11000,0.07904179732346961
genetic_algorithm,rastrigin,119,11100,0.07904179732346961
genetic_algorithm,rastrigin,119,11200,0.059302399143462026
genetic_algorithm,rastrigin,119,11300,0.059302399143462026
genetic_algorithm,rastrigin,119,11400,0.059302399143462026
genetic_algorithm,rastrigin,119,11500,0.058774576325035355
genetic_algorithm,rastrigin,119,11600,0.051987178240011644
genetic_algorithm,rastrigin,119,11700,0.051987178240011644
genetic_algorithm,rastrigin,119,11800,0.051987178240011644
genetic_algorithm,rastrigin,119,11900,0.051987178240011644
genetic_algorithm,rastrigin,119,12000,0.051987178240011644
genetic_algorithm,rastrigin,119,12100,0.051987178240011644
genetic_algorithm,rastrigin,119,12200,0.051987178240011644
genetic_algorithm,rastrigin,119,12300,0.051987178240011644
genetic_algorithm,rastrigin,119,12400,0.04408629798946606
genetic_algorithm,rastrigin,119,12500,0.04408629798946606
genetic_algorithm,rastrigin,119,12600,0.03871045869649947
genetic_algorithm,rastrigin,119,12700,0.03871045869649947
genetic_algorithm,rastrigin,119,12800,0.03871045869649947
genetic_algorithm,rastrigin,119,12900,0.03871045869649947
genetic_algorithm,rastrigin,119,13000,0.03871045869649947
genetic_algorithm,rastrigin,119,13100,0.03871045869649947
genetic_algorithm,rastrigin,119,13200,0.03871045869649947
genetic_algorithm,rastrigin,119,13300,0.03871045869649947
genetic_algorithm,rastrigin,119,13400,0.03871045869649947
genetic_algorithm,rastrigin,119,13500,0.03871045869649947
genetic_algorithm,rastrigin,119,13600,0.03871045869649947
genetic_algorithm,rastrigin,119,13700,0.03871045869649947
genetic_algorithm,rastrigin,119,13800,0.03871045869649947
genetic_algorithm,rastrigin,119,13900,0.03871045869649947
genetic_algorithm,rastrigin,119,14000,0.03871045869649947
genetic_algorithm,rastrigin,119,14100,0.03871045869649947
genetic_algorithm,rastrigin,119,14200,0.03871045869649947
genetic_algorithm,rastrigin,119,14300,0.03871045869649947
genetic_algorithm,rastrigin,119,14400,0.03871045869649947
genetic_algorithm,rastrigin,119,14500,0.03871045869649947
genetic_algorithm,rastrigin,119,14600,0.03871045869649947
genetic_algorithm,rastrigin,119,14700,0.03871045869649947
genetic_algorithm,rastrigin,119,14800,0.03871045869649947
genetic_algorithm,rastrigin,119,14900,0.03871045869649947
genetic_algorithm,rastrigin,119,15000,0.03871045869649947
genetic_algorithm,rastrigin,119,15100,0.03871045869649947
genetic_algorithm,rastrigin,119,15200,0.03871045869649947
genetic_algorithm,rastrigin,119,15300,0.03419911270505338
genetic_algorithm,rastrigin,119,15400,0.03419911270505338
genetic_algorithm,rastrigin,119,15500,0.03419911270505338
genetic_algorithm,rastrigin,119,15600,0.03419911270505338
genetic_algorithm,rastrigin,119,15700,0.03419911270505338
genetic_algorithm,rastrigin,119,15800,0.03419911270505338
genetic_algorithm,rastrigin,119,15900,0.03419911270505338
genetic_algorithm,rastrigin,119,16000,0.03419911270505338
genetic_algorithm,rastrigin,119,16100,0.033162758773826795
genetic_algorithm,rastrigin,119,16200,0.033162758773826795
genetic_algorithm,rastrigin,119,16300,0.033162758773826795
genetic_algorithm,rastrigin,119,16400,0.033162758773826795
genetic_algorithm,rastrigin,119,16500,0.033162758773826795
genetic_algorithm,rastrigin,119,16600,0.033162758773826795
genetic_algorithm,rastrigin,119,16700,0.033162758773826795
genetic_algorithm,rastrigin,119,16800,0.033162758773826795
genetic_algorithm,rastrigin,119,16900,0.033162758773826795
genetic_algorithm,rastrigin,119,17000,0.033162758773826795
genetic_algorithm,rastrigin,119,17100,0.033162758773826795
genetic_algorithm,rastrigin,119,17200,0.033162758773826795
genetic_algorithm,rastrigin,119,17300,0.033162758773826795
genetic_algorithm,rastrigin,119,17400,0.033162758773826795
genetic_algorithm,rastrigin,119,17500,0.033162758773826795
genetic_algorithm,rastrigin,119,17600,0.033162758773826795
genetic_algorithm,rastrigin,119,17700,0.033162758773826795
genetic_algorithm,rastrigin,119,17800,0.033162758773826795
genetic_algorithm,rastrigin,119,17900,0.033162758773826795
genetic_algorithm,rastrigin,119,18000,0.033162758773826795
genetic_algorithm,rastrigin,119,18100,0.033162758773826795
genetic_algorithm,rastrigin,119,18200,0.033162758773826795
genetic_algorithm,rastrigin,119,18300,0.033162758773826795
genetic_algorithm,rastrigin,119,18400,0.033162758773826795
genetic_algorithm,rastrigin,119,18500,0.033162758773826795
genetic_algorithm,rastrigin,119,18600,0.033162758773826795
genetic_algorithm,rastrigin,119,18700,0.033162758773826795
genetic_algorithm,rastrigin,119,18800,0.033162758773826795
genetic_algorithm,rastrigin,119,18900,0.033162758773826795
genetic_algorithm,rastrigin,119,19000,0.033162758773826795
genetic_algorithm,rastrigin,119,19100,0.033162758773826795
genetic_algorithm,rastrigin,119,19200,0.02884406975361742
genetic_algorithm,rastrigin,119,19300,0.024369784510895443
genetic_algorithm,rastrigin,119,19400,0.024369784510895443
genetic_algorithm,rastrigin,119,19500,0.023712347437140124
genetic_algorithm,rastrigin,119,19600,0.019974138426633203
genetic_algorithm,rastrigin,119,19700,0.019974138426633203
genetic_algorithm,rastrigin,119,19800,0.019974138426633203
genetic_algorithm,rastrigin,119,19900,0.019974138426633203
genetic_algorithm,rastrigin,119,20000,0.019974138426633203
