algorithm,benchmark,seed,evaluations,best_value
genetic_algorithm,rosenbrock,100,100,42980.20549642353
genetic_algorithm,rosenbrock,100,200,9716.870044040154
genetic_algorithm,rosenbrock,100,300,3469.4381047849956
genetic_algorithm,rosenbrock,100,400,1007.2263789484905
genetic_algorithm,rosenbrock,100,500,683.7855648457014
genetic_algorithm,rosenbrock,100,600,462.3851980955923
genetic_algorithm,rosenbrock,100,700,450.2615980579063
genetic_algorithm,rosenbrock,100,800,239.4505056390184
genetic_algorithm,rosenbrock,100,900,230.404741673584
genetic_algorithm,rosenbrock,100,1000,169.68358778576663
genetic_algorithm,rosenbrock,100,1100,169.68358778576663
genetic_algorithm,rosenbrock,100,1200,144.4312954602841
genetic_algorithm,rosenbrock,100,1300,144.4312954602841
genetic_algorithm,rosenbrock,100,1400,120.85312627249374
genetic_algorithm,rosenbrock,100,1500,107.90732165559893
genetic_algorithm,rosenbrock,100,1600,107.90732165559893
genetic_algorithm,rosenbrock,100,1700,107.90732165559893
genetic_algorithm,rosenbrock,100,1800,99.92511194820396
genetic_algorithm,rosenbrock,100,1900,99.34984071501144
genetic_algorithm,rosenbrock,100,2000,98.62070757413981
genetic_algorithm,rosenbrock,100,2100,97.74753591411209
genetic_algorithm,rosenbrock,100,2200,97.50617479450764
genetic_algorithm,rosenbrock,100,2300,97.50617479450764
genetic_algorithm,rosenbrock,100,2400,97.01991110136078
genetic_algorithm,rosenbrock,100,2500,95.6715022182934
genetic_algorithm,rosenbrock,100,2600,95.6715022182934
genetic_algorithm,rosenbrock,100,2700,92.77559686365929
genetic_algorithm,rosenbrock,100,2800,92.77559686365929
genetic_algorithm,rosenbrock,100,2900,87.31800945978775
genetic_algorithm,rosenbrock,100,3000,86.31134610751077
genetic_algorithm,rosenbrock,100,3100,83.72929368722448
genetic_algorithm,rosenbrock,100,3200,83.72929368722448
genetic_algorithm,rosenbrock,100,3300,83.72929368722448
genetic_algorithm,rosenbrock,100,3400,83.72929368722448
genetic_algorithm,rosenbrock,100,3500,75.46900594121314
genetic_algorithm,rosenbrock,100,3600,73.8918938551116
genetic_algorithm,rosenbrock,100,3700,70.97399633244731
genetic_algorithm,rosenbrock,100,3800,60.62500803834383
genetic_algorithm,rosenbrock,100,3900,60.62500803834383
genetic_algorithm,rosenbrock,100,4000,60.62500803834383
genetic_algorithm,rosenbrock,100,4100,60.62500803834383
genetic_algorithm,rosenbrock,100,4200,54.845967544649874
genetic_algorithm,rosenbrock,100,4300,53.84600936986496
genetic_algorithm,rosenbrock,100,4400,53.84600936986496
genetic_algorithm,rosenbrock,100,4500,53.84600936986496
genetic_algorithm,rosenbrock,100,4600,53.84600936986496
genetic_algorithm,rosenbrock,100,4700,50.868833342080855
genetic_algorithm,rosenbrock,100,4800,50.868833342080855
genetic_algorithm,rosenbrock,100,4900,50.868833342080855
genetic_algorithm,rosenbrock,100,5000,50.868833342080855
genetic_algorithm,rosenbrock,100,5100,38.1697568144856
genetic_algorithm,rosenbrock,100,5200,36.63195636211401
genetic_algorithm,rosenbrock,100,5300,36.63195636211401
genetic_algorithm,rosenbrock,100,5400,36.547592878598806
genetic_algorithm,rosenbrock,100,5500,29.476066825555293
genetic_algorithm,rosenbrock,100,5600,29.476066825555293
genetic_algorithm,rosenbrock,100,5700,29.373237430253788
genetic_algorithm,rosenbrock,100,5800,28.571468753653892
genetic_algorithm,rosenbrock,100,5900,28.571468753653892
genetic_algorithm,rosenbrock,100,6000,28.571468753653892
genetic_algorithm,rosenbrock,100,6100,24.17407706559396
genetic_algorithm,rosenbrock,100,6200,24.17407706559396
genetic_algorithm,rosenbrock,100,6300,24.17407706559396
genetic_algorithm,rosenbrock,100,6400,24.17407706559396
genetic_algorithm,rosenbrock,100,6500,23.611951314993366
genetic_algorithm,rosenbrock,100,6600,23.611951314993366
genetic_algorithm,rosenbrock,100,6700,23.590907921350887
genetic_algorithm,rosenbrock,100,6800,23.590907921350887
genetic_algorithm,rosenbrock,100,6900,23.590907921350887
genetic_algorithm,rosenbrock,100,7000,13.055558284327606
genetic_algorithm,rosenbrock,100,7100,13.055558284327606
genetic_algorithm,rosenbrock,100,7200,13.055558284327606
genetic_algorithm,rosenbrock,100,7300,11.451039112252046
genetic_algorithm,rosenbrock,100,7400,11.451039112252046
genetic_algorithm,rosenbrock,100,7500,11.444344212194222
genetic_algorithm,rosenbrock,100,7600,11.444344212194222
genetic_algorithm,rosenbrock,100,7700,11.444344212194222
genetic_algorithm,rosenbrock,100,7800,11.444344212194222
genetic_algorithm,rosenbrock,100,7900,11.444344212194222
genetic_algorithm,rosenbrock,100,8000,11.444344212194222
genetic_algorithm,rosenbrock,100,8100,8.23939583056485
genetic_algorithm,rosenbrock,100,8200,8.23939583056485
genetic_algorithm,rosenbrock,100,8300,7.123429375894555
genetic_algorithm,rosenbrock,100,8400,7.123429375894555
genetic_algorithm,rosenbrock,100,8500,6.355965492803167
genetic_algorithm,rosenbrock,100,8600,5.957088512245984
genetic_algorithm,rosenbrock,100,8700,5.957088512245984
genetic_algorithm,rosenbrock,100,8800,5.957088512245984
genetic_algorithm,rosenbrock,100,8900,4.651488021447441
genetic_algorithm,rosenbrock,100,9000,4.0300989108084
genetic_algorithm,rosenbrock,100,9100,4.0300989108084
genetic_algorithm,rosenbrock,100,9200,4.0300989108084
genetic_algorithm,rosenbrock,100,9300,4.0300989108084
genetic_algorithm,rosenbrock,100,9400,4.0300989108084
genetic_algorithm,rosenbrock,100,9500,4.0300989108084
genetic_algorithm,rosenbrock,100,9600,4.0300989108084
genetic_algorithm,rosenbrock,100,9700,4.0300989108084
genetic_algorithm,rosenbrock,100,9800,3.5300909702835725
genetic_algorithm,rosenbrock,100,9900,2.7686208944964763
genetic_algorithm,rosenbrock,100,10000,2.7686208944964763
genetic_algorithm,rosenbrock,100,10100,2.7686208944964763
genetic_algorithm,rosenbrock,100,10200,2.7686208944964763
genetic_algorithm,rosenbrock,100,10300,2.7686208944964763
genetic_algorithm,rosenbrock,100,10400,2.7686208944964763
genetic_algorithm,rosenbrock,100,10500,2.7686208944964763
genetic_algorithm,rosenbrock,100,10600,2.7686208944964763
genetic_algorithm,rosenbrock,100,10700,2.699765029976572
genetic_algorithm,rosenbrock,100,10800,2.699765029976572
genetic_algorithm,rosenbrock,100,10900,2.699765029976572
genetic_algorithm,rosenbrock,100,11000,2.699765029976572
genetic_algorithm,rosenbrock,100,11100,2.699765029976572
genetic_algorithm,rosenbrock,100,11200,2.699765029976572
genetic_algorithm,rosenbrock,100,11300,2.699765029976572
genetic_algorithm,rosenbrock,100,11400,2.699765029976572
genetic_algorithm,rosenbrock,100,11500,2.699765029976572
genetic_algorithm,rosenbrock,100,11600,2.699765029976572
genetic_algorithm,rosenbrock,100,11700,2.699765029976572
genetic_algorithm,rosenbrock,100,11800,2.699765029976572
genetic_algorithm,rosenbrock,100,11900,2.699765029976572
genetic_algorithm,rosenbrock,100,12000,2.699765029976572
genetic_algorithm,rosenbrock,100,12100,2.699765029976572
genetic_algorithm,rosenbrock,100,12200,2.699765029976572
genetic_algorithm,rosenbrock,100,12300,2.699765029976572
genetic_algorithm,rosenbrock,100,12400,2.699765029976572
genetic_algorithm,rosenbrock,100,12500,2.699765029976572
genetic_algorithm,rosenbrock,100,12600,2.699765029976572
genetic_algorithm,rosenbrock,100,12700,2.699765029976572
genetic_algorithm,rosenbrock,100,12800,2.699765029976572
genetic_algorithm,rosenbrock,100,12900,2.699765029976572
genetic_algorithm,rosenbrock,100,13000,2.699765029976572
genetic_algorithm,rosenbrock,100,13100,2.699765029976572
genetic_algorithm,rosenbrock,100,13200,2.699765029976572
genetic_algorithm,rosenbrock,100,13300,2.699765029976572
genetic_algorithm,rosenbrock,100,13400,2.699765029976572
genetic_algorithm,rosenbrock,100,13500,2.699765029976572
genetic_algorithm,rosenbrock,100,13600,2.699765029976572
genetic_algorithm,rosenbrock,100,13700,2.699765029976572
genetic_algorithm,rosenbrock,100,13800,2.699765029976572
genetic_algorithm,rosenbrock,100,13900,2.699765029976572
genetic_algorithm,rosenbrock,100,14000,2.699765029976572
genetic_algorithm,rosenbrock,100,14100,2.699765029976572
genetic_algorithm,rosenbrock,100,14200,2.699765029976572
genetic_algorithm,rosenbrock,100,14300,2.699765029976572
genetic_algorithm,rosenbrock,100,14400,2.699765029976572
genetic_algorithm,rosenbrock,100,14500,2.699765029976572
genetic_algorithm,rosenbrock,100,14600,2.252312243141171
genetic_algorithm,rosenbrock,100,14700,2.252312243141171
genetic_algorithm,rosenbrock,100,14800,2.252312243141171
genetic_algorithm,rosenbrock,100,14900,2.252312243141171
genetic_algorithm,rosenbrock,100,15000,2.252312243141171
genetic_algorithm,rosenbrock,100,15100,2.252312243141171
genetic_algorithm,rosenbrock,100,15200,2.252312243141171
genetic_algorithm,rosenbrock,100,15300,2.097992348489444
genetic_algorithm,rosenbrock,100,15400,2.097992348489444
genetic_algorithm,rosenbrock,100,15500,2.097992348489444
genetic_algorithm,rosenbrock,100,15600,2.097992348489444
genetic_algorithm,rosenbrock,100,15700,2.097992348489444
genetic_algorithm,rosenbrock,100,15800,2.097992348489444
genetic_algorithm,rosenbrock,100,15900,2.097992348489444
genetic_algorithm,rosenbrock,100,16000,2.0375678524769545
genetic_algorithm,rosenbrock,100,16100,2.0375678524769545
genetic_algorithm,rosenbrock,100,16200,2.0375678524769545
genetic_algorithm,rosenbrock,100,16300,2.0375678524769545
genetic_algorithm,rosenbrock,100,16400,2.0375678524769545
genetic_algorithm,rosenbrock,100,16500,2.0375678524769545
genetic_algorithm,rosenbrock,100,16600,2.0375678524769545
genetic_algorithm,rosenbrock,100,16700,2.0375678524769545
genetic_algorithm,rosenbrock,100,16800,2.0375678524769545
genetic_algorithm,rosenbrock,100,16900,2.0375678524769545
genetic_algorithm,rosenbrock,100,17000,2.0375678524769545
genetic_algorithm,rosenbrock,100,17100,2.0375678524769545
genetic_algorithm,rosenbrock,100,17200,2.0375678524769545
genetic_algorithm,rosenbrock,100,17300,2.0375678524769545
genetic_algorithm,rosenbrock,100,17400,2.0375678524769545
genetic_algorithm,rosenbrock,100,17500,2.0375678524769545
genetic_algorithm,rosenbrock,100,17600,1.9313670932921077
genetic_algorithm,rosenbrock,100,17700,1.8938443831032084
genetic_algorithm,rosenbrock,100,17800,1.8938443831032084
genetic_algorithm,rosenbrock,100,17900,1.8938443831032084
genetic_algorithm,rosenbrock,100,18000,1.8938443831032084
genetic_algorithm,rosenbrock,100,18100,1.635128335876499
genetic_algorithm,rosenbrock,100,18200,1.635128335876499
genetic_algorithm,rosenbrock,100,18300,1.635128335876499
genetic_algorithm,rosenbrock,100,18400,1.635128335876499
genetic_algorithm,rosenbrock,100,18500,1.635128335876499
genetic_algorithm,rosenbrock,100,18600,1.635128335876499
genetic_algorithm,rosenbrock,100,18700,1.635128335876499
genetic_algorithm,rosenbrock,100,18800,1.635128335876499
genetic_algorithm,rosenbrock,100,18900,1.635128335876499
genetic_algorithm,rosenbrock,100,19000,1.635128335876499
genetic_algorithm,rosenbrock,100,19100,1.635128335876499
genetic_algorithm,rosenbrock,100,19200,1.635128335876499
genetic_algorithm,rosenbrock,100,19300,1.5737589301614219
genetic_algorithm,rosenbrock,100,19400,1.5737589301614219
genetic_algorithm,rosenbrock,100,19500,1.5737589301614219
genetic_algorithm,rosenbrock,100,19600,1.5737589301614219
genetic_algorithm,rosenbrock,100,19700,1.5737589301614219
genetic_algorithm,rosenbrock,100,19800,1.5737589301614219
genetic_algorithm,rosenbrock,100,19900,1.5737589301614219
genetic_algorithm,rosenbrock,100,20000,1.5737589301614219
genetic_algorithm,rosenbrock,101,100,13733.173066947782
genetic_algorithm,rosenbrock,101,200,4425.229753801898
genetic_algorithm,rosenbrock,101,300,2406.488675684481
genetic_algorithm,rosenbrock,101,400,1089.695438471998
genetic_algorithm,rosenbrock,101,500,379.1415908100878
genetic_algorithm,rosenbrock,101,600,194.77880090236528
genetic_algorithm,rosenbrock,101,700,97.93312967603235
genetic_algorithm,rosenbrock,101,800,82.20479879245846
genetic_algorithm,rosenbrock,101,900,51.78440779918337
genetic_algorithm,rosenbrock,101,1000,43.81823981242701
genetic_algorithm,rosenbrock,101,1100,23.20831077736631
genetic_algorithm,rosenbrock,101,1200,17.477761083418653
genetic_algorithm,rosenbrock,101,1300,17.477761083418653
genetic_algorithm,rosenbrock,101,1400,13.549314346107764
genetic_algorithm,rosenbrock,101,1500,13.549314346107764
genetic_algorithm,rosenbrock,101,1600,13.549314346107764
genetic_algorithm,rosenbrock,101,1700,13.488530044306032
genetic_algorithm,rosenbrock,101,1800,13.060772390365944
genetic_algorithm,rosenbrock,101,1900,9.945851118824779
genetic_algorithm,rosenbrock,101,2000,9.945851118824779
genetic_algorithm,rosenbrock,101,2100,9.798396712445207
genetic_algorithm,rosenbrock,101,2200,9.798396712445207
genetic_algorithm,rosenbrock,101,2300,9.42722178499599
genetic_algorithm,rosenbrock,101,2400,7.5563750943596
genetic_algorithm,rosenbrock,101,2500,7.502430763403888
genetic_algorithm,rosenbrock,101,2600,7.502430763403888
genetic_algorithm,rosenbrock,101,2700,7.502430763403888
genetic_algorithm,rosenbrock,101,2800,7.502430763403888
genetic_algorithm,rosenbrock,101,2900,7.502430763403888
genetic_algorithm,rosenbrock,101,3000,7.502430763403888
genetic_algorithm,rosenbrock,101,3100,7.502430763403888
genetic_algorithm,rosenbrock,101,3200,7.502430763403888
genetic_algorithm,rosenbrock,101,3300,7.459080560771366
genetic_algorithm,rosenbrock,101,3400,6.933725647130585
genetic_algorithm,rosenbrock,101,3500,6.8104309785737165
genetic_algorithm,rosenbrock,101,3600,6.8104309785737165
genetic_algorithm,rosenbrock,101,3700,6.8104309785737165
genetic_algorithm,rosenbrock,101,3800,6.8104309785737165
genetic_algorithm,rosenbrock,101,3900,6.8104309785737165
genetic_algorithm,rosenbrock,101,4000,6.693277719764659
genetic_algorithm,rosenbrock,101,4100,6.693277719764659
genetic_algorithm,rosenbrock,101,4200,6.682173103509983
genetic_algorithm,rosenbrock,101,4300,6.682173103509983
genetic_algorithm,rosenbrock,101,4400,6.682173103509983
genetic_algorithm,rosenbrock,101,4500,6.682173103509983
genetic_algorithm,rosenbrock,101,4600,6.682173103509983
genetic_algorithm,rosenbrock,101,4700,6.682173103509983
genetic_algorithm,rosenbrock,101,4800,6.682173103509983
genetic_algorithm,rosenbrock,101,4900,6.682173103509983
genetic_algorithm,rosenbrock,101,5000,6.682173103509983
genetic_algorithm,rosenbrock,101,5100,6.682173103509983
genetic_algorithm,rosenbrock,101,5200,6.682173103509983
genetic_algorithm,rosenbrock,101,5300,6.682173103509983
genetic_algorithm,rosenbrock,101,5400,6.682173103509983
genetic_algorithm,rosenbrock,101,5500,6.682173103509983
genetic_algorithm,rosenbrock,101,5600,6.578867541917956
genetic_algorithm,rosenbrock,101,5700,6.578867541917956
genetic_algorithm,rosenbrock,101,5800,6.578867541917956
genetic_algorithm,rosenbrock,101,5900,6.578867541917956
genetic_algorithm,rosenbrock,101,6000,6.578867541917956
genetic_algorithm,rosenbrock,101,6100,6.578867541917956
genetic_algorithm,rosenbrock,101,6200,6.578867541917956
genetic_algorithm,rosenbrock,101,6300,6.578867541917956
genetic_algorithm,rosenbrock,101,6400,6.578867541917956
genetic_algorithm,rosenbrock,101,6500,6.578867541917956
genetic_algorithm,rosenbrock,101,6600,6.578867541917956
genetic_algorithm,rosenbrock,101,6700,6.561674035591616
genetic_algorithm,rosenbrock,101,6800,6.560535985971892
genetic_algorithm,rosenbrock,101,6900,6.560535985971892
genetic_algorithm,rosenbrock,101,7000,6.560535985971892
genetic_algorithm,rosenbrock,101,7100,6.560535985971892
genetic_algorithm,rosenbrock,101,7200,6.560535985971892
genetic_algorithm,rosenbrock,101,7300,6.560535985971892
genetic_algorithm,rosenbrock,101,7400,6.560535985971892
genetic_algorithm,rosenbrock,101,7500,6.560535985971892
genetic_algorithm,rosenbrock,101,7600,6.560535985971892
genetic_algorithm,rosenbrock,101,7700,6.560535985971892
genetic_algorithm,rosenbrock,101,7800,6.560535985971892
genetic_algorithm,rosenbrock,101,7900,6.560535985971892
genetic_algorithm,rosenbrock,101,8000,6.560535985971892
genetic_algorithm,rosenbrock,101,8100,6.560535985971892
genetic_algorithm,rosenbrock,101,8200,6.560535985971892
genetic_algorithm,rosenbrock,101,8300,6.560535985971892
genetic_algorithm,rosenbrock,101,8400,6.560535985971892
genetic_algorithm,rosenbrock,101,8500,6.560535985971892
genetic_algorithm,rosenbrock,101,8600,6.555400471102018
genetic_algorithm,rosenbrock,101,8700,6.555400471102018
genetic_algorithm,rosenbrock,101,8800,6.555400471102018
genetic_algorithm,rosenbrock,101,8900,6.555400471102018
genetic_algorithm,rosenbrock,101,9000,6.555400471102018
genetic_algorithm,rosenbrock,101,9100,6.555400471102018
genetic_algorithm,rosenbrock,101,9200,6.555400471102018
genetic_algorithm,rosenbrock,101,9300,6.555400471102018
genetic_algorithm,rosenbrock,101,9400,6.543468176903383
genetic_algorithm,rosenbrock,101,9500,6.543468176903383
genetic_algorithm,rosenbrock,101,9600,6.543468176903383
genetic_algorithm,rosenbrock,101,9700,6.543468176903383
genetic_algorithm,rosenbrock,101,9800,6.543468176903383
genetic_algorithm,rosenbrock,101,9900,6.543468176903383
genetic_algorithm,rosenbrock,101,10000,6.543468176903383
genetic_algorithm,rosenbrock,101,10100,6.543468176903383
genetic_algorithm,rosenbrock,101,10200,6.543468176903383
genetic_algorithm,rosenbrock,101,10300,6.543468176903383
genetic_algorithm,rosenbrock,101,10400,6.543468176903383
genetic_algorithm,rosenbrock,101,10500,6.543468176903383
genetic_algorithm,rosenbrock,101,10600,6.543468176903383
genetic_algorithm,rosenbrock,101,10700,6.543468176903383
genetic_algorithm,rosenbrock,101,10800,6.543468176903383
genetic_algorithm,rosenbrock,101,10900,6.543468176903383
genetic_algorithm,rosenbrock,101,11000,6.543468176903383
genetic_algorithm,rosenbrock,101,11100,6.543468176903383
genetic_algorithm,rosenbrock,101,11200,6.543468176903383
genetic_algorithm,rosenbrock,101,11300,6.543468176903383
genetic_algorithm,rosenbrock,101,11400,6.543468176903383
genetic_algorithm,rosenbrock,101,11500,6.543468176903383
genetic_algorithm,rosenbrock,101,11600,6.543468176903383
genetic_algorithm,rosenbrock,101,11700,6.543468176903383
genetic_algorithm,rosenbrock,101,11800,6.543468176903383
genetic_algorithm,rosenbrock,101,11900,6.543468176903383
genetic_algorithm,rosenbrock,101,12000,6.543468176903383
genetic_algorithm,rosenbrock,101,12100,6.543468176903383
genetic_algorithm,rosenbrock,101,12200,6.543468176903383
genetic_algorithm,rosenbrock,101,12300,6.543468176903383
genetic_algorithm,rosenbrock,101,12400,6.543468176903383
genetic_algorithm,rosenbrock,101,12500,6.543468176903383
genetic_algorithm,rosenbrock,101,12600,6.543468176903383
genetic_algorithm,rosenbrock,101,12700,6.486115230802881
genetic_algorithm,rosenbrock,101,12800,6.486115230802881
genetic_algorithm,rosenbrock,101,12900,6.458381099365628
genetic_algorithm,rosenbrock,101,13000,6.458381099365628
genetic_algorithm,rosenbrock,101,13100,6.458381099365628
genetic_algorithm,rosenbrock,101,13200,6.458381099365628
genetic_algorithm,rosenbrock,101,13300,6.458381099365628
genetic_algorithm,rosenbrock,101,13400,6.458381099365628
genetic_algorithm,rosenbrock,101,13500,6.458381099365628
genetic_algorithm,rosenbrock,101,13600,6.458381099365628
genetic_algorithm,rosenbrock,101,13700,6.458381099365628
genetic_algorithm,rosenbrock,101,13800,6.458381099365628
genetic_algorithm,rosenbrock,101,13900,6.458381099365628
genetic_algorithm,rosenbrock,101,14000,6.458381099365628
genetic_algorithm,rosenbrock,101,14100,6.458381099365628
genetic_algorithm,rosenbrock,101,14200,6.458381099365628
genetic_algorithm,rosenbrock,101,14300,6.458381099365628
genetic_algorithm,rosenbrock,101,14400,6.458381099365628
genetic_algorithm,rosenbrock,101,14500,6.458381099365628
genetic_algorithm,rosenbrock,101,14600,6.458381099365628
genetic_algorithm,rosenbrock,101,14700,6.458381099365628
genetic_algorithm,rosenbrock,101,14800,6.458381099365628
genetic_algorithm,rosenbrock,101,14900,6.458381099365628
genetic_algorithm,rosenbrock,101,15000,6.458381099365628
genetic_algorithm,rosenbrock,101,15100,6.458381099365628
genetic_algorithm,rosenbrock,101,15200,6.458381099365628
genetic_algorithm,rosenbrock,101,15300,6.458381099365628
genetic_algorithm,rosenbrock,101,15400,6.458381099365628
genetic_algorithm,rosenbrock,101,15500,6.458381099365628
genetic_algorithm,rosenbrock,101,15600,6.458381099365628
genetic_algorithm,rosenbrock,101,15700,6.458381099365628
genetic_algorithm,rosenbrock,101,15800,6.458381099365628
genetic_algorithm,rosenbrock,101,15900,6.458381099365628
genetic_algorithm,rosenbrock,101,16000,6.458381099365628
genetic_algorithm,rosenbrock,101,16100,6.458381099365628
genetic_algorithm,rosenbrock,101,16200,6.458381099365628
genetic_algorithm,rosenbrock,101,16300,6.458381099365628
genetic_algorithm,rosenbrock,101,16400,6.458381099365628
genetic_algorithm,rosenbrock,101,16500,6.458381099365628
genetic_algorithm,rosenbrock,101,16600,6.458381099365628
genetic_algorithm,rosenbrock,101,16700,6.458381099365628
genetic_algorithm,rosenbrock,101,16800,6.458381099365628
genetic_algorithm,rosenbrock,101,16900,6.450419204164095
genetic_algorithm,rosenbrock,101,17000,6.450419204164095
genetic_algorithm,rosenbrock,101,17100,6.450419204164095
genetic_algorithm,rosenbrock,101,17200,6.450419204164095
genetic_algorithm,rosenbrock,101,17300,6.446769175482813
genetic_algorithm,rosenbrock,101,17400,6.446769175482813
genetic_algorithm,rosenbrock,101,17500,6.446769175482813
genetic_algorithm,rosenbrock,101,17600,6.446769175482813
genetic_algorithm,rosenbrock,101,17700,6.446769175482813
genetic_algorithm,rosenbrock,101,17800,6.446769175482813
genetic_algorithm,rosenbrock,101,17900,6.446769175482813
genetic_algorithm,rosenbrock,101,18000,6.446769175482813
genetic_algorithm,rosenbrock,101,18100,6.446769175482813
genetic_algorithm,rosenbrock,101,18200,6.446769175482813
genetic_algorithm,rosenbrock,101,18300,6.446769175482813
genetic_algorithm,rosenbrock,101,18400,6.446769175482813
genetic_algorithm,rosenbrock,101,18500,6.446769175482813
genetic_algorithm,rosenbrock,101,18600,6.446769175482813
genetic_algorithm,rosenbrock,101,18700,6.446769175482813
genetic_algorithm,rosenbrock,101,18800,6.446769175482813
genetic_algorithm,rosenbrock,101,18900,6.446769175482813
genetic_algorithm,rosenbrock,101,19000,6.446769175482813
genetic_algorithm,rosenbrock,101,19100,6.446769175482813
genetic_algorithm,rosenbrock,101,19200,6.446769175482813
genetic_algorithm,rosenbrock,101,19300,6.446769175482813
genetic_algorithm,rosenbrock,101,19400,6.446769175482813
genetic_algorithm,rosenbrock,101,19500,6.446769175482813
genetic_algorithm,rosenbrock,101,19600,6.446769175482813
genetic_algorithm,rosenbrock,101,19700,6.446769175482813
genetic_algorithm,rosenbrock,101,19800,6.446769175482813
genetic_algorithm,rosenbrock,101,19900,6.446769175482813
genetic_algorithm,rosenbrock,101,20000,6.446769175482813
genetic_algorithm,rosenbrock,102,100,46063.571986903626
genetic_algorithm,rosenbrock,102,200,32683.759976578393
genetic_algorithm,rosenbrock,102,300,6670.06924999913
genetic_algorithm,rosenbrock,102,400,1923.2802890930548
genetic_algorithm,rosenbrock,102,500,714.9177178408659
genetic_algorithm,rosenbrock,102,600,266.4999641676389
genetic_algorithm,rosenbrock,102,700,194.49779872298865
genetic_algorithm,rosenbrock,102,800,138.26429941839163
genetic_algorithm,rosenbrock,102,900,99.97323435551993
genetic_algorithm,rosenbrock,102,1000,91.61918420820902
genetic_algorithm,rosenbrock,102,1100,71.85302184775045
genetic_algorithm,rosenbrock,102,1200,68.33010398434209
genetic_algorithm,rosenbrock,102,1300,67.22001650511939
genetic_algorithm,rosenbrock,102,1400,65.77376443075441
genetic_algorithm,rosenbrock,102,1500,62.56166877335514
genetic_algorithm,rosenbrock,102,1600,54.12371861889723
genetic_algorithm,rosenbrock,102,1700,51.757658680614306
genetic_algorithm,rosenbrock,102,1800,46.27213901669082
genetic_algorithm,rosenbrock,102,1900,43.48900099923248
genetic_algorithm,rosenbrock,102,2000,37.931297972440774
genetic_algorithm,rosenbrock,102,2100,28.349423634470128
genetic_algorithm,rosenbrock,102,2200,22.427979436831407
genetic_algorithm,rosenbrock,102,2300,21.630447522306696
genetic_algorithm,rosenbrock,102,2400,20.98191130583136
genetic_algorithm,rosenbrock,102,2500,20.62461259027865
genetic_algorithm,rosenbrock,102,2600,20.62461259027865
genetic_algorithm,rosenbrock,102,2700,12.504676404936884
genetic_algorithm,rosenbrock,102,2800,12.504676404936884
genetic_algorithm,rosenbrock,102,2900,12.504676404936884
genetic_algorithm,rosenbrock,102,3000,12.504676404936884
genetic_algorithm,rosenbrock,102,3100,11.992963144405671
genetic_algorithm,rosenbrock,102,3200,11.992963144405671
genetic_algorithm,rosenbrock,102,3300,11.977469084106977
genetic_algorithm,rosenbrock,102,3400,11.494383361541315
genetic_algorithm,rosenbrock,102,3500,11.494383361541315
genetic_algorithm,rosenbrock,102,3600,10.314739908206672
genetic_algorithm,rosenbrock,102,3700,10.314739908206672
genetic_algorithm,rosenbrock,102,3800,10.314739908206672
genetic_algorithm,rosenbrock,102,3900,10.314739908206672
genetic_algorithm,rosenbrock,102,4000,10.314739908206672
genetic_algorithm,rosenbrock,102,4100,10.152773306413057
genetic_algorithm,rosenbrock,102,4200,10.046815468668363
genetic_algorithm,rosenbrock,102,4300,10.046815468668363
genetic_algorithm,rosenbrock,102,4400,9.877899902881337
genetic_algorithm,rosenbrock,102,4500,9.547289080037553
genetic_algorithm,rosenbrock,102,4600,9.547289080037553
genetic_algorithm,rosenbrock,102,4700,9.547289080037553
genetic_algorithm,rosenbrock,102,4800,8.92805903946427
genetic_algorithm,rosenbrock,102,4900,8.92805903946427
genetic_algorithm,rosenbrock,102,5000,8.92805903946427
genetic_algorithm,rosenbrock,102,5100,8.92805903946427
genetic_algorithm,rosenbrock,102,5200,8.92805903946427
genetic_algorithm,rosenbrock,102,5300,8.822470587652974
genetic_algorithm,rosenbrock,102,5400,8.822470587652974
genetic_algorithm,rosenbrock,102,5500,8.822470587652974
genetic_algorithm,rosenbrock,102,5600,8.822470587652974
genetic_algorithm,rosenbrock,102,5700,8.822470587652974
genetic_algorithm,rosenbrock,102,5800,8.822470587652974
genetic_algorithm,rosenbrock,102,5900,8.822470587652974
genetic_algorithm,rosenbrock,102,6000,8.822470587652974
genetic_algorithm,rosenbrock,102,6100,8.822470587652974
genetic_algorithm,rosenbrock,102,6200,8.822470587652974
genetic_algorithm,rosenbrock,102,6300,8.822470587652974
genetic_algorithm,rosenbrock,102,6400,8.822470587652974
genetic_algorithm,rosenbrock,102,6500,8.822470587652974
genetic_algorithm,rosenbrock,102,6600,8.822470587652974
genetic_algorithm,rosenbrock,102,6700,8.822470587652974
genetic_algorithm,rosenbrock,102,6800,8.822470587652974
genetic_algorithm,rosenbrock,102,6900,8.822470587652974
genetic_algorithm,rosenbrock,102,7000,8.822470587652974
genetic_algorithm,rosenbrock,102,7100,8.822470587652974
genetic_algorithm,rosenbrock,102,7200,8.822470587652974
genetic_algorithm,rosenbrock,102,7300,8.822470587652974
genetic_algorithm,rosenbrock,102,7400,8.822470587652974
genetic_algorithm,rosenbrock,102,7500,8.771556701251882
genetic_algorithm,rosenbrock,102,7600,8.771556701251882
genetic_algorithm,rosenbrock,102,7700,8.710413436859042
genetic_algorithm,rosenbrock,102,7800,8.710413436859042
genetic_algorithm,rosenbrock,102,7900,8.710413436859042
genetic_algorithm,rosenbrock,102,8000,8.710413436859042
genetic_algorithm,rosenbrock,102,8100,8.710413436859042
genetic_algorithm,rosenbrock,102,8200,8.710413436859042
genetic_algorithm,rosenbrock,102,8300,8.710413436859042
genetic_algorithm,rosenbrock,102,8400,8.710413436859042
genetic_algorithm,rosenbrock,102,8500,8.710413436859042
genetic_algorithm,rosenbrock,102,8600,8.710413436859042
genetic_algorithm,rosenbrock,102,8700,8.710413436859042
genetic_algorithm,rosenbrock,102,8800,8.710413436859042
genetic_algorithm,rosenbrock,102,8900,8.710413436859042
genetic_algorithm,rosenbrock,102,9000,8.706424022496318
genetic_algorithm,rosenbrock,102,9100,8.706424022496318
genetic_algorithm,rosenbrock,102,9200,8.706424022496318
genetic_algorithm,rosenbrock,102,9300,8.706424022496318
genetic_algorithm,rosenbrock,102,9400,8.546234191196989
genetic_algorithm,rosenbrock,102,9500,8.492139712171143
genetic_algorithm,rosenbrock,102,9600,8.492139712171143
genetic_algorithm,rosenbrock,102,9700,8.492139712171143
genetic_algorithm,rosenbrock,102,9800,8.492139712171143
genetic_algorithm,rosenbrock,102,9900,8.410638936502355
genetic_algorithm,rosenbrock,102,10000,8.371241404507453
genetic_algorithm,rosenbrock,102,10100,8.371241404507453
genetic_algorithm,rosenbrock,102,10200,8.267737660952438
genetic_algorithm,rosenbrock,102,10300,8.236271183490018
genetic_algorithm,rosenbrock,102,10400,8.210506046690263
genetic_algorithm,rosenbrock,102,10500,8.210506046690263
genetic_algorithm,rosenbrock,102,10600,8.210506046690263
genetic_algorithm,rosenbrock,102,10700,8.210506046690263
genetic_algorithm,rosenbrock,102,10800,8.210506046690263
genetic_algorithm,rosenbrock,102,10900,8.210506046690263
genetic_algorithm,rosenbrock,102,11000,8.210506046690263
genetic_algorithm,rosenbrock,102,11100,8.210506046690263
genetic_algorithm,rosenbrock,102,11200,8.105730626405181
genetic_algorithm,rosenbrock,102,11300,8.105730626405181
genetic_algorithm,rosenbrock,102,11400,8.105730626405181
genetic_algorithm,rosenbrock,102,11500,8.105730626405181
genetic_algorithm,rosenbrock,102,11600,8.105730626405181
genetic_algorithm,rosenbrock,102,11700,8.105730626405181
genetic_algorithm,rosenbrock,102,11800,8.105730626405181
genetic_algorithm,rosenbrock,102,11900,8.105730626405181
genetic_algorithm,rosenbrock,102,12000,8.105730626405181
genetic_algorithm,rosenbrock,102,12100,8.105730626405181
genetic_algorithm,rosenbrock,102,12200,8.040753732165667
genetic_algorithm,rosenbrock,102,12300,8.040753732165667
genetic_algorithm,rosenbrock,102,12400,8.040753732165667
genetic_algorithm,rosenbrock,102,12500,8.040753732165667
genetic_algorithm,rosenbrock,102,12600,8.040753732165667
genetic_algorithm,rosenbrock,102,12700,8.040753732165667
genetic_algorithm,rosenbrock,102,12800,8.040753732165667
genetic_algorithm,rosenbrock,102,12900,8.040753732165667
genetic_algorithm,rosenbrock,102,13000,8.040753732165667
genetic_algorithm,rosenbrock,102,13100,8.040753732165667
genetic_algorithm,rosenbrock,102,13200,8.040753732165667
genetic_algorithm,rosenbrock,102,13300,8.040753732165667
genetic_algorithm,rosenbrock,102,13400,8.040753732165667
genetic_algorithm,rosenbrock,102,13500,7.915363974315868
genetic_algorithm,rosenbrock,102,13600,7.915363974315868
genetic_algorithm,rosenbrock,102,13700,7.915363974315868
genetic_algorithm,rosenbrock,102,13800,7.8445024495072575
genetic_algorithm,rosenbrock,102,13900,7.8445024495072575
genetic_algorithm,rosenbrock,102,14000,7.8445024495072575
genetic_algorithm,rosenbrock,102,14100,7.8445024495072575
genetic_algorithm,rosenbrock,102,14200,7.836787645769117
genetic_algorithm,rosenbrock,102,14300,7.836787645769117
genetic_algorithm,rosenbrock,102,14400,7.836787645769117
genetic_algorithm,rosenbrock,102,14500,7.836787645769117
genetic_algorithm,rosenbrock,102,14600,7.836787645769117
genetic_algorithm,rosenbrock,102,14700,7.836787645769117
genetic_algorithm,rosenbrock,102,14800,7.836787645769117
genetic_algorithm,rosenbrock,102,14900,7.7753058428873185
genetic_algorithm,rosenbrock,102,15000,7.7753058428873185
genetic_algorithm,rosenbrock,102,15100,7.7753058428873185
genetic_algorithm,rosenbrock,102,15200,7.7753058428873185
genetic_algorithm,rosenbrock,102,15300,7.7753058428873185
genetic_algorithm,rosenbrock,102,15400,7.7753058428873185
genetic_algorithm,rosenbrock,102,15500,7.7753058428873185
genetic_algorithm,rosenbrock,102,15600,7.7753058428873185
genetic_algorithm,rosenbrock,102,15700,7.7753058428873185
genetic_algorithm,rosenbrock,102,15800,7.7753058428873185
genetic_algorithm,rosenbrock,102,15900,7.7753058428873185
genetic_algorithm,rosenbrock,102,16000,7.7753058428873185
genetic_algorithm,rosenbrock,102,16100,7.7753058428873185
genetic_algorithm,rosenbrock,102,16200,7.7753058428873185
genetic_algorithm,rosenbrock,102,16300,7.7753058428873185
genetic_algorithm,rosenbrock,102,16400,7.7753058428873185
genetic_algorithm,rosenbrock,102,16500,7.7753058428873185
genetic_algorithm,rosenbrock,102,16600,7.7753058428873185
genetic_algorithm,rosenbrock,102,16700,7.7753058428873185
genetic_algorithm,rosenbrock,102,16800,7.766201027442947
genetic_algorithm,rosenbrock,102,16900,7.766201027442947
genetic_algorithm,rosenbrock,102,17000,7.766201027442947
genetic_algorithm,rosenbrock,102,17100,7.766201027442947
genetic_algorithm,rosenbrock,102,17200,7.766201027442947
genetic_algorithm,rosenbrock,102,17300,7.766201027442947
genetic_algorithm,rosenbrock,102,17400,7.766201027442947
genetic_algorithm,rosenbrock,102,17500,7.766201027442947
genetic_algorithm,rosenbrock,102,17600,7.766201027442947
genetic_algorithm,rosenbrock,102,17700,7.766201027442947
genetic_algorithm,rosenbrock,102,17800,7.766201027442947
genetic_algorithm,rosenbrock,102,17900,7.766201027442947
genetic_algorithm,rosenbrock,102,18000,7.766201027442947
genetic_algorithm,rosenbrock,102,18100,7.766201027442947
genetic_algorithm,rosenbrock,102,18200,7.766201027442947
genetic_algorithm,rosenbrock,102,18300,7.766201027442947
genetic_algorithm,rosenbrock,102,18400,7.766201027442947
genetic_algorithm,rosenbrock,102,18500,7.766201027442947
genetic_algorithm,rosenbrock,102,18600,7.766201027442947
genetic_algorithm,rosenbrock,102,18700,7.766201027442947
genetic_algorithm,rosenbrock,102,18800,7.766201027442947
genetic_algorithm,rosenbrock,102,18900,7.766201027442947
genetic_algorithm,rosenbrock,102,19000,7.717003061886828
genetic_algorithm,rosenbrock,102,19100,7.717003061886828
genetic_algorithm,rosenbrock,102,19200,7.717003061886828
genetic_algorithm,rosenbrock,102,19300,7.717003061886828
genetic_algorithm,rosenbrock,102,19400,7.717003061886828
genetic_algorithm,rosenbrock,102,19500,7.717003061886828
genetic_algorithm,rosenbrock,102,19600,7.717003061886828
genetic_algorithm,rosenbrock,102,19700,7.717003061886828
genetic_algorithm,rosenbrock,102,19800,7.717003061886828
genetic_algorithm,rosenbrock,102,19900,7.717003061886828
genetic_algorithm,rosenbrock,102,20000,7.717003061886828
genetic_algorithm,rosenbrock,103,100,33179.343701388214
genetic_algorithm,rosenbrock,103,200,20544.637450460224
genetic_algorithm,rosenbrock,103,300,4127.204775501717
genetic_algorithm,rosenbrock,103,400,1866.8995756531856
genetic_algorithm,rosenbrock,103,500,964.2077421035475
genetic_algorithm,rosenbrock,103,600,656.8871653952692
genetic_algorithm,rosenbrock,103,700,545.090660787369
genetic_algorithm,rosenbrock,103,800,239.97341284361136
genetic_algorithm,rosenbrock,103,900,114.87428238174343
genetic_algorithm,rosenbrock,103,1000,110.76935381698937
genetic_algorithm,rosenbrock,103,1100,92.53105619115773
genetic_algorithm,rosenbrock,103,1200,88.13645081298326
genetic_algorithm,rosenbrock,103,1300,77.51122498601443
genetic_algorithm,rosenbrock,103,1400,72.33650254245946
genetic_algorithm,rosenbrock,103,1500,70.56089654648054
genetic_algorithm,rosenbrock,103,1600,66.0364280030982
genetic_algorithm,rosenbrock,103,1700,66.0364280030982
genetic_algorithm,rosenbrock,103,1800,64.45716100568322
genetic_algorithm,rosenbrock,103,1900,64.45716100568322
genetic_algorithm,rosenbrock,103,2000,64.45716100568322
genetic_algorithm,rosenbrock,103,2100,64.45716100568322
genetic_algorithm,rosenbrock,103,2200,64.45716100568322
genetic_algorithm,rosenbrock,103,2300,61.926052104892996
genetic_algorithm,rosenbrock,103,2400,60.3792918714289
genetic_algorithm,rosenbrock,103,2500,60.3792918714289
genetic_algorithm,rosenbrock,103,2600,57.77051751822096
genetic_algorithm,rosenbrock,103,2700,57.77051751822096
genetic_algorithm,rosenbrock,103,2800,57.77051751822096
genetic_algorithm,rosenbrock,103,2900,57.05560846011126
genetic_algorithm,rosenbrock,103,3000,57.05560846011126
genetic_algorithm,rosenbrock,103,3100,57.05560846011126
genetic_algorithm,rosenbrock,103,3200,54.12928951081107
genetic_algorithm,rosenbrock,103,3300,52.98365853106701
genetic_algorithm,rosenbrock,103,3400,52.69587689209722
genetic_algorithm,rosenbrock,103,3500,49.71968778918637
genetic_algorithm,rosenbrock,103,3600,49.351594842848634
genetic_algorithm,rosenbrock,103,3700,49.351594842848634
genetic_algorithm,rosenbrock,103,3800,49.351594842848634
genetic_algorithm,rosenbrock,103,3900,49.351594842848634
genetic_algorithm,rosenbrock,103,4000,49.351594842848634
genetic_algorithm,rosenbrock,103,4100,49.35155083893825
genetic_algorithm,rosenbrock,103,4200,46.561625821921375
genetic_algorithm,rosenbrock,103,4300,42.71948264780949
genetic_algorithm,rosenbrock,103,4400,32.49746979944696
genetic_algorithm,rosenbrock,103,4500,32.49746979944696
genetic_algorithm,rosenbrock,103,4600,31.893783064606634
genetic_algorithm,rosenbrock,103,4700,29.709068765376525
genetic_algorithm,rosenbrock,103,4800,29.709068765376525
genetic_algorithm,rosenbrock,103,4900,29.709068765376525
genetic_algorithm,rosenbrock,103,5000,23.54270626022077
genetic_algorithm,rosenbrock,103,5100,23.370591433039312
genetic_algorithm,rosenbrock,103,5200,21.02362372155401
genetic_algorithm,rosenbrock,103,5300,21.02362372155401
genetic_algorithm,rosenbrock,103,5400,20.492876897146797
genetic_algorithm,rosenbrock,103,5500,18.966203841912947
genetic_algorithm,rosenbrock,103,5600,17.79496237027841
genetic_algorithm,rosenbrock,103,5700,17.79496237027841
genetic_algorithm,rosenbrock,103,5800,17.79496237027841
genetic_algorithm,rosenbrock,103,5900,17.79496237027841
genetic_algorithm,rosenbrock,103,6000,16.408071493735772
genetic_algorithm,rosenbrock,103,6100,15.127631366841328
genetic_algorithm,rosenbrock,103,6200,15.127631366841328
genetic_algorithm,rosenbrock,103,6300,15.127631366841328
genetic_algorithm,rosenbrock,103,6400,15.127631366841328
genetic_algorithm,rosenbrock,103,6500,15.127631366841328
genetic_algorithm,rosenbrock,103,6600,9.207284193065
genetic_algorithm,rosenbrock,103,6700,9.207284193065
genetic_algorithm,rosenbrock,103,6800,9.207284193065
genetic_algorithm,rosenbrock,103,6900,9.207284193065
genetic_algorithm,rosenbrock,103,7000,9.207284193065
genetic_algorithm,rosenbrock,103,7100,6.8313509433040105
genetic_algorithm,rosenbrock,103,7200,6.8313509433040105
genetic_algorithm,rosenbrock,103,7300,5.667900579592141
genetic_algorithm,rosenbrock,103,7400,5.402198802615865
genetic_algorithm,rosenbrock,103,7500,5.402198802615865
genetic_algorithm,rosenbrock,103,7600,5.089867739975277
genetic_algorithm,rosenbrock,103,7700,5.089867739975277
genetic_algorithm,rosenbrock,103,7800,5.089867739975277
genetic_algorithm,rosenbrock,103,7900,4.3043121863477944
genetic_algorithm,rosenbrock,103,8000,3.8761431267552062
genetic_algorithm,rosenbrock,103,8100,3.8761431267552062
genetic_algorithm,rosenbrock,103,8200,3.8761431267552062
genetic_algorithm,rosenbrock,103,8300,3.8761431267552062
genetic_algorithm,rosenbrock,103,8400,3.8761431267552062
genetic_algorithm,rosenbrock,103,8500,3.6049531236875256
genetic_algorithm,rosenbrock,103,8600,3.6049531236875256
genetic_algorithm,rosenbrock,103,8700,3.6049531236875256
genetic_algorithm,rosenbrock,103,8800,3.214502403800992
genetic_algorithm,rosenbrock,103,8900,3.214502403800992
genetic_algorithm,rosenbrock,103,9000,2.442728658091528
genetic_algorithm,rosenbrock,103,9100,2.442728658091528
genetic_algorithm,rosenbrock,103,9200,2.442728658091528
genetic_algorithm,rosenbrock,103,9300,2.442728658091528
genetic_algorithm,rosenbrock,103,9400,2.442728658091528
genetic_algorithm,rosenbrock,103,9500,2.442728658091528
genetic_algorithm,rosenbrock,103,9600,2.442728658091528
genetic_algorithm,rosenbrock,103,9700,2.442728658091528
genetic_algorithm,rosenbrock,103,9800,2.442728658091528
genetic_algorithm,rosenbrock,103,9900,2.442728658091528
genetic_algorithm,rosenbrock,103,10000,2.442728658091528
genetic_algorithm,rosenbrock,103,10100,2.442728658091528
genetic_algorithm,rosenbrock,103,10200,2.442728658091528
genetic_algorithm,rosenbrock,103,10300,2.442728658091528
genetic_algorithm,rosenbrock,103,10400,2.429998701001458
genetic_algorithm,rosenbrock,103,10500,2.429998701001458
genetic_algorithm,rosenbrock,103,10600,2.429998701001458
genetic_algorithm,rosenbrock,103,10700,2.429998701001458
genetic_algorithm,rosenbrock,103,10800,2.429998701001458
genetic_algorithm,rosenbrock,103,10900,2.42948829734091
genetic_algorithm,rosenbrock,103,11000,2.310977000237696
genetic_algorithm,rosenbrock,103,11100,2.220763393218855
genetic_algorithm,rosenbrock,103,11200,2.220763393218855
genetic_algorithm,rosenbrock,103,11300,2.220763393218855
genetic_algorithm,rosenbrock,103,11400,2.220763393218855
genetic_algorithm,rosenbrock,103,11500,2.157474778745054
genetic_algorithm,rosenbrock,103,11600,1.7665414553804817
genetic_algorithm,rosenbrock,103,11700,1.7665414553804817
genetic_algorithm,rosenbrock,103,11800,1.7665414553804817
genetic_algorithm,rosenbrock,103,11900,1.7665414553804817
genetic_algorithm,rosenbrock,103,12000,1.7665414553804817
genetic_algorithm,rosenbrock,103,12100,1.7665414553804817
genetic_algorithm,rosenbrock,103,12200,1.7665414553804817
genetic_algorithm,rosenbrock,103,12300,1.7665414553804817
genetic_algorithm,rosenbrock,103,12400,1.7665414553804817
genetic_algorithm,rosenbrock,103,12500,1.7665414553804817
genetic_algorithm,rosenbrock,103,12600,1.7665414553804817
genetic_algorithm,rosenbrock,103,12700,1.7665414553804817
genetic_algorithm,rosenbrock,103,12800,1.7665414553804817
genetic_algorithm,rosenbrock,103,12900,1.6504771604694406
genetic_algorithm,rosenbrock,103,13000,1.6504771604694406
genetic_algorithm,rosenbrock,103,13100,1.5296206039399693
genetic_algorithm,rosenbrock,103,13200,1.5296206039399693
genetic_algorithm,rosenbrock,103,13300,1.5296206039399693
genetic_algorithm,rosenbrock,103,13400,1.5296206039399693
genetic_algorithm,rosenbrock,103,13500,1.5296206039399693
genetic_algorithm,rosenbrock,103,13600,1.463786752505399
genetic_algorithm,rosenbrock,103,13700,1.463786752505399
genetic_algorithm,rosenbrock,103,13800,1.463786752505399
genetic_algorithm,rosenbrock,103,13900,1.463786752505399
genetic_algorithm,rosenbrock,103,14000,1.4585866622612371
genetic_algorithm,rosenbrock,103,14100,1.4585866622612371
genetic_algorithm,rosenbrock,103,14200,1.4585866622612371
genetic_algorithm,rosenbrock,103,14300,1.4585866622612371
genetic_algorithm,rosenbrock,103,14400,1.4585866622612371
genetic_algorithm,rosenbrock,103,14500,1.4585866622612371
genetic_algorithm,rosenbrock,103,14600,1.4585866622612371
genetic_algorithm,rosenbrock,103,14700,1.4585866622612371
genetic_algorithm,rosenbrock,103,14800,1.4585866622612371
genetic_algorithm,rosenbrock,103,14900,1.4585866622612371
genetic_algorithm,rosenbrock,103,15000,1.4585866622612371
genetic_algorithm,rosenbrock,103,15100,1.4585866622612371
genetic_algorithm,rosenbrock,103,15200,1.4585866622612371
genetic_algorithm,rosenbrock,103,15300,1.4585866622612371
genetic_algorithm,rosenbrock,103,15400,1.4585866622612371
genetic_algorithm,rosenbrock,103,15500,1.4585866622612371
genetic_algorithm,rosenbrock,103,15600,1.4585866622612371
genetic_algorithm,rosenbrock,103,15700,1.4585866622612371
genetic_algorithm,rosenbrock,103,15800,1.4585866622612371
genetic_algorithm,rosenbrock,103,15900,1.4585866622612371
genetic_algorithm,rosenbrock,103,16000,1.4585866622612371
genetic_algorithm,rosenbrock,103,16100,1.4585866622612371
genetic_algorithm,rosenbrock,103,16200,1.4585866622612371
genetic_algorithm,rosenbrock,103,16300,1.4585866622612371
genetic_algorithm,rosenbrock,103,16400,1.4585866622612371
genetic_algorithm,rosenbrock,103,16500,1.4585866622612371
genetic_algorithm,rosenbrock,103,16600,1.1165063794429329
genetic_algorithm,rosenbrock,103,16700,1.1165063794429329
genetic_algorithm,rosenbrock,103,16800,1.1165063794429329
genetic_algorithm,rosenbrock,103,16900,1.0920585825103872
genetic_algorithm,rosenbrock,103,17000,1.0920585825103872
genetic_algorithm,rosenbrock,103,17100,1.0920585825103872
genetic_algorithm,rosenbrock,103,17200,0.7995804798576959
genetic_algorithm,rosenbrock,103,17300,0.7995804798576959
genetic_algorithm,rosenbrock,103,17400,0.7995804798576959
genetic_algorithm,rosenbrock,103,17500,0.7995804798576959
genetic_algorithm,rosenbrock,103,17600,0.7995804798576959
genetic_algorithm,rosenbrock,103,17700,0.7995804798576959
genetic_algorithm,rosenbrock,103,17800,0.7995804798576959
genetic_algorithm,rosenbrock,103,17900,0.7995804798576959
genetic_algorithm,rosenbrock,103,18000,0.7840213068592069
genetic_algorithm,rosenbrock,103,18100,0.7840213068592069
genetic_algorithm,rosenbrock,103,18200,0.7840213068592069
genetic_algorithm,rosenbrock,103,18300,0.7840213068592069
genetic_algorithm,rosenbrock,103,18400,0.7840213068592069
genetic_algorithm,rosenbrock,103,18500,0.7840213068592069
genetic_algorithm,rosenbrock,103,18600,0.7840213068592069
genetic_algorithm,rosenbrock,103,18700,0.7840213068592069
genetic_algorithm,rosenbrock,103,18800,0.7840213068592069
genetic_algorithm,rosenbrock,103,18900,0.7840213068592069
genetic_algorithm,rosenbrock,103,19000,0.7840213068592069
genetic_algorithm,rosenbrock,103,19100,0.7840213068592069
genetic_algorithm,rosenbrock,103,19200,0.7840213068592069
genetic_algorithm,rosenbrock,103,19300,0.7840213068592069
genetic_algorithm,rosenbrock,103,19400,0.7840213068592069
genetic_algorithm,rosenbrock,103,19500,0.7840213068592069
genetic_algorithm,rosenbrock,103,19600,0.7840213068592069
genetic_algorithm,rosenbrock,103,19700,0.7840213068592069
genetic_algorithm,rosenbrock,103,19800,0.7840213068592069
genetic_algorithm,rosenbrock,103,19900,0.7834362781121965
genetic_algorithm,rosenbrock,103,20000,0.7834362781121965
genetic_algorithm,rosenbrock,104,100,56564.8203090822
genetic_algorithm,rosenbrock,104,200,14880.630590662613
genetic_algorithm,rosenbrock,104,300,1948.735561632714
genetic_algorithm,rosenbrock,104,400,622.0286270913875
genetic_algorithm,rosenbrock,104,500,500.50875654604715
genetic_algorithm,rosenbrock,104,600,249.70813737116487
genetic_algorithm,rosenbrock,104,700,224.46058353753318
genetic_algorithm,rosenbrock,104,800,130.2006326829
genetic_algorithm,rosenbrock,104,900,89.60973817967889
genetic_algorithm,rosenbrock,104,1000,75.93512468079186
genetic_algorithm,rosenbrock,104,1100,61.89222469222384
genetic_algorithm,rosenbrock,104,1200,47.020738665518515
genetic_algorithm,rosenbrock,104,1300,47.020738665518515
genetic_algorithm,rosenbrock,104,1400,26.81390134534277
genetic_algorithm,rosenbrock,104,1500,25.289862238872892
genetic_algorithm,rosenbrock,104,1600,19.20416192830828
genetic_algorithm,rosenbrock,104,1700,17.935974240792824
genetic_algorithm,rosenbrock,104,1800,17.935974240792824
genetic_algorithm,rosenbrock,104,1900,12.98395662424234
genetic_algorithm,rosenbrock,104,2000,12.284727983865134
genetic_algorithm,rosenbrock,104,2100,10.878790252443794
genetic_algorithm,rosenbrock,104,2200,10.878790252443794
genetic_algorithm,rosenbrock,104,2300,9.939560941769534
genetic_algorithm,rosenbrock,104,2400,9.926038678354702
genetic_algorithm,rosenbrock,104,2500,9.439471066936113
genetic_algorithm,rosenbrock,104,2600,9.439471066936113
genetic_algorithm,rosenbrock,104,2700,9.439471066936113
genetic_algorithm,rosenbrock,104,2800,9.439471066936113
genetic_algorithm,rosenbrock,104,2900,9.439471066936113
genetic_algorithm,rosenbrock,104,3000,9.317485356460091
genetic_algorithm,rosenbrock,104,3100,9.317485356460091
genetic_algorithm,rosenbrock,104,3200,9.317485356460091
genetic_algorithm,rosenbrock,104,3300,9.317485356460091
genetic_algorithm,rosenbrock,104,3400,9.317485356460091
genetic_algorithm,rosenbrock,104,3500,9.317485356460091
genetic_algorithm,rosenbrock,104,3600,9.317485356460091
genetic_algorithm,rosenbrock,104,3700,8.929760159668012
genetic_algorithm,rosenbrock,104,3800,8.929760159668012
genetic_algorithm,rosenbrock,104,3900,8.72724936264156
genetic_algorithm,rosenbrock,104,4000,8.522964791917774
genetic_algorithm,rosenbrock,104,4100,8.522964791917774
genetic_algorithm,rosenbrock,104,4200,8.522964791917774
genetic_algorithm,rosenbrock,104,4300,8.522964791917774
genetic_algorithm,rosenbrock,104,4400,8.522964791917774
genetic_algorithm,rosenbrock,104,4500,8.522964791917774
genetic_algorithm,rosenbrock,104,4600,8.434742064287587
genetic_algorithm,rosenbrock,104,4700,8.434742064287587
genetic_algorithm,rosenbrock,104,4800,8.434742064287587
genetic_algorithm,rosenbrock,104,4900,8.434742064287587
genetic_algorithm,rosenbrock,104,5000,8.434742064287587
genetic_algorithm,rosenbrock,104,5100,8.434742064287587
genetic_algorithm,rosenbrock,104,5200,8.434742064287587
genetic_algorithm,rosenbrock,104,5300,8.434742064287587
genetic_algorithm,rosenbrock,104,5400,8.434742064287587
genetic_algorithm,rosenbrock,104,5500,8.434742064287587
genetic_algorithm,rosenbrock,104,5600,8.404741314073862
genetic_algorithm,rosenbrock,104,5700,8.404741314073862
genetic_algorithm,rosenbrock,104,5800,8.404741314073862
genetic_algorithm,rosenbrock,104,5900,8.404741314073862
genetic_algorithm,rosenbrock,104,6000,8.38469599550265
genetic_algorithm,rosenbrock,104,6100,8.379830880195843
genetic_algorithm,rosenbrock,104,6200,8.35411993308785
genetic_algorithm,rosenbrock,104,6300,8.35411993308785
genetic_algorithm,rosenbrock,104,6400,8.35411993308785
genetic_algorithm,rosenbrock,104,6500,8.35411993308785
genetic_algorithm,rosenbrock,104,6600,8.225466463622746
genetic_algorithm,rosenbrock,104,6700,8.225466463622746
genetic_algorithm,rosenbrock,104,6800,8.225466463622746
genetic_algorithm,rosenbrock,104,6900,8.225466463622746
genetic_algorithm,rosenbrock,104,7000,8.225466463622746
genetic_algorithm,rosenbrock,104,7100,8.21764207277067
genetic_algorithm,rosenbrock,104,7200,8.187932300338728
genetic_algorithm,rosenbrock,104,7300,8.187932300338728
genetic_algorithm,rosenbrock,104,7400,8.187932300338728
genetic_algorithm,rosenbrock,104,7500,8.187932300338728
genetic_algorithm,rosenbrock,104,7600,8.1828115965438
genetic_algorithm,rosenbrock,104,7700,8.1828115965438
genetic_algorithm,rosenbrock,104,7800,8.177083610511826
genetic_algorithm,rosenbrock,104,7900,8.140094944847881
genetic_algorithm,rosenbrock,104,8000,8.140094944847881
genetic_algorithm,rosenbrock,104,8100,8.103045830241376
genetic_algorithm,rosenbrock,104,8200,8.103045830241376
genetic_algorithm,rosenbrock,104,8300,8.103045830241376
genetic_algorithm,rosenbrock,104,8400,8.103045830241376
genetic_algorithm,rosenbrock,104,8500,8.103045830241376
genetic_algorithm,rosenbrock,104,8600,8.093065633532438
genetic_algorithm,rosenbrock,104,8700,8.093065633532438
genetic_algorithm,rosenbrock,104,8800,8.092218647650814
genetic_algorithm,rosenbrock,104,8900,8.092218647650814
genetic_algorithm,rosenbrock,104,9000,8.092218647650814
genetic_algorithm,rosenbrock,104,9100,8.092218647650814
genetic_algorithm,rosenbrock,104,9200,8.092218647650814
genetic_algorithm,rosenbrock,104,9300,8.092218647650814
genetic_algorithm,rosenbrock,104,9400,8.092218647650814
genetic_algorithm,rosenbrock,104,9500,8.092218647650814
genetic_algorithm,rosenbrock,104,9600,8.092218647650814
genetic_algorithm,rosenbrock,104,9700,8.092218647650814
genetic_algorithm,rosenbrock,104,9800,8.087079456022469
genetic_algorithm,rosenbrock,104,9900,8.087079456022469
genetic_algorithm,rosenbrock,104,10000,7.9904210784011545
genetic_algorithm,rosenbrock,104,10100,7.9904210784011545
genetic_algorithm,rosenbrock,104,10200,7.9904210784011545
genetic_algorithm,rosenbrock,104,10300,7.9904210784011545
genetic_algorithm,rosenbrock,104,10400,7.9904210784011545
genetic_algorithm,rosenbrock,104,10500,7.9904210784011545
genetic_algorithm,rosenbrock,104,10600,7.9904210784011545
genetic_algorithm,rosenbrock,104,10700,7.9904210784011545
genetic_algorithm,rosenbrock,104,10800,7.9904210784011545
genetic_algorithm,rosenbrock,104,10900,7.9904210784011545
genetic_algorithm,rosenbrock,104,11000,7.9904210784011545
genetic_algorithm,rosenbrock,104,11100,7.9904210784011545
genetic_algorithm,rosenbrock,104,11200,7.9904210784011545
genetic_algorithm,rosenbrock,104,11300,7.9904210784011545
genetic_algorithm,rosenbrock,104,11400,7.9904210784011545
genetic_algorithm,rosenbrock,104,11500,7.9904210784011545
genetic_algorithm,rosenbrock,104,11600,7.9904210784011545
genetic_algorithm,rosenbrock,104,11700,7.9904210784011545
genetic_algorithm,rosenbrock,104,11800,7.969996003678185
genetic_algorithm,rosenbrock,104,11900,7.969996003678185
genetic_algorithm,rosenbrock,104,12000,7.969996003678185
genetic_algorithm,rosenbrock,104,12100,7.969996003678185
genetic_algorithm,rosenbrock,104,12200,7.969996003678185
genetic_algorithm,rosenbrock,104,12300,7.969996003678185
genetic_algorithm,rosenbrock,104,12400,7.969996003678185
genetic_algorithm,rosenbrock,104,12500,7.969996003678185
genetic_algorithm,rosenbrock,104,12600,7.969996003678185
genetic_algorithm,rosenbrock,104,12700,7.969996003678185
genetic_algorithm,rosenbrock,104,12800,7.969996003678185
genetic_algorithm,rosenbrock,104,12900,7.969996003678185
genetic_algorithm,rosenbrock,104,13000,7.926493831576851
genetic_algorithm,rosenbrock,104,13100,7.926493831576851
genetic_algorithm,rosenbrock,104,13200,7.926493831576851
genetic_algorithm,rosenbrock,104,13300,7.926493831576851
genetic_algorithm,rosenbrock,104,13400,7.926493831576851
genetic_algorithm,rosenbrock,104,13500,7.926493831576851
genetic_algorithm,rosenbrock,104,13600,7.926493831576851
genetic_algorithm,rosenbrock,104,13700,7.926493831576851
genetic_algorithm,rosenbrock,104,13800,7.926493831576851
genetic_algorithm,rosenbrock,104,13900,7.919179051619574
genetic_algorithm,rosenbrock,104,14000,7.919179051619574
genetic_algorithm,rosenbrock,104,14100,7.919179051619574
genetic_algorithm,rosenbrock,104,14200,7.919179051619574
genetic_algorithm,rosenbrock,104,14300,7.919093936571699
genetic_algorithm,rosenbrock,104,14400,7.919093936571699
genetic_algorithm,rosenbrock,104,14500,7.919093936571699
genetic_algorithm,rosenbrock,104,14600,7.919093936571699
genetic_algorithm,rosenbrock,104,14700,7.919093936571699
genetic_algorithm,rosenbrock,104,14800,7.919093936571699
genetic_algorithm,rosenbrock,104,14900,7.919093936571699
genetic_algorithm,rosenbrock,104,15000,7.919093936571699
genetic_algorithm,rosenbrock,104,15100,7.919093936571699
genetic_algorithm,rosenbrock,104,15200,7.919093936571699
genetic_algorithm,rosenbrock,104,15300,7.919093936571699
genetic_algorithm,rosenbrock,104,15400,7.919093936571699
genetic_algorithm,rosenbrock,104,15500,7.919093936571699
genetic_algorithm,rosenbrock,104,15600,7.919093936571699
genetic_algorithm,rosenbrock,104,15700,7.919093936571699
genetic_algorithm,rosenbrock,104,15800,7.919093936571699
genetic_algorithm,rosenbrock,104,15900,7.907576560509974
genetic_algorithm,rosenbrock,104,16000,7.907576560509974
genetic_algorithm,rosenbrock,104,16100,7.907576560509974
genetic_algorithm,rosenbrock,104,16200,7.907576560509974
genetic_algorithm,rosenbrock,104,16300,7.907576560509974
genetic_algorithm,rosenbrock,104,16400,7.907576560509974
genetic_algorithm,rosenbrock,104,16500,7.907576560509974
genetic_algorithm,rosenbrock,104,16600,7.907576560509974
genetic_algorithm,rosenbrock,104,16700,7.907576560509974
genetic_algorithm,rosenbrock,104,16800,7.907576560509974
genetic_algorithm,rosenbrock,104,16900,7.907576560509974
genetic_algorithm,rosenbrock,104,17000,7.907576560509974
genetic_algorithm,rosenbrock,104,17100,7.907576560509974
genetic_algorithm,rosenbrock,104,17200,7.907576560509974
genetic_algorithm,rosenbrock,104,17300,7.907576560509974
genetic_algorithm,rosenbrock,104,17400,7.907576560509974
genetic_algorithm,rosenbrock,104,17500,7.907576560509974
genetic_algorithm,rosenbrock,104,17600,7.902467276833008
genetic_algorithm,rosenbrock,104,17700,7.902467276833008
genetic_algorithm,rosenbrock,104,17800,7.902467276833008
genetic_algorithm,rosenbrock,104,17900,7.902467276833008
genetic_algorithm,rosenbrock,104,18000,7.902467276833008
genetic_algorithm,rosenbrock,104,18100,7.902467276833008
genetic_algorithm,rosenbrock,104,18200,7.902467276833008
genetic_algorithm,rosenbrock,104,18300,7.902467276833008
genetic_algorithm,rosenbrock,104,18400,7.902467276833008
genetic_algorithm,rosenbrock,104,18500,7.902467276833008
genetic_algorithm,rosenbrock,104,18600,7.902467276833008
genetic_algorithm,rosenbrock,104,18700,7.902467276833008
genetic_algorithm,rosenbrock,104,18800,7.902467276833008
genetic_algorithm,rosenbrock,104,18900,7.902467276833008
genetic_algorithm,rosenbrock,104,19000,7.89886065773108
genetic_algorithm,rosenbrock,104,19100,7.89886065773108
genetic_algorithm,rosenbrock,104,19200,7.89886065773108
genetic_algorithm,rosenbrock,104,19300,7.89886065773108
genetic_algorithm,rosenbrock,104,19400,7.89886065773108
genetic_algorithm,rosenbrock,104,19500,7.89886065773108
genetic_algorithm,rosenbrock,104,19600,7.89886065773108
genetic_algorithm,rosenbrock,104,19700,7.89886065773108
genetic_algorithm,rosenbrock,104,19800,7.89886065773108
genetic_algorithm,rosenbrock,104,19900,7.89886065773108
genetic_algorithm,rosenbrock,104,20000,7.89886065773108
genetic_algorithm,rosenbrock,105,100,55508.43677551689
genetic_algorithm,rosenbrock,105,200,7951.198058474818
genetic_algorithm,rosenbrock,105,300,1131.1073443816504
genetic_algorithm,rosenbrock,105,400,320.6250397388117
genetic_algorithm,rosenbrock,105,500,168.8735449611483
genetic_algorithm,rosenbrock,105,600,130.71383155998163
genetic_algorithm,rosenbrock,105,700,121.95254500846295
genetic_algorithm,rosenbrock,105,800,112.26680947576237
genetic_algorithm,rosenbrock,105,900,112.26680947576237
genetic_algorithm,rosenbrock,105,1000,98.84563530857224
genetic_algorithm,rosenbrock,105,1100,98.84563530857224
genetic_algorithm,rosenbrock,105,1200,98.84563530857224
genetic_algorithm,rosenbrock,105,1300,89.52280764567675
genetic_algorithm,rosenbrock,105,1400,89.52280764567675
genetic_algorithm,rosenbrock,105,1500,84.74469205517221
genetic_algorithm,rosenbrock,105,1600,83.09042950966463
genetic_algorithm,rosenbrock,105,1700,83.09042950966463
genetic_algorithm,rosenbrock,105,1800,82.0758079834681
genetic_algorithm,rosenbrock,105,1900,81.88048519685523
genetic_algorithm,rosenbrock,105,2000,81.8388953684763
genetic_algorithm,rosenbrock,105,2100,81.8388953684763
genetic_algorithm,rosenbrock,105,2200,81.79093075589813
genetic_algorithm,rosenbrock,105,2300,81.79093075589813
genetic_algorithm,rosenbrock,105,2400,81.79093075589813
genetic_algorithm,rosenbrock,105,2500,81.79093075589813
genetic_algorithm,rosenbrock,105,2600,81.47565862396797
genetic_algorithm,rosenbrock,105,2700,81.47565862396797
genetic_algorithm,rosenbrock,105,2800,81.47565862396797
genetic_algorithm,rosenbrock,105,2900,81.47565862396797
genetic_algorithm,rosenbrock,105,3000,81.47565862396797
genetic_algorithm,rosenbrock,105,3100,81.47565862396797
genetic_algorithm,rosenbrock,105,3200,81.47565862396797
genetic_algorithm,rosenbrock,105,3300,81.47565862396797
genetic_algorithm,rosenbrock,105,3400,80.26914008664205
genetic_algorithm,rosenbrock,105,3500,80.26914008664205
genetic_algorithm,rosenbrock,105,3600,80.26914008664205
genetic_algorithm,rosenbrock,105,3700,80.26914008664205
genetic_algorithm,rosenbrock,105,3800,80.26914008664205
genetic_algorithm,rosenbrock,105,3900,80.26914008664205
genetic_algorithm,rosenbrock,105,4000,80.26914008664205
genetic_algorithm,rosenbrock,105,4100,79.68804248152335
genetic_algorithm,rosenbrock,105,4200,79.68804248152335
genetic_algorithm,rosenbrock,105,4300,79.68804248152335
genetic_algorithm,rosenbrock,105,4400,79.6540644565711
genetic_algorithm,rosenbrock,105,4500,79.6540644565711
genetic_algorithm,rosenbrock,105,4600,79.6540644565711
genetic_algorithm,rosenbrock,105,4700,79.34554591477317
genetic_algorithm,rosenbrock,105,4800,78.82637293492633
genetic_algorithm,rosenbrock,105,4900,78.81293906568838
genetic_algorithm,rosenbrock,105,5000,78.81293906568838
genetic_algorithm,rosenbrock,105,5100,78.81293906568838
genetic_algorithm,rosenbrock,105,5200,78.81293906568838
genetic_algorithm,rosenbrock,105,5300,78.65805746333575
genetic_algorithm,rosenbrock,105,5400,78.48605743511948
genetic_algorithm,rosenbrock,105,5500,78.21891242021496
genetic_algorithm,rosenbrock,105,5600,78.21891242021496
genetic_algorithm,rosenbrock,105,5700,78.21891242021496
genetic_algorithm,rosenbrock,105,5800,78.21891242021496
genetic_algorithm,rosenbrock,105,5900,78.21891242021496
genetic_algorithm,rosenbrock,105,6000,78.21891242021496
genetic_algorithm,rosenbrock,105,6100,78.21891242021496
genetic_algorithm,rosenbrock,105,6200,78.21891242021496
genetic_algorithm,rosenbrock,105,6300,78.21891242021496
genetic_algorithm,rosenbrock,105,6400,78.21891242021496
genetic_algorithm,rosenbrock,105,6500,78.21891242021496
genetic_algorithm,rosenbrock,105,6600,78.21891242021496
genetic_algorithm,rosenbrock,105,6700,78.21891242021496
genetic_algorithm,rosenbrock,105,6800,78.21891242021496
genetic_algorithm,rosenbrock,105,6900,78.21891242021496
genetic_algorithm,rosenbrock,105,7000,78.21891242021496
genetic_algorithm,rosenbrock,105,7100,77.86202322994896
genetic_algorithm,rosenbrock,105,7200,76.78061019223593
genetic_algorithm,rosenbrock,105,7300,56.87291532754191
genetic_algorithm,rosenbrock,105,7400,56.828168324807166
genetic_algorithm,rosenbrock,105,7500,43.219051010143026
genetic_algorithm,rosenbrock,105,7600,43.219051010143026
genetic_algorithm,rosenbrock,105,7700,37.74057606872102
genetic_algorithm,rosenbrock,105,7800,37.74057606872102
genetic_algorithm,rosenbrock,105,7900,37.74057606872102
genetic_algorithm,rosenbrock,105,8000,37.74057606872102
genetic_algorithm,rosenbrock,105,8100,33.64183781245954
genetic_algorithm,rosenbrock,105,8200,33.64183781245954
genetic_algorithm,rosenbrock,105,8300,26.551778674098436
genetic_algorithm,rosenbrock,105,8400,26.551778674098436
genetic_algorithm,rosenbrock,105,8500,22.770066161440838
genetic_algorithm,rosenbrock,105,8600,21.405292150091785
genetic_algorithm,rosenbrock,105,8700,21.405292150091785
genetic_algorithm,rosenbrock,105,8800,21.405292150091785
genetic_algorithm,rosenbrock,105,8900,16.267207220390272
genetic_algorithm,rosenbrock,105,9000,15.227862493225807
genetic_algorithm,rosenbrock,105,9100,15.227862493225807
genetic_algorithm,rosenbrock,105,9200,15.227862493225807
genetic_algorithm,rosenbrock,105,9300,13.772025085087119
genetic_algorithm,rosenbrock,105,9400,13.772025085087119
genetic_algorithm,rosenbrock,105,9500,13.772025085087119
genetic_algorithm,rosenbrock,105,9600,10.572687941044173
genetic_algorithm,rosenbrock,105,9700,10.127055763250379
genetic_algorithm,rosenbrock,105,9800,10.127055763250379
genetic_algorithm,rosenbrock,105,9900,9.495919885024927
genetic_algorithm,rosenbrock,105,10000,9.495919885024927
genetic_algorithm,rosenbrock,105,10100,9.495919885024927
genetic_algorithm,rosenbrock,105,10200,9.162542852457673
genetic_algorithm,rosenbrock,105,10300,8.261260352801965
genetic_algorithm,rosenbrock,105,10400,8.261260352801965
genetic_algorithm,rosenbrock,105,10500,8.261260352801965
genetic_algorithm,rosenbrock,105,10600,8.261260352801965
genetic_algorithm,rosenbrock,105,10700,8.261260352801965
genetic_algorithm,rosenbrock,105,10800,8.261260352801965
genetic_algorithm,rosenbrock,105,10900,7.965741349630713
genetic_algorithm,rosenbrock,105,11000,7.965741349630713
genetic_algorithm,rosenbrock,105,11100,7.965741349630713
genetic_algorithm,rosenbrock,105,11200,7.965741349630713
genetic_algorithm,rosenbrock,105,11300,7.965741349630713
genetic_algorithm,rosenbrock,105,11400,7.820612434660898
genetic_algorithm,rosenbrock,105,11500,7.820612434660898
genetic_algorithm,rosenbrock,105,11600,7.820612434660898
genetic_algorithm,rosenbrock,105,11700,7.787637357717505
genetic_algorithm,rosenbrock,105,11800,7.787637357717505
genetic_algorithm,rosenbrock,105,11900,7.5077817607780695
genetic_algorithm,rosenbrock,105,12000,7.4852903504220984
genetic_algorithm,rosenbrock,105,12100,7.4852903504220984
genetic_algorithm,rosenbrock,105,12200,7.484551200409977
genetic_algorithm,rosenbrock,105,12300,7.4775558113497755
genetic_algorithm,rosenbrock,105,12400,7.4775558113497755
genetic_algorithm,rosenbrock,105,12500,7.4775558113497755
genetic_algorithm,rosenbrock,105,12600,7.465050097420592
genetic_algorithm,rosenbrock,105,12700,6.415226554329392
genetic_algorithm,rosenbrock,105,12800,6.415226554329392
genetic_algorithm,rosenbrock,105,12900,6.415226554329392
genetic_algorithm,rosenbrock,105,13000,6.415226554329392
genetic_algorithm,rosenbrock,105,13100,6.415226554329392
genetic_algorithm,rosenbrock,105,13200,6.415226554329392
genetic_algorithm,rosenbrock,105,13300,6.415226554329392
genetic_algorithm,rosenbrock,105,13400,6.415226554329392
genetic_algorithm,rosenbrock,105,13500,6.415226554329392
genetic_algorithm,rosenbrock,105,13600,6.358300229800142
genetic_algorithm,rosenbrock,105,13700,6.358300229800142
genetic_algorithm,rosenbrock,105,13800,6.358300229800142
genetic_algorithm,rosenbrock,105,13900,3.7834899532550224
genetic_algorithm,rosenbrock,105,14000,3.7834899532550224
genetic_algorithm,rosenbrock,105,14100,3.4305967916585876
genetic_algorithm,rosenbrock,105,14200,3.04789993003873
genetic_algorithm,rosenbrock,105,14300,3.04789993003873
genetic_algorithm,rosenbrock,105,14400,3.04789993003873
genetic_algorithm,rosenbrock,105,14500,3.04789993003873
genetic_algorithm,rosenbrock,105,14600,3.04789993003873
genetic_algorithm,rosenbrock,105,14700,3.04789993003873
genetic_algorithm,rosenbrock,105,14800,3.04789993003873
genetic_algorithm,rosenbrock,105,14900,3.04672050165098
genetic_algorithm,rosenbrock,105,15000,3.0093183634117335
genetic_algorithm,rosenbrock,105,15100,3.0093183634117335
genetic_algorithm,rosenbrock,105,15200,3.0093183634117335
genetic_algorithm,rosenbrock,105,15300,3.0093183634117335
genetic_algorithm,rosenbrock,105,15400,3.0093183634117335
genetic_algorithm,rosenbrock,105,15500,3.0093183634117335
genetic_algorithm,rosenbrock,105,15600,3.0093183634117335
genetic_algorithm,rosenbrock,105,15700,3.0093183634117335
genetic_algorithm,rosenbrock,105,15800,2.9368245573477543
genetic_algorithm,rosenbrock,105,15900,2.662021508331502
genetic_algorithm,rosenbrock,105,16000,2.662021508331502
genetic_algorithm,rosenbrock,105,16100,2.662021508331502
genetic_algorithm,rosenbrock,105,16200,2.662021508331502
genetic_algorithm,rosenbrock,105,16300,2.662021508331502
genetic_algorithm,rosenbrock,105,16400,2.662021508331502
genetic_algorithm,rosenbrock,105,16500,2.662021508331502
genetic_algorithm,rosenbrock,105,16600,2.662021508331502
genetic_algorithm,rosenbrock,105,16700,2.662021508331502
genetic_algorithm,rosenbrock,105,16800,2.5079479054260077
genetic_algorithm,rosenbrock,105,16900,2.4955152476523104
genetic_algorithm,rosenbrock,105,17000,2.4955152476523104
genetic_algorithm,rosenbrock,105,17100,2.4955152476523104
genetic_algorithm,rosenbrock,105,17200,2.4955152476523104
genetic_algorithm,rosenbrock,105,17300,2.163464972711764
genetic_algorithm,rosenbrock,105,17400,2.163464972711764
genetic_algorithm,rosenbrock,105,17500,2.163464972711764
genetic_algorithm,rosenbrock,105,17600,2.163464972711764
genetic_algorithm,rosenbrock,105,17700,2.163464972711764
genetic_algorithm,rosenbrock,105,17800,2.163464972711764
genetic_algorithm,rosenbrock,105,17900,2.163464972711764
genetic_algorithm,rosenbrock,105,18000,2.163464972711764
genetic_algorithm,rosenbrock,105,18100,2.163464972711764
genetic_algorithm,rosenbrock,105,18200,2.163464972711764
genetic_algorithm,rosenbrock,105,18300,2.163464972711764
genetic_algorithm,rosenbrock,105,18400,2.163464972711764
genetic_algorithm,rosenbrock,105,18500,2.163464972711764
genetic_algorithm,rosenbrock,105,18600,2.163464972711764
genetic_algorithm,rosenbrock,105,18700,2.0521229376705072
genetic_algorithm,rosenbrock,105,18800,2.0521229376705072
genetic_algorithm,rosenbrock,105,18900,2.0521229376705072
genetic_algorithm,rosenbrock,105,19000,2.0521229376705072
genetic_algorithm,rosenbrock,105,19100,2.0521229376705072
genetic_algorithm,rosenbrock,105,19200,2.0521229376705072
genetic_algorithm,rosenbrock,105,19300,2.0521229376705072
genetic_algorithm,rosenbrock,105,19400,2.0521229376705072
genetic_algorithm,rosenbrock,105,19500,2.0521229376705072
genetic_algorithm,rosenbrock,105,19600,2.0521229376705072
genetic_algorithm,rosenbrock,105,19700,2.0521229376705072
genetic_algorithm,rosenbrock,105,19800,2.0521229376705072
genetic_algorithm,rosenbrock,105,19900,2.0521229376705072
genetic_algorithm,rosenbrock,105,20000,2.0521229376705072
genetic_algorithm,rosenbrock,106,100,12250.69721761039
genetic_algorithm,rosenbrock,106,200,3152.1966776209592
genetic_algorithm,rosenbrock,106,300,1920.5440770178243
genetic_algorithm,rosenbrock,106,400,743.4713061413606
genetic_algorithm,rosenbrock,106,500,402.9159037300137
genetic_algorithm,rosenbrock,106,600,385.19557892883506
genetic_algorithm,rosenbrock,106,700,340.3197184264311
genetic_algorithm,rosenbrock,106,800,284.7774877346511
genetic_algorithm,rosenbrock,106,900,240.8313013119827
genetic_algorithm,rosenbrock,106,1000,203.24347455656525
genetic_algorithm,rosenbrock,106,1100,183.75622314649831
genetic_algorithm,rosenbrock,106,1200,152.67590643595673
genetic_algorithm,rosenbrock,106,1300,148.6319481923272
genetic_algorithm,rosenbrock,106,1400,147.39741952165213
genetic_algorithm,rosenbrock,106,1500,119.96333574374162
genetic_algorithm,rosenbrock,106,1600,102.8776358119197
genetic_algorithm,rosenbrock,106,1700,102.8776358119197
genetic_algorithm,rosenbrock,106,1800,102.8776358119197
genetic_algorithm,rosenbrock,106,1900,102.47890004656324
genetic_algorithm,rosenbrock,106,2000,100.7746525779691
genetic_algorithm,rosenbrock,106,2100,100.7746525779691
genetic_algorithm,rosenbrock,106,2200,100.36814865053412
genetic_algorithm,rosenbrock,106,2300,98.59294811961387
genetic_algorithm,rosenbrock,106,2400,98.59294811961387
genetic_algorithm,rosenbrock,106,2500,98.53111370035754
genetic_algorithm,rosenbrock,106,2600,98.53111370035754
genetic_algorithm,rosenbrock,106,2700,92.59287883636192
genetic_algorithm,rosenbrock,106,2800,92.59287883636192
genetic_algorithm,rosenbrock,106,2900,92.59287883636192
genetic_algorithm,rosenbrock,106,3000,90.4890908766135
genetic_algorithm,rosenbrock,106,3100,90.4890908766135
genetic_algorithm,rosenbrock,106,3200,90.4890908766135
genetic_algorithm,rosenbrock,106,3300,90.4890908766135
genetic_algorithm,rosenbrock,106,3400,90.4890908766135
genetic_algorithm,rosenbrock,106,3500,89.96985224953963
genetic_algorithm,rosenbrock,106,3600,89.96985224953963
genetic_algorithm,rosenbrock,106,3700,89.96985224953963
genetic_algorithm,rosenbrock,106,3800,89.96985224953963
genetic_algorithm,rosenbrock,106,3900,89.96985224953963
genetic_algorithm,rosenbrock,106,4000,89.96985224953963
genetic_algorithm,rosenbrock,106,4100,89.96985224953963
genetic_algorithm,rosenbrock,106,4200,89.96985224953963
genetic_algorithm,rosenbrock,106,4300,89.67140399614347
genetic_algorithm,rosenbrock,106,4400,89.67140399614347
genetic_algorithm,rosenbrock,106,4500,89.67140399614347
genetic_algorithm,rosenbrock,106,4600,89.67140399614347
genetic_algorithm,rosenbrock,106,4700,89.67140399614347
genetic_algorithm,rosenbrock,106,4800,89.67140399614347
genetic_algorithm,rosenbrock,106,4900,89.18913257657535
genetic_algorithm,rosenbrock,106,5000,89.18913257657535
genetic_algorithm,rosenbrock,106,5100,89.18913257657535
genetic_algorithm,rosenbrock,106,5200,89.18913257657535
genetic_algorithm,rosenbrock,106,5300,85.09012573731216
genetic_algorithm,rosenbrock,106,5400,81.47523432728973
genetic_algorithm,rosenbrock,106,5500,81.47523432728973
genetic_algorithm,rosenbrock,106,5600,79.46842718480433
genetic_algorithm,rosenbrock,106,5700,77.40039102006266
genetic_algorithm,rosenbrock,106,5800,77.40039102006266
genetic_algorithm,rosenbrock,106,5900,77.1728178437034
genetic_algorithm,rosenbrock,106,6000,75.90419243552553
genetic_algorithm,rosenbrock,106,6100,75.7189994427338
genetic_algorithm,rosenbrock,106,6200,72.73727326752928
genetic_algorithm,rosenbrock,106,6300,72.62761153964952
genetic_algorithm,rosenbrock,106,6400,67.25302221222344
genetic_algorithm,rosenbrock,106,6500,63.16492910734011
genetic_algorithm,rosenbrock,106,6600,56.17627356742797
genetic_algorithm,rosenbrock,106,6700,55.250509391932304
genetic_algorithm,rosenbrock,106,6800,51.13847114614039
genetic_algorithm,rosenbrock,106,6900,51.13847114614039
genetic_algorithm,rosenbrock,106,7000,49.301580664873505
genetic_algorithm,rosenbrock,106,7100,49.301580664873505
genetic_algorithm,rosenbrock,106,7200,49.301580664873505
genetic_algorithm,rosenbrock,106,7300,48.99834094790459
genetic_algorithm,rosenbrock,106,7400,40.57056256273327
genetic_algorithm,rosenbrock,106,7500,40.47195924174424
genetic_algorithm,rosenbrock,106,7600,40.47195924174424
genetic_algorithm,rosenbrock,106,7700,38.57209286436126
genetic_algorithm,rosenbrock,106,7800,30.657800160520807
genetic_algorithm,rosenbrock,106,7900,30.657800160520807
genetic_algorithm,rosenbrock,106,8000,29.867493404788988
genetic_algorithm,rosenbrock,106,8100,26.679484459221904
genetic_algorithm,rosenbrock,106,8200,24.2996932269754
genetic_algorithm,rosenbrock,106,8300,24.2996932269754
genetic_algorithm,rosenbrock,106,8400,22.11917984096937
genetic_algorithm,rosenbrock,106,8500,22.11917984096937
genetic_algorithm,rosenbrock,106,8600,22.092088043744376
genetic_algorithm,rosenbrock,106,8700,22.092088043744376
genetic_algorithm,rosenbrock,106,8800,17.888807134071463
genetic_algorithm,rosenbrock,106,8900,17.888807134071463
genetic_algorithm,rosenbrock,106,9000,17.827798908413683
genetic_algorithm,rosenbrock,106,9100,17.827798908413683
genetic_algorithm,rosenbrock,106,9200,15.360236615973937
genetic_algorithm,rosenbrock,106,9300,15.338080259765716
genetic_algorithm,rosenbrock,106,9400,15.338080259765716
genetic_algorithm,rosenbrock,106,9500,15.338080259765716
genetic_algorithm,rosenbrock,106,9600,15.338080259765716
genetic_algorithm,rosenbrock,106,9700,13.884315220972319
genetic_algorithm,rosenbrock,106,9800,13.884315220972319
genetic_algorithm,rosenbrock,106,9900,13.748567998234806
genetic_algorithm,rosenbrock,106,10000,13.748567998234806
genetic_algorithm,rosenbrock,106,10100,13.748567998234806
genetic_algorithm,rosenbrock,106,10200,13.748567998234806
genetic_algorithm,rosenbrock,106,10300,13.748567998234806
genetic_algorithm,rosenbrock,106,10400,12.795661465571477
genetic_algorithm,rosenbrock,106,10500,12.795661465571477
genetic_algorithm,rosenbrock,106,10600,12.795661465571477
genetic_algorithm,rosenbrock,106,10700,12.430540916946285
genetic_algorithm,rosenbrock,106,10800,10.549028171683014
genetic_algorithm,rosenbrock,106,10900,9.928429255184856
genetic_algorithm,rosenbrock,106,11000,9.928429255184856
genetic_algorithm,rosenbrock,106,11100,9.928429255184856
genetic_algorithm,rosenbrock,106,11200,9.639165601806546
genetic_algorithm,rosenbrock,106,11300,9.639165601806546
genetic_algorithm,rosenbrock,106,11400,9.639165601806546
genetic_algorithm,rosenbrock,106,11500,9.639165601806546
genetic_algorithm,rosenbrock,106,11600,9.639165601806546
genetic_algorithm,rosenbrock,106,11700,9.639165601806546
genetic_algorithm,rosenbrock,106,11800,8.735167646893101
genetic_algorithm,rosenbrock,106,11900,8.735167646893101
genetic_algorithm,rosenbrock,106,12000,8.735167646893101
genetic_algorithm,rosenbrock,106,12100,8.735167646893101
genetic_algorithm,rosenbrock,106,12200,8.735167646893101
genetic_algorithm,rosenbrock,106,12300,7.129448477343961
genetic_algorithm,rosenbrock,106,12400,7.129448477343961
genetic_algorithm,rosenbrock,106,12500,7.129448477343961
genetic_algorithm,rosenbrock,106,12600,7.129448477343961
genetic_algorithm,rosenbrock,106,12700,6.056628922350398
genetic_algorithm,rosenbrock,106,12800,6.056628922350398
genetic_algorithm,rosenbrock,106,12900,6.056628922350398
genetic_algorithm,rosenbrock,106,13000,6.056628922350398
genetic_algorithm,rosenbrock,106,13100,6.056628922350398
genetic_algorithm,rosenbrock,106,13200,6.056628922350398
genetic_algorithm,rosenbrock,106,13300,5.66601936531536
genetic_algorithm,rosenbrock,106,13400,5.66601936531536
genetic_algorithm,rosenbrock,106,13500,5.66601936531536
genetic_algorithm,rosenbrock,106,13600,5.66601936531536
genetic_algorithm,rosenbrock,106,13700,5.66601936531536
genetic_algorithm,rosenbrock,106,13800,5.66601936531536
genetic_algorithm,rosenbrock,106,13900,5.66601936531536
genetic_algorithm,rosenbrock,106,14000,5.66601936531536
genetic_algorithm,rosenbrock,106,14100,5.66601936531536
genetic_algorithm,rosenbrock,106,14200,5.66601936531536
genetic_algorithm,rosenbrock,106,14300,5.66601936531536
genetic_algorithm,rosenbrock,106,14400,5.119670139365041
genetic_algorithm,rosenbrock,106,14500,4.813606771419912
genetic_algorithm,rosenbrock,106,14600,4.813606771419912
genetic_algorithm,rosenbrock,106,14700,4.813606771419912
genetic_algorithm,rosenbrock,106,14800,4.813606771419912
genetic_algorithm,rosenbrock,106,14900,4.813606771419912
genetic_algorithm,rosenbrock,106,15000,4.813606771419912
genetic_algorithm,rosenbrock,106,15100,4.813606771419912
genetic_algorithm,rosenbrock,106,15200,4.813606771419912
genetic_algorithm,rosenbrock,106,15300,4.813606771419912
genetic_algorithm,rosenbrock,106,15400,4.813606771419912
genetic_algorithm,rosenbrock,106,15500,4.813606771419912
genetic_algorithm,rosenbrock,106,15600,4.813606771419912
genetic_algorithm,rosenbrock,106,15700,4.813606771419912
genetic_algorithm,rosenbrock,106,15800,4.627086889423569
genetic_algorithm,rosenbrock,106,15900,4.627086889423569
genetic_algorithm,rosenbrock,106,16000,4.627086889423569
genetic_algorithm,rosenbrock,106,16100,4.627086889423569
genetic_algorithm,rosenbrock,106,16200,4.627086889423569
genetic_algorithm,rosenbrock,106,16300,4.627086889423569
genetic_algorithm,rosenbrock,106,16400,4.627086889423569
genetic_algorithm,rosenbrock,106,16500,4.627086889423569
genetic_algorithm,rosenbrock,106,16600,4.627086889423569
genetic_algorithm,rosenbrock,106,16700,4.627086889423569
genetic_algorithm,rosenbrock,106,16800,4.627086889423569
genetic_algorithm,rosenbrock,106,16900,4.627086889423569
genetic_algorithm,rosenbrock,106,17000,4.627086889423569
genetic_algorithm,rosenbrock,106,17100,4.627086889423569
genetic_algorithm,rosenbrock,106,17200,4.627086889423569
genetic_algorithm,rosenbrock,106,17300,4.627086889423569
genetic_algorithm,rosenbrock,106,17400,4.627086889423569
genetic_algorithm,rosenbrock,106,17500,4.627086889423569
genetic_algorithm,rosenbrock,106,17600,4.609437258632798
genetic_algorithm,rosenbrock,106,17700,4.609437258632798
genetic_algorithm,rosenbrock,106,17800,4.609437258632798
genetic_algorithm,rosenbrock,106,17900,4.389229002471248
genetic_algorithm,rosenbrock,106,18000,3.247252406469018
genetic_algorithm,rosenbrock,106,18100,3.247252406469018
genetic_algorithm,rosenbrock,106,18200,3.247252406469018
genetic_algorithm,rosenbrock,106,18300,3.247252406469018
genetic_algorithm,rosenbrock,106,18400,3.0640036376717
genetic_algorithm,rosenbrock,106,18500,3.0640036376717
genetic_algorithm,rosenbrock,106,18600,3.036295695664991
genetic_algorithm,rosenbrock,106,18700,3.036295695664991
genetic_algorithm,rosenbrock,106,18800,3.036295695664991
genetic_algorithm,rosenbrock,106,18900,3.036295695664991
genetic_algorithm,rosenbrock,106,19000,2.5771537787758705
genetic_algorithm,rosenbrock,106,19100,2.5771537787758705
genetic_algorithm,rosenbrock,106,19200,2.5771537787758705
genetic_algorithm,rosenbrock,106,19300,2.5771537787758705
genetic_algorithm,rosenbrock,106,19400,2.464912345895434
genetic_algorithm,rosenbrock,106,19500,2.464912345895434
genetic_algorithm,rosenbrock,106,19600,2.3195214841337544
genetic_algorithm,rosenbrock,106,19700,2.3195214841337544
genetic_algorithm,rosenbrock,106,19800,2.3195214841337544
genetic_algorithm,rosenbrock,106,19900,2.3195214841337544
genetic_algorithm,rosenbrock,106,20000,2.3195214841337544
genetic_algorithm,rosenbrock,107,100,31318.781988102786
genetic_algorithm,rosenbrock,107,200,3711.5586969964625
genetic_algorithm,rosenbrock,107,300,1017.9359854923589
genetic_algorithm,rosenbrock,107,400,275.9885812267333
genetic_algorithm,rosenbrock,107,500,50.44520281807236
genetic_algorithm,rosenbrock,107,600,50.44520281807236
genetic_algorithm,rosenbrock,107,700,34.64296736179345
genetic_algorithm,rosenbrock,107,800,34.64296736179345
genetic_algorithm,rosenbrock,107,900,23.439691504857212
genetic_algorithm,rosenbrock,107,1000,15.358824279360281
genetic_algorithm,rosenbrock,107,1100,15.358824279360281
genetic_algorithm,rosenbrock,107,1200,11.65402614634309
genetic_algorithm,rosenbrock,107,1300,7.327394869560676
genetic_algorithm,rosenbrock,107,1400,7.327394869560676
genetic_algorithm,rosenbrock,107,1500,7.327394869560676
genetic_algorithm,rosenbrock,107,1600,7.327394869560676
genetic_algorithm,rosenbrock,107,1700,7.239936225512009
genetic_algorithm,rosenbrock,107,1800,7.008187338342266
genetic_algorithm,rosenbrock,107,1900,6.887062667285887
genetic_algorithm,rosenbrock,107,2000,5.836560224785265
genetic_algorithm,rosenbrock,107,2100,5.836560224785265
genetic_algorithm,rosenbrock,107,2200,5.836560224785265
genetic_algorithm,rosenbrock,107,2300,5.399002883992911
genetic_algorithm,rosenbrock,107,2400,5.399002883992911
genetic_algorithm,rosenbrock,107,2500,5.0342002518366264
genetic_algorithm,rosenbrock,107,2600,5.0342002518366264
genetic_algorithm,rosenbrock,107,2700,5.0342002518366264
genetic_algorithm,rosenbrock,107,2800,5.0342002518366264
genetic_algorithm,rosenbrock,107,2900,5.0342002518366264
genetic_algorithm,rosenbrock,107,3000,5.0342002518366264
genetic_algorithm,rosenbrock,107,3100,5.0342002518366264
genetic_algorithm,rosenbrock,107,3200,5.0342002518366264
genetic_algorithm,rosenbrock,107,3300,5.0342002518366264
genetic_algorithm,rosenbrock,107,3400,5.0342002518366264
genetic_algorithm,rosenbrock,107,3500,5.0342002518366264
genetic_algorithm,rosenbrock,107,3600,5.0342002518366264
genetic_algorithm,rosenbrock,107,3700,4.786559714785219
genetic_algorithm,rosenbrock,107,3800,4.786559714785219
genetic_algorithm,rosenbrock,107,3900,4.786559714785219
genetic_algorithm,rosenbrock,107,4000,4.786559714785219
genetic_algorithm,rosenbrock,107,4100,4.786559714785219
genetic_algorithm,rosenbrock,107,4200,4.682605609025742
genetic_algorithm,rosenbrock,107,4300,4.682605609025742
genetic_algorithm,rosenbrock,107,4400,4.682605609025742
genetic_algorithm,rosenbrock,107,4500,4.542035850886698
genetic_algorithm,rosenbrock,107,4600,4.542035850886698
genetic_algorithm,rosenbrock,107,4700,4.542035850886698
genetic_algorithm,rosenbrock,107,4800,4.542035850886698
genetic_algorithm,rosenbrock,107,4900,4.542035850886698
genetic_algorithm,rosenbrock,107,5000,4.542035850886698
genetic_algorithm,rosenbrock,107,5100,4.542035850886698
genetic_algorithm,rosenbrock,107,5200,4.542035850886698
genetic_algorithm,rosenbrock,107,5300,4.542035850886698
genetic_algorithm,rosenbrock,107,5400,4.542035850886698
genetic_algorithm,rosenbrock,107,5500,4.542035850886698
genetic_algorithm,rosenbrock,107,5600,4.542035850886698
genetic_algorithm,rosenbrock,107,5700,4.542035850886698
genetic_algorithm,rosenbrock,107,5800,4.370153956259101
genetic_algorithm,rosenbrock,107,5900,4.333766968716164
genetic_algorithm,rosenbrock,107,6000,4.1080427086859235
genetic_algorithm,rosenbrock,107,6100,4.1080427086859235
genetic_algorithm,rosenbrock,107,6200,4.1080427086859235
genetic_algorithm,rosenbrock,107,6300,4.087307685243393
genetic_algorithm,rosenbrock,107,6400,4.0849896892131135
genetic_algorithm,rosenbrock,107,6500,4.021883844285663
genetic_algorithm,rosenbrock,107,6600,4.021883844285663
genetic_algorithm,rosenbrock,107,6700,4.021883844285663
genetic_algorithm,rosenbrock,107,6800,4.021883844285663
genetic_algorithm,rosenbrock,107,6900,4.021883844285663
genetic_algorithm,rosenbrock,107,7000,4.021883844285663
genetic_algorithm,rosenbrock,107,7100,4.021883844285663
genetic_algorithm,rosenbrock,107,7200,4.021883844285663
genetic_algorithm,rosenbrock,107,7300,4.021883844285663
genetic_algorithm,rosenbrock,107,7400,4.021883844285663
genetic_algorithm,rosenbrock,107,7500,4.021883844285663
genetic_algorithm,rosenbrock,107,7600,4.021883844285663
genetic_algorithm,rosenbrock,107,7700,4.021883844285663
genetic_algorithm,rosenbrock,107,7800,4.021883844285663
genetic_algorithm,rosenbrock,107,7900,4.021883844285663
genetic_algorithm,rosenbrock,107,8000,4.021883844285663
genetic_algorithm,rosenbrock,107,8100,4.021883844285663
genetic_algorithm,rosenbrock,107,8200,4.021883844285663
genetic_algorithm,rosenbrock,107,8300,4.021883844285663
genetic_algorithm,rosenbrock,107,8400,4.021883844285663
genetic_algorithm,rosenbrock,107,8500,4.021883844285663
genetic_algorithm,rosenbrock,107,8600,4.021883844285663
genetic_algorithm,rosenbrock,107,8700,4.021883844285663
genetic_algorithm,rosenbrock,107,8800,4.021883844285663
genetic_algorithm,rosenbrock,107,8900,4.021883844285663
genetic_algorithm,rosenbrock,107,9000,4.021883844285663
genetic_algorithm,rosenbrock,107,9100,4.021883844285663
genetic_algorithm,rosenbrock,107,9200,4.021883844285663
genetic_algorithm,rosenbrock,107,9300,4.021883844285663
genetic_algorithm,rosenbrock,107,9400,4.021883844285663
genetic_algorithm,rosenbrock,107,9500,4.021883844285663
genetic_algorithm,rosenbrock,107,9600,4.021883844285663
genetic_algorithm,rosenbrock,107,9700,4.021883844285663
genetic_algorithm,rosenbrock,107,9800,4.021883844285663
genetic_algorithm,rosenbrock,107,9900,4.021883844285663
genetic_algorithm,rosenbrock,107,10000,4.021883844285663
genetic_algorithm,rosenbrock,107,10100,4.021883844285663
genetic_algorithm,rosenbrock,107,10200,3.9312823074264314
genetic_algorithm,rosenbrock,107,10300,3.9312823074264314
genetic_algorithm,rosenbrock,107,10400,3.9312823074264314
genetic_algorithm,rosenbrock,107,10500,3.9312823074264314
genetic_algorithm,rosenbrock,107,10600,3.9312823074264314
genetic_algorithm,rosenbrock,107,10700,3.9312823074264314
genetic_algorithm,rosenbrock,107,10800,3.9312823074264314
genetic_algorithm,rosenbrock,107,10900,3.9312823074264314
genetic_algorithm,rosenbrock,107,11000,3.9312823074264314
genetic_algorithm,rosenbrock,107,11100,3.9312823074264314
genetic_algorithm,rosenbrock,107,11200,3.9312823074264314
genetic_algorithm,rosenbrock,107,11300,3.9312823074264314
genetic_algorithm,rosenbrock,107,11400,3.9312823074264314
genetic_algorithm,rosenbrock,107,11500,3.9312823074264314
genetic_algorithm,rosenbrock,107,11600,3.9312823074264314
genetic_algorithm,rosenbrock,107,11700,3.9312823074264314
genetic_algorithm,rosenbrock,107,11800,3.9312823074264314
genetic_algorithm,rosenbrock,107,11900,3.929879405741404
genetic_algorithm,rosenbrock,107,12000,3.9290635755230543
genetic_algorithm,rosenbrock,107,12100,3.9290635755230543
genetic_algorithm,rosenbrock,107,12200,3.9290635755230543
genetic_algorithm,rosenbrock,107,12300,3.9290635755230543
genetic_algorithm,rosenbrock,107,12400,3.9290635755230543
genetic_algorithm,rosenbrock,107,12500,3.9290635755230543
genetic_algorithm,rosenbrock,107,12600,3.9290635755230543
genetic_algorithm,rosenbrock,107,12700,3.9290635755230543
genetic_algorithm,rosenbrock,107,12800,3.9290635755230543
genetic_algorithm,rosenbrock,107,12900,3.9290635755230543
genetic_algorithm,rosenbrock,107,13000,3.9290635755230543
genetic_algorithm,rosenbrock,107,13100,3.9290635755230543
genetic_algorithm,rosenbrock,107,13200,3.9290635755230543
genetic_algorithm,rosenbrock,107,13300,3.9290635755230543
genetic_algorithm,rosenbrock,107,13400,3.9290635755230543
genetic_algorithm,rosenbrock,107,13500,3.9290635755230543
genetic_algorithm,rosenbrock,107,13600,3.9290635755230543
genetic_algorithm,rosenbrock,107,13700,3.9290635755230543
genetic_algorithm,rosenbrock,107,13800,3.9290635755230543
genetic_algorithm,rosenbrock,107,13900,3.9290635755230543
genetic_algorithm,rosenbrock,107,14000,3.9290635755230543
genetic_algorithm,rosenbrock,107,14100,3.9290635755230543
genetic_algorithm,rosenbrock,107,14200,3.9290635755230543
genetic_algorithm,rosenbrock,107,14300,3.9290635755230543
genetic_algorithm,rosenbrock,107,14400,3.9290635755230543
genetic_algorithm,rosenbrock,107,14500,3.9290635755230543
genetic_algorithm,rosenbrock,107,14600,3.9290635755230543
genetic_algorithm,rosenbrock,107,14700,3.9290635755230543
genetic_algorithm,rosenbrock,107,14800,3.9290635755230543
genetic_algorithm,rosenbrock,107,14900,3.9290635755230543
genetic_algorithm,rosenbrock,107,15000,3.9290635755230543
genetic_algorithm,rosenbrock,107,15100,3.9290635755230543
genetic_algorithm,rosenbrock,107,15200,3.9290635755230543
genetic_algorithm,rosenbrock,107,15300,3.9290635755230543
genetic_algorithm,rosenbrock,107,15400,3.9290635755230543
genetic_algorithm,rosenbrock,107,15500,3.9290635755230543
genetic_algorithm,rosenbrock,107,15600,3.9290635755230543
genetic_algorithm,rosenbrock,107,15700,3.9290635755230543
genetic_algorithm,rosenbrock,107,15800,3.9290635755230543
genetic_algorithm,rosenbrock,107,15900,3.9290635755230543
genetic_algorithm,rosenbrock,107,16000,3.9271977815602725
genetic_algorithm,rosenbrock,107,16100,3.9271977815602725
genetic_algorithm,rosenbrock,107,16200,3.9271977815602725
genetic_algorithm,rosenbrock,107,16300,3.9271977815602725
genetic_algorithm,rosenbrock,107,16400,3.9271977815602725
genetic_algorithm,rosenbrock,107,16500,3.9271977815602725
genetic_algorithm,rosenbrock,107,16600,3.9271977815602725
genetic_algorithm,rosenbrock,107,16700,3.9271977815602725
genetic_algorithm,rosenbrock,107,16800,3.9271977815602725
genetic_algorithm,rosenbrock,107,16900,3.9271977815602725
genetic_algorithm,rosenbrock,107,17000,3.9271977815602725
genetic_algorithm,rosenbrock,107,17100,3.9271977815602725
genetic_algorithm,rosenbrock,107,17200,3.9271977815602725
genetic_algorithm,rosenbrock,107,17300,3.9271977815602725
genetic_algorithm,rosenbrock,107,17400,3.9271977815602725
genetic_algorithm,rosenbrock,107,17500,3.9271977815602725
genetic_algorithm,rosenbrock,107,17600,3.9271977815602725
genetic_algorithm,rosenbrock,107,17700,3.9271977815602725
genetic_algorithm,rosenbrock,107,17800,3.9271977815602725
genetic_algorithm,rosenbrock,107,17900,3.9240630398388805
genetic_algorithm,rosenbrock,107,18000,3.9240630398388805
genetic_algorithm,rosenbrock,107,18100,3.9240630398388805
genetic_algorithm,rosenbrock,107,18200,3.9240630398388805
genetic_algorithm,rosenbrock,107,18300,3.9240630398388805
genetic_algorithm,rosenbrock,107,18400,3.9240630398388805
genetic_algorithm,rosenbrock,107,18500,3.9240630398388805
genetic_algorithm,rosenbrock,107,18600,3.9240630398388805
genetic_algorithm,rosenbrock,107,18700,3.9240630398388805
genetic_algorithm,rosenbrock,107,18800,3.9240630398388805
genetic_algorithm,rosenbrock,107,18900,3.9240630398388805
genetic_algorithm,rosenbrock,107,19000,3.9240630398388805
genetic_algorithm,rosenbrock,107,19100,3.9240630398388805
genetic_algorithm,rosenbrock,107,19200,3.9240630398388805
genetic_algorithm,rosenbrock,107,19300,3.9240630398388805
genetic_algorithm,rosenbrock,107,19400,3.9240630398388805
genetic_algorithm,rosenbrock,107,19500,3.9240630398388805
genetic_algorithm,rosenbrock,107,19600,3.9240630398388805
genetic_algorithm,rosenbrock,107,19700,3.9240630398388805
genetic_algorithm,rosenbrock,107,19800,3.9240630398388805
genetic_algorithm,rosenbrock,107,19900,3.9240630398388805
genetic_algorithm,rosenbrock,107,20000,3.9240630398388805
genetic_algorithm,rosenbrock,108,100,34836.107830618865
genetic_algorithm,rosenbrock,108,200,9780.003023183552
genetic_algorithm,rosenbrock,108,300,3809.2815552933343
genetic_algorithm,rosenbrock,108,400,1475.709627270728
genetic_algorithm,rosenbrock,108,500,843.8668243861677
genetic_algorithm,rosenbrock,108,600,455.3724559868431
genetic_algorithm,rosenbrock,108,700,351.4044246150289
genetic_algorithm,rosenbrock,108,800,257.82798344793673
genetic_algorithm,rosenbrock,108,900,122.579974433877
genetic_algorithm,rosenbrock,108,1000,122.579974433877
genetic_algorithm,rosenbrock,108,1100,122.579974433877
genetic_algorithm,rosenbrock,108,1200,79.30152597274271
genetic_algorithm,rosenbrock,108,1300,79.30152597274271
genetic_algorithm,rosenbrock,108,1400,45.273214299398305
genetic_algorithm,rosenbrock,108,1500,25.094236974048705
genetic_algorithm,rosenbrock,108,1600,19.553652227055274
genetic_algorithm,rosenbrock,108,1700,14.237720496639866
genetic_algorithm,rosenbrock,108,1800,13.085597346791468
genetic_algorithm,rosenbrock,108,1900,11.798132022355624
genetic_algorithm,rosenbrock,108,2000,11.798132022355624
genetic_algorithm,rosenbrock,108,2100,11.798132022355624
genetic_algorithm,rosenbrock,108,2200,11.515795265442897
genetic_algorithm,rosenbrock,108,2300,11.515795265442897
genetic_algorithm,rosenbrock,108,2400,11.515795265442897
genetic_algorithm,rosenbrock,108,2500,11.515795265442897
genetic_algorithm,rosenbrock,108,2600,11.515795265442897
genetic_algorithm,rosenbrock,108,2700,11.515795265442897
genetic_algorithm,rosenbrock,108,2800,11.31070081936002
genetic_algorithm,rosenbrock,108,2900,11.31070081936002
genetic_algorithm,rosenbrock,108,3000,9.583588409807422
genetic_algorithm,rosenbrock,108,3100,9.495588420272675
genetic_algorithm,rosenbrock,108,3200,9.495588420272675
genetic_algorithm,rosenbrock,108,3300,9.495588420272675
genetic_algorithm,rosenbrock,108,3400,9.495588420272675
genetic_algorithm,rosenbrock,108,3500,9.495588420272675
genetic_algorithm,rosenbrock,108,3600,9.495588420272675
genetic_algorithm,rosenbrock,108,3700,8.700579792665183
genetic_algorithm,rosenbrock,108,3800,8.700579792665183
genetic_algorithm,rosenbrock,108,3900,8.700579792665183
genetic_algorithm,rosenbrock,108,4000,8.700579792665183
genetic_algorithm,rosenbrock,108,4100,8.700579792665183
genetic_algorithm,rosenbrock,108,4200,8.700579792665183
genetic_algorithm,rosenbrock,108,4300,8.700579792665183
genetic_algorithm,rosenbrock,108,4400,8.700579792665183
genetic_algorithm,rosenbrock,108,4500,8.56408640663445
genetic_algorithm,rosenbrock,108,4600,8.56408640663445
genetic_algorithm,rosenbrock,108,4700,8.56408640663445
genetic_algorithm,rosenbrock,108,4800,8.56408640663445
genetic_algorithm,rosenbrock,108,4900,8.289578271807352
genetic_algorithm,rosenbrock,108,5000,8.289578271807352
genetic_algorithm,rosenbrock,108,5100,8.230238755738583
genetic_algorithm,rosenbrock,108,5200,8.204757502035118
genetic_algorithm,rosenbrock,108,5300,8.204757502035118
genetic_algorithm,rosenbrock,108,5400,8.204757502035118
genetic_algorithm,rosenbrock,108,5500,8.204757502035118
genetic_algorithm,rosenbrock,108,5600,8.204757502035118
genetic_algorithm,rosenbrock,108,5700,8.00375103558162
genetic_algorithm,rosenbrock,108,5800,8.00375103558162
genetic_algorithm,rosenbrock,108,5900,8.00375103558162
genetic_algorithm,rosenbrock,108,6000,8.00375103558162
genetic_algorithm,rosenbrock,108,6100,8.00375103558162
genetic_algorithm,rosenbrock,108,6200,8.00375103558162
genetic_algorithm,rosenbrock,108,6300,8.00375103558162
genetic_algorithm,rosenbrock,108,6400,8.00375103558162
genetic_algorithm,rosenbrock,108,6500,8.00375103558162
genetic_algorithm,rosenbrock,108,6600,8.00375103558162
genetic_algorithm,rosenbrock,108,6700,8.00375103558162
genetic_algorithm,rosenbrock,108,6800,8.00375103558162
genetic_algorithm,rosenbrock,108,6900,8.00375103558162
genetic_algorithm,rosenbrock,108,7000,8.00375103558162
genetic_algorithm,rosenbrock,108,7100,8.00375103558162
genetic_algorithm,rosenbrock,108,7200,8.003307558951867
genetic_algorithm,rosenbrock,108,7300,8.003307558951867
genetic_algorithm,rosenbrock,108,7400,8.003307558951867
genetic_algorithm,rosenbrock,108,7500,8.003307558951867
genetic_algorithm,rosenbrock,108,7600,8.003307558951867
genetic_algorithm,rosenbrock,108,7700,8.003307558951867
genetic_algorithm,rosenbrock,108,7800,8.003307558951867
genetic_algorithm,rosenbrock,108,7900,8.003307558951867
genetic_algorithm,rosenbrock,108,8000,8.003307558951867
genetic_algorithm,rosenbrock,108,8100,8.003307558951867
genetic_algorithm,rosenbrock,108,8200,8.003307558951867
genetic_algorithm,rosenbrock,108,8300,8.003307558951867
genetic_algorithm,rosenbrock,108,8400,8.003307558951867
genetic_algorithm,rosenbrock,108,8500,8.003307558951867
genetic_algorithm,rosenbrock,108,8600,7.8690697676653585
genetic_algorithm,rosenbrock,108,8700,7.8690697676653585
genetic_algorithm,rosenbrock,108,8800,7.8690697676653585
genetic_algorithm,rosenbrock,108,8900,7.8690697676653585
genetic_algorithm,rosenbrock,108,9000,7.8690697676653585
genetic_algorithm,rosenbrock,108,9100,7.8690697676653585
genetic_algorithm,rosenbrock,108,9200,7.8690697676653585
genetic_algorithm,rosenbrock,108,9300,7.8690697676653585
genetic_algorithm,rosenbrock,108,9400,7.8690697676653585
genetic_algorithm,rosenbrock,108,9500,7.8690697676653585
genetic_algorithm,rosenbrock,108,9600,7.843517165883923
genetic_algorithm,rosenbrock,108,9700,7.843517165883923
genetic_algorithm,rosenbrock,108,9800,7.800262485605161
genetic_algorithm,rosenbrock,108,9900,7.800262485605161
genetic_algorithm,rosenbrock,108,10000,7.800262485605161
genetic_algorithm,rosenbrock,108,10100,7.799743377674923
genetic_algorithm,rosenbrock,108,10200,7.799743377674923
genetic_algorithm,rosenbrock,108,10300,7.799743377674923
genetic_algorithm,rosenbrock,108,10400,7.734888892382135
genetic_algorithm,rosenbrock,108,10500,7.734888892382135
genetic_algorithm,rosenbrock,108,10600,7.734888892382135
genetic_algorithm,rosenbrock,108,10700,7.734888892382135
genetic_algorithm,rosenbrock,108,10800,7.734888892382135
genetic_algorithm,rosenbrock,108,10900,7.734888892382135
genetic_algorithm,rosenbrock,108,11000,7.734022288328552
genetic_algorithm,rosenbrock,108,11100,7.734022288328552
genetic_algorithm,rosenbrock,108,11200,7.734022288328552
genetic_algorithm,rosenbrock,108,11300,7.734022288328552
genetic_algorithm,rosenbrock,108,11400,7.734022288328552
genetic_algorithm,rosenbrock,108,11500,7.734022288328552
genetic_algorithm,rosenbrock,108,11600,7.734022288328552
genetic_algorithm,rosenbrock,108,11700,7.734022288328552
genetic_algorithm,rosenbrock,108,11800,7.734022288328552
genetic_algorithm,rosenbrock,108,11900,7.734022288328552
genetic_algorithm,rosenbrock,108,12000,7.734022288328552
genetic_algorithm,rosenbrock,108,12100,7.734022288328552
genetic_algorithm,rosenbrock,108,12200,7.734022288328552
genetic_algorithm,rosenbrock,108,12300,7.734022288328552
genetic_algorithm,rosenbrock,108,12400,7.734022288328552
genetic_algorithm,rosenbrock,108,12500,7.734022288328552
genetic_algorithm,rosenbrock,108,12600,7.734022288328552
genetic_algorithm,rosenbrock,108,12700,7.734022288328552
genetic_algorithm,rosenbrock,108,12800,7.734022288328552
genetic_algorithm,rosenbrock,108,12900,7.734022288328552
genetic_algorithm,rosenbrock,108,13000,7.734022288328552
genetic_algorithm,rosenbrock,108,13100,7.734022288328552
genetic_algorithm,rosenbrock,108,13200,7.734022288328552
genetic_algorithm,rosenbrock,108,13300,7.734022288328552
genetic_algorithm,rosenbrock,108,13400,7.734022288328552
genetic_algorithm,rosenbrock,108,13500,7.734022288328552
genetic_algorithm,rosenbrock,108,13600,7.734022288328552
genetic_algorithm,rosenbrock,108,13700,7.734022288328552
genetic_algorithm,rosenbrock,108,13800,7.734022288328552
genetic_algorithm,rosenbrock,108,13900,7.734022288328552
genetic_algorithm,rosenbrock,108,14000,7.734022288328552
genetic_algorithm,rosenbrock,108,14100,7.734022288328552
genetic_algorithm,rosenbrock,108,14200,7.734022288328552
genetic_algorithm,rosenbrock,108,14300,7.734022288328552
genetic_algorithm,rosenbrock,108,14400,7.734022288328552
genetic_algorithm,rosenbrock,108,14500,7.734022288328552
genetic_algorithm,rosenbrock,108,14600,7.734022288328552
genetic_algorithm,rosenbrock,108,14700,7.734022288328552
genetic_algorithm,rosenbrock,108,14800,7.734022288328552
genetic_algorithm,rosenbrock,108,14900,7.734022288328552
genetic_algorithm,rosenbrock,108,15000,7.734022288328552
genetic_algorithm,rosenbrock,108,15100,7.734022288328552
genetic_algorithm,rosenbrock,108,15200,7.734022288328552
genetic_algorithm,rosenbrock,108,15300,7.734022288328552
genetic_algorithm,rosenbrock,108,15400,7.734022288328552
genetic_algorithm,rosenbrock,108,15500,7.734022288328552
genetic_algorithm,rosenbrock,108,15600,7.734022288328552
genetic_algorithm,rosenbrock,108,15700,7.734022288328552
genetic_algorithm,rosenbrock,108,15800,7.734022288328552
genetic_algorithm,rosenbrock,108,15900,7.734022288328552
genetic_algorithm,rosenbrock,108,16000,7.734022288328552
genetic_algorithm,rosenbrock,108,16100,7.734022288328552
genetic_algorithm,rosenbrock,108,16200,7.734022288328552
genetic_algorithm,rosenbrock,108,16300,7.734022288328552
genetic_algorithm,rosenbrock,108,16400,7.734022288328552
genetic_algorithm,rosenbrock,108,16500,7.734022288328552
genetic_algorithm,rosenbrock,108,16600,7.734022288328552
genetic_algorithm,rosenbrock,108,16700,7.734022288328552
genetic_algorithm,rosenbrock,108,16800,7.734022288328552
genetic_algorithm,rosenbrock,108,16900,7.734022288328552
genetic_algorithm,rosenbrock,108,17000,7.734022288328552
genetic_algorithm,rosenbrock,108,17100,7.734022288328552
genetic_algorithm,rosenbrock,108,17200,7.729945831505947
genetic_algorithm,rosenbrock,108,17300,7.729945831505947
genetic_algorithm,rosenbrock,108,17400,7.729945831505947
genetic_algorithm,rosenbrock,108,17500,7.729945831505947
genetic_algorithm,rosenbrock,108,17600,7.729945831505947
genetic_algorithm,rosenbrock,108,17700,7.729945831505947
genetic_algorithm,rosenbrock,108,17800,7.729945831505947
genetic_algorithm,rosenbrock,108,17900,7.729945831505947
genetic_algorithm,rosenbrock,108,18000,7.654324763067066
genetic_algorithm,rosenbrock,108,18100,7.654324763067066
genetic_algorithm,rosenbrock,108,18200,7.621867965114575
genetic_algorithm,rosenbrock,108,18300,7.54085875279341
genetic_algorithm,rosenbrock,108,18400,7.54085875279341
genetic_algorithm,rosenbrock,108,18500,7.54085875279341
genetic_algorithm,rosenbrock,108,18600,7.54085875279341
genetic_algorithm,rosenbrock,108,18700,7.54085875279341
genetic_algorithm,rosenbrock,108,18800,7.54085875279341
genetic_algorithm,rosenbrock,108,18900,7.54085875279341
genetic_algorithm,rosenbrock,108,19000,7.54085875279341
genetic_algorithm,rosenbrock,108,19100,7.54085875279341
genetic_algorithm,rosenbrock,108,19200,7.54085875279341
genetic_algorithm,rosenbrock,108,19300,7.54085875279341
genetic_algorithm,rosenbrock,108,19400,7.54085875279341
genetic_algorithm,rosenbrock,108,19500,7.54085875279341
genetic_algorithm,rosenbrock,108,19600,7.54085875279341
genetic_algorithm,rosenbrock,108,19700,7.54085875279341
genetic_algorithm,rosenbrock,108,19800,7.54085875279341
genetic_algorithm,rosenbrock,108,19900,7.54085875279341
genetic_algorithm,rosenbrock,108,20000,7.54085875279341
genetic_algorithm,rosenbrock,109,100,33174.53899916801
genetic_algorithm,rosenbrock,109,200,6556.879953323564
genetic_algorithm,rosenbrock,109,300,2361.693605119187
genetic_algorithm,rosenbrock,109,400,1218.1777828118718
genetic_algorithm,rosenbrock,109,500,883.7103534393583
genetic_algorithm,rosenbrock,109,600,792.4383856445805
genetic_algorithm,rosenbrock,109,700,360.41485529625317
genetic_algorithm,rosenbrock,109,800,294.39292985869173
genetic_algorithm,rosenbrock,109,900,192.65880439207433
genetic_algorithm,rosenbrock,109,1000,81.50949250973474
genetic_algorithm,rosenbrock,109,1100,81.50949250973474
genetic_algorithm,rosenbrock,109,1200,49.99417215323672
genetic_algorithm,rosenbrock,109,1300,49.99417215323672
genetic_algorithm,rosenbrock,109,1400,30.6780502267778
genetic_algorithm,rosenbrock,109,1500,24.560396012964254
genetic_algorithm,rosenbrock,109,1600,17.726632848049405
genetic_algorithm,rosenbrock,109,1700,17.726632848049405
genetic_algorithm,rosenbrock,109,1800,17.726632848049405
genetic_algorithm,rosenbrock,109,1900,17.726632848049405
genetic_algorithm,rosenbrock,109,2000,17.726632848049405
genetic_algorithm,rosenbrock,109,2100,15.63445954957057
genetic_algorithm,rosenbrock,109,2200,15.089104252311667
genetic_algorithm,rosenbrock,109,2300,14.876336361676767
genetic_algorithm,rosenbrock,109,2400,14.478870037519124
genetic_algorithm,rosenbrock,109,2500,13.50122747810792
genetic_algorithm,rosenbrock,109,2600,12.875400810297855
genetic_algorithm,rosenbrock,109,2700,11.590677519564956
genetic_algorithm,rosenbrock,109,2800,10.613490564445806
genetic_algorithm,rosenbrock,109,2900,8.286611464641693
genetic_algorithm,rosenbrock,109,3000,8.286611464641693
genetic_algorithm,rosenbrock,109,3100,8.286611464641693
genetic_algorithm,rosenbrock,109,3200,8.286611464641693
genetic_algorithm,rosenbrock,109,3300,8.286611464641693
genetic_algorithm,rosenbrock,109,3400,8.286611464641693
genetic_algorithm,rosenbrock,109,3500,8.286611464641693
genetic_algorithm,rosenbrock,109,3600,7.979557389749992
genetic_algorithm,rosenbrock,109,3700,7.94463941125615
genetic_algorithm,rosenbrock,109,3800,7.94463941125615
genetic_algorithm,rosenbrock,109,3900,7.94463941125615
genetic_algorithm,rosenbrock,109,4000,7.912225867928126
genetic_algorithm,rosenbrock,109,4100,7.912225867928126
genetic_algorithm,rosenbrock,109,4200,7.912225867928126
genetic_algorithm,rosenbrock,109,4300,7.912225867928126
genetic_algorithm,rosenbrock,109,4400,7.912225867928126
genetic_algorithm,rosenbrock,109,4500,7.912225867928126
genetic_algorithm,rosenbrock,109,4600,7.912225867928126
genetic_algorithm,rosenbrock,109,4700,7.912225867928126
genetic_algorithm,rosenbrock,109,4800,7.912225867928126
genetic_algorithm,rosenbrock,109,4900,7.912225867928126
genetic_algorithm,rosenbrock,109,5000,7.912225867928126
genetic_algorithm,rosenbrock,109,5100,7.912225867928126
genetic_algorithm,rosenbrock,109,5200,7.912225867928126
genetic_algorithm,rosenbrock,109,5300,7.912225867928126
genetic_algorithm,rosenbrock,109,5400,7.8954260866158625
genetic_algorithm,rosenbrock,109,5500,7.8954260866158625
genetic_algorithm,rosenbrock,109,5600,7.850201912749248
genetic_algorithm,rosenbrock,109,5700,7.850201912749248
genetic_algorithm,rosenbrock,109,5800,7.850201912749248
genetic_algorithm,rosenbrock,109,5900,7.850201912749248
genetic_algorithm,rosenbrock,109,6000,7.850201912749248
genetic_algorithm,rosenbrock,109,6100,7.850201912749248
genetic_algorithm,rosenbrock,109,6200,7.850201912749248
genetic_algorithm,rosenbrock,109,6300,7.850201912749248
genetic_algorithm,rosenbrock,109,6400,7.850201912749248
genetic_algorithm,rosenbrock,109,6500,7.850201912749248
genetic_algorithm,rosenbrock,109,6600,7.850201912749248
genetic_algorithm,rosenbrock,109,6700,7.850201912749248
genetic_algorithm,rosenbrock,109,6800,7.755313143212561
genetic_algorithm,rosenbrock,109,6900,7.755313143212561
genetic_algorithm,rosenbrock,109,7000,7.755313143212561
genetic_algorithm,rosenbrock,109,7100,7.755313143212561
genetic_algorithm,rosenbrock,109,7200,7.755313143212561
genetic_algorithm,rosenbrock,109,7300,7.755313143212561
genetic_algorithm,rosenbrock,109,7400,7.755313143212561
genetic_algorithm,rosenbrock,109,7500,7.755313143212561
genetic_algorithm,rosenbrock,109,7600,7.656668115706383
genetic_algorithm,rosenbrock,109,7700,7.5825972847675125
genetic_algorithm,rosenbrock,109,7800,7.5596463241139915
genetic_algorithm,rosenbrock,109,7900,7.5596463241139915
genetic_algorithm,rosenbrock,109,8000,7.5596463241139915
genetic_algorithm,rosenbrock,109,8100,7.5596463241139915
genetic_algorithm,rosenbrock,109,8200,7.5596463241139915
genetic_algorithm,rosenbrock,109,8300,7.5596463241139915
genetic_algorithm,rosenbrock,109,8400,7.53161011083229
genetic_algorithm,rosenbrock,109,8500,7.53161011083229
genetic_algorithm,rosenbrock,109,8600,7.53161011083229
genetic_algorithm,rosenbrock,109,8700,7.53161011083229
genetic_algorithm,rosenbrock,109,8800,7.53161011083229
genetic_algorithm,rosenbrock,109,8900,7.53161011083229
genetic_algorithm,rosenbrock,109,9000,7.53161011083229
genetic_algorithm,rosenbrock,109,9100,7.53161011083229
genetic_algorithm,rosenbrock,109,9200,7.53161011083229
genetic_algorithm,rosenbrock,109,9300,7.53161011083229
genetic_algorithm,rosenbrock,109,9400,7.53161011083229
genetic_algorithm,rosenbrock,109,9500,7.53161011083229
genetic_algorithm,rosenbrock,109,9600,7.53161011083229
genetic_algorithm,rosenbrock,109,9700,7.53161011083229
genetic_algorithm,rosenbrock,109,9800,7.53161011083229
genetic_algorithm,rosenbrock,109,9900,7.53161011083229
genetic_algorithm,rosenbrock,109,10000,7.53161011083229
genetic_algorithm,rosenbrock,109,10100,7.53161011083229
genetic_algorithm,rosenbrock,109,10200,7.53161011083229
genetic_algorithm,rosenbrock,109,10300,7.53161011083229
genetic_algorithm,rosenbrock,109,10400,7.53161011083229
genetic_algorithm,rosenbrock,109,10500,7.522429064143525
genetic_algorithm,rosenbrock,109,10600,7.492890762150873
genetic_algorithm,rosenbrock,109,10700,7.492890762150873
genetic_algorithm,rosenbrock,109,10800,7.492890762150873
genetic_algorithm,rosenbrock,109,10900,7.492890762150873
genetic_algorithm,rosenbrock,109,11000,7.492890762150873
genetic_algorithm,rosenbrock,109,11100,7.49087672009366
genetic_algorithm,rosenbrock,109,11200,7.482735071846065
genetic_algorithm,rosenbrock,109,11300,7.482735071846065
genetic_algorithm,rosenbrock,109,11400,7.476633993934305
genetic_algorithm,rosenbrock,109,11500,7.476633993934305
genetic_algorithm,rosenbrock,109,11600,7.476633993934305
genetic_algorithm,rosenbrock,109,11700,7.476633993934305
genetic_algorithm,rosenbrock,109,11800,7.476633993934305
genetic_algorithm,rosenbrock,109,11900,7.476633993934305
genetic_algorithm,rosenbrock,109,12000,7.476633993934305
genetic_algorithm,rosenbrock,109,12100,7.476633993934305
genetic_algorithm,rosenbrock,109,12200,7.476633993934305
genetic_algorithm,rosenbrock,109,12300,7.476633993934305
genetic_algorithm,rosenbrock,109,12400,7.476633993934305
genetic_algorithm,rosenbrock,109,12500,7.476633993934305
genetic_algorithm,rosenbrock,109,12600,7.476633993934305
genetic_algorithm,rosenbrock,109,12700,7.476633993934305
genetic_algorithm,rosenbrock,109,12800,7.476633993934305
genetic_algorithm,rosenbrock,109,12900,7.476633993934305
genetic_algorithm,rosenbrock,109,13000,7.476633993934305
genetic_algorithm,rosenbrock,109,13100,7.476633993934305
genetic_algorithm,rosenbrock,109,13200,7.476633993934305
genetic_algorithm,rosenbrock,109,13300,7.476633993934305
genetic_algorithm,rosenbrock,109,13400,7.476633993934305
genetic_algorithm,rosenbrock,109,13500,7.476633993934305
genetic_algorithm,rosenbrock,109,13600,7.476633993934305
genetic_algorithm,rosenbrock,109,13700,7.476633993934305
genetic_algorithm,rosenbrock,109,13800,7.476633993934305
genetic_algorithm,rosenbrock,109,13900,7.476633993934305
genetic_algorithm,rosenbrock,109,14000,7.476633993934305
genetic_algorithm,rosenbrock,109,14100,7.476633993934305
genetic_algorithm,rosenbrock,109,14200,7.476633993934305
genetic_algorithm,rosenbrock,109,14300,7.476633993934305
genetic_algorithm,rosenbrock,109,14400,7.476633993934305
genetic_algorithm,rosenbrock,109,14500,7.476633993934305
genetic_algorithm,rosenbrock,109,14600,7.476633993934305
genetic_algorithm,rosenbrock,109,14700,7.476633993934305
genetic_algorithm,rosenbrock,109,14800,7.476633993934305
genetic_algorithm,rosenbrock,109,14900,7.476633993934305
genetic_algorithm,rosenbrock,109,15000,7.474965346067327
genetic_algorithm,rosenbrock,109,15100,7.474965346067327
genetic_algorithm,rosenbrock,109,15200,7.474965346067327
genetic_algorithm,rosenbrock,109,15300,7.474965346067327
genetic_algorithm,rosenbrock,109,15400,7.474965346067327
genetic_algorithm,rosenbrock,109,15500,7.474846466264092
genetic_algorithm,rosenbrock,109,15600,7.474846466264092
genetic_algorithm,rosenbrock,109,15700,7.474846466264092
genetic_algorithm,rosenbrock,109,15800,7.474846466264092
genetic_algorithm,rosenbrock,109,15900,7.474846466264092
genetic_algorithm,rosenbrock,109,16000,7.474846466264092
genetic_algorithm,rosenbrock,109,16100,7.474846466264092
genetic_algorithm,rosenbrock,109,16200,7.474846466264092
genetic_algorithm,rosenbrock,109,16300,7.474846466264092
genetic_algorithm,rosenbrock,109,16400,7.474846466264092
genetic_algorithm,rosenbrock,109,16500,7.474846466264092
genetic_algorithm,rosenbrock,109,16600,7.474846466264092
genetic_algorithm,rosenbrock,109,16700,7.474846466264092
genetic_algorithm,rosenbrock,109,16800,7.474846466264092
genetic_algorithm,rosenbrock,109,16900,7.474846466264092
genetic_algorithm,rosenbrock,109,17000,7.474846466264092
genetic_algorithm,rosenbrock,109,17100,7.474846466264092
genetic_algorithm,rosenbrock,109,17200,7.474846466264092
genetic_algorithm,rosenbrock,109,17300,7.474846466264092
genetic_algorithm,rosenbrock,109,17400,7.474846466264092
genetic_algorithm,rosenbrock,109,17500,7.474846466264092
genetic_algorithm,rosenbrock,109,17600,7.474846466264092
genetic_algorithm,rosenbrock,109,17700,7.474846466264092
genetic_algorithm,rosenbrock,109,17800,7.474846466264092
genetic_algorithm,rosenbrock,109,17900,7.474846466264092
genetic_algorithm,rosenbrock,109,18000,7.474846466264092
genetic_algorithm,rosenbrock,109,18100,7.474846466264092
genetic_algorithm,rosenbrock,109,18200,7.474846466264092
genetic_algorithm,rosenbrock,109,18300,7.474846466264092
genetic_algorithm,rosenbrock,109,18400,7.474846466264092
genetic_algorithm,rosenbrock,109,18500,7.474846466264092
genetic_algorithm,rosenbrock,109,18600,7.474846466264092
genetic_algorithm,rosenbrock,109,18700,7.474846466264092
genetic_algorithm,rosenbrock,109,18800,7.474846466264092
genetic_algorithm,rosenbrock,109,18900,7.474846466264092
genetic_algorithm,rosenbrock,109,19000,7.474846466264092
genetic_algorithm,rosenbrock,109,19100,7.474846466264092
genetic_algorithm,rosenbrock,109,19200,7.474846466264092
genetic_algorithm,rosenbrock,109,19300,7.474846466264092
genetic_algorithm,rosenbrock,109,19400,7.474846466264092
genetic_algorithm,rosenbrock,109,19500,7.474846466264092
genetic_algorithm,rosenbrock,109,19600,7.474846466264092
genetic_algorithm,rosenbrock,109,19700,7.474846466264092
genetic_algorithm,rosenbrock,109,19800,7.474846466264092
genetic_algorithm,rosenbrock,109,19900,7.4679246947813525
genetic_algorithm,rosenbrock,109,20000,7.4679246947813525
genetic_algorithm,rosenbrock,110,100,89276.85831892544
genetic_algorithm,rosenbrock,110,200,6070.5416245455335
genetic_algorithm,rosenbrock,110,300,1048.6666122020536
genetic_algorithm,rosenbrock,110,400,309.0864224661258
genetic_algorithm,rosenbrock,110,500,260.29429251124253
genetic_algorithm,rosenbrock,110,600,136.17509274357877
genetic_algorithm,rosenbrock,110,700,84.25318448259642
genetic_algorithm,rosenbrock,110,800,69.23558146524428
genetic_algorithm,rosenbrock,110,900,52.241439793581016
genetic_algorithm,rosenbrock,110,1000,49.12999471354754
genetic_algorithm,rosenbrock,110,1100,25.263651835200474
genetic_algorithm,rosenbrock,110,1200,25.263651835200474
genetic_algorithm,rosenbrock,110,1300,25.263651835200474
genetic_algorithm,rosenbrock,110,1400,24.56898194508076
genetic_algorithm,rosenbrock,110,1500,24.509124087440355
genetic_algorithm,rosenbrock,110,1600,24.509124087440355
genetic_algorithm,rosenbrock,110,1700,22.097587850940798
genetic_algorithm,rosenbrock,110,1800,13.012715483126629
genetic_algorithm,rosenbrock,110,1900,11.229588091747615
genetic_algorithm,rosenbrock,110,2000,11.229588091747615
genetic_algorithm,rosenbrock,110,2100,9.277294843039071
genetic_algorithm,rosenbrock,110,2200,9.277294843039071
genetic_algorithm,rosenbrock,110,2300,9.277294843039071
genetic_algorithm,rosenbrock,110,2400,9.277294843039071
genetic_algorithm,rosenbrock,110,2500,9.277294843039071
genetic_algorithm,rosenbrock,110,2600,9.277294843039071
genetic_algorithm,rosenbrock,110,2700,9.277294843039071
genetic_algorithm,rosenbrock,110,2800,9.277294843039071
genetic_algorithm,rosenbrock,110,2900,9.277294843039071
genetic_algorithm,rosenbrock,110,3000,9.15304074725855
genetic_algorithm,rosenbrock,110,3100,8.763377783290546
genetic_algorithm,rosenbrock,110,3200,6.961505434629389
genetic_algorithm,rosenbrock,110,3300,6.961505434629389
genetic_algorithm,rosenbrock,110,3400,6.543235278529867
genetic_algorithm,rosenbrock,110,3500,6.543235278529867
genetic_algorithm,rosenbrock,110,3600,6.543235278529867
genetic_algorithm,rosenbrock,110,3700,6.543235278529867
genetic_algorithm,rosenbrock,110,3800,6.543235278529867
genetic_algorithm,rosenbrock,110,3900,6.543235278529867
genetic_algorithm,rosenbrock,110,4000,6.543235278529867
genetic_algorithm,rosenbrock,110,4100,6.543235278529867
genetic_algorithm,rosenbrock,110,4200,6.543235278529867
genetic_algorithm,rosenbrock,110,4300,6.543235278529867
genetic_algorithm,rosenbrock,110,4400,6.359744068329725
genetic_algorithm,rosenbrock,110,4500,6.359744068329725
genetic_algorithm,rosenbrock,110,4600,6.359744068329725
genetic_algorithm,rosenbrock,110,4700,6.124300791000084
genetic_algorithm,rosenbrock,110,4800,6.124300791000084
genetic_algorithm,rosenbrock,110,4900,6.124300791000084
genetic_algorithm,rosenbrock,110,5000,6.107070246478139
genetic_algorithm,rosenbrock,110,5100,6.107070246478139
genetic_algorithm,rosenbrock,110,5200,6.107070246478139
genetic_algorithm,rosenbrock,110,5300,5.906947368207225
genetic_algorithm,rosenbrock,110,5400,5.823346287500705
genetic_algorithm,rosenbrock,110,5500,5.823346287500705
genetic_algorithm,rosenbrock,110,5600,5.823346287500705
genetic_algorithm,rosenbrock,110,5700,5.823346287500705
genetic_algorithm,rosenbrock,110,5800,5.823346287500705
genetic_algorithm,rosenbrock,110,5900,5.628526182504984
genetic_algorithm,rosenbrock,110,6000,5.628526182504984
genetic_algorithm,rosenbrock,110,6100,5.628526182504984
genetic_algorithm,rosenbrock,110,6200,5.535291796575399
genetic_algorithm,rosenbrock,110,6300,5.535291796575399
genetic_algorithm,rosenbrock,110,6400,5.535291796575399
genetic_algorithm,rosenbrock,110,6500,5.535291796575399
genetic_algorithm,rosenbrock,110,6600,5.535291796575399
genetic_algorithm,rosenbrock,110,6700,5.535291796575399
genetic_algorithm,rosenbrock,110,6800,5.483918351318685
genetic_algorithm,rosenbrock,110,6900,5.448681720532089
genetic_algorithm,rosenbrock,110,7000,5.448681720532089
genetic_algorithm,rosenbrock,110,7100,5.448681720532089
genetic_algorithm,rosenbrock,110,7200,5.262926469154156
genetic_algorithm,rosenbrock,110,7300,5.2443147990040195
genetic_algorithm,rosenbrock,110,7400,5.2443147990040195
genetic_algorithm,rosenbrock,110,7500,5.2443147990040195
genetic_algorithm,rosenbrock,110,7600,5.2443147990040195
genetic_algorithm,rosenbrock,110,7700,5.2443147990040195
genetic_algorithm,rosenbrock,110,7800,5.2443147990040195
genetic_algorithm,rosenbrock,110,7900,5.2443147990040195
genetic_algorithm,rosenbrock,110,8000,5.2443147990040195
genetic_algorithm,rosenbrock,110,8100,5.2443147990040195
genetic_algorithm,rosenbrock,110,8200,5.2443147990040195
genetic_algorithm,rosenbrock,110,8300,5.189145788904989
genetic_algorithm,rosenbrock,110,8400,5.189145788904989
genetic_algorithm,rosenbrock,110,8500,5.186648439005225
genetic_algorithm,rosenbrock,110,8600,5.186648439005225
genetic_algorithm,rosenbrock,110,8700,5.186648439005225
genetic_algorithm,rosenbrock,110,8800,5.186648439005225
genetic_algorithm,rosenbrock,110,8900,5.186648439005225
genetic_algorithm,rosenbrock,110,9000,5.186648439005225
genetic_algorithm,rosenbrock,110,9100,5.186648439005225
genetic_algorithm,rosenbrock,110,9200,5.186648439005225
genetic_algorithm,rosenbrock,110,9300,5.186648439005225
genetic_algorithm,rosenbrock,110,9400,5.186648439005225
genetic_algorithm,rosenbrock,110,9500,5.186648439005225
genetic_algorithm,rosenbrock,110,9600,5.186648439005225
genetic_algorithm,rosenbrock,110,9700,5.186648439005225
genetic_algorithm,rosenbrock,110,9800,5.186648439005225
genetic_algorithm,rosenbrock,110,9900,5.186648439005225
genetic_algorithm,rosenbrock,110,10000,5.186648439005225
genetic_algorithm,rosenbrock,110,10100,5.186648439005225
genetic_algorithm,rosenbrock,110,10200,5.186648439005225
genetic_algorithm,rosenbrock,110,10300,5.186648439005225
genetic_algorithm,rosenbrock,110,10400,5.186648439005225
genetic_algorithm,rosenbrock,110,10500,5.186648439005225
genetic_algorithm,rosenbrock,110,10600,5.1770389531000465
genetic_algorithm,rosenbrock,110,10700,5.1770389531000465
genetic_algorithm,rosenbrock,110,10800,5.177012269377432
genetic_algorithm,rosenbrock,110,10900,5.177012269377432
genetic_algorithm,rosenbrock,110,11000,5.177012269377432
genetic_algorithm,rosenbrock,110,11100,5.177012269377432
genetic_algorithm,rosenbrock,110,11200,5.177012269377432
genetic_algorithm,rosenbrock,110,11300,5.177012269377432
genetic_algorithm,rosenbrock,110,11400,5.177012269377432
genetic_algorithm,rosenbrock,110,11500,5.177012269377432
genetic_algorithm,rosenbrock,110,11600,5.177012269377432
genetic_algorithm,rosenbrock,110,11700,5.177012269377432
genetic_algorithm,rosenbrock,110,11800,5.177012269377432
genetic_algorithm,rosenbrock,110,11900,5.177012269377432
genetic_algorithm,rosenbrock,110,12000,5.177012269377432
genetic_algorithm,rosenbrock,110,12100,5.177012269377432
genetic_algorithm,rosenbrock,110,12200,5.177012269377432
genetic_algorithm,rosenbrock,110,12300,5.177012269377432
genetic_algorithm,rosenbrock,110,12400,5.177012269377432
genetic_algorithm,rosenbrock,110,12500,5.177012269377432
genetic_algorithm,rosenbrock,110,12600,5.177012269377432
genetic_algorithm,rosenbrock,110,12700,5.176123956253618
genetic_algorithm,rosenbrock,110,12800,5.176123956253618
genetic_algorithm,rosenbrock,110,12900,5.176123956253618
genetic_algorithm,rosenbrock,110,13000,5.176123956253618
genetic_algorithm,rosenbrock,110,13100,5.176123956253618
genetic_algorithm,rosenbrock,110,13200,5.176123956253618
genetic_algorithm,rosenbrock,110,13300,5.176123956253618
genetic_algorithm,rosenbrock,110,13400,5.176123956253618
genetic_algorithm,rosenbrock,110,13500,5.176123956253618
genetic_algorithm,rosenbrock,110,13600,5.176123956253618
genetic_algorithm,rosenbrock,110,13700,5.176123956253618
genetic_algorithm,rosenbrock,110,13800,5.176123956253618
genetic_algorithm,rosenbrock,110,13900,5.176123956253618
genetic_algorithm,rosenbrock,110,14000,5.176123956253618
genetic_algorithm,rosenbrock,110,14100,5.176123956253618
genetic_algorithm,rosenbrock,110,14200,5.176123956253618
genetic_algorithm,rosenbrock,110,14300,5.176123956253618
genetic_algorithm,rosenbrock,110,14400,5.175381773828579
genetic_algorithm,rosenbrock,110,14500,5.161433158009701
genetic_algorithm,rosenbrock,110,14600,5.161318366286422
genetic_algorithm,rosenbrock,110,14700,5.161057099057382
genetic_algorithm,rosenbrock,110,14800,5.161057099057382
genetic_algorithm,rosenbrock,110,14900,5.161057099057382
genetic_algorithm,rosenbrock,110,15000,5.161057099057382
genetic_algorithm,rosenbrock,110,15100,5.158895547007549
genetic_algorithm,rosenbrock,110,15200,5.158895547007549
genetic_algorithm,rosenbrock,110,15300,5.158895547007549
genetic_algorithm,rosenbrock,110,15400,5.149267856290705
genetic_algorithm,rosenbrock,110,15500,5.149267856290705
genetic_algorithm,rosenbrock,110,15600,5.149267856290705
genetic_algorithm,rosenbrock,110,15700,5.149267856290705
genetic_algorithm,rosenbrock,110,15800,5.149267856290705
genetic_algorithm,rosenbrock,110,15900,5.149267856290705
genetic_algorithm,rosenbrock,110,16000,5.149267856290705
genetic_algorithm,rosenbrock,110,16100,5.149267856290705
genetic_algorithm,rosenbrock,110,16200,5.149267856290705
genetic_algorithm,rosenbrock,110,16300,5.149267856290705
genetic_algorithm,rosenbrock,110,16400,5.149267856290705
genetic_algorithm,rosenbrock,110,16500,5.149267856290705
genetic_algorithm,rosenbrock,110,16600,5.149267856290705
genetic_algorithm,rosenbrock,110,16700,5.149267856290705
genetic_algorithm,rosenbrock,110,16800,5.149267856290705
genetic_algorithm,rosenbrock,110,16900,5.149267856290705
genetic_algorithm,rosenbrock,110,17000,5.149267856290705
genetic_algorithm,rosenbrock,110,17100,5.149267856290705
genetic_algorithm,rosenbrock,110,17200,5.149267856290705
genetic_algorithm,rosenbrock,110,17300,5.149267856290705
genetic_algorithm,rosenbrock,110,17400,5.149267856290705
genetic_algorithm,rosenbrock,110,17500,5.149267856290705
genetic_algorithm,rosenbrock,110,17600,5.149267856290705
genetic_algorithm,rosenbrock,110,17700,5.149267856290705
genetic_algorithm,rosenbrock,110,17800,5.149267856290705
genetic_algorithm,rosenbrock,110,17900,5.149267856290705
genetic_algorithm,rosenbrock,110,18000,5.149267856290705
genetic_algorithm,rosenbrock,110,18100,5.149267856290705
genetic_algorithm,rosenbrock,110,18200,5.149267856290705
genetic_algorithm,rosenbrock,110,18300,5.149267856290705
genetic_algorithm,rosenbrock,110,18400,5.149267856290705
genetic_algorithm,rosenbrock,110,18500,5.149267856290705
genetic_algorithm,rosenbrock,110,18600,5.149267856290705
genetic_algorithm,rosenbrock,110,18700,5.149267856290705
genetic_algorithm,rosenbrock,110,18800,5.149267856290705
genetic_algorithm,rosenbrock,110,18900,5.149267856290705
genetic_algorithm,rosenbrock,110,19000,5.149267856290705
genetic_algorithm,rosenbrock,110,19100,5.149267856290705
genetic_algorithm,rosenbrock,110,19200,5.149267856290705
genetic_algorithm,rosenbrock,110,19300,5.149267856290705
genetic_algorithm,rosenbrock,110,19400,5.149267856290705
genetic_algorithm,rosenbrock,110,19500,5.149267856290705
genetic_algorithm,rosenbrock,110,19600,5.149267856290705
genetic_algorithm,rosenbrock,110,19700,5.149267856290705
genetic_algorithm,rosenbrock,110,19800,5.149267856290705
genetic_algorithm,rosenbrock,110,19900,5.149267856290705
genetic_algorithm,rosenbrock,110,20000,5.149267856290705
genetic_algorithm,rosenbrock,111,100,2802.7985665474093
genetic_algorithm,rosenbrock,111,200,1858.7635545472715
genetic_algorithm,rosenbrock,111,300,941.1082292680546
genetic_algorithm,rosenbrock,111,400,610.4922987145828
genetic_algorithm,rosenbrock,111,500,474.0375080700221
genetic_algorithm,rosenbrock,111,600,409.18581370064226
genetic_algorithm,rosenbrock,111,700,293.8562329523097
genetic_algorithm,rosenbrock,111,800,293.8562329523097
genetic_algorithm,rosenbrock,111,900,288.8639787078559
genetic_algorithm,rosenbrock,111,1000,287.14886050362196
genetic_algorithm,rosenbrock,111,1100,287.14886050362196
genetic_algorithm,rosenbrock,111,1200,280.1526234974741
genetic_algorithm,rosenbrock,111,1300,277.43816582935415
genetic_algorithm,rosenbrock,111,1400,277.43816582935415
genetic_algorithm,rosenbrock,111,1500,277.43816582935415
genetic_algorithm,rosenbrock,111,1600,276.28406358680843
genetic_algorithm,rosenbrock,111,1700,276.12570960870937
genetic_algorithm,rosenbrock,111,1800,273.75245089581387
genetic_algorithm,rosenbrock,111,1900,273.75245089581387
genetic_algorithm,rosenbrock,111,2000,273.0210276462097
genetic_algorithm,rosenbrock,111,2100,272.386811489828
genetic_algorithm,rosenbrock,111,2200,272.2009339437034
genetic_algorithm,rosenbrock,111,2300,272.2009339437034
genetic_algorithm,rosenbrock,111,2400,272.2009339437034
genetic_algorithm,rosenbrock,111,2500,272.2009339437034
genetic_algorithm,rosenbrock,111,2600,272.2009339437034
genetic_algorithm,rosenbrock,111,2700,272.2009339437034
genetic_algorithm,rosenbrock,111,2800,272.0448708268425
genetic_algorithm,rosenbrock,111,2900,272.0448708268425
genetic_algorithm,rosenbrock,111,3000,271.9729031190645
genetic_algorithm,rosenbrock,111,3100,271.66816383781884
genetic_algorithm,rosenbrock,111,3200,271.66816383781884
genetic_algorithm,rosenbrock,111,3300,271.6530776812911
genetic_algorithm,rosenbrock,111,3400,271.6530776812911
genetic_algorithm,rosenbrock,111,3500,271.6530776812911
genetic_algorithm,rosenbrock,111,3600,271.51467928640574
genetic_algorithm,rosenbrock,111,3700,271.51264846274825
genetic_algorithm,rosenbrock,111,3800,269.98399058480237
genetic_algorithm,rosenbrock,111,3900,269.98399058480237
genetic_algorithm,rosenbrock,111,4000,269.57620399336923
genetic_algorithm,rosenbrock,111,4100,269.57620399336923
genetic_algorithm,rosenbrock,111,4200,268.377061568291
genetic_algorithm,rosenbrock,111,4300,268.377061568291
genetic_algorithm,rosenbrock,111,4400,268.377061568291
genetic_algorithm,rosenbrock,111,4500,268.377061568291
genetic_algorithm,rosenbrock,111,4600,268.377061568291
genetic_algorithm,rosenbrock,111,4700,268.377061568291
genetic_algorithm,rosenbrock,111,4800,268.377061568291
genetic_algorithm,rosenbrock,111,4900,268.24611904371983
genetic_algorithm,rosenbrock,111,5000,268.2270435094692
genetic_algorithm,rosenbrock,111,5100,268.14940505692863
genetic_algorithm,rosenbrock,111,5200,268.14940505692863
genetic_algorithm,rosenbrock,111,5300,268.14940505692863
genetic_algorithm,rosenbrock,111,5400,265.2600274675691
genetic_algorithm,rosenbrock,111,5500,265.2600274675691
genetic_algorithm,rosenbrock,111,5600,261.3892264439787
genetic_algorithm,rosenbrock,111,5700,260.69144537138146
genetic_algorithm,rosenbrock,111,5800,260.01388463876395
genetic_algorithm,rosenbrock,111,5900,260.01388463876395
genetic_algorithm,rosenbrock,111,6000,259.55519279280264
genetic_algorithm,rosenbrock,111,6100,259.55519279280264
genetic_algorithm,rosenbrock,111,6200,259.55519279280264
genetic_algorithm,rosenbrock,111,6300,259.53317979604907
genetic_algorithm,rosenbrock,111,6400,257.7696359536621
genetic_algorithm,rosenbrock,111,6500,257.7696359536621
genetic_algorithm,rosenbrock,111,6600,257.7696359536621
genetic_algorithm,rosenbrock,111,6700,257.7696359536621
genetic_algorithm,rosenbrock,111,6800,256.19657944939667
genetic_algorithm,rosenbrock,111,6900,256.19657944939667
genetic_algorithm,rosenbrock,111,7000,256.19657944939667
genetic_algorithm,rosenbrock,111,7100,256.19657944939667
genetic_algorithm,rosenbrock,111,7200,256.19657944939667
genetic_algorithm,rosenbrock,111,7300,253.350223189484
genetic_algorithm,rosenbrock,111,7400,253.350223189484
genetic_algorithm,rosenbrock,111,7500,253.350223189484
genetic_algorithm,rosenbrock,111,7600,214.42334636213113
genetic_algorithm,rosenbrock,111,7700,214.42334636213113
genetic_algorithm,rosenbrock,111,7800,180.71479146696484
genetic_algorithm,rosenbrock,111,7900,149.29565900401673
genetic_algorithm,rosenbrock,111,8000,149.29565900401673
genetic_algorithm,rosenbrock,111,8100,149.29565900401673
genetic_algorithm,rosenbrock,111,8200,149.29565900401673
genetic_algorithm,rosenbrock,111,8300,149.29565900401673
genetic_algorithm,rosenbrock,111,8400,149.29565900401673
genetic_algorithm,rosenbrock,111,8500,149.29565900401673
genetic_algorithm,rosenbrock,111,8600,148.68275453281638
genetic_algorithm,rosenbrock,111,8700,148.68275453281638
genetic_algorithm,rosenbrock,111,8800,148.6602831650651
genetic_algorithm,rosenbrock,111,8900,148.6602831650651
genetic_algorithm,rosenbrock,111,9000,147.18069400297594
genetic_algorithm,rosenbrock,111,9100,147.18069400297594
genetic_algorithm,rosenbrock,111,9200,147.18069400297594
genetic_algorithm,rosenbrock,111,9300,144.88893013838265
genetic_algorithm,rosenbrock,111,9400,143.8959383002931
genetic_algorithm,rosenbrock,111,9500,143.66731569675034
genetic_algorithm,rosenbrock,111,9600,143.66731569675034
genetic_algorithm,rosenbrock,111,9700,143.66731569675034
genetic_algorithm,rosenbrock,111,9800,143.66731569675034
genetic_algorithm,rosenbrock,111,9900,143.66731569675034
genetic_algorithm,rosenbrock,111,10000,143.66731569675034
genetic_algorithm,rosenbrock,111,10100,143.66731569675034
genetic_algorithm,rosenbrock,111,10200,143.38031560363092
genetic_algorithm,rosenbrock,111,10300,143.38031560363092
genetic_algorithm,rosenbrock,111,10400,143.38031560363092
genetic_algorithm,rosenbrock,111,10500,143.38031560363092
genetic_algorithm,rosenbrock,111,10600,143.38031560363092
genetic_algorithm,rosenbrock,111,10700,143.38031560363092
genetic_algorithm,rosenbrock,111,10800,143.38031560363092
genetic_algorithm,rosenbrock,111,10900,143.38031560363092
genetic_algorithm,rosenbrock,111,11000,143.38031560363092
genetic_algorithm,rosenbrock,111,11100,143.38031560363092
genetic_algorithm,rosenbrock,111,11200,143.38031560363092
genetic_algorithm,rosenbrock,111,11300,143.38031560363092
genetic_algorithm,rosenbrock,111,11400,124.12880570388147
genetic_algorithm,rosenbrock,111,11500,124.12880570388147
genetic_algorithm,rosenbrock,111,11600,123.33784113162471
genetic_algorithm,rosenbrock,111,11700,117.03372385253581
genetic_algorithm,rosenbrock,111,11800,105.09024927098399
genetic_algorithm,rosenbrock,111,11900,105.09024927098399
genetic_algorithm,rosenbrock,111,12000,100.23584969140603
genetic_algorithm,rosenbrock,111,12100,98.92387666220976
genetic_algorithm,rosenbrock,111,12200,98.07429814396855
genetic_algorithm,rosenbrock,111,12300,97.07331347954043
genetic_algorithm,rosenbrock,111,12400,97.07331347954043
genetic_algorithm,rosenbrock,111,12500,97.07331347954043
genetic_algorithm,rosenbrock,111,12600,97.07331347954043
genetic_algorithm,rosenbrock,111,12700,93.48342871612071
genetic_algorithm,rosenbrock,111,12800,90.72347341660162
genetic_algorithm,rosenbrock,111,12900,86.89662037298008
genetic_algorithm,rosenbrock,111,13000,86.89662037298008
genetic_algorithm,rosenbrock,111,13100,86.89662037298008
genetic_algorithm,rosenbrock,111,13200,84.77334721489326
genetic_algorithm,rosenbrock,111,13300,81.25658461275864
genetic_algorithm,rosenbrock,111,13400,66.48752405048381
genetic_algorithm,rosenbrock,111,13500,65.79253342855206
genetic_algorithm,rosenbrock,111,13600,59.45931104374972
genetic_algorithm,rosenbrock,111,13700,59.45931104374972
genetic_algorithm,rosenbrock,111,13800,59.45931104374972
genetic_algorithm,rosenbrock,111,13900,59.45931104374972
genetic_algorithm,rosenbrock,111,14000,59.45931104374972
genetic_algorithm,rosenbrock,111,14100,59.45931104374972
genetic_algorithm,rosenbrock,111,14200,59.19843216353535
genetic_algorithm,rosenbrock,111,14300,56.341440651033665
genetic_algorithm,rosenbrock,111,14400,50.17759786122472
genetic_algorithm,rosenbrock,111,14500,49.14669072528952
genetic_algorithm,rosenbrock,111,14600,39.116251160598225
genetic_algorithm,rosenbrock,111,14700,34.233058781014655
genetic_algorithm,rosenbrock,111,14800,26.238721922393882
genetic_algorithm,rosenbrock,111,14900,26.238721922393882
genetic_algorithm,rosenbrock,111,15000,26.238721922393882
genetic_algorithm,rosenbrock,111,15100,24.447450978178193
genetic_algorithm,rosenbrock,111,15200,21.75696434673979
genetic_algorithm,rosenbrock,111,15300,21.3996571371424
genetic_algorithm,rosenbrock,111,15400,20.103755451661076
genetic_algorithm,rosenbrock,111,15500,20.103755451661076
genetic_algorithm,rosenbrock,111,15600,20.103755451661076
genetic_algorithm,rosenbrock,111,15700,20.103755451661076
genetic_algorithm,rosenbrock,111,15800,20.103755451661076
genetic_algorithm,rosenbrock,111,15900,17.571046641024438
genetic_algorithm,rosenbrock,111,16000,17.571046641024438
genetic_algorithm,rosenbrock,111,16100,17.571046641024438
genetic_algorithm,rosenbrock,111,16200,8.277152389195653
genetic_algorithm,rosenbrock,111,16300,8.166083316509198
genetic_algorithm,rosenbrock,111,16400,8.166083316509198
genetic_algorithm,rosenbrock,111,16500,8.166083316509198
genetic_algorithm,rosenbrock,111,16600,8.166083316509198
genetic_algorithm,rosenbrock,111,16700,8.166083316509198
genetic_algorithm,rosenbrock,111,16800,8.166083316509198
genetic_algorithm,rosenbrock,111,16900,8.166083316509198
genetic_algorithm,rosenbrock,111,17000,8.166083316509198
genetic_algorithm,rosenbrock,111,17100,8.166083316509198
genetic_algorithm,rosenbrock,111,17200,8.166083316509198
genetic_algorithm,rosenbrock,111,17300,8.166083316509198
genetic_algorithm,rosenbrock,111,17400,8.166083316509198
genetic_algorithm,rosenbrock,111,17500,8.166083316509198
genetic_algorithm,rosenbrock,111,17600,8.166083316509198
genetic_algorithm,rosenbrock,111,17700,8.144510313033429
genetic_algorithm,rosenbrock,111,17800,8.144510313033429
genetic_algorithm,rosenbrock,111,17900,7.608017344754433
genetic_algorithm,rosenbrock,111,18000,7.608017344754433
genetic_algorithm,rosenbrock,111,18100,7.608017344754433
genetic_algorithm,rosenbrock,111,18200,7.608017344754433
genetic_algorithm,rosenbrock,111,18300,7.608017344754433
genetic_algorithm,rosenbrock,111,18400,7.608017344754433
genetic_algorithm,rosenbrock,111,18500,6.7569526506641004
genetic_algorithm,rosenbrock,111,18600,6.7569526506641004
genetic_algorithm,rosenbrock,111,18700,6.7569526506641004
genetic_algorithm,rosenbrock,111,18800,6.7569526506641004
genetic_algorithm,rosenbrock,111,18900,6.7569526506641004
genetic_algorithm,rosenbrock,111,19000,6.7569526506641004
genetic_algorithm,rosenbrock,111,19100,6.7569526506641004
genetic_algorithm,rosenbrock,111,19200,6.6140646824391585
genetic_algorithm,rosenbrock,111,19300,6.42314959394888
genetic_algorithm,rosenbrock,111,19400,6.42314959394888
genetic_algorithm,rosenbrock,111,19500,6.42314959394888
genetic_algorithm,rosenbrock,111,19600,6.408678690054863
genetic_algorithm,rosenbrock,111,19700,6.408678690054863
genetic_algorithm,rosenbrock,111,19800,6.408678690054863
genetic_algorithm,rosenbrock,111,19900,6.408678690054863
genetic_algorithm,rosenbrock,111,20000,6.408678690054863
genetic_algorithm,rosenbrock,112,100,21553.307755919453
genetic_algorithm,rosenbrock,112,200,3108.4274350915825
genetic_algorithm,rosenbrock,112,300,1344.2533490693338
genetic_algorithm,rosenbrock,112,400,900.3482380141895
genetic_algorithm,rosenbrock,112,500,317.12569145852376
genetic_algorithm,rosenbrock,112,600,253.26343815695452
genetic_algorithm,rosenbrock,112,700,164.46348684512347
genetic_algorithm,rosenbrock,112,800,149.83300514724024
genetic_algorithm,rosenbrock,112,900,60.534825386725274
genetic_algorithm,rosenbrock,112,1000,39.72316396789198
genetic_algorithm,rosenbrock,112,1100,39.72316396789198
genetic_algorithm,rosenbrock,112,1200,39.72316396789198
genetic_algorithm,rosenbrock,112,1300,25.158126948954333
genetic_algorithm,rosenbrock,112,1400,22.486496913575067
genetic_algorithm,rosenbrock,112,1500,22.260204263029557
genetic_algorithm,rosenbrock,112,1600,22.260204263029557
genetic_algorithm,rosenbrock,112,1700,16.398174316160915
genetic_algorithm,rosenbrock,112,1800,9.917644109938792
genetic_algorithm,rosenbrock,112,1900,9.917644109938792
genetic_algorithm,rosenbrock,112,2000,9.015366137147195
genetic_algorithm,rosenbrock,112,2100,8.170020297905461
genetic_algorithm,rosenbrock,112,2200,6.314936253761839
genetic_algorithm,rosenbrock,112,2300,6.314936253761839
genetic_algorithm,rosenbrock,112,2400,6.314936253761839
genetic_algorithm,rosenbrock,112,2500,6.314936253761839
genetic_algorithm,rosenbrock,112,2600,6.314936253761839
genetic_algorithm,rosenbrock,112,2700,5.180697937222284
genetic_algorithm,rosenbrock,112,2800,5.180697937222284
genetic_algorithm,rosenbrock,112,2900,5.180697937222284
genetic_algorithm,rosenbrock,112,3000,5.1324158890204306
genetic_algorithm,rosenbrock,112,3100,4.794719005023461
genetic_algorithm,rosenbrock,112,3200,4.794719005023461
genetic_algorithm,rosenbrock,112,3300,4.794719005023461
genetic_algorithm,rosenbrock,112,3400,4.794719005023461
genetic_algorithm,rosenbrock,112,3500,4.794719005023461
genetic_algorithm,rosenbrock,112,3600,4.668591142018577
genetic_algorithm,rosenbrock,112,3700,4.448156176522369
genetic_algorithm,rosenbrock,112,3800,3.868920891081748
genetic_algorithm,rosenbrock,112,3900,3.868920891081748
genetic_algorithm,rosenbrock,112,4000,3.868920891081748
genetic_algorithm,rosenbrock,112,4100,3.868920891081748
genetic_algorithm,rosenbrock,112,4200,3.868920891081748
genetic_algorithm,rosenbrock,112,4300,3.868920891081748
genetic_algorithm,rosenbrock,112,4400,3.868920891081748
genetic_algorithm,rosenbrock,112,4500,3.8228039223975676
genetic_algorithm,rosenbrock,112,4600,3.8228039223975676
genetic_algorithm,rosenbrock,112,4700,3.8228039223975676
genetic_algorithm,rosenbrock,112,4800,3.8228039223975676
genetic_algorithm,rosenbrock,112,4900,3.8228039223975676
genetic_algorithm,rosenbrock,112,5000,3.8228039223975676
genetic_algorithm,rosenbrock,112,5100,3.8228039223975676
genetic_algorithm,rosenbrock,112,5200,3.778444036052756
genetic_algorithm,rosenbrock,112,5300,3.778444036052756
genetic_algorithm,rosenbrock,112,5400,3.778444036052756
genetic_algorithm,rosenbrock,112,5500,3.778444036052756
genetic_algorithm,rosenbrock,112,5600,3.778444036052756
genetic_algorithm,rosenbrock,112,5700,3.778444036052756
genetic_algorithm,rosenbrock,112,5800,3.657726636084929
genetic_algorithm,rosenbrock,112,5900,3.640858798766909
genetic_algorithm,rosenbrock,112,6000,3.640858798766909
genetic_algorithm,rosenbrock,112,6100,3.640858798766909
genetic_algorithm,rosenbrock,112,6200,3.640858798766909
genetic_algorithm,rosenbrock,112,6300,3.640858798766909
genetic_algorithm,rosenbrock,112,6400,3.640858798766909
genetic_algorithm,rosenbrock,112,6500,3.640858798766909
genetic_algorithm,rosenbrock,112,6600,3.640858798766909
genetic_algorithm,rosenbrock,112,6700,3.640534155547534
genetic_algorithm,rosenbrock,112,6800,3.621095312466876
genetic_algorithm,rosenbrock,112,6900,3.621095312466876
genetic_algorithm,rosenbrock,112,7000,3.621095312466876
genetic_algorithm,rosenbrock,112,7100,3.621095312466876
genetic_algorithm,rosenbrock,112,7200,3.621095312466876
genetic_algorithm,rosenbrock,112,7300,3.621095312466876
genetic_algorithm,rosenbrock,112,7400,3.621095312466876
genetic_algorithm,rosenbrock,112,7500,3.621095312466876
genetic_algorithm,rosenbrock,112,7600,3.621095312466876
genetic_algorithm,rosenbrock,112,7700,3.621095312466876
genetic_algorithm,rosenbrock,112,7800,3.621095312466876
genetic_algorithm,rosenbrock,112,7900,3.621095312466876
genetic_algorithm,rosenbrock,112,8000,3.621095312466876
genetic_algorithm,rosenbrock,112,8100,3.621095312466876
genetic_algorithm,rosenbrock,112,8200,3.621095312466876
genetic_algorithm,rosenbrock,112,8300,3.621095312466876
genetic_algorithm,rosenbrock,112,8400,3.621095312466876
genetic_algorithm,rosenbrock,112,8500,3.621095312466876
genetic_algorithm,rosenbrock,112,8600,3.621095312466876
genetic_algorithm,rosenbrock,112,8700,3.621095312466876
genetic_algorithm,rosenbrock,112,8800,3.621095312466876
genetic_algorithm,rosenbrock,112,8900,3.621095312466876
genetic_algorithm,rosenbrock,112,9000,3.621095312466876
genetic_algorithm,rosenbrock,112,9100,3.621095312466876
genetic_algorithm,rosenbrock,112,9200,3.621095312466876
genetic_algorithm,rosenbrock,112,9300,3.621095312466876
genetic_algorithm,rosenbrock,112,9400,3.621095312466876
genetic_algorithm,rosenbrock,112,9500,3.621095312466876
genetic_algorithm,rosenbrock,112,9600,3.621095312466876
genetic_algorithm,rosenbrock,112,9700,3.621095312466876
genetic_algorithm,rosenbrock,112,9800,3.6017122266356143
genetic_algorithm,rosenbrock,112,9900,3.6017122266356143
genetic_algorithm,rosenbrock,112,10000,3.6017122266356143
genetic_algorithm,rosenbrock,112,10100,3.6017122266356143
genetic_algorithm,rosenbrock,112,10200,3.6017122266356143
genetic_algorithm,rosenbrock,112,10300,3.6017122266356143
genetic_algorithm,rosenbrock,112,10400,3.6017122266356143
genetic_algorithm,rosenbrock,112,10500,3.6017122266356143
genetic_algorithm,rosenbrock,112,10600,3.6017122266356143
genetic_algorithm,rosenbrock,112,10700,3.6017122266356143
genetic_algorithm,rosenbrock,112,10800,3.6017122266356143
genetic_algorithm,rosenbrock,112,10900,3.6017122266356143
genetic_algorithm,rosenbrock,112,11000,3.6017122266356143
genetic_algorithm,rosenbrock,112,11100,3.6017122266356143
genetic_algorithm,rosenbrock,112,11200,3.6017122266356143
genetic_algorithm,rosenbrock,112,11300,3.6017122266356143
genetic_algorithm,rosenbrock,112,11400,3.6017122266356143
genetic_algorithm,rosenbrock,112,11500,3.6017122266356143
genetic_algorithm,rosenbrock,112,11600,3.6017122266356143
genetic_algorithm,rosenbrock,112,11700,3.6017122266356143
genetic_algorithm,rosenbrock,112,11800,3.6017122266356143
genetic_algorithm,rosenbrock,112,11900,3.6017122266356143
genetic_algorithm,rosenbrock,112,12000,3.6017122266356143
genetic_algorithm,rosenbrock,112,12100,3.6017122266356143
genetic_algorithm,rosenbrock,112,12200,3.6017122266356143
genetic_algorithm,rosenbrock,112,12300,3.6017122266356143
genetic_algorithm,rosenbrock,112,12400,3.6017122266356143
genetic_algorithm,rosenbrock,112,12500,3.6017122266356143
genetic_algorithm,rosenbrock,112,12600,3.6017122266356143
genetic_algorithm,rosenbrock,112,12700,3.6017122266356143
genetic_algorithm,rosenbrock,112,12800,3.6017122266356143
genetic_algorithm,rosenbrock,112,12900,3.6017122266356143
genetic_algorithm,rosenbrock,112,13000,3.6017122266356143
genetic_algorithm,rosenbrock,112,13100,3.6017122266356143
genetic_algorithm,rosenbrock,112,13200,3.6017122266356143
genetic_algorithm,rosenbrock,112,13300,3.6017122266356143
genetic_algorithm,rosenbrock,112,13400,3.6017122266356143
genetic_algorithm,rosenbrock,112,13500,3.6017122266356143
genetic_algorithm,rosenbrock,112,13600,3.6017122266356143
genetic_algorithm,rosenbrock,112,13700,3.6017122266356143
genetic_algorithm,rosenbrock,112,13800,3.6017122266356143
genetic_algorithm,rosenbrock,112,13900,3.6017122266356143
genetic_algorithm,rosenbrock,112,14000,3.6017122266356143
genetic_algorithm,rosenbrock,112,14100,3.6017122266356143
genetic_algorithm,rosenbrock,112,14200,3.6017122266356143
genetic_algorithm,rosenbrock,112,14300,3.6017122266356143
genetic_algorithm,rosenbrock,112,14400,3.6017122266356143
genetic_algorithm,rosenbrock,112,14500,3.6017122266356143
genetic_algorithm,rosenbrock,112,14600,3.6017122266356143
genetic_algorithm,rosenbrock,112,14700,3.6017122266356143
genetic_algorithm,rosenbrock,112,14800,3.6017122266356143
genetic_algorithm,rosenbrock,112,14900,3.6017122266356143
genetic_algorithm,rosenbrock,112,15000,3.6017122266356143
genetic_algorithm,rosenbrock,112,15100,3.6017122266356143
genetic_algorithm,rosenbrock,112,15200,3.6017122266356143
genetic_algorithm,rosenbrock,112,15300,3.6017122266356143
genetic_algorithm,rosenbrock,112,15400,3.6017122266356143
genetic_algorithm,rosenbrock,112,15500,3.6017122266356143
genetic_algorithm,rosenbrock,112,15600,3.6017122266356143
genetic_algorithm,rosenbrock,112,15700,3.6017122266356143
genetic_algorithm,rosenbrock,112,15800,3.6017122266356143
genetic_algorithm,rosenbrock,112,15900,3.6017122266356143
genetic_algorithm,rosenbrock,112,16000,3.6017122266356143
genetic_algorithm,rosenbrock,112,16100,3.6017122266356143
genetic_algorithm,rosenbrock,112,16200,3.6017122266356143
genetic_algorithm,rosenbrock,112,16300,3.6017122266356143
genetic_algorithm,rosenbrock,112,16400,3.6017122266356143
genetic_algorithm,rosenbrock,112,16500,3.6017122266356143
genetic_algorithm,rosenbrock,112,16600,3.6017122266356143
genetic_algorithm,rosenbrock,112,16700,3.6017122266356143
genetic_algorithm,rosenbrock,112,16800,3.6017122266356143
genetic_algorithm,rosenbrock,112,16900,3.6017122266356143
genetic_algorithm,rosenbrock,112,17000,3.6017122266356143
genetic_algorithm,rosenbrock,112,17100,3.6017122266356143
genetic_algorithm,rosenbrock,112,17200,3.6017122266356143
genetic_algorithm,rosenbrock,112,17300,3.6017122266356143
genetic_algorithm,rosenbrock,112,17400,3.6017122266356143
genetic_algorithm,rosenbrock,112,17500,3.6017122266356143
genetic_algorithm,rosenbrock,112,17600,3.6017122266356143
genetic_algorithm,rosenbrock,112,17700,3.6017122266356143
genetic_algorithm,rosenbrock,112,17800,3.6017122266356143
genetic_algorithm,rosenbrock,112,17900,3.6017122266356143
genetic_algorithm,rosenbrock,112,18000,3.6017122266356143
genetic_algorithm,rosenbrock,112,18100,3.6017122266356143
genetic_algorithm,rosenbrock,112,18200,3.6017122266356143
genetic_algorithm,rosenbrock,112,18300,3.6017122266356143
genetic_algorithm,rosenbrock,112,18400,3.6017122266356143
genetic_algorithm,rosenbrock,112,18500,3.6017122266356143
genetic_algorithm,rosenbrock,112,18600,3.6017122266356143
genetic_algorithm,rosenbrock,112,18700,3.6017122266356143
genetic_algorithm,rosenbrock,112,18800,3.6017122266356143
genetic_algorithm,rosenbrock,112,18900,3.6017122266356143
genetic_algorithm,rosenbrock,112,19000,3.6017122266356143
genetic_algorithm,rosenbrock,112,19100,3.6017122266356143
genetic_algorithm,rosenbrock,112,19200,3.6017122266356143
genetic_algorithm,rosenbrock,112,19300,3.6017122266356143
genetic_algorithm,rosenbrock,112,19400,3.6017122266356143
genetic_algorithm,rosenbrock,112,19500,3.6017122266356143
genetic_algorithm,rosenbrock,112,19600,3.6017122266356143
genetic_algorithm,rosenbrock,112,19700,3.6017122266356143
genetic_algorithm,rosenbrock,112,19800,3.6017122266356143
genetic_algorithm,rosenbrock,112,19900,3.5518981741922624
genetic_algorithm,rosenbrock,112,20000,3.5274533521028055
genetic_algorithm,rosenbrock,113,100,105797.43323443667
genetic_algorithm,rosenbrock,113,200,5507.694291527033
genetic_algorithm,rosenbrock,113,300,1573.6745213145828
genetic_algorithm,rosenbrock,113,400,754.8738642180161
genetic_algorithm,rosenbrock,113,500,480.1060138137398
genetic_algorithm,rosenbrock,113,600,415.1733601705278
genetic_algorithm,rosenbrock,113,700,253.2011580190047
genetic_algorithm,rosenbrock,113,800,217.63203483650614
genetic_algorithm,rosenbrock,113,900,161.34483880669347
genetic_algorithm,rosenbrock,113,1000,128.7177528444462
genetic_algorithm,rosenbrock,113,1100,128.7177528444462
genetic_algorithm,rosenbrock,113,1200,121.99424276981894
genetic_algorithm,rosenbrock,113,1300,98.53893296625132
genetic_algorithm,rosenbrock,113,1400,96.38963230270711
genetic_algorithm,rosenbrock,113,1500,91.59156893212743
genetic_algorithm,rosenbrock,113,1600,91.59156893212743
genetic_algorithm,rosenbrock,113,1700,85.3016631003462
genetic_algorithm,rosenbrock,113,1800,83.54623956574217
genetic_algorithm,rosenbrock,113,1900,83.54623956574217
genetic_algorithm,rosenbrock,113,2000,78.79901948322784
genetic_algorithm,rosenbrock,113,2100,78.79901948322784
genetic_algorithm,rosenbrock,113,2200,78.79901948322784
genetic_algorithm,rosenbrock,113,2300,78.79901948322784
genetic_algorithm,rosenbrock,113,2400,78.67172303895305
genetic_algorithm,rosenbrock,113,2500,77.90945721716211
genetic_algorithm,rosenbrock,113,2600,77.70821813877379
genetic_algorithm,rosenbrock,113,2700,77.70821813877379
genetic_algorithm,rosenbrock,113,2800,77.5788798419049
genetic_algorithm,rosenbrock,113,2900,77.3874252725863
genetic_algorithm,rosenbrock,113,3000,77.3296739395369
genetic_algorithm,rosenbrock,113,3100,77.3296739395369
genetic_algorithm,rosenbrock,113,3200,77.3296739395369
genetic_algorithm,rosenbrock,113,3300,76.64236498608223
genetic_algorithm,rosenbrock,113,3400,76.64236498608223
genetic_algorithm,rosenbrock,113,3500,74.25309395890066
genetic_algorithm,rosenbrock,113,3600,74.25309395890066
genetic_algorithm,rosenbrock,113,3700,73.81926525111614
genetic_algorithm,rosenbrock,113,3800,68.14393949127978
genetic_algorithm,rosenbrock,113,3900,67.25388676172774
genetic_algorithm,rosenbrock,113,4000,67.25388676172774
genetic_algorithm,rosenbrock,113,4100,67.25388676172774
genetic_algorithm,rosenbrock,113,4200,67.25388676172774
genetic_algorithm,rosenbrock,113,4300,67.25388676172774
genetic_algorithm,rosenbrock,113,4400,67.25388676172774
genetic_algorithm,rosenbrock,113,4500,67.25388676172774
genetic_algorithm,rosenbrock,113,4600,67.25388676172774
genetic_algorithm,rosenbrock,113,4700,67.25388676172774
genetic_algorithm,rosenbrock,113,4800,67.25388676172774
genetic_algorithm,rosenbrock,113,4900,67.25388676172774
genetic_algorithm,rosenbrock,113,5000,67.25388676172774
genetic_algorithm,rosenbrock,113,5100,67.25388676172774
genetic_algorithm,rosenbrock,113,5200,66.85293949980533
genetic_algorithm,rosenbrock,113,5300,66.5928258994442
genetic_algorithm,rosenbrock,113,5400,66.5928258994442
genetic_algorithm,rosenbrock,113,5500,66.33559970822702
genetic_algorithm,rosenbrock,113,5600,66.33559970822702
genetic_algorithm,rosenbrock,113,5700,66.33559970822702
genetic_algorithm,rosenbrock,113,5800,66.33369713102347
genetic_algorithm,rosenbrock,113,5900,66.0806669470225
genetic_algorithm,rosenbrock,113,6000,66.02127078978495
genetic_algorithm,rosenbrock,113,6100,66.02127078978495
genetic_algorithm,rosenbrock,113,6200,65.9814858454564
genetic_algorithm,rosenbrock,113,6300,65.63013216538296
genetic_algorithm,rosenbrock,113,6400,64.61932014708778
genetic_algorithm,rosenbrock,113,6500,62.8576700933061
genetic_algorithm,rosenbrock,113,6600,61.52669092212939
genetic_algorithm,rosenbrock,113,6700,54.72093556078858
genetic_algorithm,rosenbrock,113,6800,54.72093556078858
genetic_algorithm,rosenbrock,113,6900,53.420438636343384
genetic_algorithm,rosenbrock,113,7000,53.420438636343384
genetic_algorithm,rosenbrock,113,7100,53.420438636343384
genetic_algorithm,rosenbrock,113,7200,53.420438636343384
genetic_algorithm,rosenbrock,113,7300,53.23845090715139
genetic_algorithm,rosenbrock,113,7400,52.32610510914941
genetic_algorithm,rosenbrock,113,7500,50.70333734844151
genetic_algorithm,rosenbrock,113,7600,49.43917920068579
genetic_algorithm,rosenbrock,113,7700,49.371829888081635
genetic_algorithm,rosenbrock,113,7800,48.82344521799393
genetic_algorithm,rosenbrock,113,7900,48.82344521799393
genetic_algorithm,rosenbrock,113,8000,48.82344521799393
genetic_algorithm,rosenbrock,113,8100,48.82344521799393
genetic_algorithm,rosenbrock,113,8200,48.76816514864738
genetic_algorithm,rosenbrock,113,8300,48.76816514864738
genetic_algorithm,rosenbrock,113,8400,48.24188197280955
genetic_algorithm,rosenbrock,113,8500,48.24188197280955
genetic_algorithm,rosenbrock,113,8600,48.24188197280955
genetic_algorithm,rosenbrock,113,8700,48.24188197280955
genetic_algorithm,rosenbrock,113,8800,48.24188197280955
genetic_algorithm,rosenbrock,113,8900,48.24188197280955
genetic_algorithm,rosenbrock,113,9000,48.24188197280955
genetic_algorithm,rosenbrock,113,9100,48.24188197280955
genetic_algorithm,rosenbrock,113,9200,48.24188197280955
genetic_algorithm,rosenbrock,113,9300,48.24188197280955
genetic_algorithm,rosenbrock,113,9400,48.24188197280955
genetic_algorithm,rosenbrock,113,9500,47.30357442063119
genetic_algorithm,rosenbrock,113,9600,47.30357442063119
genetic_algorithm,rosenbrock,113,9700,47.30357442063119
genetic_algorithm,rosenbrock,113,9800,45.03222844466256
genetic_algorithm,rosenbrock,113,9900,45.03222844466256
genetic_algorithm,rosenbrock,113,10000,43.21060864036363
genetic_algorithm,rosenbrock,113,10100,39.768620017355836
genetic_algorithm,rosenbrock,113,10200,39.768620017355836
genetic_algorithm,rosenbrock,113,10300,39.768620017355836
genetic_algorithm,rosenbrock,113,10400,39.768620017355836
genetic_algorithm,rosenbrock,113,10500,39.768620017355836
genetic_algorithm,rosenbrock,113,10600,34.562515057378825
genetic_algorithm,rosenbrock,113,10700,30.05738003269363
genetic_algorithm,rosenbrock,113,10800,30.05738003269363
genetic_algorithm,rosenbrock,113,10900,24.042395011877677
genetic_algorithm,rosenbrock,113,11000,23.66291778822786
genetic_algorithm,rosenbrock,113,11100,22.011711505770847
genetic_algorithm,rosenbrock,113,11200,22.011711505770847
genetic_algorithm,rosenbrock,113,11300,22.011711505770847
genetic_algorithm,rosenbrock,113,11400,20.608985126081418
genetic_algorithm,rosenbrock,113,11500,18.467574509881175
genetic_algorithm,rosenbrock,113,11600,17.50579139732857
genetic_algorithm,rosenbrock,113,11700,17.15625465991712
genetic_algorithm,rosenbrock,113,11800,17.15625465991712
genetic_algorithm,rosenbrock,113,11900,17.15625465991712
genetic_algorithm,rosenbrock,113,12000,17.065317986343814
genetic_algorithm,rosenbrock,113,12100,17.065317986343814
genetic_algorithm,rosenbrock,113,12200,17.065317986343814
genetic_algorithm,rosenbrock,113,12300,17.065317986343814
genetic_algorithm,rosenbrock,113,12400,16.513332235157307
genetic_algorithm,rosenbrock,113,12500,15.4567977181818
genetic_algorithm,rosenbrock,113,12600,15.4567977181818
genetic_algorithm,rosenbrock,113,12700,15.242355033903166
genetic_algorithm,rosenbrock,113,12800,13.94161296409438
genetic_algorithm,rosenbrock,113,12900,13.94161296409438
genetic_algorithm,rosenbrock,113,13000,13.94161296409438
genetic_algorithm,rosenbrock,113,13100,13.94161296409438
genetic_algorithm,rosenbrock,113,13200,13.237682529615425
genetic_algorithm,rosenbrock,113,13300,12.532014359232559
genetic_algorithm,rosenbrock,113,13400,11.917932738449561
genetic_algorithm,rosenbrock,113,13500,11.917932738449561
genetic_algorithm,rosenbrock,113,13600,11.12757285360355
genetic_algorithm,rosenbrock,113,13700,11.12757285360355
genetic_algorithm,rosenbrock,113,13800,10.990305348918348
genetic_algorithm,rosenbrock,113,13900,10.990305348918348
genetic_algorithm,rosenbrock,113,14000,9.362127492934093
genetic_algorithm,rosenbrock,113,14100,9.362127492934093
genetic_algorithm,rosenbrock,113,14200,7.574699723469755
genetic_algorithm,rosenbrock,113,14300,7.574699723469755
genetic_algorithm,rosenbrock,113,14400,7.574699723469755
genetic_algorithm,rosenbrock,113,14500,7.574699723469755
genetic_algorithm,rosenbrock,113,14600,7.574699723469755
genetic_algorithm,rosenbrock,113,14700,7.574699723469755
genetic_algorithm,rosenbrock,113,14800,7.574699723469755
genetic_algorithm,rosenbrock,113,14900,7.574699723469755
genetic_algorithm,rosenbrock,113,15000,7.574699723469755
genetic_algorithm,rosenbrock,113,15100,6.392195666153534
genetic_algorithm,rosenbrock,113,15200,6.392195666153534
genetic_algorithm,rosenbrock,113,15300,6.392195666153534
genetic_algorithm,rosenbrock,113,15400,4.987911008235433
genetic_algorithm,rosenbrock,113,15500,4.987911008235433
genetic_algorithm,rosenbrock,113,15600,4.987911008235433
genetic_algorithm,rosenbrock,113,15700,4.722917074144412
genetic_algorithm,rosenbrock,113,15800,4.672612626816097
genetic_algorithm,rosenbrock,113,15900,4.672612626816097
genetic_algorithm,rosenbrock,113,16000,4.672612626816097
genetic_algorithm,rosenbrock,113,16100,4.672612626816097
genetic_algorithm,rosenbrock,113,16200,4.672612626816097
genetic_algorithm,rosenbrock,113,16300,4.672612626816097
genetic_algorithm,rosenbrock,113,16400,4.526352454961306
genetic_algorithm,rosenbrock,113,16500,4.526352454961306
genetic_algorithm,rosenbrock,113,16600,4.526352454961306
genetic_algorithm,rosenbrock,113,16700,4.526352454961306
genetic_algorithm,rosenbrock,113,16800,4.526352454961306
genetic_algorithm,rosenbrock,113,16900,4.526352454961306
genetic_algorithm,rosenbrock,113,17000,3.4000624672471362
genetic_algorithm,rosenbrock,113,17100,3.4000624672471362
genetic_algorithm,rosenbrock,113,17200,3.1550679561388892
genetic_algorithm,rosenbrock,113,17300,3.1550679561388892
genetic_algorithm,rosenbrock,113,17400,3.0587940389577946
genetic_algorithm,rosenbrock,113,17500,3.0587940389577946
genetic_algorithm,rosenbrock,113,17600,2.5984382709427485
genetic_algorithm,rosenbrock,113,17700,2.577948036248958
genetic_algorithm,rosenbrock,113,17800,2.577948036248958
genetic_algorithm,rosenbrock,113,17900,2.1982783436393714
genetic_algorithm,rosenbrock,113,18000,2.016549614166256
genetic_algorithm,rosenbrock,113,18100,2.016549614166256
genetic_algorithm,rosenbrock,113,18200,1.1535683752589303
genetic_algorithm,rosenbrock,113,18300,1.1535683752589303
genetic_algorithm,rosenbrock,113,18400,1.1535683752589303
genetic_algorithm,rosenbrock,113,18500,1.1535683752589303
genetic_algorithm,rosenbrock,113,18600,1.1535683752589303
genetic_algorithm,rosenbrock,113,18700,1.1535683752589303
genetic_algorithm,rosenbrock,113,18800,1.1535683752589303
genetic_algorithm,rosenbrock,113,18900,1.1535683752589303
genetic_algorithm,rosenbrock,113,19000,1.1535683752589303
genetic_algorithm,rosenbrock,113,19100,1.1535683752589303
genetic_algorithm,rosenbrock,113,19200,1.1535683752589303
genetic_algorithm,rosenbrock,113,19300,1.1535683752589303
genetic_algorithm,rosenbrock,113,19400,1.1535683752589303
genetic_algorithm,rosenbrock,113,19500,1.1535683752589303
genetic_algorithm,rosenbrock,113,19600,1.1535683752589303
genetic_algorithm,rosenbrock,113,19700,1.003584257973395
genetic_algorithm,rosenbrock,113,19800,1.003584257973395
genetic_algorithm,rosenbrock,113,19900,1.003584257973395
genetic_algorithm,rosenbrock,113,20000,1.003584257973395
genetic_algorithm,rosenbrock,114,100,52342.057820007336
genetic_algorithm,rosenbrock,114,200,20795.695288743555
genetic_algorithm,rosenbrock,114,300,7242.897260735623
genetic_algorithm,rosenbrock,114,400,2386.937262141492
genetic_algorithm,rosenbrock,114,500,1106.5558295490616
genetic_algorithm,rosenbrock,114,600,286.5547298433039
genetic_algorithm,rosenbrock,114,700,200.673507743341
genetic_algorithm,rosenbrock,114,800,133.3714981625895
genetic_algorithm,rosenbrock,114,900,133.3714981625895
genetic_algorithm,rosenbrock,114,1000,126.59229160876356
genetic_algorithm,rosenbrock,114,1100,117.28557443600445
genetic_algorithm,rosenbrock,114,1200,104.90978869498524
genetic_algorithm,rosenbrock,114,1300,104.90978869498524
genetic_algorithm,rosenbrock,114,1400,104.90978869498524
genetic_algorithm,rosenbrock,114,1500,103.67016400214777
genetic_algorithm,rosenbrock,114,1600,103.67016400214777
genetic_algorithm,rosenbrock,114,1700,87.13698497561447
genetic_algorithm,rosenbrock,114,1800,77.60323677885599
genetic_algorithm,rosenbrock,114,1900,74.62842385774674
genetic_algorithm,rosenbrock,114,2000,74.62842385774674
genetic_algorithm,rosenbrock,114,2100,67.23628596959642
genetic_algorithm,rosenbrock,114,2200,67.23628596959642
genetic_algorithm,rosenbrock,114,2300,62.02764682075866
genetic_algorithm,rosenbrock,114,2400,41.97562510676346
genetic_algorithm,rosenbrock,114,2500,31.487441026767094
genetic_algorithm,rosenbrock,114,2600,31.487441026767094
genetic_algorithm,rosenbrock,114,2700,31.177493336867258
genetic_algorithm,rosenbrock,114,2800,30.43805373379979
genetic_algorithm,rosenbrock,114,2900,16.93452274766345
genetic_algorithm,rosenbrock,114,3000,16.93452274766345
genetic_algorithm,rosenbrock,114,3100,16.93452274766345
genetic_algorithm,rosenbrock,114,3200,15.460026918146195
genetic_algorithm,rosenbrock,114,3300,13.083486450954746
genetic_algorithm,rosenbrock,114,3400,10.699692829469154
genetic_algorithm,rosenbrock,114,3500,10.699692829469154
genetic_algorithm,rosenbrock,114,3600,10.699692829469154
genetic_algorithm,rosenbrock,114,3700,10.699692829469154
genetic_algorithm,rosenbrock,114,3800,10.122151684467442
genetic_algorithm,rosenbrock,114,3900,10.122151684467442
genetic_algorithm,rosenbrock,114,4000,10.122151684467442
genetic_algorithm,rosenbrock,114,4100,8.861252854089166
genetic_algorithm,rosenbrock,114,4200,8.861252854089166
genetic_algorithm,rosenbrock,114,4300,8.861252854089166
genetic_algorithm,rosenbrock,114,4400,8.861252854089166
genetic_algorithm,rosenbrock,114,4500,8.861252854089166
genetic_algorithm,rosenbrock,114,4600,8.861252854089166
genetic_algorithm,rosenbrock,114,4700,6.27825759117696
genetic_algorithm,rosenbrock,114,4800,6.27825759117696
genetic_algorithm,rosenbrock,114,4900,6.27825759117696
genetic_algorithm,rosenbrock,114,5000,6.27825759117696
genetic_algorithm,rosenbrock,114,5100,6.27825759117696
genetic_algorithm,rosenbrock,114,5200,6.269662788409642
genetic_algorithm,rosenbrock,114,5300,6.269662788409642
genetic_algorithm,rosenbrock,114,5400,6.269662788409642
genetic_algorithm,rosenbrock,114,5500,6.269662788409642
genetic_algorithm,rosenbrock,114,5600,6.269662788409642
genetic_algorithm,rosenbrock,114,5700,6.269662788409642
genetic_algorithm,rosenbrock,114,5800,6.269662788409642
genetic_algorithm,rosenbrock,114,5900,6.269662788409642
genetic_algorithm,rosenbrock,114,6000,6.269662788409642
genetic_algorithm,rosenbrock,114,6100,6.269662788409642
genetic_algorithm,rosenbrock,114,6200,6.269662788409642
genetic_algorithm,rosenbrock,114,6300,6.237084491638745
genetic_algorithm,rosenbrock,114,6400,6.04518099384706
genetic_algorithm,rosenbrock,114,6500,6.04518099384706
genetic_algorithm,rosenbrock,114,6600,4.684058093045412
genetic_algorithm,rosenbrock,114,6700,4.539048255228234
genetic_algorithm,rosenbrock,114,6800,4.539048255228234
genetic_algorithm,rosenbrock,114,6900,4.264748852801492
genetic_algorithm,rosenbrock,114,7000,4.264748852801492
genetic_algorithm,rosenbrock,114,7100,3.915054276467427
genetic_algorithm,rosenbrock,114,7200,3.915054276467427
genetic_algorithm,rosenbrock,114,7300,3.915054276467427
genetic_algorithm,rosenbrock,114,7400,3.915054276467427
genetic_algorithm,rosenbrock,114,7500,3.915054276467427
genetic_algorithm,rosenbrock,114,7600,3.915054276467427
genetic_algorithm,rosenbrock,114,7700,3.915054276467427
genetic_algorithm,rosenbrock,114,7800,3.2125013101843773
genetic_algorithm,rosenbrock,114,7900,3.2125013101843773
genetic_algorithm,rosenbrock,114,8000,3.2125013101843773
genetic_algorithm,rosenbrock,114,8100,3.2125013101843773
genetic_algorithm,rosenbrock,114,8200,3.2125013101843773
genetic_algorithm,rosenbrock,114,8300,3.2125013101843773
genetic_algorithm,rosenbrock,114,8400,3.1922003821820626
genetic_algorithm,rosenbrock,114,8500,3.1260440885944476
genetic_algorithm,rosenbrock,114,8600,3.1260440885944476
genetic_algorithm,rosenbrock,114,8700,3.1260440885944476
genetic_algorithm,rosenbrock,114,8800,3.1260440885944476
genetic_algorithm,rosenbrock,114,8900,3.1260440885944476
genetic_algorithm,rosenbrock,114,9000,3.1260440885944476
genetic_algorithm,rosenbrock,114,9100,3.1260440885944476
genetic_algorithm,rosenbrock,114,9200,3.1260440885944476
genetic_algorithm,rosenbrock,114,9300,3.1260440885944476
genetic_algorithm,rosenbrock,114,9400,3.1260440885944476
genetic_algorithm,rosenbrock,114,9500,3.1260440885944476
genetic_algorithm,rosenbrock,114,9600,3.1260440885944476
genetic_algorithm,rosenbrock,114,9700,3.1260440885944476
genetic_algorithm,rosenbrock,114,9800,3.1260440885944476
genetic_algorithm,rosenbrock,114,9900,3.1260440885944476
genetic_algorithm,rosenbrock,114,10000,3.1260440885944476
genetic_algorithm,rosenbrock,114,10100,3.1260440885944476
genetic_algorithm,rosenbrock,114,10200,3.1260440885944476
genetic_algorithm,rosenbrock,114,10300,3.1260440885944476
genetic_algorithm,rosenbrock,114,10400,3.1260440885944476
genetic_algorithm,rosenbrock,114,10500,3.1260440885944476
genetic_algorithm,rosenbrock,114,10600,2.822205311961972
genetic_algorithm,rosenbrock,114,10700,2.822205311961972
genetic_algorithm,rosenbrock,114,10800,1.95087761603849
genetic_algorithm,rosenbrock,114,10900,1.9011115478612028
genetic_algorithm,rosenbrock,114,11000,1.9011115478612028
genetic_algorithm,rosenbrock,114,11100,1.9011115478612028
genetic_algorithm,rosenbrock,114,11200,1.9011115478612028
genetic_algorithm,rosenbrock,114,11300,1.9011115478612028
genetic_algorithm,rosenbrock,114,11400,1.9011115478612028
genetic_algorithm,rosenbrock,114,11500,1.8272926225769806
genetic_algorithm,rosenbrock,114,11600,1.8272926225769806
genetic_algorithm,rosenbrock,114,11700,1.8272926225769806
genetic_algorithm,rosenbrock,114,11800,1.8272926225769806
genetic_algorithm,rosenbrock,114,11900,1.8272926225769806
genetic_algorithm,rosenbrock,114,12000,1.7969689822063262
genetic_algorithm,rosenbrock,114,12100,1.7892778582793536
genetic_algorithm,rosenbrock,114,12200,1.7892778582793536
genetic_algorithm,rosenbrock,114,12300,1.7892778582793536
genetic_algorithm,rosenbrock,114,12400,1.7892778582793536
genetic_algorithm,rosenbrock,114,12500,1.7892778582793536
genetic_algorithm,rosenbrock,114,12600,1.7892778582793536
genetic_algorithm,rosenbrock,114,12700,1.6940138908617646
genetic_algorithm,rosenbrock,114,12800,1.6940138908617646
genetic_algorithm,rosenbrock,114,12900,1.6940138908617646
genetic_algorithm,rosenbrock,114,13000,1.6940138908617646
genetic_algorithm,rosenbrock,114,13100,1.6940138908617646
genetic_algorithm,rosenbrock,114,13200,1.6940138908617646
genetic_algorithm,rosenbrock,114,13300,1.6940138908617646
genetic_algorithm,rosenbrock,114,13400,1.6940138908617646
genetic_algorithm,rosenbrock,114,13500,1.6940138908617646
genetic_algorithm,rosenbrock,114,13600,1.6940138908617646
genetic_algorithm,rosenbrock,114,13700,1.6940138908617646
genetic_algorithm,rosenbrock,114,13800,1.6940138908617646
genetic_algorithm,rosenbrock,114,13900,1.6940138908617646
genetic_algorithm,rosenbrock,114,14000,1.6940138908617646
genetic_algorithm,rosenbrock,114,14100,1.6940138908617646
genetic_algorithm,rosenbrock,114,14200,1.6940138908617646
genetic_algorithm,rosenbrock,114,14300,1.6940138908617646
genetic_algorithm,rosenbrock,114,14400,1.6921431485918612
genetic_algorithm,rosenbrock,114,14500,1.6921431485918612
genetic_algorithm,rosenbrock,114,14600,1.6921431485918612
genetic_algorithm,rosenbrock,114,14700,1.6921431485918612
genetic_algorithm,rosenbrock,114,14800,1.6921431485918612
genetic_algorithm,rosenbrock,114,14900,1.6921431485918612
genetic_algorithm,rosenbrock,114,15000,1.6921431485918612
genetic_algorithm,rosenbrock,114,15100,1.6921431485918612
genetic_algorithm,rosenbrock,114,15200,1.6921431485918612
genetic_algorithm,rosenbrock,114,15300,1.6921431485918612
genetic_algorithm,rosenbrock,114,15400,1.6921431485918612
genetic_algorithm,rosenbrock,114,15500,1.6921431485918612
genetic_algorithm,rosenbrock,114,15600,1.6921431485918612
genetic_algorithm,rosenbrock,114,15700,1.6921431485918612
genetic_algorithm,rosenbrock,114,15800,1.6921431485918612
genetic_algorithm,rosenbrock,114,15900,1.6921431485918612
genetic_algorithm,rosenbrock,114,16000,1.6921431485918612
genetic_algorithm,rosenbrock,114,16100,1.6921431485918612
genetic_algorithm,rosenbrock,114,16200,1.6921431485918612
genetic_algorithm,rosenbrock,114,16300,1.6921431485918612
genetic_algorithm,rosenbrock,114,16400,1.6921431485918612
genetic_algorithm,rosenbrock,114,16500,1.6921431485918612
genetic_algorithm,rosenbrock,114,16600,1.6921431485918612
genetic_algorithm,rosenbrock,114,16700,1.6921431485918612
genetic_algorithm,rosenbrock,114,16800,1.6921431485918612
genetic_algorithm,rosenbrock,114,16900,1.6921431485918612
genetic_algorithm,rosenbrock,114,17000,1.6921431485918612
genetic_algorithm,rosenbrock,114,17100,1.6921431485918612
genetic_algorithm,rosenbrock,114,17200,1.6921431485918612
genetic_algorithm,rosenbrock,114,17300,1.6921431485918612
genetic_algorithm,rosenbrock,114,17400,1.6921431485918612
genetic_algorithm,rosenbrock,114,17500,1.6921431485918612
genetic_algorithm,rosenbrock,114,17600,1.6921431485918612
genetic_algorithm,rosenbrock,114,17700,1.6598943737442853
genetic_algorithm,rosenbrock,114,17800,1.6598943737442853
genetic_algorithm,rosenbrock,114,17900,1.6598943737442853
genetic_algorithm,rosenbrock,114,18000,1.6598943737442853
genetic_algorithm,rosenbrock,114,18100,1.6598943737442853
genetic_algorithm,rosenbrock,114,18200,1.6598943737442853
genetic_algorithm,rosenbrock,114,18300,1.6598943737442853
genetic_algorithm,rosenbrock,114,18400,1.6598943737442853
genetic_algorithm,rosenbrock,114,18500,1.6428440508113291
genetic_algorithm,rosenbrock,114,18600,1.6428440508113291
genetic_algorithm,rosenbrock,114,18700,1.6428440508113291
genetic_algorithm,rosenbrock,114,18800,1.6428440508113291
genetic_algorithm,rosenbrock,114,18900,1.6428440508113291
genetic_algorithm,rosenbrock,114,19000,1.6428440508113291
genetic_algorithm,rosenbrock,114,19100,1.6428440508113291
genetic_algorithm,rosenbrock,114,19200,1.6428440508113291
genetic_algorithm,rosenbrock,114,19300,1.642131057110713
genetic_algorithm,rosenbrock,114,19400,1.641875689638077
genetic_algorithm,rosenbrock,114,19500,1.641875689638077
genetic_algorithm,rosenbrock,114,19600,1.641875689638077
genetic_algorithm,rosenbrock,114,19700,1.641875689638077
genetic_algorithm,rosenbrock,114,19800,1.641875689638077
genetic_algorithm,rosenbrock,114,19900,1.641875689638077
genetic_algorithm,rosenbrock,114,20000,1.641875689638077
genetic_algorithm,rosenbrock,115,100,18725.47941508107
genetic_algorithm,rosenbrock,115,200,3039.412436773411
genetic_algorithm,rosenbrock,115,300,746.9151410780617
genetic_algorithm,rosenbrock,115,400,304.20523623889716
genetic_algorithm,rosenbrock,115,500,206.54572651555077
genetic_algorithm,rosenbrock,115,600,183.3989267544687
genetic_algorithm,rosenbrock,115,700,137.62885175255857
genetic_algorithm,rosenbrock,115,800,135.2818791542845
genetic_algorithm,rosenbrock,115,900,104.83091647551714
genetic_algorithm,rosenbrock,115,1000,104.83091647551714
genetic_algorithm,rosenbrock,115,1100,92.24099659007847
genetic_algorithm,rosenbrock,115,1200,92.24099659007847
genetic_algorithm,rosenbrock,115,1300,92.24099659007847
genetic_algorithm,rosenbrock,115,1400,87.39954792177147
genetic_algorithm,rosenbrock,115,1500,87.39954792177147
genetic_algorithm,rosenbrock,115,1600,85.89404882291963
genetic_algorithm,rosenbrock,115,1700,79.09198494854779
genetic_algorithm,rosenbrock,115,1800,78.2904302324654
genetic_algorithm,rosenbrock,115,1900,74.87984559323296
genetic_algorithm,rosenbrock,115,2000,74.60457237651875
genetic_algorithm,rosenbrock,115,2100,68.53453600581454
genetic_algorithm,rosenbrock,115,2200,68.53453600581454
genetic_algorithm,rosenbrock,115,2300,68.53453600581454
genetic_algorithm,rosenbrock,115,2400,64.27900664650444
genetic_algorithm,rosenbrock,115,2500,63.251929742211054
genetic_algorithm,rosenbrock,115,2600,62.91998921428289
genetic_algorithm,rosenbrock,115,2700,56.6894145613156
genetic_algorithm,rosenbrock,115,2800,53.23103551696989
genetic_algorithm,rosenbrock,115,2900,53.23103551696989
genetic_algorithm,rosenbrock,115,3000,51.57704529264354
genetic_algorithm,rosenbrock,115,3100,50.28128860460938
genetic_algorithm,rosenbrock,115,3200,49.155114930202075
genetic_algorithm,rosenbrock,115,3300,48.19341210387213
genetic_algorithm,rosenbrock,115,3400,41.40251769884096
genetic_algorithm,rosenbrock,115,3500,40.8760847786341
genetic_algorithm,rosenbrock,115,3600,40.8760847786341
genetic_algorithm,rosenbrock,115,3700,40.55597118713194
genetic_algorithm,rosenbrock,115,3800,40.55597118713194
genetic_algorithm,rosenbrock,115,3900,40.55597118713194
genetic_algorithm,rosenbrock,115,4000,39.26366914314071
genetic_algorithm,rosenbrock,115,4100,36.58237845571838
genetic_algorithm,rosenbrock,115,4200,36.58237845571838
genetic_algorithm,rosenbrock,115,4300,36.52448618667726
genetic_algorithm,rosenbrock,115,4400,30.193813044817894
genetic_algorithm,rosenbrock,115,4500,30.193813044817894
genetic_algorithm,rosenbrock,115,4600,30.18062956231393
genetic_algorithm,rosenbrock,115,4700,29.810200339203632
genetic_algorithm,rosenbrock,115,4800,29.810200339203632
genetic_algorithm,rosenbrock,115,4900,29.02674959979113
genetic_algorithm,rosenbrock,115,5000,28.9975710064818
genetic_algorithm,rosenbrock,115,5100,28.9975710064818
genetic_algorithm,rosenbrock,115,5200,28.9975710064818
genetic_algorithm,rosenbrock,115,5300,26.081998084945937
genetic_algorithm,rosenbrock,115,5400,25.848002229661088
genetic_algorithm,rosenbrock,115,5500,25.848002229661088
genetic_algorithm,rosenbrock,115,5600,25.848002229661088
genetic_algorithm,rosenbrock,115,5700,25.848002229661088
genetic_algorithm,rosenbrock,115,5800,24.29876313278191
genetic_algorithm,rosenbrock,115,5900,21.657459463501848
genetic_algorithm,rosenbrock,115,6000,17.232615923825684
genetic_algorithm,rosenbrock,115,6100,11.53037917069176
genetic_algorithm,rosenbrock,115,6200,11.53037917069176
genetic_algorithm,rosenbrock,115,6300,11.53037917069176
genetic_algorithm,rosenbrock,115,6400,11.53037917069176
genetic_algorithm,rosenbrock,115,6500,10.205596904211376
genetic_algorithm,rosenbrock,115,6600,10.205596904211376
genetic_algorithm,rosenbrock,115,6700,10.049804453386336
genetic_algorithm,rosenbrock,115,6800,10.049804453386336
genetic_algorithm,rosenbrock,115,6900,10.049804453386336
genetic_algorithm,rosenbrock,115,7000,10.049804453386336
genetic_algorithm,rosenbrock,115,7100,10.049804453386336
genetic_algorithm,rosenbrock,115,7200,10.049804453386336
genetic_algorithm,rosenbrock,115,7300,10.049804453386336
genetic_algorithm,rosenbrock,115,7400,9.725386922013733
genetic_algorithm,rosenbrock,115,7500,9.725386922013733
genetic_algorithm,rosenbrock,115,7600,9.725386922013733
genetic_algorithm,rosenbrock,115,7700,7.388808458877565
genetic_algorithm,rosenbrock,115,7800,6.566727218357112
genetic_algorithm,rosenbrock,115,7900,6.09018932185444
genetic_algorithm,rosenbrock,115,8000,4.905452852956823
genetic_algorithm,rosenbrock,115,8100,4.813803996760781
genetic_algorithm,rosenbrock,115,8200,4.213417340809974
genetic_algorithm,rosenbrock,115,8300,4.213417340809974
genetic_algorithm,rosenbrock,115,8400,4.213417340809974
genetic_algorithm,rosenbrock,115,8500,4.213417340809974
genetic_algorithm,rosenbrock,115,8600,4.213417340809974
genetic_algorithm,rosenbrock,115,8700,4.213417340809974
genetic_algorithm,rosenbrock,115,8800,4.213417340809974
genetic_algorithm,rosenbrock,115,8900,4.213417340809974
genetic_algorithm,rosenbrock,115,9000,4.213417340809974
genetic_algorithm,rosenbrock,115,9100,4.213417340809974
genetic_algorithm,rosenbrock,115,9200,4.213417340809974
genetic_algorithm,rosenbrock,115,9300,4.213417340809974
genetic_algorithm,rosenbrock,115,9400,4.213417340809974
genetic_algorithm,rosenbrock,115,9500,4.213417340809974
genetic_algorithm,rosenbrock,115,9600,4.213417340809974
genetic_algorithm,rosenbrock,115,9700,4.213417340809974
genetic_algorithm,rosenbrock,115,9800,4.213417340809974
genetic_algorithm,rosenbrock,115,9900,4.052507182500931
genetic_algorithm,rosenbrock,115,10000,3.6763052671363425
genetic_algorithm,rosenbrock,115,10100,3.6763052671363425
genetic_algorithm,rosenbrock,115,10200,3.6763052671363425
genetic_algorithm,rosenbrock,115,10300,3.6763052671363425
genetic_algorithm,rosenbrock,115,10400,3.619802821545529
genetic_algorithm,rosenbrock,115,10500,3.550780369437873
genetic_algorithm,rosenbrock,115,10600,3.550780369437873
genetic_algorithm,rosenbrock,115,10700,3.550780369437873
genetic_algorithm,rosenbrock,115,10800,3.550780369437873
genetic_algorithm,rosenbrock,115,10900,3.550780369437873
genetic_algorithm,rosenbrock,115,11000,3.49009261470037
genetic_algorithm,rosenbrock,115,11100,3.49009261470037
genetic_algorithm,rosenbrock,115,11200,3.49009261470037
genetic_algorithm,rosenbrock,115,11300,3.49009261470037
genetic_algorithm,rosenbrock,115,11400,3.49009261470037
genetic_algorithm,rosenbrock,115,11500,3.49009261470037
genetic_algorithm,rosenbrock,115,11600,3.49009261470037
genetic_algorithm,rosenbrock,115,11700,3.3502827882128012
genetic_algorithm,rosenbrock,115,11800,2.5330504613055203
genetic_algorithm,rosenbrock,115,11900,2.5330504613055203
genetic_algorithm,rosenbrock,115,12000,2.5330504613055203
genetic_algorithm,rosenbrock,115,12100,2.5330504613055203
genetic_algorithm,rosenbrock,115,12200,2.5330504613055203
genetic_algorithm,rosenbrock,115,12300,2.5330504613055203
genetic_algorithm,rosenbrock,115,12400,2.5330504613055203
genetic_algorithm,rosenbrock,115,12500,2.5330504613055203
genetic_algorithm,rosenbrock,115,12600,2.5330504613055203
genetic_algorithm,rosenbrock,115,12700,2.5330504613055203
genetic_algorithm,rosenbrock,115,12800,2.5330504613055203
genetic_algorithm,rosenbrock,115,12900,2.5330504613055203
genetic_algorithm,rosenbrock,115,13000,2.5330504613055203
genetic_algorithm,rosenbrock,115,13100,2.5330504613055203
genetic_algorithm,rosenbrock,115,13200,2.5330504613055203
genetic_algorithm,rosenbrock,115,13300,2.5330504613055203
genetic_algorithm,rosenbrock,115,13400,2.5330504613055203
genetic_algorithm,rosenbrock,115,13500,2.5330504613055203
genetic_algorithm,rosenbrock,115,13600,2.5024571217491065
genetic_algorithm,rosenbrock,115,13700,2.5024571217491065
genetic_algorithm,rosenbrock,115,13800,2.5024571217491065
genetic_algorithm,rosenbrock,115,13900,2.5024571217491065
genetic_algorithm,rosenbrock,115,14000,2.5024571217491065
genetic_algorithm,rosenbrock,115,14100,2.5024571217491065
genetic_algorithm,rosenbrock,115,14200,2.5024571217491065
genetic_algorithm,rosenbrock,115,14300,2.5024571217491065
genetic_algorithm,rosenbrock,115,14400,2.5024571217491065
genetic_algorithm,rosenbrock,115,14500,2.5024571217491065
genetic_algorithm,rosenbrock,115,14600,2.5024571217491065
genetic_algorithm,rosenbrock,115,14700,2.5024571217491065
genetic_algorithm,rosenbrock,115,14800,2.5024571217491065
genetic_algorithm,rosenbrock,115,14900,2.5024571217491065
genetic_algorithm,rosenbrock,115,15000,2.5024571217491065
genetic_algorithm,rosenbrock,115,15100,2.5024571217491065
genetic_algorithm,rosenbrock,115,15200,2.5024571217491065
genetic_algorithm,rosenbrock,115,15300,2.5024571217491065
genetic_algorithm,rosenbrock,115,15400,2.5024571217491065
genetic_algorithm,rosenbrock,115,15500,2.5024571217491065
genetic_algorithm,rosenbrock,115,15600,2.5024571217491065
genetic_algorithm,rosenbrock,115,15700,2.5024571217491065
genetic_algorithm,rosenbrock,115,15800,2.5024571217491065
genetic_algorithm,rosenbrock,115,15900,2.5024571217491065
genetic_algorithm,rosenbrock,115,16000,2.5024571217491065
genetic_algorithm,rosenbrock,115,16100,2.5024571217491065
genetic_algorithm,rosenbrock,115,16200,2.5024571217491065
genetic_algorithm,rosenbrock,115,16300,2.5024571217491065
genetic_algorithm,rosenbrock,115,16400,2.413178713533085
genetic_algorithm,rosenbrock,115,16500,2.413178713533085
genetic_algorithm,rosenbrock,115,16600,2.413178713533085
genetic_algorithm,rosenbrock,115,16700,2.413178713533085
genetic_algorithm,rosenbrock,115,16800,2.413178713533085
genetic_algorithm,rosenbrock,115,16900,2.413178713533085
genetic_algorithm,rosenbrock,115,17000,1.8179327564586698
genetic_algorithm,rosenbrock,115,17100,1.8179327564586698
genetic_algorithm,rosenbrock,115,17200,1.8179327564586698
genetic_algorithm,rosenbrock,115,17300,1.8179327564586698
genetic_algorithm,rosenbrock,115,17400,1.8179327564586698
genetic_algorithm,rosenbrock,115,17500,1.541621397058061
genetic_algorithm,rosenbrock,115,17600,1.541621397058061
genetic_algorithm,rosenbrock,115,17700,1.541621397058061
genetic_algorithm,rosenbrock,115,17800,1.541621397058061
genetic_algorithm,rosenbrock,115,17900,1.541621397058061
genetic_algorithm,rosenbrock,115,18000,1.541621397058061
genetic_algorithm,rosenbrock,115,18100,1.541621397058061
genetic_algorithm,rosenbrock,115,18200,1.541621397058061
genetic_algorithm,rosenbrock,115,18300,1.541621397058061
genetic_algorithm,rosenbrock,115,18400,1.2341278714561565
genetic_algorithm,rosenbrock,115,18500,1.2341278714561565
genetic_algorithm,rosenbrock,115,18600,1.2341278714561565
genetic_algorithm,rosenbrock,115,18700,1.2341278714561565
genetic_algorithm,rosenbrock,115,18800,1.2341278714561565
genetic_algorithm,rosenbrock,115,18900,1.1673579316822704
genetic_algorithm,rosenbrock,115,19000,1.0984964604188263
genetic_algorithm,rosenbrock,115,19100,1.0984964604188263
genetic_algorithm,rosenbrock,115,19200,1.0984964604188263
genetic_algorithm,rosenbrock,115,19300,1.0984964604188263
genetic_algorithm,rosenbrock,115,19400,1.0984964604188263
genetic_algorithm,rosenbrock,115,19500,1.0984964604188263
genetic_algorithm,rosenbrock,115,19600,1.0984964604188263
genetic_algorithm,rosenbrock,115,19700,1.0656379938641205
genetic_algorithm,rosenbrock,115,19800,1.0656379938641205
genetic_algorithm,rosenbrock,115,19900,1.0656379938641205
genetic_algorithm,rosenbrock,115,20000,1.0656379938641205
genetic_algorithm,rosenbrock,116,100,46811.48855529607
genetic_algorithm,rosenbrock,116,200,15340.708668325988
genetic_algorithm,rosenbrock,116,300,3952.3740704883294
genetic_algorithm,rosenbrock,116,400,2111.433493078275
genetic_algorithm,rosenbrock,116,500,1192.9247792435174
genetic_algorithm,rosenbrock,116,600,911.1916138761796
genetic_algorithm,rosenbrock,116,700,903.6885099085224
genetic_algorithm,rosenbrock,116,800,434.01315230116165
genetic_algorithm,rosenbrock,116,900,412.4302594139179
genetic_algorithm,rosenbrock,116,1000,186.36567741201276
genetic_algorithm,rosenbrock,116,1100,169.97254738488905
genetic_algorithm,rosenbrock,116,1200,169.97254738488905
genetic_algorithm,rosenbrock,116,1300,169.23958162296722
genetic_algorithm,rosenbrock,116,1400,169.23958162296722
genetic_algorithm,rosenbrock,116,1500,161.83289584905143
genetic_algorithm,rosenbrock,116,1600,109.32245706144029
genetic_algorithm,rosenbrock,116,1700,96.34007920632742
genetic_algorithm,rosenbrock,116,1800,93.83487373281498
genetic_algorithm,rosenbrock,116,1900,93.83487373281498
genetic_algorithm,rosenbrock,116,2000,88.82206054048746
genetic_algorithm,rosenbrock,116,2100,88.36910352488626
genetic_algorithm,rosenbrock,116,2200,88.36910352488626
genetic_algorithm,rosenbrock,116,2300,88.36910352488626
genetic_algorithm,rosenbrock,116,2400,88.36884090702627
genetic_algorithm,rosenbrock,116,2500,84.00761546663894
genetic_algorithm,rosenbrock,116,2600,83.05039595883133
genetic_algorithm,rosenbrock,116,2700,83.05039595883133
genetic_algorithm,rosenbrock,116,2800,83.05039595883133
genetic_algorithm,rosenbrock,116,2900,83.05039595883133
genetic_algorithm,rosenbrock,116,3000,83.05039595883133
genetic_algorithm,rosenbrock,116,3100,83.03042437993015
genetic_algorithm,rosenbrock,116,3200,82.65146628000112
genetic_algorithm,rosenbrock,116,3300,82.65146628000112
genetic_algorithm,rosenbrock,116,3400,82.65146628000112
genetic_algorithm,rosenbrock,116,3500,82.65146628000112
genetic_algorithm,rosenbrock,116,3600,82.14748755462222
genetic_algorithm,rosenbrock,116,3700,82.14241863131502
genetic_algorithm,rosenbrock,116,3800,81.7421304308144
genetic_algorithm,rosenbrock,116,3900,78.35674664642046
genetic_algorithm,rosenbrock,116,4000,78.35674664642046
genetic_algorithm,rosenbrock,116,4100,78.09450122513111
genetic_algorithm,rosenbrock,116,4200,78.09450122513111
genetic_algorithm,rosenbrock,116,4300,78.09450122513111
genetic_algorithm,rosenbrock,116,4400,78.09450122513111
genetic_algorithm,rosenbrock,116,4500,77.9314400013517
genetic_algorithm,rosenbrock,116,4600,77.1412680583732
genetic_algorithm,rosenbrock,116,4700,77.1412680583732
genetic_algorithm,rosenbrock,116,4800,77.1412680583732
genetic_algorithm,rosenbrock,116,4900,76.73207972235394
genetic_algorithm,rosenbrock,116,5000,73.66989231883137
genetic_algorithm,rosenbrock,116,5100,73.66989231883137
genetic_algorithm,rosenbrock,116,5200,73.44122366256951
genetic_algorithm,rosenbrock,116,5300,73.27087773709603
genetic_algorithm,rosenbrock,116,5400,73.27087773709603
genetic_algorithm,rosenbrock,116,5500,73.27087773709603
genetic_algorithm,rosenbrock,116,5600,72.99981030305352
genetic_algorithm,rosenbrock,116,5700,72.17374638038117
genetic_algorithm,rosenbrock,116,5800,72.17374638038117
genetic_algorithm,rosenbrock,116,5900,72.17374638038117
genetic_algorithm,rosenbrock,116,6000,72.17374638038117
genetic_algorithm,rosenbrock,116,6100,72.17374638038117
genetic_algorithm,rosenbrock,116,6200,71.9944308730497
genetic_algorithm,rosenbrock,116,6300,70.53777691130038
genetic_algorithm,rosenbrock,116,6400,70.5188895490253
genetic_algorithm,rosenbrock,116,6500,62.90048812630302
genetic_algorithm,rosenbrock,116,6600,62.90048812630302
genetic_algorithm,rosenbrock,116,6700,53.94390959874272
genetic_algorithm,rosenbrock,116,6800,53.94390959874272
genetic_algorithm,rosenbrock,116,6900,52.19356497503023
genetic_algorithm,rosenbrock,116,7000,39.164984517007284
genetic_algorithm,rosenbrock,116,7100,39.164984517007284
genetic_algorithm,rosenbrock,116,7200,39.164984517007284
genetic_algorithm,rosenbrock,116,7300,37.881057722992274
genetic_algorithm,rosenbrock,116,7400,36.88517342218988
genetic_algorithm,rosenbrock,116,7500,32.15107955454426
genetic_algorithm,rosenbrock,116,7600,25.875292048669436
genetic_algorithm,rosenbrock,116,7700,25.875292048669436
genetic_algorithm,rosenbrock,116,7800,25.32683285892203
genetic_algorithm,rosenbrock,116,7900,25.32683285892203
genetic_algorithm,rosenbrock,116,8000,25.32683285892203
genetic_algorithm,rosenbrock,116,8100,25.32683285892203
genetic_algorithm,rosenbrock,116,8200,25.32683285892203
genetic_algorithm,rosenbrock,116,8300,25.23737166419898
genetic_algorithm,rosenbrock,116,8400,24.951427668691103
genetic_algorithm,rosenbrock,116,8500,24.951427668691103
genetic_algorithm,rosenbrock,116,8600,22.149732690699633
genetic_algorithm,rosenbrock,116,8700,22.149732690699633
genetic_algorithm,rosenbrock,116,8800,22.149732690699633
genetic_algorithm,rosenbrock,116,8900,16.17570812329073
genetic_algorithm,rosenbrock,116,9000,16.17570812329073
genetic_algorithm,rosenbrock,116,9100,15.059393592488481
genetic_algorithm,rosenbrock,116,9200,15.059393592488481
genetic_algorithm,rosenbrock,116,9300,15.059393592488481
genetic_algorithm,rosenbrock,116,9400,15.059393592488481
genetic_algorithm,rosenbrock,116,9500,15.059393592488481
genetic_algorithm,rosenbrock,116,9600,15.059393592488481
genetic_algorithm,rosenbrock,116,9700,14.022806283250803
genetic_algorithm,rosenbrock,116,9800,14.022806283250803
genetic_algorithm,rosenbrock,116,9900,12.176016188823722
genetic_algorithm,rosenbrock,116,10000,12.176016188823722
genetic_algorithm,rosenbrock,116,10100,12.176016188823722
genetic_algorithm,rosenbrock,116,10200,12.176016188823722
genetic_algorithm,rosenbrock,116,10300,12.176016188823722
genetic_algorithm,rosenbrock,116,10400,12.176016188823722
genetic_algorithm,rosenbrock,116,10500,12.176016188823722
genetic_algorithm,rosenbrock,116,10600,12.176016188823722
genetic_algorithm,rosenbrock,116,10700,12.176016188823722
genetic_algorithm,rosenbrock,116,10800,12.176016188823722
genetic_algorithm,rosenbrock,116,10900,12.176016188823722
genetic_algorithm,rosenbrock,116,11000,11.728687309192958
genetic_algorithm,rosenbrock,116,11100,11.512767217929436
genetic_algorithm,rosenbrock,116,11200,11.512767217929436
genetic_algorithm,rosenbrock,116,11300,11.512767217929436
genetic_algorithm,rosenbrock,116,11400,10.775553225442707
genetic_algorithm,rosenbrock,116,11500,6.043965924292952
genetic_algorithm,rosenbrock,116,11600,5.859570071571385
genetic_algorithm,rosenbrock,116,11700,5.859570071571385
genetic_algorithm,rosenbrock,116,11800,5.859570071571385
genetic_algorithm,rosenbrock,116,11900,5.858918697979913
genetic_algorithm,rosenbrock,116,12000,5.858918697979913
genetic_algorithm,rosenbrock,116,12100,5.858918697979913
genetic_algorithm,rosenbrock,116,12200,4.989159004970098
genetic_algorithm,rosenbrock,116,12300,4.989159004970098
genetic_algorithm,rosenbrock,116,12400,4.989159004970098
genetic_algorithm,rosenbrock,116,12500,4.989159004970098
genetic_algorithm,rosenbrock,116,12600,4.989159004970098
genetic_algorithm,rosenbrock,116,12700,4.989159004970098
genetic_algorithm,rosenbrock,116,12800,4.989159004970098
genetic_algorithm,rosenbrock,116,12900,4.989159004970098
genetic_algorithm,rosenbrock,116,13000,4.563206043598909
genetic_algorithm,rosenbrock,116,13100,4.563206043598909
genetic_algorithm,rosenbrock,116,13200,4.563206043598909
genetic_algorithm,rosenbrock,116,13300,4.563206043598909
genetic_algorithm,rosenbrock,116,13400,4.563206043598909
genetic_algorithm,rosenbrock,116,13500,4.563206043598909
genetic_algorithm,rosenbrock,116,13600,4.563206043598909
genetic_algorithm,rosenbrock,116,13700,4.563206043598909
genetic_algorithm,rosenbrock,116,13800,4.563206043598909
genetic_algorithm,rosenbrock,116,13900,4.563206043598909
genetic_algorithm,rosenbrock,116,14000,4.563206043598909
genetic_algorithm,rosenbrock,116,14100,4.549072103815212
genetic_algorithm,rosenbrock,116,14200,4.003092169693852
genetic_algorithm,rosenbrock,116,14300,4.003092169693852
genetic_algorithm,rosenbrock,116,14400,4.003092169693852
genetic_algorithm,rosenbrock,116,14500,3.6695457433009673
genetic_algorithm,rosenbrock,116,14600,3.6695457433009673
genetic_algorithm,rosenbrock,116,14700,3.6695457433009673
genetic_algorithm,rosenbrock,116,14800,3.6695457433009673
genetic_algorithm,rosenbrock,116,14900,3.6695457433009673
genetic_algorithm,rosenbrock,116,15000,3.6695457433009673
genetic_algorithm,rosenbrock,116,15100,3.6695457433009673
genetic_algorithm,rosenbrock,116,15200,3.6695457433009673
genetic_algorithm,rosenbrock,116,15300,3.6695457433009673
genetic_algorithm,rosenbrock,116,15400,3.6695457433009673
genetic_algorithm,rosenbrock,116,15500,3.6695457433009673
genetic_algorithm,rosenbrock,116,15600,3.6695457433009673
genetic_algorithm,rosenbrock,116,15700,3.6695457433009673
genetic_algorithm,rosenbrock,116,15800,3.6695457433009673
genetic_algorithm,rosenbrock,116,15900,3.6695457433009673
genetic_algorithm,rosenbrock,116,16000,3.6695457433009673
genetic_algorithm,rosenbrock,116,16100,3.6695457433009673
genetic_algorithm,rosenbrock,116,16200,3.6695457433009673
genetic_algorithm,rosenbrock,116,16300,3.6114220097636096
genetic_algorithm,rosenbrock,116,16400,3.6114220097636096
genetic_algorithm,rosenbrock,116,16500,3.6114220097636096
genetic_algorithm,rosenbrock,116,16600,3.6114220097636096
genetic_algorithm,rosenbrock,116,16700,3.6114220097636096
genetic_algorithm,rosenbrock,116,16800,3.6114220097636096
genetic_algorithm,rosenbrock,116,16900,3.6114220097636096
genetic_algorithm,rosenbrock,116,17000,3.6114220097636096
genetic_algorithm,rosenbrock,116,17100,3.5929263854977567
genetic_algorithm,rosenbrock,116,17200,3.5929263854977567
genetic_algorithm,rosenbrock,116,17300,3.5929263854977567
genetic_algorithm,rosenbrock,116,17400,3.5929263854977567
genetic_algorithm,rosenbrock,116,17500,3.5929263854977567
genetic_algorithm,rosenbrock,116,17600,3.5929263854977567
genetic_algorithm,rosenbrock,116,17700,3.2571755277058934
genetic_algorithm,rosenbrock,116,17800,3.2571755277058934
genetic_algorithm,rosenbrock,116,17900,3.2571755277058934
genetic_algorithm,rosenbrock,116,18000,3.2571755277058934
genetic_algorithm,rosenbrock,116,18100,3.2571755277058934
genetic_algorithm,rosenbrock,116,18200,3.2571755277058934
genetic_algorithm,rosenbrock,116,18300,3.2571755277058934
genetic_algorithm,rosenbrock,116,18400,3.2571755277058934
genetic_algorithm,rosenbrock,116,18500,3.2571755277058934
genetic_algorithm,rosenbrock,116,18600,3.2571755277058934
genetic_algorithm,rosenbrock,116,18700,3.2571755277058934
genetic_algorithm,rosenbrock,116,18800,3.106683761139058
genetic_algorithm,rosenbrock,116,18900,3.106683761139058
genetic_algorithm,rosenbrock,116,19000,3.106683761139058
genetic_algorithm,rosenbrock,116,19100,3.106683761139058
genetic_algorithm,rosenbrock,116,19200,3.106683761139058
genetic_algorithm,rosenbrock,116,19300,3.106683761139058
genetic_algorithm,rosenbrock,116,19400,3.096707781145449
genetic_algorithm,rosenbrock,116,19500,3.096707781145449
genetic_algorithm,rosenbrock,116,19600,3.096707781145449
genetic_algorithm,rosenbrock,116,19700,3.096707781145449
genetic_algorithm,rosenbrock,116,19800,3.096707781145449
genetic_algorithm,rosenbrock,116,19900,3.096707781145449
genetic_algorithm,rosenbrock,116,20000,3.096707781145449
genetic_algorithm,rosenbrock,117,100,17913.054639839167
genetic_algorithm,rosenbrock,117,200,1705.2258391965452
genetic_algorithm,rosenbrock,117,300,892.4975397566216
genetic_algorithm,rosenbrock,117,400,222.50429169344298
genetic_algorithm,rosenbrock,117,500,160.65156072417753
genetic_algorithm,rosenbrock,117,600,146.98503987303462
genetic_algorithm,rosenbrock,117,700,132.14434093765516
genetic_algorithm,rosenbrock,117,800,89.25870635699425
genetic_algorithm,rosenbrock,117,900,70.03708779387385
genetic_algorithm,rosenbrock,117,1000,70.03708779387385
genetic_algorithm,rosenbrock,117,1100,62.954546477207856
genetic_algorithm,rosenbrock,117,1200,58.83706903140384
genetic_algorithm,rosenbrock,117,1300,44.19501740055171
genetic_algorithm,rosenbrock,117,1400,41.46124522055114
genetic_algorithm,rosenbrock,117,1500,41.46124522055114
genetic_algorithm,rosenbrock,117,1600,33.369548832481875
genetic_algorithm,rosenbrock,117,1700,19.965418985883158
genetic_algorithm,rosenbrock,117,1800,19.965418985883158
genetic_algorithm,rosenbrock,117,1900,18.531327236050746
genetic_algorithm,rosenbrock,117,2000,18.531327236050746
genetic_algorithm,rosenbrock,117,2100,18.531327236050746
genetic_algorithm,rosenbrock,117,2200,13.050730716754913
genetic_algorithm,rosenbrock,117,2300,12.633405476849427
genetic_algorithm,rosenbrock,117,2400,10.882314503559268
genetic_algorithm,rosenbrock,117,2500,10.882314503559268
genetic_algorithm,rosenbrock,117,2600,10.882314503559268
genetic_algorithm,rosenbrock,117,2700,10.863878975834062
genetic_algorithm,rosenbrock,117,2800,10.863878975834062
genetic_algorithm,rosenbrock,117,2900,10.863878975834062
genetic_algorithm,rosenbrock,117,3000,10.674193250582274
genetic_algorithm,rosenbrock,117,3100,9.660774399294743
genetic_algorithm,rosenbrock,117,3200,9.660774399294743
genetic_algorithm,rosenbrock,117,3300,9.660774399294743
genetic_algorithm,rosenbrock,117,3400,9.660774399294743
genetic_algorithm,rosenbrock,117,3500,9.660774399294743
genetic_algorithm,rosenbrock,117,3600,9.227780590061773
genetic_algorithm,rosenbrock,117,3700,9.227780590061773
genetic_algorithm,rosenbrock,117,3800,9.227780590061773
genetic_algorithm,rosenbrock,117,3900,9.227780590061773
genetic_algorithm,rosenbrock,117,4000,8.337655248474352
genetic_algorithm,rosenbrock,117,4100,8.337655248474352
genetic_algorithm,rosenbrock,117,4200,6.536241952028812
genetic_algorithm,rosenbrock,117,4300,6.475746041118852
genetic_algorithm,rosenbrock,117,4400,6.475746041118852
genetic_algorithm,rosenbrock,117,4500,6.475746041118852
genetic_algorithm,rosenbrock,117,4600,6.43879901163043
genetic_algorithm,rosenbrock,117,4700,6.43879901163043
genetic_algorithm,rosenbrock,117,4800,6.43879901163043
genetic_algorithm,rosenbrock,117,4900,6.281553687535564
genetic_algorithm,rosenbrock,117,5000,6.086066665101732
genetic_algorithm,rosenbrock,117,5100,6.086066665101732
genetic_algorithm,rosenbrock,117,5200,6.086066665101732
genetic_algorithm,rosenbrock,117,5300,6.032053148594968
genetic_algorithm,rosenbrock,117,5400,6.019929794011429
genetic_algorithm,rosenbrock,117,5500,6.019929794011429
genetic_algorithm,rosenbrock,117,5600,6.019929794011429
genetic_algorithm,rosenbrock,117,5700,6.019929794011429
genetic_algorithm,rosenbrock,117,5800,6.019929794011429
genetic_algorithm,rosenbrock,117,5900,6.019929794011429
genetic_algorithm,rosenbrock,117,6000,5.784668380335752
genetic_algorithm,rosenbrock,117,6100,5.784668380335752
genetic_algorithm,rosenbrock,117,6200,5.784668380335752
genetic_algorithm,rosenbrock,117,6300,5.784668380335752
genetic_algorithm,rosenbrock,117,6400,5.784668380335752
genetic_algorithm,rosenbrock,117,6500,5.784668380335752
genetic_algorithm,rosenbrock,117,6600,5.784668380335752
genetic_algorithm,rosenbrock,117,6700,5.784668380335752
genetic_algorithm,rosenbrock,117,6800,5.784668380335752
genetic_algorithm,rosenbrock,117,6900,5.767293483573678
genetic_algorithm,rosenbrock,117,7000,5.767293483573678
genetic_algorithm,rosenbrock,117,7100,5.767293483573678
genetic_algorithm,rosenbrock,117,7200,5.767293483573678
genetic_algorithm,rosenbrock,117,7300,5.767293483573678
genetic_algorithm,rosenbrock,117,7400,5.767293483573678
genetic_algorithm,rosenbrock,117,7500,5.7043059277610215
genetic_algorithm,rosenbrock,117,7600,5.7043059277610215
genetic_algorithm,rosenbrock,117,7700,5.7043059277610215
genetic_algorithm,rosenbrock,117,7800,5.7043059277610215
genetic_algorithm,rosenbrock,117,7900,5.7043059277610215
genetic_algorithm,rosenbrock,117,8000,5.7043059277610215
genetic_algorithm,rosenbrock,117,8100,5.7043059277610215
genetic_algorithm,rosenbrock,117,8200,5.7043059277610215
genetic_algorithm,rosenbrock,117,8300,5.7043059277610215
genetic_algorithm,rosenbrock,117,8400,5.7043059277610215
genetic_algorithm,rosenbrock,117,8500,5.7043059277610215
genetic_algorithm,rosenbrock,117,8600,5.6522613662645504
genetic_algorithm,rosenbrock,117,8700,5.6522613662645504
genetic_algorithm,rosenbrock,117,8800,5.6522613662645504
genetic_algorithm,rosenbrock,117,8900,5.6522613662645504
genetic_algorithm,rosenbrock,117,9000,5.60513839526431
genetic_algorithm,rosenbrock,117,9100,5.60513839526431
genetic_algorithm,rosenbrock,117,9200,5.60513839526431
genetic_algorithm,rosenbrock,117,9300,5.60513839526431
genetic_algorithm,rosenbrock,117,9400,5.591219196943789
genetic_algorithm,rosenbrock,117,9500,5.591219196943789
genetic_algorithm,rosenbrock,117,9600,5.591219196943789
genetic_algorithm,rosenbrock,117,9700,5.591219196943789
genetic_algorithm,rosenbrock,117,9800,5.590446696280492
genetic_algorithm,rosenbrock,117,9900,5.590446696280492
genetic_algorithm,rosenbrock,117,10000,5.590446696280492
genetic_algorithm,rosenbrock,117,10100,5.590446696280492
genetic_algorithm,rosenbrock,117,10200,5.590446696280492
genetic_algorithm,rosenbrock,117,10300,5.549134381063769
genetic_algorithm,rosenbrock,117,10400,5.549134381063769
genetic_algorithm,rosenbrock,117,10500,5.549134381063769
genetic_algorithm,rosenbrock,117,10600,5.549134381063769
genetic_algorithm,rosenbrock,117,10700,5.549134381063769
genetic_algorithm,rosenbrock,117,10800,5.549134381063769
genetic_algorithm,rosenbrock,117,10900,5.549134381063769
genetic_algorithm,rosenbrock,117,11000,5.549134381063769
genetic_algorithm,rosenbrock,117,11100,5.549134381063769
genetic_algorithm,rosenbrock,117,11200,5.549134381063769
genetic_algorithm,rosenbrock,117,11300,5.549134381063769
genetic_algorithm,rosenbrock,117,11400,5.549134381063769
genetic_algorithm,rosenbrock,117,11500,5.482865590865812
genetic_algorithm,rosenbrock,117,11600,5.482865590865812
genetic_algorithm,rosenbrock,117,11700,5.463721806447786
genetic_algorithm,rosenbrock,117,11800,5.463721806447786
genetic_algorithm,rosenbrock,117,11900,5.463721806447786
genetic_algorithm,rosenbrock,117,12000,5.463721806447786
genetic_algorithm,rosenbrock,117,12100,5.463721806447786
genetic_algorithm,rosenbrock,117,12200,5.463721806447786
genetic_algorithm,rosenbrock,117,12300,5.456789628397796
genetic_algorithm,rosenbrock,117,12400,5.426700542328245
genetic_algorithm,rosenbrock,117,12500,5.426572030207734
genetic_algorithm,rosenbrock,117,12600,5.409844838854102
genetic_algorithm,rosenbrock,117,12700,5.409844838854102
genetic_algorithm,rosenbrock,117,12800,5.409844838854102
genetic_algorithm,rosenbrock,117,12900,5.409844838854102
genetic_algorithm,rosenbrock,117,13000,5.387760884205097
genetic_algorithm,rosenbrock,117,13100,5.387760884205097
genetic_algorithm,rosenbrock,117,13200,5.387760884205097
genetic_algorithm,rosenbrock,117,13300,5.387760884205097
genetic_algorithm,rosenbrock,117,13400,5.387760884205097
genetic_algorithm,rosenbrock,117,13500,5.387760884205097
genetic_algorithm,rosenbrock,117,13600,5.387760884205097
genetic_algorithm,rosenbrock,117,13700,5.387760884205097
genetic_algorithm,rosenbrock,117,13800,5.387760884205097
genetic_algorithm,rosenbrock,117,13900,5.387760884205097
genetic_algorithm,rosenbrock,117,14000,5.387760884205097
genetic_algorithm,rosenbrock,117,14100,5.387760884205097
genetic_algorithm,rosenbrock,117,14200,5.387760884205097
genetic_algorithm,rosenbrock,117,14300,5.387760884205097
genetic_algorithm,rosenbrock,117,14400,5.387760884205097
genetic_algorithm,rosenbrock,117,14500,5.387760884205097
genetic_algorithm,rosenbrock,117,14600,5.387760884205097
genetic_algorithm,rosenbrock,117,14700,5.387760884205097
genetic_algorithm,rosenbrock,117,14800,5.387760884205097
genetic_algorithm,rosenbrock,117,14900,5.387760884205097
genetic_algorithm,rosenbrock,117,15000,5.387760884205097
genetic_algorithm,rosenbrock,117,15100,5.387760884205097
genetic_algorithm,rosenbrock,117,15200,5.387760884205097
genetic_algorithm,rosenbrock,117,15300,5.387760884205097
genetic_algorithm,rosenbrock,117,15400,5.3855944454375475
genetic_algorithm,rosenbrock,117,15500,5.3855944454375475
genetic_algorithm,rosenbrock,117,15600,5.3855944454375475
genetic_algorithm,rosenbrock,117,15700,5.3855944454375475
genetic_algorithm,rosenbrock,117,15800,5.3855944454375475
genetic_algorithm,rosenbrock,117,15900,5.3855944454375475
genetic_algorithm,rosenbrock,117,16000,5.3754279422213065
genetic_algorithm,rosenbrock,117,16100,5.3754279422213065
genetic_algorithm,rosenbrock,117,16200,5.3754279422213065
genetic_algorithm,rosenbrock,117,16300,5.3754279422213065
genetic_algorithm,rosenbrock,117,16400,5.3754279422213065
genetic_algorithm,rosenbrock,117,16500,5.332652420660682
genetic_algorithm,rosenbrock,117,16600,5.326416686305939
genetic_algorithm,rosenbrock,117,16700,5.326416686305939
genetic_algorithm,rosenbrock,117,16800,5.326416686305939
genetic_algorithm,rosenbrock,117,16900,5.326416686305939
genetic_algorithm,rosenbrock,117,17000,5.326416686305939
genetic_algorithm,rosenbrock,117,17100,5.32613664731045
genetic_algorithm,rosenbrock,117,17200,5.32613664731045
genetic_algorithm,rosenbrock,117,17300,5.32613664731045
genetic_algorithm,rosenbrock,117,17400,5.32613664731045
genetic_algorithm,rosenbrock,117,17500,5.32613664731045
genetic_algorithm,rosenbrock,117,17600,5.32613664731045
genetic_algorithm,rosenbrock,117,17700,5.32613664731045
genetic_algorithm,rosenbrock,117,17800,5.32613664731045
genetic_algorithm,rosenbrock,117,17900,5.32613664731045
genetic_algorithm,rosenbrock,117,18000,5.32613664731045
genetic_algorithm,rosenbrock,117,18100,5.32613664731045
genetic_algorithm,rosenbrock,117,18200,5.32613664731045
genetic_algorithm,rosenbrock,117,18300,5.32613664731045
genetic_algorithm,rosenbrock,117,18400,5.32613664731045
genetic_algorithm,rosenbrock,117,18500,5.32613664731045
genetic_algorithm,rosenbrock,117,18600,5.32613664731045
genetic_algorithm,rosenbrock,117,18700,5.32613664731045
genetic_algorithm,rosenbrock,117,18800,5.32613664731045
genetic_algorithm,rosenbrock,117,18900,5.32613664731045
genetic_algorithm,rosenbrock,117,19000,5.32613664731045
genetic_algorithm,rosenbrock,117,19100,5.32613664731045
genetic_algorithm,rosenbrock,117,19200,5.32613664731045
genetic_algorithm,rosenbrock,117,19300,5.32613664731045
genetic_algorithm,rosenbrock,117,19400,5.32613664731045
genetic_algorithm,rosenbrock,117,19500,5.32613664731045
genetic_algorithm,rosenbrock,117,19600,5.32613664731045
genetic_algorithm,rosenbrock,117,19700,5.32613664731045
genetic_algorithm,rosenbrock,117,19800,5.32613664731045
genetic_algorithm,rosenbrock,117,19900,5.32613664731045
genetic_algorithm,rosenbrock,117,20000,5.32613664731045
genetic_algorithm,rosenbrock,118,100,64050.70244406251
genetic_algorithm,rosenbrock,118,200,8234.962434521385
genetic_algorithm,rosenbrock,118,300,1882.3524060653756
genetic_algorithm,rosenbrock,118,400,887.6059419057488
genetic_algorithm,rosenbrock,118,500,737.2726686700871
genetic_algorithm,rosenbrock,118,600,479.8622168483684
genetic_algorithm,rosenbrock,118,700,247.57052679980623
genetic_algorithm,rosenbrock,118,800,143.7818012649077
genetic_algorithm,rosenbrock,118,900,99.36222140376972
genetic_algorithm,rosenbrock,118,1000,99.36222140376972
genetic_algorithm,rosenbrock,118,1100,97.53345453311896
genetic_algorithm,rosenbrock,118,1200,97.53345453311896
genetic_algorithm,rosenbrock,118,1300,95.5855383143645
genetic_algorithm,rosenbrock,118,1400,95.5855383143645
genetic_algorithm,rosenbrock,118,1500,94.9556925134045
genetic_algorithm,rosenbrock,118,1600,94.39321954722557
genetic_algorithm,rosenbrock,118,1700,94.39321954722557
genetic_algorithm,rosenbrock,118,1800,94.27079423208107
genetic_algorithm,rosenbrock,118,1900,92.07941854500312
genetic_algorithm,rosenbrock,118,2000,91.32191039814936
genetic_algorithm,rosenbrock,118,2100,90.46479286008466
genetic_algorithm,rosenbrock,118,2200,88.16614308618932
genetic_algorithm,rosenbrock,118,2300,88.16614308618932
genetic_algorithm,rosenbrock,118,2400,87.49202112664824
genetic_algorithm,rosenbrock,118,2500,87.49202112664824
genetic_algorithm,rosenbrock,118,2600,87.49202112664824
genetic_algorithm,rosenbrock,118,2700,84.32305059879288
genetic_algorithm,rosenbrock,118,2800,84.32305059879288
genetic_algorithm,rosenbrock,118,2900,84.22489426834541
genetic_algorithm,rosenbrock,118,3000,84.22489426834541
genetic_algorithm,rosenbrock,118,3100,83.78884178816087
genetic_algorithm,rosenbrock,118,3200,83.74179236321568
genetic_algorithm,rosenbrock,118,3300,83.16002363361676
genetic_algorithm,rosenbrock,118,3400,81.96428030521236
genetic_algorithm,rosenbrock,118,3500,81.96428030521236
genetic_algorithm,rosenbrock,118,3600,81.96428030521236
genetic_algorithm,rosenbrock,118,3700,80.7731354271267
genetic_algorithm,rosenbrock,118,3800,80.7731354271267
genetic_algorithm,rosenbrock,118,3900,79.20647391609839
genetic_algorithm,rosenbrock,118,4000,79.20647391609839
genetic_algorithm,rosenbrock,118,4100,79.20647391609839
genetic_algorithm,rosenbrock,118,4200,78.9995503516189
genetic_algorithm,rosenbrock,118,4300,78.9995503516189
genetic_algorithm,rosenbrock,118,4400,78.9995503516189
genetic_algorithm,rosenbrock,118,4500,78.9995503516189
genetic_algorithm,rosenbrock,118,4600,78.9995503516189
genetic_algorithm,rosenbrock,118,4700,78.9995503516189
genetic_algorithm,rosenbrock,118,4800,78.9995503516189
genetic_algorithm,rosenbrock,118,4900,78.9995503516189
genetic_algorithm,rosenbrock,118,5000,78.9995503516189
genetic_algorithm,rosenbrock,118,5100,78.23926910338761
genetic_algorithm,rosenbrock,118,5200,78.23926910338761
genetic_algorithm,rosenbrock,118,5300,75.8907448434648
genetic_algorithm,rosenbrock,118,5400,75.8907448434648
genetic_algorithm,rosenbrock,118,5500,75.8907448434648
genetic_algorithm,rosenbrock,118,5600,75.4120792549171
genetic_algorithm,rosenbrock,118,5700,75.4120792549171
genetic_algorithm,rosenbrock,118,5800,75.34696125935957
genetic_algorithm,rosenbrock,118,5900,74.8534758941874
genetic_algorithm,rosenbrock,118,6000,74.8534758941874
genetic_algorithm,rosenbrock,118,6100,74.7981584538123
genetic_algorithm,rosenbrock,118,6200,74.7981584538123
genetic_algorithm,rosenbrock,118,6300,74.71651230025455
genetic_algorithm,rosenbrock,118,6400,74.71651230025455
genetic_algorithm,rosenbrock,118,6500,74.71651230025455
genetic_algorithm,rosenbrock,118,6600,74.71651230025455
genetic_algorithm,rosenbrock,118,6700,74.71651230025455
genetic_algorithm,rosenbrock,118,6800,74.71651230025455
genetic_algorithm,rosenbrock,118,6900,73.3998341607718
genetic_algorithm,rosenbrock,118,7000,73.3998341607718
genetic_algorithm,rosenbrock,118,7100,73.3998341607718
genetic_algorithm,rosenbrock,118,7200,73.3998341607718
genetic_algorithm,rosenbrock,118,7300,73.3998341607718
genetic_algorithm,rosenbrock,118,7400,73.3998341607718
genetic_algorithm,rosenbrock,118,7500,73.3998341607718
genetic_algorithm,rosenbrock,118,7600,72.64168693161473
genetic_algorithm,rosenbrock,118,7700,69.52861446744299
genetic_algorithm,rosenbrock,118,7800,69.52861446744299
genetic_algorithm,rosenbrock,118,7900,68.9107102171289
genetic_algorithm,rosenbrock,118,8000,68.9107102171289
genetic_algorithm,rosenbrock,118,8100,67.24316252989529
genetic_algorithm,rosenbrock,118,8200,65.50633986589322
genetic_algorithm,rosenbrock,118,8300,64.29034027940172
genetic_algorithm,rosenbrock,118,8400,56.644817974666196
genetic_algorithm,rosenbrock,118,8500,54.939176448823105
genetic_algorithm,rosenbrock,118,8600,48.24304938844761
genetic_algorithm,rosenbrock,118,8700,48.24304938844761
genetic_algorithm,rosenbrock,118,8800,48.24304938844761
genetic_algorithm,rosenbrock,118,8900,48.09570860041535
genetic_algorithm,rosenbrock,118,9000,48.09570860041535
genetic_algorithm,rosenbrock,118,9100,48.09570860041535
genetic_algorithm,rosenbrock,118,9200,47.76617425359954
genetic_algorithm,rosenbrock,118,9300,42.328580840804726
genetic_algorithm,rosenbrock,118,9400,38.771336301301936
genetic_algorithm,rosenbrock,118,9500,37.03111397864544
genetic_algorithm,rosenbrock,118,9600,32.28598999055285
genetic_algorithm,rosenbrock,118,9700,30.432535684574876
genetic_algorithm,rosenbrock,118,9800,29.15375812491622
genetic_algorithm,rosenbrock,118,9900,29.061360977878543
genetic_algorithm,rosenbrock,118,10000,29.061360977878543
genetic_algorithm,rosenbrock,118,10100,29.061360977878543
genetic_algorithm,rosenbrock,118,10200,24.68150719022755
genetic_algorithm,rosenbrock,118,10300,18.13522025650611
genetic_algorithm,rosenbrock,118,10400,18.13522025650611
genetic_algorithm,rosenbrock,118,10500,17.799579869950996
genetic_algorithm,rosenbrock,118,10600,17.799579869950996
genetic_algorithm,rosenbrock,118,10700,17.799579869950996
genetic_algorithm,rosenbrock,118,10800,17.799579869950996
genetic_algorithm,rosenbrock,118,10900,17.799579869950996
genetic_algorithm,rosenbrock,118,11000,17.799579869950996
genetic_algorithm,rosenbrock,118,11100,17.799579869950996
genetic_algorithm,rosenbrock,118,11200,17.799579869950996
genetic_algorithm,rosenbrock,118,11300,17.799579869950996
genetic_algorithm,rosenbrock,118,11400,17.799579869950996
genetic_algorithm,rosenbrock,118,11500,15.715776026299945
genetic_algorithm,rosenbrock,118,11600,15.715776026299945
genetic_algorithm,rosenbrock,118,11700,10.262749895996182
genetic_algorithm,rosenbrock,118,11800,10.262749895996182
genetic_algorithm,rosenbrock,118,11900,8.848607513987883
genetic_algorithm,rosenbrock,118,12000,6.54460371293129
genetic_algorithm,rosenbrock,118,12100,6.193574761377243
genetic_algorithm,rosenbrock,118,12200,6.038579079284531
genetic_algorithm,rosenbrock,118,12300,4.228250461299866
genetic_algorithm,rosenbrock,118,12400,4.228250461299866
genetic_algorithm,rosenbrock,118,12500,4.228250461299866
genetic_algorithm,rosenbrock,118,12600,4.228250461299866
genetic_algorithm,rosenbrock,118,12700,4.228250461299866
genetic_algorithm,rosenbrock,118,12800,3.841512561701747
genetic_algorithm,rosenbrock,118,12900,3.841512561701747
genetic_algorithm,rosenbrock,118,13000,3.651426920234683
genetic_algorithm,rosenbrock,118,13100,3.651426920234683
genetic_algorithm,rosenbrock,118,13200,2.447137699369066
genetic_algorithm,rosenbrock,118,13300,2.447137699369066
genetic_algorithm,rosenbrock,118,13400,2.3109721145325626
genetic_algorithm,rosenbrock,118,13500,2.3109721145325626
genetic_algorithm,rosenbrock,118,13600,2.024250778978856
genetic_algorithm,rosenbrock,118,13700,2.024250778978856
genetic_algorithm,rosenbrock,118,13800,1.9156708670181053
genetic_algorithm,rosenbrock,118,13900,1.9156708670181053
genetic_algorithm,rosenbrock,118,14000,1.5527630708697908
genetic_algorithm,rosenbrock,118,14100,1.5527630708697908
genetic_algorithm,rosenbrock,118,14200,1.5527630708697908
genetic_algorithm,rosenbrock,118,14300,1.5527630708697908
genetic_algorithm,rosenbrock,118,14400,1.5527630708697908
genetic_algorithm,rosenbrock,118,14500,1.5527630708697908
genetic_algorithm,rosenbrock,118,14600,1.5527630708697908
genetic_algorithm,rosenbrock,118,14700,1.5527630708697908
genetic_algorithm,rosenbrock,118,14800,1.5527630708697908
genetic_algorithm,rosenbrock,118,14900,1.5527630708697908
genetic_algorithm,rosenbrock,118,15000,1.5527630708697908
genetic_algorithm,rosenbrock,118,15100,1.5527630708697908
genetic_algorithm,rosenbrock,118,15200,1.5527630708697908
genetic_algorithm,rosenbrock,118,15300,1.5527630708697908
genetic_algorithm,rosenbrock,118,15400,1.5527630708697908
genetic_algorithm,rosenbrock,118,15500,1.5527630708697908
genetic_algorithm,rosenbrock,118,15600,1.5527630708697908
genetic_algorithm,rosenbrock,118,15700,1.5527630708697908
genetic_algorithm,rosenbrock,118,15800,1.5527630708697908
genetic_algorithm,rosenbrock,118,15900,1.5527630708697908
genetic_algorithm,rosenbrock,118,16000,1.5527630708697908
genetic_algorithm,rosenbrock,118,16100,1.5527630708697908
genetic_algorithm,rosenbrock,118,16200,1.5527630708697908
genetic_algorithm,rosenbrock,118,16300,1.5527630708697908
genetic_algorithm,rosenbrock,118,16400,1.5527630708697908
genetic_algorithm,rosenbrock,118,16500,1.5527630708697908
genetic_algorithm,rosenbrock,118,16600,1.5527630708697908
genetic_algorithm,rosenbrock,118,16700,1.5527630708697908
genetic_algorithm,rosenbrock,118,16800,1.5527630708697908
genetic_algorithm,rosenbrock,118,16900,1.5527630708697908
genetic_algorithm,rosenbrock,118,17000,1.5527630708697908
genetic_algorithm,rosenbrock,118,17100,1.5527630708697908
genetic_algorithm,rosenbrock,118,17200,1.5527630708697908
genetic_algorithm,rosenbrock,118,17300,1.4319233333180692
genetic_algorithm,rosenbrock,118,17400,1.4319233333180692
genetic_algorithm,rosenbrock,118,17500,1.4319233333180692
genetic_algorithm,rosenbrock,118,17600,1.2568832079527585
genetic_algorithm,rosenbrock,118,17700,1.2568832079527585
genetic_algorithm,rosenbrock,118,17800,1.2568832079527585
genetic_algorithm,rosenbrock,118,17900,1.2568832079527585
genetic_algorithm,rosenbrock,118,18000,1.2568832079527585
genetic_algorithm,rosenbrock,118,18100,0.8198735993208133
genetic_algorithm,rosenbrock,118,18200,0.7670320729544693
genetic_algorithm,rosenbrock,118,18300,0.7670320729544693
genetic_algorithm,rosenbrock,118,18400,0.7670320729544693
genetic_algorithm,rosenbrock,118,18500,0.7670320729544693
genetic_algorithm,rosenbrock,118,18600,0.7670320729544693
genetic_algorithm,rosenbrock,118,18700,0.7670320729544693
genetic_algorithm,rosenbrock,118,18800,0.7670320729544693
genetic_algorithm,rosenbrock,118,18900,0.7670320729544693
genetic_algorithm,rosenbrock,118,19000,0.7670320729544693
genetic_algorithm,rosenbrock,118,19100,0.7319949232172448
genetic_algorithm,rosenbrock,118,19200,0.7319949232172448
genetic_algorithm,rosenbrock,118,19300,0.7319949232172448
genetic_algorithm,rosenbrock,118,19400,0.7319949232172448
genetic_algorithm,rosenbrock,118,19500,0.7319949232172448
genetic_algorithm,rosenbrock,118,19600,0.7319949232172448
genetic_algorithm,rosenbrock,118,19700,0.7319949232172448
genetic_algorithm,rosenbrock,118,19800,0.7319949232172448
genetic_algorithm,rosenbrock,118,19900,0.7319949232172448
genetic_algorithm,rosenbrock,118,20000,0.7319949232172448
genetic_algorithm,rosenbrock,119,100,34853.25810562457
genetic_algorithm,rosenbrock,119,200,16629.065096017006
genetic_algorithm,rosenbrock,119,300,3580.9827355662605
genetic_algorithm,rosenbrock,119,400,1541.1757594863002
genetic_algorithm,rosenbrock,119,500,465.2107603258321
genetic_algorithm,rosenbrock,119,600,353.1832669583081
genetic_algorithm,rosenbrock,119,700,203.7938845207343
genetic_algorithm,rosenbrock,119,800,118.62574130387618
genetic_algorithm,rosenbrock,119,900,97.99865983471032
genetic_algorithm,rosenbrock,119,1000,97.99865983471032
genetic_algorithm,rosenbrock,119,1100,97.99865983471032
genetic_algorithm,rosenbrock,119,1200,94.82621144872856
genetic_algorithm,rosenbrock,119,1300,94.82621144872856
genetic_algorithm,rosenbrock,119,1400,56.52238661547714
genetic_algorithm,rosenbrock,119,1500,45.80628636999342
genetic_algorithm,rosenbrock,119,1600,44.34019587932171
genetic_algorithm,rosenbrock,119,1700,44.34019587932171
genetic_algorithm,rosenbrock,119,1800,37.90636193637669
genetic_algorithm,rosenbrock,119,1900,28.66890269626562
genetic_algorithm,rosenbrock,119,2000,24.787088358891282
genetic_algorithm,rosenbrock,119,2100,24.787088358891282
genetic_algorithm,rosenbrock,119,2200,18.42286336689763
genetic_algorithm,rosenbrock,119,2300,18.42286336689763
genetic_algorithm,rosenbrock,119,2400,18.42286336689763
genetic_algorithm,rosenbrock,119,2500,15.040677507952447
genetic_algorithm,rosenbrock,119,2600,15.040677507952447
genetic_algorithm,rosenbrock,119,2700,15.040677507952447
genetic_algorithm,rosenbrock,119,2800,13.472745823495284
genetic_algorithm,rosenbrock,119,2900,6.806827001430766
genetic_algorithm,rosenbrock,119,3000,6.230143422982151
genetic_algorithm,rosenbrock,119,3100,6.230143422982151
genetic_algorithm,rosenbrock,119,3200,6.230143422982151
genetic_algorithm,rosenbrock,119,3300,6.230143422982151
genetic_algorithm,rosenbrock,119,3400,6.230143422982151
genetic_algorithm,rosenbrock,119,3500,6.230143422982151
genetic_algorithm,rosenbrock,119,3600,6.230143422982151
genetic_algorithm,rosenbrock,119,3700,5.985994910757874
genetic_algorithm,rosenbrock,119,3800,5.985994910757874
genetic_algorithm,rosenbrock,119,3900,5.985994910757874
genetic_algorithm,rosenbrock,119,4000,5.985994910757874
genetic_algorithm,rosenbrock,119,4100,5.985994910757874
genetic_algorithm,rosenbrock,119,4200,5.985994910757874
genetic_algorithm,rosenbrock,119,4300,5.985994910757874
genetic_algorithm,rosenbrock,119,4400,5.985994910757874
genetic_algorithm,rosenbrock,119,4500,5.985994910757874
genetic_algorithm,rosenbrock,119,4600,5.985994910757874
genetic_algorithm,rosenbrock,119,4700,5.985994910757874
genetic_algorithm,rosenbrock,119,4800,5.985994910757874
genetic_algorithm,rosenbrock,119,4900,5.985994910757874
genetic_algorithm,rosenbrock,119,5000,5.985994910757874
genetic_algorithm,rosenbrock,119,5100,5.985994910757874
genetic_algorithm,rosenbrock,119,5200,5.985994910757874
genetic_algorithm,rosenbrock,119,5300,5.985994910757874
genetic_algorithm,rosenbrock,119,5400,5.985994910757874
genetic_algorithm,rosenbrock,119,5500,5.985994910757874
genetic_algorithm,rosenbrock,119,5600,5.985994910757874
genetic_algorithm,rosenbrock,119,5700,5.985994910757874
genetic_algorithm,rosenbrock,119,5800,5.985994910757874
genetic_algorithm,rosenbrock,119,5900,5.961934021934148
genetic_algorithm,rosenbrock,119,6000,5.191486737905291
genetic_algorithm,rosenbrock,119,6100,5.191486737905291
genetic_algorithm,rosenbrock,119,6200,5.191486737905291
genetic_algorithm,rosenbrock,119,6300,5.191486737905291
genetic_algorithm,rosenbrock,119,6400,5.191486737905291
genetic_algorithm,rosenbrock,119,6500,5.191486737905291
genetic_algorithm,rosenbrock,119,6600,5.191486737905291
genetic_algorithm,rosenbrock,119,6700,5.191486737905291
genetic_algorithm,rosenbrock,119,6800,5.191486737905291
genetic_algorithm,rosenbrock,119,6900,5.191486737905291
genetic_algorithm,rosenbrock,119,7000,4.8078264866709315
genetic_algorithm,rosenbrock,119,7100,4.8078264866709315
genetic_algorithm,rosenbrock,119,7200,4.8078264866709315
genetic_algorithm,rosenbrock,119,7300,4.8078264866709315
genetic_algorithm,rosenbrock,119,7400,2.8196738046341845
genetic_algorithm,rosenbrock,119,7500,2.8196738046341845
genetic_algorithm,rosenbrock,119,7600,2.8196738046341845
genetic_algorithm,rosenbrock,119,7700,2.8196738046341845
genetic_algorithm,rosenbrock,119,7800,2.353329128844229
genetic_algorithm,rosenbrock,119,7900,2.353329128844229
genetic_algorithm,rosenbrock,119,8000,2.353329128844229
genetic_algorithm,rosenbrock,119,8100,2.25845296726309
genetic_algorithm,rosenbrock,119,8200,2.25845296726309
genetic_algorithm,rosenbrock,119,8300,2.25845296726309
genetic_algorithm,rosenbrock,119,8400,2.25845296726309
genetic_algorithm,rosenbrock,119,8500,2.25845296726309
genetic_algorithm,rosenbrock,119,8600,2.25845296726309
genetic_algorithm,rosenbrock,119,8700,2.25845296726309
genetic_algorithm,rosenbrock,119,8800,2.25845296726309
genetic_algorithm,rosenbrock,119,8900,2.25845296726309
genetic_algorithm,rosenbrock,119,9000,2.25845296726309
genetic_algorithm,rosenbrock,119,9100,2.25845296726309
genetic_algorithm,rosenbrock,119,9200,2.25845296726309
genetic_algorithm,rosenbrock,119,9300,2.25845296726309
genetic_algorithm,rosenbrock,119,9400,2.25845296726309
genetic_algorithm,rosenbrock,119,9500,2.25845296726309
genetic_algorithm,rosenbrock,119,9600,2.25845296726309
genetic_algorithm,rosenbrock,119,9700,2.25845296726309
genetic_algorithm,rosenbrock,119,9800,2.25845296726309
genetic_algorithm,rosenbrock,119,9900,2.25845296726309
genetic_algorithm,rosenbrock,119,10000,2.25845296726309
genetic_algorithm,rosenbrock,119,10100,2.25845296726309
genetic_algorithm,rosenbrock,119,10200,2.25845296726309
genetic_algorithm,rosenbrock,119,10300,2.2276829856833995
genetic_algorithm,rosenbrock,119,10400,2.2276829856833995
genetic_algorithm,rosenbrock,119,10500,2.2276829856833995
genetic_algorithm,rosenbrock,119,10600,2.2276829856833995
genetic_algorithm,rosenbrock,119,10700,2.2276829856833995
genetic_algorithm,rosenbrock,119,10800,2.2276829856833995
genetic_algorithm,rosenbrock,119,10900,2.2276829856833995
genetic_algorithm,rosenbrock,119,11000,2.2276829856833995
genetic_algorithm,rosenbrock,119,11100,2.2276829856833995
genetic_algorithm,rosenbrock,119,11200,2.2276829856833995
genetic_algorithm,rosenbrock,119,11300,2.2276829856833995
genetic_algorithm,rosenbrock,119,11400,2.170936814316637
genetic_algorithm,rosenbrock,119,11500,2.170936814316637
genetic_algorithm,rosenbrock,119,11600,2.170936814316637
genetic_algorithm,rosenbrock,119,11700,2.170936814316637
genetic_algorithm,rosenbrock,119,11800,2.170936814316637
genetic_algorithm,rosenbrock,119,11900,2.170936814316637
genetic_algorithm,rosenbrock,119,12000,2.170936814316637
genetic_algorithm,rosenbrock,119,12100,2.170936814316637
genetic_algorithm,rosenbrock,119,12200,2.170936814316637
genetic_algorithm,rosenbrock,119,12300,2.170936814316637
genetic_algorithm,rosenbrock,119,12400,2.170936814316637
genetic_algorithm,rosenbrock,119,12500,2.1230194556938784
genetic_algorithm,rosenbrock,119,12600,2.1230194556938784
genetic_algorithm,rosenbrock,119,12700,2.1230194556938784
genetic_algorithm,rosenbrock,119,12800,2.1230194556938784
genetic_algorithm,rosenbrock,119,12900,2.1230194556938784
genetic_algorithm,rosenbrock,119,13000,2.1230194556938784
genetic_algorithm,rosenbrock,119,13100,2.1230194556938784
genetic_algorithm,rosenbrock,119,13200,2.1230194556938784
genetic_algorithm,rosenbrock,119,13300,2.1230194556938784
genetic_algorithm,rosenbrock,119,13400,2.1230194556938784
genetic_algorithm,rosenbrock,119,13500,2.1230194556938784
genetic_algorithm,rosenbrock,119,13600,2.1230194556938784
genetic_algorithm,rosenbrock,119,13700,2.1230194556938784
genetic_algorithm,rosenbrock,119,13800,2.1230194556938784
genetic_algorithm,rosenbrock,119,13900,2.1230194556938784
genetic_algorithm,rosenbrock,119,14000,2.1230194556938784
genetic_algorithm,rosenbrock,119,14100,2.1230194556938784
genetic_algorithm,rosenbrock,119,14200,2.1230194556938784
genetic_algorithm,rosenbrock,119,14300,2.1230194556938784
genetic_algorithm,rosenbrock,119,14400,2.1230194556938784
genetic_algorithm,rosenbrock,119,14500,2.1230194556938784
genetic_algorithm,rosenbrock,119,14600,2.1230194556938784
genetic_algorithm,rosenbrock,119,14700,2.1230194556938784
genetic_algorithm,rosenbrock,119,14800,2.1230194556938784
genetic_algorithm,rosenbrock,119,14900,2.1230194556938784
genetic_algorithm,rosenbrock,119,15000,2.1230194556938784
genetic_algorithm,rosenbrock,119,15100,2.1230194556938784
genetic_algorithm,rosenbrock,119,15200,2.1230194556938784
genetic_algorithm,rosenbrock,119,15300,2.1230194556938784
genetic_algorithm,rosenbrock,119,15400,2.1230194556938784
genetic_algorithm,rosenbrock,119,15500,2.1230194556938784
genetic_algorithm,rosenbrock,119,15600,2.1230194556938784
genetic_algorithm,rosenbrock,119,15700,2.1230194556938784
genetic_algorithm,rosenbrock,119,15800,2.1230194556938784
genetic_algorithm,rosenbrock,119,15900,2.1230194556938784
genetic_algorithm,rosenbrock,119,16000,2.1230194556938784
genetic_algorithm,rosenbrock,119,16100,2.1230194556938784
genetic_algorithm,rosenbrock,119,16200,2.1230194556938784
genetic_algorithm,rosenbrock,119,16300,2.1230194556938784
genetic_algorithm,rosenbrock,119,16400,2.1230194556938784
genetic_algorithm,rosenbrock,119,16500,2.1230194556938784
genetic_algorithm,rosenbrock,119,16600,2.1230194556938784
genetic_algorithm,rosenbrock,119,16700,2.1230194556938784
genetic_algorithm,rosenbrock,119,16800,2.1230194556938784
genetic_algorithm,rosenbrock,119,16900,2.1230194556938784
genetic_algorithm,rosenbrock,119,17000,2.1230194556938784
genetic_algorithm,rosenbrock,119,17100,2.1230194556938784
genetic_algorithm,rosenbrock,119,17200,2.1230194556938784
genetic_algorithm,rosenbrock,119,17300,2.1230194556938784
genetic_algorithm,rosenbrock,119,17400,2.1230194556938784
genetic_algorithm,rosenbrock,119,17500,2.1230194556938784
genetic_algorithm,rosenbrock,119,17600,2.1230194556938784
genetic_algorithm,rosenbrock,119,17700,2.1230194556938784
genetic_algorithm,rosenbrock,119,17800,2.1230194556938784
genetic_algorithm,rosenbrock,119,17900,2.1230194556938784
genetic_algorithm,rosenbrock,119,18000,2.1230194556938784
genetic_algorithm,rosenbrock,119,18100,2.1230194556938784
genetic_algorithm,rosenbrock,119,18200,2.1230194556938784
genetic_algorithm,rosenbrock,119,18300,2.1230194556938784
genetic_algorithm,rosenbrock,119,18400,2.1230194556938784
genetic_algorithm,rosenbrock,119,18500,2.1230194556938784
genetic_algorithm,rosenbrock,119,18600,2.1230194556938784
genetic_algorithm,rosenbrock,119,18700,2.1230194556938784
genetic_algorithm,rosenbrock,119,18800,2.1230194556938784
genetic_algorithm,rosenbrock,119,18900,2.1230194556938784
genetic_algorithm,rosenbrock,119,19000,2.1230194556938784
genetic_algorithm,rosenbrock,119,19100,2.1230194556938784
genetic_algorithm,rosenbrock,119,19200,2.1230194556938784
genetic_algorithm,rosenbrock,119,19300,2.1230194556938784
genetic_algorithm,rosenbrock,119,19400,2.1230194556938784
genetic_algorithm,rosenbrock,119,19500,1.9308236371263372
genetic_algorithm,rosenbrock,119,19600,1.9308236371263372
genetic_algorithm,rosenbrock,119,19700,1.9308236371263372
genetic_algorithm,rosenbrock,119,19800,1.9308236371263372
genetic_algorithm,rosenbrock,119,19900,1.9308236371263372
genetic_algorithm,rosenbrock,119,20000,1.9308236371263372
