algorithm,benchmark,seed,evaluations,best_value
genetic_algorithm,sphere,100,100,25.639781749983214
genetic_algorithm,sphere,100,200,11.908430921776693
genetic_algorithm,sphere,100,300,3.1889922162816
genetic_algorithm,sphere,100,400,1.8550172401853826
genetic_algorithm,sphere,100,500,1.1526739087899132
genetic_algorithm,sphere,100,600,0.5430551509445694
genetic_algorithm,sphere,100,700,0.3661685452598027
genetic_algorithm,sphere,100,800,0.12155409113626466
genetic_algorithm,sphere,100,900,0.07477671906355367
genetic_algorithm,sphere,100,1000,0.03344021540424922
genetic_algorithm,sphere,100,1100,0.03344021540424922
genetic_algorithm,sphere,100,1200,0.010897860348343037
genetic_algorithm,sphere,100,1300,0.010574534527806635
genetic_algorithm,sphere,100,1400,0.006205622720902065
genetic_algorithm,sphere,100,1500,0.00386675486839616
genetic_algorithm,sphere,100,1600,0.002862802609122002
genetic_algorithm,sphere,100,1700,0.002862802609122002
genetic_algorithm,sphere,100,1800,0.002862802609122002
genetic_algorithm,sphere,100,1900,0.002180805967528304
genetic_algorithm,sphere,100,2000,0.001066811716358074
genetic_algorithm,sphere,100,2100,0.0007619859080029656
genetic_algorithm,sphere,100,2200,0.0007619859080029656
genetic_algorithm,sphere,100,2300,0.0007619859080029656
genetic_algorithm,sphere,100,2400,0.0007470617188407955
genetic_algorithm,sphere,100,2500,0.0005339566613170833
genetic_algorithm,sphere,100,2600,0.0005339566613170833
genetic_algorithm,sphere,100,2700,0.00043106983778347895
genetic_algorithm,sphere,100,2800,0.00043106983778347895
genetic_algorithm,sphere,100,2900,0.00043106983778347895
genetic_algorithm,sphere,100,3000,0.00043106983778347895
genetic_algorithm,sphere,100,3100,0.00043106983778347895
genetic_algorithm,sphere,100,3200,0.00043106983778347895
genetic_algorithm,sphere,100,3300,0.00043106983778347895
genetic_algorithm,sphere,100,3400,0.00043106983778347895
genetic_algorithm,sphere,100,3500,0.00043106983778347895
genetic_algorithm,sphere,100,3600,0.00043106983778347895
genetic_algorithm,sphere,100,3700,0.00024403312182631233
genetic_algorithm,sphere,100,3800,0.00024403312182631233
genetic_algorithm,sphere,100,3900,0.0002204497443196335
genetic_algorithm,sphere,100,4000,0.00020532859231506512
genetic_algorithm,sphere,100,4100,0.0002020952613506186
genetic_algorithm,sphere,100,4200,0.0002020952613506186
genetic_algorithm,sphere,100,4300,0.0002020952613506186
genetic_algorithm,sphere,100,4400,0.0002020952613506186
genetic_algorithm,sphere,100,4500,0.0002020952613506186
genetic_algorithm,sphere,100,4600,0.0002020952613506186
genetic_algorithm,sphere,100,4700,0.0001753853492789261
genetic_algorithm,sphere,100,4800,0.0001753853492789261
genetic_algorithm,sphere,100,4900,0.0001753853492789261
genetic_algorithm,sphere,100,5000,0.0001753853492789261
genetic_algorithm,sphere,100,5100,0.0001753853492789261
genetic_algorithm,sphere,100,5200,0.0001753853492789261
genetic_algorithm,sphere,100,5300,0.00010262205598220148
genetic_algorithm,sphere,100,5400,9.33121168896029e-05
genetic_algorithm,sphere,100,5500,9.33121168896029e-05
genetic_algorithm,sphere,100,5600,9.33121168896029e-05
genetic_algorithm,sphere,100,5700,8.69805965734647e-05
genetic_algorithm,sphere,100,5800,8.69805965734647e-05
genetic_algorithm,sphere,100,5900,8.69805965734647e-05
genetic_algorithm,sphere,100,6000,8.69805965734647e-05
genetic_algorithm,sphere,100,6100,6.687068314486299e-05
genetic_algorithm,sphere,100,6200,5.2191740356541416e-05
genetic_algorithm,sphere,100,6300,5.2191740356541416e-05
genetic_algorithm,sphere,100,6400,5.1146851114362576e-05
genetic_algorithm,sphere,100,6500,5.1146851114362576e-05
genetic_algorithm,sphere,100,6600,5.1146851114362576e-05
genetic_algorithm,sphere,100,6700,5.1146851114362576e-05
genetic_algorithm,sphere,100,6800,5.1146851114362576e-05
genetic_algorithm,sphere,100,6900,5.1146851114362576e-05
genetic_algorithm,sphere,100,7000,5.1146851114362576e-05
genetic_algorithm,sphere,100,7100,5.1146851114362576e-05
genetic_algorithm,sphere,100,7200,5.1146851114362576e-05
genetic_algorithm,sphere,100,7300,5.1146851114362576e-05
genetic_algorithm,sphere,100,7400,5.1146851114362576e-05
genetic_algorithm,sphere,100,7500,3.939401618958399e-05
genetic_algorithm,sphere,100,7600,3.939401618958399e-05
genetic_algorithm,sphere,100,7700,3.939401618958399e-05
genetic_algorithm,sphere,100,7800,3.939401618958399e-05
genetic_algorithm,sphere,100,7900,3.939401618958399e-05
genetic_algorithm,sphere,100,8000,3.939401618958399e-05
genetic_algorithm,sphere,100,8100,3.7608976778906344e-05
genetic_algorithm,sphere,100,8200,3.7608976778906344e-05
genetic_algorithm,sphere,100,8300,2.2036353155326092e-05
genetic_algorithm,sphere,100,8400,2.2036353155326092e-05
genetic_algorithm,sphere,100,8500,2.2036353155326092e-05
genetic_algorithm,sphere,100,8600,2.2036353155326092e-05
genetic_algorithm,sphere,100,8700,2.2036353155326092e-05
genetic_algorithm,sphere,100,8800,2.2036353155326092e-05
genetic_algorithm,sphere,100,8900,2.146885930130053e-05
genetic_algorithm,sphere,100,9000,2.1253178069004188e-05
genetic_algorithm,sphere,100,9100,2.1253178069004188e-05
genetic_algorithm,sphere,100,9200,2.1253178069004188e-05
genetic_algorithm,sphere,100,9300,2.1253178069004188e-05
genetic_algorithm,sphere,100,9400,2.1253178069004188e-05
genetic_algorithm,sphere,100,9500,2.1253178069004188e-05
genetic_algorithm,sphere,100,9600,2.1253178069004188e-05
genetic_algorithm,sphere,100,9700,2.1253178069004188e-05
genetic_algorithm,sphere,100,9800,2.1253178069004188e-05
genetic_algorithm,sphere,100,9900,1.1957456879220696e-05
genetic_algorithm,sphere,100,10000,1.1957456879220696e-05
genetic_algorithm,sphere,100,10100,1.1957456879220696e-05
genetic_algorithm,sphere,100,10200,1.1957456879220696e-05
genetic_algorithm,sphere,100,10300,1.1957456879220696e-05
genetic_algorithm,sphere,100,10400,1.1957456879220696e-05
genetic_algorithm,sphere,100,10500,1.1957456879220696e-05
genetic_algorithm,sphere,100,10600,1.1957456879220696e-05
genetic_algorithm,sphere,100,10700,1.0060463237233557e-05
genetic_algorithm,sphere,100,10800,1.0060463237233557e-05
genetic_algorithm,sphere,100,10900,8.68923455014841e-06
genetic_algorithm,sphere,100,11000,8.68923455014841e-06
genetic_algorithm,sphere,100,11100,8.68923455014841e-06
genetic_algorithm,sphere,100,11200,8.68923455014841e-06
genetic_algorithm,sphere,100,11300,8.68923455014841e-06
genetic_algorithm,sphere,100,11400,8.68923455014841e-06
genetic_algorithm,sphere,100,11500,8.68923455014841e-06
genetic_algorithm,sphere,100,11600,8.68923455014841e-06
genetic_algorithm,sphere,100,11700,8.68923455014841e-06
genetic_algorithm,sphere,100,11800,8.68923455014841e-06
genetic_algorithm,sphere,100,11900,8.68923455014841e-06
genetic_algorithm,sphere,100,12000,8.68923455014841e-06
genetic_algorithm,sphere,100,12100,8.68923455014841e-06
genetic_algorithm,sphere,100,12200,8.68923455014841e-06
genetic_algorithm,sphere,100,12300,8.68923455014841e-06
genetic_algorithm,sphere,100,12400,8.68923455014841e-06
genetic_algorithm,sphere,100,12500,8.68923455014841e-06
genetic_algorithm,sphere,100,12600,8.68923455014841e-06
genetic_algorithm,sphere,100,12700,8.68923455014841e-06
genetic_algorithm,sphere,100,12800,8.68923455014841e-06
genetic_algorithm,sphere,100,12900,8.68923455014841e-06
genetic_algorithm,sphere,100,13000,8.68923455014841e-06
genetic_algorithm,sphere,100,13100,8.68923455014841e-06
genetic_algorithm,sphere,100,13200,8.68923455014841e-06
genetic_algorithm,sphere,100,13300,8.68923455014841e-06
genetic_algorithm,sphere,100,13400,8.68923455014841e-06
genetic_algorithm,sphere,100,13500,8.68923455014841e-06
genetic_algorithm,sphere,100,13600,8.68923455014841e-06
genetic_algorithm,sphere,100,13700,8.68923455014841e-06
genetic_algorithm,sphere,100,13800,8.68923455014841e-06
genetic_algorithm,sphere,100,13900,8.68923455014841e-06
genetic_algorithm,sphere,100,14000,8.68923455014841e-06
genetic_algorithm,sphere,100,14100,8.68923455014841e-06
genetic_algorithm,sphere,100,14200,8.68923455014841e-06
genetic_algorithm,sphere,100,14300,8.68923455014841e-06
genetic_algorithm,sphere,100,14400,5.4284828095712776e-06
genetic_algorithm,sphere,100,14500,5.4284828095712776e-06
genetic_algorithm,sphere,100,14600,5.4284828095712776e-06
genetic_algorithm,sphere,100,14700,5.4284828095712776e-06
genetic_algorithm,sphere,100,14800,5.4284828095712776e-06
genetic_algorithm,sphere,100,14900,5.4284828095712776e-06
genetic_algorithm,sphere,100,15000,3.3836230445282786e-06
genetic_algorithm,sphere,100,15100,3.3836230445282786e-06
genetic_algorithm,sphere,100,15200,3.3836230445282786e-06
genetic_algorithm,sphere,100,15300,3.3836230445282786e-06
genetic_algorithm,sphere,100,15400,3.3836230445282786e-06
genetic_algorithm,sphere,100,15500,3.3836230445282786e-06
genetic_algorithm,sphere,100,15600,3.3836230445282786e-06
genetic_algorithm,sphere,100,15700,3.3836230445282786e-06
genetic_algorithm,sphere,100,15800,3.3836230445282786e-06
genetic_algorithm,sphere,100,15900,3.3836230445282786e-06
genetic_algorithm,sphere,100,16000,1.354663401537714e-06
genetic_algorithm,sphere,100,16100,1.354663401537714e-06
genetic_algorithm,sphere,100,16200,1.354663401537714e-06
genetic_algorithm,sphere,100,16300,1.354663401537714e-06
genetic_algorithm,sphere,100,16400,1.354663401537714e-06
genetic_algorithm,sphere,100,16500,1.354663401537714e-06
genetic_algorithm,sphere,100,16600,1.354663401537714e-06
genetic_algorithm,sphere,100,16700,1.354663401537714e-06
genetic_algorithm,sphere,100,16800,1.354663401537714e-06
genetic_algorithm,sphere,100,16900,1.354663401537714e-06
genetic_algorithm,sphere,100,17000,1.354663401537714e-06
genetic_algorithm,sphere,100,17100,1.354663401537714e-06
genetic_algorithm,sphere,100,17200,1.354663401537714e-06
genetic_algorithm,sphere,100,17300,1.354663401537714e-06
genetic_algorithm,sphere,100,17400,1.354663401537714e-06
genetic_algorithm,sphere,100,17500,1.354663401537714e-06
genetic_algorithm,sphere,100,17600,1.3097261114273212e-06
genetic_algorithm,sphere,100,17700,1.3097261114273212e-06
genetic_algorithm,sphere,100,17800,1.3097261114273212e-06
genetic_algorithm,sphere,100,17900,1.3097261114273212e-06
genetic_algorithm,sphere,100,18000,1.3097261114273212e-06
genetic_algorithm,sphere,100,18100,1.3097261114273212e-06
genetic_algorithm,sphere,100,18200,1.3097261114273212e-06
genetic_algorithm,sphere,100,18300,1.3097261114273212e-06
genetic_algorithm,sphere,100,18400,1.3097261114273212e-06
genetic_algorithm,sphere,100,18500,1.3097261114273212e-06
genetic_algorithm,sphere,100,18600,1.3097261114273212e-06
genetic_algorithm,sphere,100,18700,1.3097261114273212e-06
genetic_algorithm,sphere,100,18800,1.3097261114273212e-06
genetic_algorithm,sphere,100,18900,1.3097261114273212e-06
genetic_algorithm,sphere,100,19000,1.3097261114273212e-06
genetic_algorithm,sphere,100,19100,1.3097261114273212e-06
genetic_algorithm,sphere,100,19200,1.3097261114273212e-06
genetic_algorithm,sphere,100,19300,1.3097261114273212e-06
genetic_algorithm,sphere,100,19400,1.3097261114273212e-06
genetic_algorithm,sphere,100,19500,1.3097261114273212e-06
genetic_algorithm,sphere,100,19600,1.3097261114273212e-06
genetic_algorithm,sphere,100,19700,1.3097261114273212e-06
genetic_algorithm,sphere,100,19800,1.3097261114273212e-06
genetic_algorithm,sphere,100,19900,1.3097261114273212e-06
genetic_algorithm,sphere,100,20000,1.3097261114273212e-06
genetic_algorithm,sphere,101,100,31.719934167468608
genetic_algorithm,sphere,101,200,9.538500304590517
genetic_algorithm,sphere,101,300,5.102745962555357
genetic_algorithm,sphere,101,400,1.1177665949253601
genetic_algorithm,sphere,101,500,0.6795549036728384
genetic_algorithm,sphere,101,600,0.2319095158283496
genetic_algorithm,sphere,101,700,0.08681917489468438
genetic_algorithm,sphere,101,800,0.033753928211621806
genetic_algorithm,sphere,101,900,0.023469428627298904
genetic_algorithm,sphere,101,1000,0.015811181970564813
genetic_algorithm,sphere,101,1100,0.0072186925265654515
genetic_algorithm,sphere,101,1200,0.006920815586951947
genetic_algorithm,sphere,101,1300,0.0041518668677867875
genetic_algorithm,sphere,101,1400,0.0030222232489381185
genetic_algorithm,sphere,101,1500,0.0030222232489381185
genetic_algorithm,sphere,101,1600,0.00235096081979763
genetic_algorithm,sphere,101,1700,0.00235096081979763
genetic_algorithm,sphere,101,1800,0.0011286006523316874
genetic_algorithm,sphere,101,1900,0.0007295181992483511
genetic_algorithm,sphere,101,2000,0.0007295181992483511
genetic_algorithm,sphere,101,2100,0.0007295181992483511
genetic_algorithm,sphere,101,2200,0.0007295181992483511
genetic_algorithm,sphere,101,2300,0.0007295181992483511
genetic_algorithm,sphere,101,2400,0.0007295181992483511
genetic_algorithm,sphere,101,2500,0.0007295181992483511
genetic_algorithm,sphere,101,2600,0.0007276416754656458
genetic_algorithm,sphere,101,2700,0.0006941338026567595
genetic_algorithm,sphere,101,2800,0.0006941338026567595
genetic_algorithm,sphere,101,2900,0.00045356449886565196
genetic_algorithm,sphere,101,3000,0.00045356449886565196
genetic_algorithm,sphere,101,3100,0.00045356449886565196
genetic_algorithm,sphere,101,3200,0.00045356449886565196
genetic_algorithm,sphere,101,3300,0.0003955795937720921
genetic_algorithm,sphere,101,3400,0.00012241739104651585
genetic_algorithm,sphere,101,3500,0.00012241739104651585
genetic_algorithm,sphere,101,3600,9.860616715426195e-05
genetic_algorithm,sphere,101,3700,9.087359710146295e-05
genetic_algorithm,sphere,101,3800,9.087359710146295e-05
genetic_algorithm,sphere,101,3900,9.087359710146295e-05
genetic_algorithm,sphere,101,4000,9.087359710146295e-05
genetic_algorithm,sphere,101,4100,9.087359710146295e-05
genetic_algorithm,sphere,101,4200,9.087359710146295e-05
genetic_algorithm,sphere,101,4300,9.087359710146295e-05
genetic_algorithm,sphere,101,4400,6.168379603978251e-05
genetic_algorithm,sphere,101,4500,6.168379603978251e-05
genetic_algorithm,sphere,101,4600,6.168379603978251e-05
genetic_algorithm,sphere,101,4700,6.168379603978251e-05
genetic_algorithm,sphere,101,4800,6.168379603978251e-05
genetic_algorithm,sphere,101,4900,6.168379603978251e-05
genetic_algorithm,sphere,101,5000,5.363065013158441e-05
genetic_algorithm,sphere,101,5100,5.2770840192587376e-05
genetic_algorithm,sphere,101,5200,5.2770840192587376e-05
genetic_algorithm,sphere,101,5300,5.2770840192587376e-05
genetic_algorithm,sphere,101,5400,5.2770840192587376e-05
genetic_algorithm,sphere,101,5500,5.2770840192587376e-05
genetic_algorithm,sphere,101,5600,5.2770840192587376e-05
genetic_algorithm,sphere,101,5700,4.337063846630119e-05
genetic_algorithm,sphere,101,5800,4.337063846630119e-05
genetic_algorithm,sphere,101,5900,4.337063846630119e-05
genetic_algorithm,sphere,101,6000,4.337063846630119e-05
genetic_algorithm,sphere,101,6100,4.337063846630119e-05
genetic_algorithm,sphere,101,6200,4.337063846630119e-05
genetic_algorithm,sphere,101,6300,4.337063846630119e-05
genetic_algorithm,sphere,101,6400,4.337063846630119e-05
genetic_algorithm,sphere,101,6500,4.337063846630119e-05
genetic_algorithm,sphere,101,6600,4.337063846630119e-05
genetic_algorithm,sphere,101,6700,4.337063846630119e-05
genetic_algorithm,sphere,101,6800,4.290138117233231e-05
genetic_algorithm,sphere,101,6900,4.290138117233231e-05
genetic_algorithm,sphere,101,7000,4.290138117233231e-05
genetic_algorithm,sphere,101,7100,4.290138117233231e-05
genetic_algorithm,sphere,101,7200,4.290138117233231e-05
genetic_algorithm,sphere,101,7300,4.290138117233231e-05
genetic_algorithm,sphere,101,7400,4.290138117233231e-05
genetic_algorithm,sphere,101,7500,4.290138117233231e-05
genetic_algorithm,sphere,101,7600,4.290138117233231e-05
genetic_algorithm,sphere,101,7700,4.290138117233231e-05
genetic_algorithm,sphere,101,7800,4.290138117233231e-05
genetic_algorithm,sphere,101,7900,4.290138117233231e-05
genetic_algorithm,sphere,101,8000,4.290138117233231e-05
genetic_algorithm,sphere,101,8100,4.290138117233231e-05
genetic_algorithm,sphere,101,8200,4.290138117233231e-05
genetic_algorithm,sphere,101,8300,4.290138117233231e-05
genetic_algorithm,sphere,101,8400,4.290138117233231e-05
genetic_algorithm,sphere,101,8500,4.290138117233231e-05
genetic_algorithm,sphere,101,8600,3.669315327602042e-05
genetic_algorithm,sphere,101,8700,3.669315327602042e-05
genetic_algorithm,sphere,101,8800,3.669315327602042e-05
genetic_algorithm,sphere,101,8900,3.669315327602042e-05
genetic_algorithm,sphere,101,9000,3.669315327602042e-05
genetic_algorithm,sphere,101,9100,3.669315327602042e-05
genetic_algorithm,sphere,101,9200,3.669315327602042e-05
genetic_algorithm,sphere,101,9300,3.669315327602042e-05
genetic_algorithm,sphere,101,9400,3.669315327602042e-05
genetic_algorithm,sphere,101,9500,3.669315327602042e-05
genetic_algorithm,sphere,101,9600,3.669315327602042e-05
genetic_algorithm,sphere,101,9700,3.669315327602042e-05
genetic_algorithm,sphere,101,9800,3.669315327602042e-05
genetic_algorithm,sphere,101,9900,3.669315327602042e-05
genetic_algorithm,sphere,101,10000,3.669315327602042e-05
genetic_algorithm,sphere,101,10100,3.544053312913379e-05
genetic_algorithm,sphere,101,10200,3.544053312913379e-05
genetic_algorithm,sphere,101,10300,3.544053312913379e-05
genetic_algorithm,sphere,101,10400,3.544053312913379e-05
genetic_algorithm,sphere,101,10500,3.544053312913379e-05
genetic_algorithm,sphere,101,10600,3.544053312913379e-05
genetic_algorithm,sphere,101,10700,3.544053312913379e-05
genetic_algorithm,sphere,101,10800,3.544053312913379e-05
genetic_algorithm,sphere,101,10900,3.544053312913379e-05
genetic_algorithm,sphere,101,11000,3.544053312913379e-05
genetic_algorithm,sphere,101,11100,3.544053312913379e-05
genetic_algorithm,sphere,101,11200,3.544053312913379e-05
genetic_algorithm,sphere,101,11300,3.544053312913379e-05
genetic_algorithm,sphere,101,11400,3.3751820259565385e-05
genetic_algorithm,sphere,101,11500,3.3751820259565385e-05
genetic_algorithm,sphere,101,11600,3.3751820259565385e-05
genetic_algorithm,sphere,101,11700,3.3751820259565385e-05
genetic_algorithm,sphere,101,11800,3.3751820259565385e-05
genetic_algorithm,sphere,101,11900,3.3751820259565385e-05
genetic_algorithm,sphere,101,12000,3.3751820259565385e-05
genetic_algorithm,sphere,101,12100,3.3751820259565385e-05
genetic_algorithm,sphere,101,12200,3.3751820259565385e-05
genetic_algorithm,sphere,101,12300,3.3751820259565385e-05
genetic_algorithm,sphere,101,12400,3.3751820259565385e-05
genetic_algorithm,sphere,101,12500,3.3751820259565385e-05
genetic_algorithm,sphere,101,12600,3.2795883482535e-05
genetic_algorithm,sphere,101,12700,3.2795883482535e-05
genetic_algorithm,sphere,101,12800,3.2795883482535e-05
genetic_algorithm,sphere,101,12900,3.2795883482535e-05
genetic_algorithm,sphere,101,13000,3.2795883482535e-05
genetic_algorithm,sphere,101,13100,3.2795883482535e-05
genetic_algorithm,sphere,101,13200,3.2795883482535e-05
genetic_algorithm,sphere,101,13300,3.2795883482535e-05
genetic_algorithm,sphere,101,13400,3.2795883482535e-05
genetic_algorithm,sphere,101,13500,3.2795883482535e-05
genetic_algorithm,sphere,101,13600,3.2795883482535e-05
genetic_algorithm,sphere,101,13700,3.2795883482535e-05
genetic_algorithm,sphere,101,13800,3.2795883482535e-05
genetic_algorithm,sphere,101,13900,3.2795883482535e-05
genetic_algorithm,sphere,101,14000,2.4989183424105464e-05
genetic_algorithm,sphere,101,14100,2.4989183424105464e-05
genetic_algorithm,sphere,101,14200,2.4989183424105464e-05
genetic_algorithm,sphere,101,14300,2.4989183424105464e-05
genetic_algorithm,sphere,101,14400,2.4989183424105464e-05
genetic_algorithm,sphere,101,14500,2.4989183424105464e-05
genetic_algorithm,sphere,101,14600,2.4989183424105464e-05
genetic_algorithm,sphere,101,14700,2.3208002053764574e-05
genetic_algorithm,sphere,101,14800,2.3208002053764574e-05
genetic_algorithm,sphere,101,14900,2.3208002053764574e-05
genetic_algorithm,sphere,101,15000,2.3208002053764574e-05
genetic_algorithm,sphere,101,15100,1.608439129529698e-05
genetic_algorithm,sphere,101,15200,1.608439129529698e-05
genetic_algorithm,sphere,101,15300,1.608439129529698e-05
genetic_algorithm,sphere,101,15400,1.608439129529698e-05
genetic_algorithm,sphere,101,15500,1.608439129529698e-05
genetic_algorithm,sphere,101,15600,1.608439129529698e-05
genetic_algorithm,sphere,101,15700,1.5842000284341823e-05
genetic_algorithm,sphere,101,15800,1.5842000284341823e-05
genetic_algorithm,sphere,101,15900,1.5842000284341823e-05
genetic_algorithm,sphere,101,16000,1.5842000284341823e-05
genetic_algorithm,sphere,101,16100,1.5842000284341823e-05
genetic_algorithm,sphere,101,16200,1.5842000284341823e-05
genetic_algorithm,sphere,101,16300,1.5842000284341823e-05
genetic_algorithm,sphere,101,16400,1.5842000284341823e-05
genetic_algorithm,sphere,101,16500,1.5842000284341823e-05
genetic_algorithm,sphere,101,16600,1.5842000284341823e-05
genetic_algorithm,sphere,101,16700,1.5842000284341823e-05
genetic_algorithm,sphere,101,16800,1.5842000284341823e-05
genetic_algorithm,sphere,101,16900,1.5838897387440754e-05
genetic_algorithm,sphere,101,17000,1.5838897387440754e-05
genetic_algorithm,sphere,101,17100,1.5838897387440754e-05
genetic_algorithm,sphere,101,17200,1.5838897387440754e-05
genetic_algorithm,sphere,101,17300,1.5838897387440754e-05
genetic_algorithm,sphere,101,17400,1.5838897387440754e-05
genetic_algorithm,sphere,101,17500,1.5838897387440754e-05
genetic_algorithm,sphere,101,17600,1.5838897387440754e-05
genetic_algorithm,sphere,101,17700,1.5838897387440754e-05
genetic_algorithm,sphere,101,17800,1.5838897387440754e-05
genetic_algorithm,sphere,101,17900,1.5838897387440754e-05
genetic_algorithm,sphere,101,18000,1.5838897387440754e-05
genetic_algorithm,sphere,101,18100,1.5838897387440754e-05
genetic_algorithm,sphere,101,18200,1.5838897387440754e-05
genetic_algorithm,sphere,101,18300,1.5838897387440754e-05
genetic_algorithm,sphere,101,18400,1.5838897387440754e-05
genetic_algorithm,sphere,101,18500,1.5838897387440754e-05
genetic_algorithm,sphere,101,18600,1.3752730063165798e-05
genetic_algorithm,sphere,101,18700,1.3752730063165798e-05
genetic_algorithm,sphere,101,18800,1.3752730063165798e-05
genetic_algorithm,sphere,101,18900,1.3752730063165798e-05
genetic_algorithm,sphere,101,19000,1.3752730063165798e-05
genetic_algorithm,sphere,101,19100,1.3752730063165798e-05
genetic_algorithm,sphere,101,19200,1.3752730063165798e-05
genetic_algorithm,sphere,101,19300,1.3752730063165798e-05
genetic_algorithm,sphere,101,19400,1.3752730063165798e-05
genetic_algorithm,sphere,101,19500,1.3752730063165798e-05
genetic_algorithm,sphere,101,19600,1.3752730063165798e-05
genetic_algorithm,sphere,101,19700,1.3752730063165798e-05
genetic_algorithm,sphere,101,19800,1.3752730063165798e-05
genetic_algorithm,sphere,101,19900,1.3752730063165798e-05
genetic_algorithm,sphere,101,20000,1.3752730063165798e-05
genetic_algorithm,sphere,102,100,24.035430824611094
genetic_algorithm,sphere,102,200,10.184576421768055
genetic_algorithm,sphere,102,300,1.2439630771955703
genetic_algorithm,sphere,102,400,1.1548758365165335
genetic_algorithm,sphere,102,500,0.1910271039589257
genetic_algorithm,sphere,102,600,0.106684300067041
genetic_algorithm,sphere,102,700,0.04961777912084825
genetic_algorithm,sphere,102,800,0.036116676809995266
genetic_algorithm,sphere,102,900,0.01921801548064187
genetic_algorithm,sphere,102,1000,0.010723139371294665
genetic_algorithm,sphere,102,1100,0.010723139371294665
genetic_algorithm,sphere,102,1200,0.006401505668556715
genetic_algorithm,sphere,102,1300,0.005962269240970058
genetic_algorithm,sphere,102,1400,0.005962269240970058
genetic_algorithm,sphere,102,1500,0.005268436541164483
genetic_algorithm,sphere,102,1600,0.005028218744438015
genetic_algorithm,sphere,102,1700,0.004229214215081957
genetic_algorithm,sphere,102,1800,0.003203821426120048
genetic_algorithm,sphere,102,1900,0.0027993304749693386
genetic_algorithm,sphere,102,2000,0.0027993304749693386
genetic_algorithm,sphere,102,2100,0.001983516160831823
genetic_algorithm,sphere,102,2200,0.001977563410355915
genetic_algorithm,sphere,102,2300,0.0016931039897776488
genetic_algorithm,sphere,102,2400,0.0016931039897776488
genetic_algorithm,sphere,102,2500,0.0016931039897776488
genetic_algorithm,sphere,102,2600,0.0015913138727393457
genetic_algorithm,sphere,102,2700,0.0009922922400309607
genetic_algorithm,sphere,102,2800,0.0008573792818750668
genetic_algorithm,sphere,102,2900,0.0008573792818750668
genetic_algorithm,sphere,102,3000,0.00076399018591076
genetic_algorithm,sphere,102,3100,0.0007370793322788933
genetic_algorithm,sphere,102,3200,0.0007370793322788933
genetic_algorithm,sphere,102,3300,0.0005105919640649023
genetic_algorithm,sphere,102,3400,0.00033953500431471766
genetic_algorithm,sphere,102,3500,0.00033953500431471766
genetic_algorithm,sphere,102,3600,0.0003348218809939869
genetic_algorithm,sphere,102,3700,0.0003348218809939869
genetic_algorithm,sphere,102,3800,0.0003256013140613432
genetic_algorithm,sphere,102,3900,9.679098786744617e-05
genetic_algorithm,sphere,102,4000,9.679098786744617e-05
genetic_algorithm,sphere,102,4100,9.679098786744617e-05
genetic_algorithm,sphere,102,4200,9.679098786744617e-05
genetic_algorithm,sphere,102,4300,9.679098786744617e-05
genetic_algorithm,sphere,102,4400,7.664391510889493e-05
genetic_algorithm,sphere,102,4500,7.664391510889493e-05
genetic_algorithm,sphere,102,4600,6.931267464964689e-05
genetic_algorithm,sphere,102,4700,6.931267464964689e-05
genetic_algorithm,sphere,102,4800,2.8792972334994944e-05
genetic_algorithm,sphere,102,4900,2.7781115272244326e-05
genetic_algorithm,sphere,102,5000,2.7781115272244326e-05
genetic_algorithm,sphere,102,5100,2.7781115272244326e-05
genetic_algorithm,sphere,102,5200,2.7781115272244326e-05
genetic_algorithm,sphere,102,5300,2.7781115272244326e-05
genetic_algorithm,sphere,102,5400,2.7781115272244326e-05
genetic_algorithm,sphere,102,5500,2.7781115272244326e-05
genetic_algorithm,sphere,102,5600,2.7781115272244326e-05
genetic_algorithm,sphere,102,5700,2.7781115272244326e-05
genetic_algorithm,sphere,102,5800,2.7781115272244326e-05
genetic_algorithm,sphere,102,5900,2.7781115272244326e-05
genetic_algorithm,sphere,102,6000,2.7781115272244326e-05
genetic_algorithm,sphere,102,6100,2.7781115272244326e-05
genetic_algorithm,sphere,102,6200,2.7781115272244326e-05
genetic_algorithm,sphere,102,6300,2.7781115272244326e-05
genetic_algorithm,sphere,102,6400,2.7781115272244326e-05
genetic_algorithm,sphere,102,6500,2.7781115272244326e-05
genetic_algorithm,sphere,102,6600,2.7781115272244326e-05
genetic_algorithm,sphere,102,6700,2.7781115272244326e-05
genetic_algorithm,sphere,102,6800,2.7781115272244326e-05
genetic_algorithm,sphere,102,6900,2.7781115272244326e-05
genetic_algorithm,sphere,102,7000,2.7781115272244326e-05
genetic_algorithm,sphere,102,7100,2.7781115272244326e-05
genetic_algorithm,sphere,102,7200,2.7781115272244326e-05
genetic_algorithm,sphere,102,7300,2.7781115272244326e-05
genetic_algorithm,sphere,102,7400,2.7781115272244326e-05
genetic_algorithm,sphere,102,7500,2.7781115272244326e-05
genetic_algorithm,sphere,102,7600,2.7781115272244326e-05
genetic_algorithm,sphere,102,7700,2.7781115272244326e-05
genetic_algorithm,sphere,102,7800,2.7781115272244326e-05
genetic_algorithm,sphere,102,7900,2.7781115272244326e-05
genetic_algorithm,sphere,102,8000,2.7781115272244326e-05
genetic_algorithm,sphere,102,8100,1.3285726395645578e-05
genetic_algorithm,sphere,102,8200,1.3285726395645578e-05
genetic_algorithm,sphere,102,8300,1.3285726395645578e-05
genetic_algorithm,sphere,102,8400,1.3285726395645578e-05
genetic_algorithm,sphere,102,8500,1.3285726395645578e-05
genetic_algorithm,sphere,102,8600,1.3285726395645578e-05
genetic_algorithm,sphere,102,8700,1.3285726395645578e-05
genetic_algorithm,sphere,102,8800,1.3285726395645578e-05
genetic_algorithm,sphere,102,8900,1.3285726395645578e-05
genetic_algorithm,sphere,102,9000,1.3285726395645578e-05
genetic_algorithm,sphere,102,9100,1.3285726395645578e-05
genetic_algorithm,sphere,102,9200,1.3285726395645578e-05
genetic_algorithm,sphere,102,9300,1.2180071192818756e-05
genetic_algorithm,sphere,102,9400,1.2180071192818756e-05
genetic_algorithm,sphere,102,9500,1.2180071192818756e-05
genetic_algorithm,sphere,102,9600,1.2180071192818756e-05
genetic_algorithm,sphere,102,9700,1.2180071192818756e-05
genetic_algorithm,sphere,102,9800,1.2180071192818756e-05
genetic_algorithm,sphere,102,9900,1.2180071192818756e-05
genetic_algorithm,sphere,102,10000,1.2180071192818756e-05
genetic_algorithm,sphere,102,10100,1.2180071192818756e-05
genetic_algorithm,sphere,102,10200,1.2180071192818756e-05
genetic_algorithm,sphere,102,10300,7.336915105790192e-06
genetic_algorithm,sphere,102,10400,7.336915105790192e-06
genetic_algorithm,sphere,102,10500,7.336915105790192e-06
genetic_algorithm,sphere,102,10600,7.336915105790192e-06
genetic_algorithm,sphere,102,10700,7.336915105790192e-06
genetic_algorithm,sphere,102,10800,7.336915105790192e-06
genetic_algorithm,sphere,102,10900,7.336915105790192e-06
genetic_algorithm,sphere,102,11000,7.336915105790192e-06
genetic_algorithm,sphere,102,11100,7.336915105790192e-06
genetic_algorithm,sphere,102,11200,7.1496659227928e-06
genetic_algorithm,sphere,102,11300,7.1496659227928e-06
genetic_algorithm,sphere,102,11400,7.1496659227928e-06
genetic_algorithm,sphere,102,11500,7.1496659227928e-06
genetic_algorithm,sphere,102,11600,6.783418268569275e-06
genetic_algorithm,sphere,102,11700,6.783418268569275e-06
genetic_algorithm,sphere,102,11800,6.783418268569275e-06
genetic_algorithm,sphere,102,11900,6.783418268569275e-06
genetic_algorithm,sphere,102,12000,6.783418268569275e-06
genetic_algorithm,sphere,102,12100,6.783418268569275e-06
genetic_algorithm,sphere,102,12200,6.783418268569275e-06
genetic_algorithm,sphere,102,12300,6.783418268569275e-06
genetic_algorithm,sphere,102,12400,6.783418268569275e-06
genetic_algorithm,sphere,102,12500,6.783418268569275e-06
genetic_algorithm,sphere,102,12600,6.783418268569275e-06
genetic_algorithm,sphere,102,12700,6.783418268569275e-06
genetic_algorithm,sphere,102,12800,6.783418268569275e-06
genetic_algorithm,sphere,102,12900,6.783418268569275e-06
genetic_algorithm,sphere,102,13000,6.783418268569275e-06
genetic_algorithm,sphere,102,13100,6.783418268569275e-06
genetic_algorithm,sphere,102,13200,6.783418268569275e-06
genetic_algorithm,sphere,102,13300,6.783418268569275e-06
genetic_algorithm,sphere,102,13400,6.783418268569275e-06
genetic_algorithm,sphere,102,13500,6.783418268569275e-06
genetic_algorithm,sphere,102,13600,6.783418268569275e-06
genetic_algorithm,sphere,102,13700,6.783418268569275e-06
genetic_algorithm,sphere,102,13800,6.783418268569275e-06
genetic_algorithm,sphere,102,13900,6.783418268569275e-06
genetic_algorithm,sphere,102,14000,6.783418268569275e-06
genetic_algorithm,sphere,102,14100,6.783418268569275e-06
genetic_algorithm,sphere,102,14200,6.048486694708597e-06
genetic_algorithm,sphere,102,14300,6.005770813555297e-06
genetic_algorithm,sphere,102,14400,6.005770813555297e-06
genetic_algorithm,sphere,102,14500,6.005770813555297e-06
genetic_algorithm,sphere,102,14600,6.005770813555297e-06
genetic_algorithm,sphere,102,14700,6.005770813555297e-06
genetic_algorithm,sphere,102,14800,6.005770813555297e-06
genetic_algorithm,sphere,102,14900,6.005770813555297e-06
genetic_algorithm,sphere,102,15000,6.005770813555297e-06
genetic_algorithm,sphere,102,15100,6.005770813555297e-06
genetic_algorithm,sphere,102,15200,6.005770813555297e-06
genetic_algorithm,sphere,102,15300,6.005770813555297e-06
genetic_algorithm,sphere,102,15400,6.005770813555297e-06
genetic_algorithm,sphere,102,15500,6.005770813555297e-06
genetic_algorithm,sphere,102,15600,6.005770813555297e-06
genetic_algorithm,sphere,102,15700,6.005770813555297e-06
genetic_algorithm,sphere,102,15800,6.005770813555297e-06
genetic_algorithm,sphere,102,15900,6.005770813555297e-06
genetic_algorithm,sphere,102,16000,6.005770813555297e-06
genetic_algorithm,sphere,102,16100,5.415005335698024e-06
genetic_algorithm,sphere,102,16200,5.415005335698024e-06
genetic_algorithm,sphere,102,16300,5.415005335698024e-06
genetic_algorithm,sphere,102,16400,5.415005335698024e-06
genetic_algorithm,sphere,102,16500,5.415005335698024e-06
genetic_algorithm,sphere,102,16600,5.415005335698024e-06
genetic_algorithm,sphere,102,16700,5.415005335698024e-06
genetic_algorithm,sphere,102,16800,5.415005335698024e-06
genetic_algorithm,sphere,102,16900,5.415005335698024e-06
genetic_algorithm,sphere,102,17000,5.415005335698024e-06
genetic_algorithm,sphere,102,17100,5.415005335698024e-06
genetic_algorithm,sphere,102,17200,5.415005335698024e-06
genetic_algorithm,sphere,102,17300,5.415005335698024e-06
genetic_algorithm,sphere,102,17400,5.415005335698024e-06
genetic_algorithm,sphere,102,17500,5.415005335698024e-06
genetic_algorithm,sphere,102,17600,5.415005335698024e-06
genetic_algorithm,sphere,102,17700,5.415005335698024e-06
genetic_algorithm,sphere,102,17800,5.415005335698024e-06
genetic_algorithm,sphere,102,17900,5.415005335698024e-06
genetic_algorithm,sphere,102,18000,5.415005335698024e-06
genetic_algorithm,sphere,102,18100,5.415005335698024e-06
genetic_algorithm,sphere,102,18200,5.415005335698024e-06
genetic_algorithm,sphere,102,18300,5.415005335698024e-06
genetic_algorithm,sphere,102,18400,5.415005335698024e-06
genetic_algorithm,sphere,102,18500,5.415005335698024e-06
genetic_algorithm,sphere,102,18600,5.415005335698024e-06
genetic_algorithm,sphere,102,18700,5.415005335698024e-06
genetic_algorithm,sphere,102,18800,5.415005335698024e-06
genetic_algorithm,sphere,102,18900,5.415005335698024e-06
genetic_algorithm,sphere,102,19000,5.415005335698024e-06
genetic_algorithm,sphere,102,19100,5.415005335698024e-06
genetic_algorithm,sphere,102,19200,5.415005335698024e-06
genetic_algorithm,sphere,102,19300,5.415005335698024e-06
genetic_algorithm,sphere,102,19400,5.415005335698024e-06
genetic_algorithm,sphere,102,19500,5.415005335698024e-06
genetic_algorithm,sphere,102,19600,5.415005335698024e-06
genetic_algorithm,sphere,102,19700,5.415005335698024e-06
genetic_algorithm,sphere,102,19800,5.415005335698024e-06
genetic_algorithm,sphere,102,19900,5.415005335698024e-06
genetic_algorithm,sphere,102,20000,5.415005335698024e-06
genetic_algorithm,sphere,103,100,6.4696253688861125
genetic_algorithm,sphere,103,200,4.617218253188328
genetic_algorithm,sphere,103,300,2.851936625755259
genetic_algorithm,sphere,103,400,1.8833682727550842
genetic_algorithm,sphere,103,500,1.1399388337798297
genetic_algorithm,sphere,103,600,0.7015241357856391
genetic_algorithm,sphere,103,700,0.43932786577477206
genetic_algorithm,sphere,103,800,0.18886007124599494
genetic_algorithm,sphere,103,900,0.05101087169979903
genetic_algorithm,sphere,103,1000,0.03302547679985444
genetic_algorithm,sphere,103,1100,0.02229679480338788
genetic_algorithm,sphere,103,1200,0.017619556625643937
genetic_algorithm,sphere,103,1300,0.009112763861585278
genetic_algorithm,sphere,103,1400,0.003984993576536109
genetic_algorithm,sphere,103,1500,0.003548196543950895
genetic_algorithm,sphere,103,1600,0.003424523466888732
genetic_algorithm,sphere,103,1700,0.0025954497749949186
genetic_algorithm,sphere,103,1800,0.001813822096827573
genetic_algorithm,sphere,103,1900,0.001813822096827573
genetic_algorithm,sphere,103,2000,0.001813822096827573
genetic_algorithm,sphere,103,2100,0.0009140617136508447
genetic_algorithm,sphere,103,2200,0.0009140617136508447
genetic_algorithm,sphere,103,2300,0.0006492347927260726
genetic_algorithm,sphere,103,2400,0.0005100649954927942
genetic_algorithm,sphere,103,2500,0.0005100649954927942
genetic_algorithm,sphere,103,2600,0.0005100649954927942
genetic_algorithm,sphere,103,2700,0.0005100649954927942
genetic_algorithm,sphere,103,2800,0.0005100649954927942
genetic_algorithm,sphere,103,2900,0.0003959981172577989
genetic_algorithm,sphere,103,3000,0.0003407765438606631
genetic_algorithm,sphere,103,3100,0.0003068966456326413
genetic_algorithm,sphere,103,3200,0.0003068966456326413
genetic_algorithm,sphere,103,3300,0.0003068966456326413
genetic_algorithm,sphere,103,3400,0.0002131726875763151
genetic_algorithm,sphere,103,3500,0.0002131726875763151
genetic_algorithm,sphere,103,3600,0.0002131726875763151
genetic_algorithm,sphere,103,3700,0.0002131726875763151
genetic_algorithm,sphere,103,3800,0.0002131726875763151
genetic_algorithm,sphere,103,3900,0.00020960410349042945
genetic_algorithm,sphere,103,4000,0.00020960410349042945
genetic_algorithm,sphere,103,4100,0.00020513252481654703
genetic_algorithm,sphere,103,4200,0.00020513252481654703
genetic_algorithm,sphere,103,4300,0.00017636052886388498
genetic_algorithm,sphere,103,4400,0.0001723856386768101
genetic_algorithm,sphere,103,4500,0.00012584667988159928
genetic_algorithm,sphere,103,4600,0.00012584667988159928
genetic_algorithm,sphere,103,4700,9.787136042283163e-05
genetic_algorithm,sphere,103,4800,9.787136042283163e-05
genetic_algorithm,sphere,103,4900,9.787136042283163e-05
genetic_algorithm,sphere,103,5000,8.485752707533529e-05
genetic_algorithm,sphere,103,5100,8.485752707533529e-05
genetic_algorithm,sphere,103,5200,7.877117278584238e-05
genetic_algorithm,sphere,103,5300,7.877117278584238e-05
genetic_algorithm,sphere,103,5400,7.877117278584238e-05
genetic_algorithm,sphere,103,5500,7.877117278584238e-05
genetic_algorithm,sphere,103,5600,7.877117278584238e-05
genetic_algorithm,sphere,103,5700,7.877117278584238e-05
genetic_algorithm,sphere,103,5800,6.472806245301578e-05
genetic_algorithm,sphere,103,5900,6.472806245301578e-05
genetic_algorithm,sphere,103,6000,6.472806245301578e-05
genetic_algorithm,sphere,103,6100,6.472806245301578e-05
genetic_algorithm,sphere,103,6200,6.472806245301578e-05
genetic_algorithm,sphere,103,6300,6.472806245301578e-05
genetic_algorithm,sphere,103,6400,6.472806245301578e-05
genetic_algorithm,sphere,103,6500,6.472806245301578e-05
genetic_algorithm,sphere,103,6600,6.472806245301578e-05
genetic_algorithm,sphere,103,6700,6.472806245301578e-05
genetic_algorithm,sphere,103,6800,6.472806245301578e-05
genetic_algorithm,sphere,103,6900,6.472806245301578e-05
genetic_algorithm,sphere,103,7000,6.472806245301578e-05
genetic_algorithm,sphere,103,7100,6.472806245301578e-05
genetic_algorithm,sphere,103,7200,6.472806245301578e-05
genetic_algorithm,sphere,103,7300,5.7064384961988e-05
genetic_algorithm,sphere,103,7400,5.7064384961988e-05
genetic_algorithm,sphere,103,7500,5.248883441730538e-05
genetic_algorithm,sphere,103,7600,3.91273748033328e-05
genetic_algorithm,sphere,103,7700,3.91273748033328e-05
genetic_algorithm,sphere,103,7800,3.91273748033328e-05
genetic_algorithm,sphere,103,7900,3.91273748033328e-05
genetic_algorithm,sphere,103,8000,3.60458275406467e-05
genetic_algorithm,sphere,103,8100,3.60458275406467e-05
genetic_algorithm,sphere,103,8200,3.60458275406467e-05
genetic_algorithm,sphere,103,8300,3.227915491472e-05
genetic_algorithm,sphere,103,8400,2.909058345092666e-05
genetic_algorithm,sphere,103,8500,2.6885250903829625e-05
genetic_algorithm,sphere,103,8600,2.6885250903829625e-05
genetic_algorithm,sphere,103,8700,2.6885250903829625e-05
genetic_algorithm,sphere,103,8800,2.6885250903829625e-05
genetic_algorithm,sphere,103,8900,2.6885250903829625e-05
genetic_algorithm,sphere,103,9000,2.6885250903829625e-05
genetic_algorithm,sphere,103,9100,2.6885250903829625e-05
genetic_algorithm,sphere,103,9200,2.6885250903829625e-05
genetic_algorithm,sphere,103,9300,2.6885250903829625e-05
genetic_algorithm,sphere,103,9400,2.6885250903829625e-05
genetic_algorithm,sphere,103,9500,2.6885250903829625e-05
genetic_algorithm,sphere,103,9600,2.6885250903829625e-05
genetic_algorithm,sphere,103,9700,2.6885250903829625e-05
genetic_algorithm,sphere,103,9800,2.6885250903829625e-05
genetic_algorithm,sphere,103,9900,2.6885250903829625e-05
genetic_algorithm,sphere,103,10000,2.6885250903829625e-05
genetic_algorithm,sphere,103,10100,2.6885250903829625e-05
genetic_algorithm,sphere,103,10200,2.6885250903829625e-05
genetic_algorithm,sphere,103,10300,2.6885250903829625e-05
genetic_algorithm,sphere,103,10400,2.6885250903829625e-05
genetic_algorithm,sphere,103,10500,2.3862894397524073e-05
genetic_algorithm,sphere,103,10600,2.3862894397524073e-05
genetic_algorithm,sphere,103,10700,2.3862894397524073e-05
genetic_algorithm,sphere,103,10800,2.338828855611986e-05
genetic_algorithm,sphere,103,10900,2.338828855611986e-05
genetic_algorithm,sphere,103,11000,2.338828855611986e-05
genetic_algorithm,sphere,103,11100,1.871484014663536e-05
genetic_algorithm,sphere,103,11200,1.871484014663536e-05
genetic_algorithm,sphere,103,11300,1.4770081273807463e-05
genetic_algorithm,sphere,103,11400,1.4770081273807463e-05
genetic_algorithm,sphere,103,11500,1.0508004538205683e-05
genetic_algorithm,sphere,103,11600,1.0508004538205683e-05
genetic_algorithm,sphere,103,11700,1.0508004538205683e-05
genetic_algorithm,sphere,103,11800,1.0508004538205683e-05
genetic_algorithm,sphere,103,11900,1.0508004538205683e-05
genetic_algorithm,sphere,103,12000,9.268697588020484e-06
genetic_algorithm,sphere,103,12100,9.268697588020484e-06
genetic_algorithm,sphere,103,12200,9.268697588020484e-06
genetic_algorithm,sphere,103,12300,9.268697588020484e-06
genetic_algorithm,sphere,103,12400,9.268697588020484e-06
genetic_algorithm,sphere,103,12500,9.268697588020484e-06
genetic_algorithm,sphere,103,12600,9.268697588020484e-06
genetic_algorithm,sphere,103,12700,9.268697588020484e-06
genetic_algorithm,sphere,103,12800,9.268697588020484e-06
genetic_algorithm,sphere,103,12900,9.268697588020484e-06
genetic_algorithm,sphere,103,13000,9.268697588020484e-06
genetic_algorithm,sphere,103,13100,9.268697588020484e-06
genetic_algorithm,sphere,103,13200,9.268697588020484e-06
genetic_algorithm,sphere,103,13300,9.268697588020484e-06
genetic_algorithm,sphere,103,13400,9.268697588020484e-06
genetic_algorithm,sphere,103,13500,9.268697588020484e-06
genetic_algorithm,sphere,103,13600,9.268697588020484e-06
genetic_algorithm,sphere,103,13700,9.268697588020484e-06
genetic_algorithm,sphere,103,13800,9.268697588020484e-06
genetic_algorithm,sphere,103,13900,9.268697588020484e-06
genetic_algorithm,sphere,103,14000,9.268697588020484e-06
genetic_algorithm,sphere,103,14100,9.268697588020484e-06
genetic_algorithm,sphere,103,14200,9.268697588020484e-06
genetic_algorithm,sphere,103,14300,9.268697588020484e-06
genetic_algorithm,sphere,103,14400,9.268697588020484e-06
genetic_algorithm,sphere,103,14500,9.268697588020484e-06
genetic_algorithm,sphere,103,14600,9.268697588020484e-06
genetic_algorithm,sphere,103,14700,9.268697588020484e-06
genetic_algorithm,sphere,103,14800,9.268697588020484e-06
genetic_algorithm,sphere,103,14900,9.268697588020484e-06
genetic_algorithm,sphere,103,15000,9.268697588020484e-06
genetic_algorithm,sphere,103,15100,9.268697588020484e-06
genetic_algorithm,sphere,103,15200,9.268697588020484e-06
genetic_algorithm,sphere,103,15300,9.268697588020484e-06
genetic_algorithm,sphere,103,15400,9.268697588020484e-06
genetic_algorithm,sphere,103,15500,9.268697588020484e-06
genetic_algorithm,sphere,103,15600,9.268697588020484e-06
genetic_algorithm,sphere,103,15700,9.268697588020484e-06
genetic_algorithm,sphere,103,15800,9.268697588020484e-06
genetic_algorithm,sphere,103,15900,9.268697588020484e-06
genetic_algorithm,sphere,103,16000,9.268697588020484e-06
genetic_algorithm,sphere,103,16100,9.268697588020484e-06
genetic_algorithm,sphere,103,16200,9.268697588020484e-06
genetic_algorithm,sphere,103,16300,9.268697588020484e-06
genetic_algorithm,sphere,103,16400,9.268697588020484e-06
genetic_algorithm,sphere,103,16500,9.268697588020484e-06
genetic_algorithm,sphere,103,16600,9.268697588020484e-06
genetic_algorithm,sphere,103,16700,9.268697588020484e-06
genetic_algorithm,sphere,103,16800,9.268697588020484e-06
genetic_algorithm,sphere,103,16900,9.268697588020484e-06
genetic_algorithm,sphere,103,17000,9.268697588020484e-06
genetic_algorithm,sphere,103,17100,9.054899615474383e-06
genetic_algorithm,sphere,103,17200,9.054899615474383e-06
genetic_algorithm,sphere,103,17300,9.054899615474383e-06
genetic_algorithm,sphere,103,17400,9.054899615474383e-06
genetic_algorithm,sphere,103,17500,9.054899615474383e-06
genetic_algorithm,sphere,103,17600,9.054899615474383e-06
genetic_algorithm,sphere,103,17700,9.054899615474383e-06
genetic_algorithm,sphere,103,17800,9.054899615474383e-06
genetic_algorithm,sphere,103,17900,9.054899615474383e-06
genetic_algorithm,sphere,103,18000,9.054899615474383e-06
genetic_algorithm,sphere,103,18100,7.725520405262074e-06
genetic_algorithm,sphere,103,18200,7.725520405262074e-06
genetic_algorithm,sphere,103,18300,7.725520405262074e-06
genetic_algorithm,sphere,103,18400,7.725520405262074e-06
genetic_algorithm,sphere,103,18500,7.725520405262074e-06
genetic_algorithm,sphere,103,18600,7.725520405262074e-06
genetic_algorithm,sphere,103,18700,7.725520405262074e-06
genetic_algorithm,sphere,103,18800,7.725520405262074e-06
genetic_algorithm,sphere,103,18900,7.725520405262074e-06
genetic_algorithm,sphere,103,19000,7.725520405262074e-06
genetic_algorithm,sphere,103,19100,7.725520405262074e-06
genetic_algorithm,sphere,103,19200,7.725520405262074e-06
genetic_algorithm,sphere,103,19300,7.725520405262074e-06
genetic_algorithm,sphere,103,19400,7.725520405262074e-06
genetic_algorithm,sphere,103,19500,7.725520405262074e-06
genetic_algorithm,sphere,103,19600,7.725520405262074e-06
genetic_algorithm,sphere,103,19700,7.725520405262074e-06
genetic_algorithm,sphere,103,19800,6.374013612834048e-06
genetic_algorithm,sphere,103,19900,6.374013612834048e-06
genetic_algorithm,sphere,103,20000,6.374013612834048e-06
genetic_algorithm,sphere,104,100,20.81043937431808
genetic_algorithm,sphere,104,200,4.594258616933546
genetic_algorithm,sphere,104,300,2.7785019862017326
genetic_algorithm,sphere,104,400,1.455431418935097
genetic_algorithm,sphere,104,500,0.19605474266459746
genetic_algorithm,sphere,104,600,0.12196670866546802
genetic_algorithm,sphere,104,700,0.08285618622687065
genetic_algorithm,sphere,104,800,0.04463495592394316
genetic_algorithm,sphere,104,900,0.02348997189196719
genetic_algorithm,sphere,104,1000,0.019512680031277575
genetic_algorithm,sphere,104,1100,0.010189379456063432
genetic_algorithm,sphere,104,1200,0.006951024616225317
genetic_algorithm,sphere,104,1300,0.006689513827219407
genetic_algorithm,sphere,104,1400,0.006044299620318252
genetic_algorithm,sphere,104,1500,0.005077966706567549
genetic_algorithm,sphere,104,1600,0.004724111728340421
genetic_algorithm,sphere,104,1700,0.004361353956293971
genetic_algorithm,sphere,104,1800,0.004361353956293971
genetic_algorithm,sphere,104,1900,0.002341285100323764
genetic_algorithm,sphere,104,2000,0.0019825349592617753
genetic_algorithm,sphere,104,2100,0.0009746939164156761
genetic_algorithm,sphere,104,2200,0.0009746939164156761
genetic_algorithm,sphere,104,2300,0.0009746939164156761
genetic_algorithm,sphere,104,2400,0.0005969733707226357
genetic_algorithm,sphere,104,2500,0.0004953658203694486
genetic_algorithm,sphere,104,2600,0.00026274272783239104
genetic_algorithm,sphere,104,2700,0.00022412936686386006
genetic_algorithm,sphere,104,2800,0.00022412936686386006
genetic_algorithm,sphere,104,2900,0.00017163296375706492
genetic_algorithm,sphere,104,3000,0.0001392476452232749
genetic_algorithm,sphere,104,3100,0.0001392476452232749
genetic_algorithm,sphere,104,3200,0.0001392476452232749
genetic_algorithm,sphere,104,3300,0.0001392476452232749
genetic_algorithm,sphere,104,3400,0.0001392476452232749
genetic_algorithm,sphere,104,3500,0.0001392476452232749
genetic_algorithm,sphere,104,3600,0.0001392476452232749
genetic_algorithm,sphere,104,3700,0.0001392476452232749
genetic_algorithm,sphere,104,3800,0.00010876555546739329
genetic_algorithm,sphere,104,3900,0.00010876555546739329
genetic_algorithm,sphere,104,4000,8.560865520713868e-05
genetic_algorithm,sphere,104,4100,8.560865520713868e-05
genetic_algorithm,sphere,104,4200,5.114616391508303e-05
genetic_algorithm,sphere,104,4300,5.114616391508303e-05
genetic_algorithm,sphere,104,4400,3.7965670694980294e-05
genetic_algorithm,sphere,104,4500,3.7965670694980294e-05
genetic_algorithm,sphere,104,4600,3.381260433997427e-05
genetic_algorithm,sphere,104,4700,3.381260433997427e-05
genetic_algorithm,sphere,104,4800,3.381260433997427e-05
genetic_algorithm,sphere,104,4900,3.381260433997427e-05
genetic_algorithm,sphere,104,5000,3.381260433997427e-05
genetic_algorithm,sphere,104,5100,3.381260433997427e-05
genetic_algorithm,sphere,104,5200,3.381260433997427e-05
genetic_algorithm,sphere,104,5300,3.381260433997427e-05
genetic_algorithm,sphere,104,5400,3.381260433997427e-05
genetic_algorithm,sphere,104,5500,3.381260433997427e-05
genetic_algorithm,sphere,104,5600,3.381260433997427e-05
genetic_algorithm,sphere,104,5700,3.381260433997427e-05
genetic_algorithm,sphere,104,5800,3.381260433997427e-05
genetic_algorithm,sphere,104,5900,1.2566438077678728e-05
genetic_algorithm,sphere,104,6000,1.0052861201850272e-05
genetic_algorithm,sphere,104,6100,1.0052861201850272e-05
genetic_algorithm,sphere,104,6200,1.0052861201850272e-05
genetic_algorithm,sphere,104,6300,1.0052861201850272e-05
genetic_algorithm,sphere,104,6400,1.0052861201850272e-05
genetic_algorithm,sphere,104,6500,1.0052861201850272e-05
genetic_algorithm,sphere,104,6600,1.0052861201850272e-05
genetic_algorithm,sphere,104,6700,9.299871101461441e-06
genetic_algorithm,sphere,104,6800,9.299871101461441e-06
genetic_algorithm,sphere,104,6900,9.299871101461441e-06
genetic_algorithm,sphere,104,7000,9.299871101461441e-06
genetic_algorithm,sphere,104,7100,9.299871101461441e-06
genetic_algorithm,sphere,104,7200,9.299871101461441e-06
genetic_algorithm,sphere,104,7300,9.299871101461441e-06
genetic_algorithm,sphere,104,7400,9.299871101461441e-06
genetic_algorithm,sphere,104,7500,9.299871101461441e-06
genetic_algorithm,sphere,104,7600,9.299871101461441e-06
genetic_algorithm,sphere,104,7700,9.299871101461441e-06
genetic_algorithm,sphere,104,7800,9.299871101461441e-06
genetic_algorithm,sphere,104,7900,9.299871101461441e-06
genetic_algorithm,sphere,104,8000,9.299871101461441e-06
genetic_algorithm,sphere,104,8100,9.299871101461441e-06
genetic_algorithm,sphere,104,8200,9.299871101461441e-06
genetic_algorithm,sphere,104,8300,9.299871101461441e-06
genetic_algorithm,sphere,104,8400,9.299871101461441e-06
genetic_algorithm,sphere,104,8500,9.299871101461441e-06
genetic_algorithm,sphere,104,8600,9.299871101461441e-06
genetic_algorithm,sphere,104,8700,9.299871101461441e-06
genetic_algorithm,sphere,104,8800,8.352974246957413e-06
genetic_algorithm,sphere,104,8900,8.352974246957413e-06
genetic_algorithm,sphere,104,9000,8.352974246957413e-06
genetic_algorithm,sphere,104,9100,8.352974246957413e-06
genetic_algorithm,sphere,104,9200,8.352974246957413e-06
genetic_algorithm,sphere,104,9300,8.352974246957413e-06
genetic_algorithm,sphere,104,9400,8.352974246957413e-06
genetic_algorithm,sphere,104,9500,8.352974246957413e-06
genetic_algorithm,sphere,104,9600,8.352974246957413e-06
genetic_algorithm,sphere,104,9700,8.352974246957413e-06
genetic_algorithm,sphere,104,9800,7.464195797498954e-06
genetic_algorithm,sphere,104,9900,7.464195797498954e-06
genetic_algorithm,sphere,104,10000,5.952917505212511e-06
genetic_algorithm,sphere,104,10100,5.952917505212511e-06
genetic_algorithm,sphere,104,10200,5.952917505212511e-06
genetic_algorithm,sphere,104,10300,5.952917505212511e-06
genetic_algorithm,sphere,104,10400,5.952917505212511e-06
genetic_algorithm,sphere,104,10500,5.952917505212511e-06
genetic_algorithm,sphere,104,10600,5.952917505212511e-06
genetic_algorithm,sphere,104,10700,5.952917505212511e-06
genetic_algorithm,sphere,104,10800,5.952917505212511e-06
genetic_algorithm,sphere,104,10900,5.952917505212511e-06
genetic_algorithm,sphere,104,11000,5.952917505212511e-06
genetic_algorithm,sphere,104,11100,5.952917505212511e-06
genetic_algorithm,sphere,104,11200,5.952917505212511e-06
genetic_algorithm,sphere,104,11300,5.952917505212511e-06
genetic_algorithm,sphere,104,11400,5.952917505212511e-06
genetic_algorithm,sphere,104,11500,5.952917505212511e-06
genetic_algorithm,sphere,104,11600,5.952917505212511e-06
genetic_algorithm,sphere,104,11700,5.952917505212511e-06
genetic_algorithm,sphere,104,11800,5.952917505212511e-06
genetic_algorithm,sphere,104,11900,5.952917505212511e-06
genetic_algorithm,sphere,104,12000,5.952917505212511e-06
genetic_algorithm,sphere,104,12100,5.952917505212511e-06
genetic_algorithm,sphere,104,12200,5.952917505212511e-06
genetic_algorithm,sphere,104,12300,5.952917505212511e-06
genetic_algorithm,sphere,104,12400,5.952917505212511e-06
genetic_algorithm,sphere,104,12500,5.952917505212511e-06
genetic_algorithm,sphere,104,12600,5.952917505212511e-06
genetic_algorithm,sphere,104,12700,5.952917505212511e-06
genetic_algorithm,sphere,104,12800,5.952917505212511e-06
genetic_algorithm,sphere,104,12900,5.952917505212511e-06
genetic_algorithm,sphere,104,13000,5.952917505212511e-06
genetic_algorithm,sphere,104,13100,5.952917505212511e-06
genetic_algorithm,sphere,104,13200,5.952917505212511e-06
genetic_algorithm,sphere,104,13300,5.952917505212511e-06
genetic_algorithm,sphere,104,13400,5.952917505212511e-06
genetic_algorithm,sphere,104,13500,5.952917505212511e-06
genetic_algorithm,sphere,104,13600,5.952917505212511e-06
genetic_algorithm,sphere,104,13700,5.952917505212511e-06
genetic_algorithm,sphere,104,13800,5.952917505212511e-06
genetic_algorithm,sphere,104,13900,5.952917505212511e-06
genetic_algorithm,sphere,104,14000,5.952917505212511e-06
genetic_algorithm,sphere,104,14100,5.952917505212511e-06
genetic_algorithm,sphere,104,14200,5.952917505212511e-06
genetic_algorithm,sphere,104,14300,5.952917505212511e-06
genetic_algorithm,sphere,104,14400,5.952917505212511e-06
genetic_algorithm,sphere,104,14500,5.952917505212511e-06
genetic_algorithm,sphere,104,14600,5.952917505212511e-06
genetic_algorithm,sphere,104,14700,5.952917505212511e-06
genetic_algorithm,sphere,104,14800,5.952917505212511e-06
genetic_algorithm,sphere,104,14900,5.952917505212511e-06
genetic_algorithm,sphere,104,15000,5.952917505212511e-06
genetic_algorithm,sphere,104,15100,5.952917505212511e-06
genetic_algorithm,sphere,104,15200,5.952917505212511e-06
genetic_algorithm,sphere,104,15300,5.952917505212511e-06
genetic_algorithm,sphere,104,15400,5.952917505212511e-06
genetic_algorithm,sphere,104,15500,5.952917505212511e-06
genetic_algorithm,sphere,104,15600,5.952917505212511e-06
genetic_algorithm,sphere,104,15700,5.952917505212511e-06
genetic_algorithm,sphere,104,15800,5.952917505212511e-06
genetic_algorithm,sphere,104,15900,5.952917505212511e-06
genetic_algorithm,sphere,104,16000,5.952917505212511e-06
genetic_algorithm,sphere,104,16100,5.952917505212511e-06
genetic_algorithm,sphere,104,16200,5.952917505212511e-06
genetic_algorithm,sphere,104,16300,5.453910596346334e-06
genetic_algorithm,sphere,104,16400,5.453910596346334e-06
genetic_algorithm,sphere,104,16500,5.453910596346334e-06
genetic_algorithm,sphere,104,16600,5.453910596346334e-06
genetic_algorithm,sphere,104,16700,5.453910596346334e-06
genetic_algorithm,sphere,104,16800,5.453910596346334e-06
genetic_algorithm,sphere,104,16900,5.453910596346334e-06
genetic_algorithm,sphere,104,17000,5.453910596346334e-06
genetic_algorithm,sphere,104,17100,5.453910596346334e-06
genetic_algorithm,sphere,104,17200,5.453910596346334e-06
genetic_algorithm,sphere,104,17300,5.453910596346334e-06
genetic_algorithm,sphere,104,17400,5.453910596346334e-06
genetic_algorithm,sphere,104,17500,5.061230596325713e-06
genetic_algorithm,sphere,104,17600,5.061230596325713e-06
genetic_algorithm,sphere,104,17700,5.061230596325713e-06
genetic_algorithm,sphere,104,17800,5.061230596325713e-06
genetic_algorithm,sphere,104,17900,5.061230596325713e-06
genetic_algorithm,sphere,104,18000,5.061230596325713e-06
genetic_algorithm,sphere,104,18100,5.061230596325713e-06
genetic_algorithm,sphere,104,18200,5.061230596325713e-06
genetic_algorithm,sphere,104,18300,5.061230596325713e-06
genetic_algorithm,sphere,104,18400,5.061230596325713e-06
genetic_algorithm,sphere,104,18500,5.061230596325713e-06
genetic_algorithm,sphere,104,18600,5.061230596325713e-06
genetic_algorithm,sphere,104,18700,5.061230596325713e-06
genetic_algorithm,sphere,104,18800,5.061230596325713e-06
genetic_algorithm,sphere,104,18900,5.061230596325713e-06
genetic_algorithm,sphere,104,19000,5.061230596325713e-06
genetic_algorithm,sphere,104,19100,5.061230596325713e-06
genetic_algorithm,sphere,104,19200,5.061230596325713e-06
genetic_algorithm,sphere,104,19300,5.061230596325713e-06
genetic_algorithm,sphere,104,19400,5.061230596325713e-06
genetic_algorithm,sphere,104,19500,5.061230596325713e-06
genetic_algorithm,sphere,104,19600,5.061230596325713e-06
genetic_algorithm,sphere,104,19700,5.061230596325713e-06
genetic_algorithm,sphere,104,19800,5.061230596325713e-06
genetic_algorithm,sphere,104,19900,5.061230596325713e-06
genetic_algorithm,sphere,104,20000,5.061230596325713e-06
genetic_algorithm,sphere,105,100,29.930733473448583
genetic_algorithm,sphere,105,200,6.784377245643685
genetic_algorithm,sphere,105,300,3.9558590486336107
genetic_algorithm,sphere,105,400,2.167010438327431
genetic_algorithm,sphere,105,500,1.2532062111021325
genetic_algorithm,sphere,105,600,0.7360410671274726
genetic_algorithm,sphere,105,700,0.40363433622158923
genetic_algorithm,sphere,105,800,0.1971375303180385
genetic_algorithm,sphere,105,900,0.07618802872333258
genetic_algorithm,sphere,105,1000,0.07322246298983165
genetic_algorithm,sphere,105,1100,0.03552423256305647
genetic_algorithm,sphere,105,1200,0.03343890573440502
genetic_algorithm,sphere,105,1300,0.014837186690847111
genetic_algorithm,sphere,105,1400,0.014817797758274982
genetic_algorithm,sphere,105,1500,0.00847199944993308
genetic_algorithm,sphere,105,1600,0.003318692938336295
genetic_algorithm,sphere,105,1700,0.003318692938336295
genetic_algorithm,sphere,105,1800,0.0014854896914864033
genetic_algorithm,sphere,105,1900,0.0014854896914864033
genetic_algorithm,sphere,105,2000,0.0012085184341976021
genetic_algorithm,sphere,105,2100,0.0012085184341976021
genetic_algorithm,sphere,105,2200,0.0012023662304654597
genetic_algorithm,sphere,105,2300,0.0012023662304654597
genetic_algorithm,sphere,105,2400,0.0012023662304654597
genetic_algorithm,sphere,105,2500,0.0012023662304654597
genetic_algorithm,sphere,105,2600,0.0012023662304654597
genetic_algorithm,sphere,105,2700,0.0012023662304654597
genetic_algorithm,sphere,105,2800,0.0012023662304654597
genetic_algorithm,sphere,105,2900,0.001036337635755414
genetic_algorithm,sphere,105,3000,0.001036337635755414
genetic_algorithm,sphere,105,3100,0.001036337635755414
genetic_algorithm,sphere,105,3200,0.001036337635755414
genetic_algorithm,sphere,105,3300,0.0007046981020408924
genetic_algorithm,sphere,105,3400,0.0005705036716943689
genetic_algorithm,sphere,105,3500,0.0003681030567198338
genetic_algorithm,sphere,105,3600,0.0003681030567198338
genetic_algorithm,sphere,105,3700,0.0003681030567198338
genetic_algorithm,sphere,105,3800,0.0003681030567198338
genetic_algorithm,sphere,105,3900,0.0003681030567198338
genetic_algorithm,sphere,105,4000,0.0003681030567198338
genetic_algorithm,sphere,105,4100,0.00036455991463813067
genetic_algorithm,sphere,105,4200,0.00036455991463813067
genetic_algorithm,sphere,105,4300,0.00036455991463813067
genetic_algorithm,sphere,105,4400,0.00036455991463813067
genetic_algorithm,sphere,105,4500,0.00036455991463813067
genetic_algorithm,sphere,105,4600,0.0002562364539234789
genetic_algorithm,sphere,105,4700,0.0002562364539234789
genetic_algorithm,sphere,105,4800,0.00019023535479685224
genetic_algorithm,sphere,105,4900,0.00019023535479685224
genetic_algorithm,sphere,105,5000,0.00018510344991429608
genetic_algorithm,sphere,105,5100,0.00018510344991429608
genetic_algorithm,sphere,105,5200,0.00012963701491171392
genetic_algorithm,sphere,105,5300,0.00012963701491171392
genetic_algorithm,sphere,105,5400,0.00010727974779783573
genetic_algorithm,sphere,105,5500,0.00010727974779783573
genetic_algorithm,sphere,105,5600,0.00010727974779783573
genetic_algorithm,sphere,105,5700,0.00010727974779783573
genetic_algorithm,sphere,105,5800,0.00010038204594209877
genetic_algorithm,sphere,105,5900,8.256438709559713e-05
genetic_algorithm,sphere,105,6000,8.256438709559713e-05
genetic_algorithm,sphere,105,6100,8.256438709559713e-05
genetic_algorithm,sphere,105,6200,8.256438709559713e-05
genetic_algorithm,sphere,105,6300,8.256438709559713e-05
genetic_algorithm,sphere,105,6400,8.256438709559713e-05
genetic_algorithm,sphere,105,6500,8.256438709559713e-05
genetic_algorithm,sphere,105,6600,8.256438709559713e-05
genetic_algorithm,sphere,105,6700,8.256438709559713e-05
genetic_algorithm,sphere,105,6800,8.256438709559713e-05
genetic_algorithm,sphere,105,6900,8.256438709559713e-05
genetic_algorithm,sphere,105,7000,8.256438709559713e-05
genetic_algorithm,sphere,105,7100,8.256438709559713e-05
genetic_algorithm,sphere,105,7200,8.256438709559713e-05
genetic_algorithm,sphere,105,7300,7.013814134303642e-05
genetic_algorithm,sphere,105,7400,4.518406351294135e-05
genetic_algorithm,sphere,105,7500,4.228231909555551e-05
genetic_algorithm,sphere,105,7600,4.228231909555551e-05
genetic_algorithm,sphere,105,7700,4.228231909555551e-05
genetic_algorithm,sphere,105,7800,4.228231909555551e-05
genetic_algorithm,sphere,105,7900,4.228231909555551e-05
genetic_algorithm,sphere,105,8000,4.228231909555551e-05
genetic_algorithm,sphere,105,8100,4.228231909555551e-05
genetic_algorithm,sphere,105,8200,4.228231909555551e-05
genetic_algorithm,sphere,105,8300,4.228231909555551e-05
genetic_algorithm,sphere,105,8400,4.228231909555551e-05
genetic_algorithm,sphere,105,8500,3.237430236069442e-05
genetic_algorithm,sphere,105,8600,3.237430236069442e-05
genetic_algorithm,sphere,105,8700,3.237430236069442e-05
genetic_algorithm,sphere,105,8800,3.237430236069442e-05
genetic_algorithm,sphere,105,8900,3.237430236069442e-05
genetic_algorithm,sphere,105,9000,3.237430236069442e-05
genetic_algorithm,sphere,105,9100,3.237430236069442e-05
genetic_algorithm,sphere,105,9200,3.237430236069442e-05
genetic_algorithm,sphere,105,9300,3.237430236069442e-05
genetic_algorithm,sphere,105,9400,3.237430236069442e-05
genetic_algorithm,sphere,105,9500,3.237430236069442e-05
genetic_algorithm,sphere,105,9600,3.237430236069442e-05
genetic_algorithm,sphere,105,9700,3.237430236069442e-05
genetic_algorithm,sphere,105,9800,3.237430236069442e-05
genetic_algorithm,sphere,105,9900,3.237430236069442e-05
genetic_algorithm,sphere,105,10000,1.7686478039892718e-05
genetic_algorithm,sphere,105,10100,1.7686478039892718e-05
genetic_algorithm,sphere,105,10200,1.7686478039892718e-05
genetic_algorithm,sphere,105,10300,1.7686478039892718e-05
genetic_algorithm,sphere,105,10400,1.7686478039892718e-05
genetic_algorithm,sphere,105,10500,1.7686478039892718e-05
genetic_algorithm,sphere,105,10600,1.7686478039892718e-05
genetic_algorithm,sphere,105,10700,1.7686478039892718e-05
genetic_algorithm,sphere,105,10800,1.7686478039892718e-05
genetic_algorithm,sphere,105,10900,1.7686478039892718e-05
genetic_algorithm,sphere,105,11000,1.7686478039892718e-05
genetic_algorithm,sphere,105,11100,1.7686478039892718e-05
genetic_algorithm,sphere,105,11200,1.7686478039892718e-05
genetic_algorithm,sphere,105,11300,1.7686478039892718e-05
genetic_algorithm,sphere,105,11400,1.7686478039892718e-05
genetic_algorithm,sphere,105,11500,1.7686478039892718e-05
genetic_algorithm,sphere,105,11600,1.7686478039892718e-05
genetic_algorithm,sphere,105,11700,1.7686478039892718e-05
genetic_algorithm,sphere,105,11800,1.2370629104468365e-05
genetic_algorithm,sphere,105,11900,1.2370629104468365e-05
genetic_algorithm,sphere,105,12000,1.2370629104468365e-05
genetic_algorithm,sphere,105,12100,1.0480919394378598e-05
genetic_algorithm,sphere,105,12200,1.0405300800897336e-05
genetic_algorithm,sphere,105,12300,1.0405300800897336e-05
genetic_algorithm,sphere,105,12400,1.0405300800897336e-05
genetic_algorithm,sphere,105,12500,1.0405300800897336e-05
genetic_algorithm,sphere,105,12600,1.0405300800897336e-05
genetic_algorithm,sphere,105,12700,1.0405300800897336e-05
genetic_algorithm,sphere,105,12800,1.0405300800897336e-05
genetic_algorithm,sphere,105,12900,1.0405300800897336e-05
genetic_algorithm,sphere,105,13000,1.0405300800897336e-05
genetic_algorithm,sphere,105,13100,1.0405300800897336e-05
genetic_algorithm,sphere,105,13200,1.0405300800897336e-05
genetic_algorithm,sphere,105,13300,1.0405300800897336e-05
genetic_algorithm,sphere,105,13400,1.0405300800897336e-05
genetic_algorithm,sphere,105,13500,5.740000191927754e-06
genetic_algorithm,sphere,105,13600,5.740000191927754e-06
genetic_algorithm,sphere,105,13700,5.740000191927754e-06
genetic_algorithm,sphere,105,13800,5.740000191927754e-06
genetic_algorithm,sphere,105,13900,5.740000191927754e-06
genetic_algorithm,sphere,105,14000,5.740000191927754e-06
genetic_algorithm,sphere,105,14100,5.740000191927754e-06
genetic_algorithm,sphere,105,14200,5.740000191927754e-06
genetic_algorithm,sphere,105,14300,5.740000191927754e-06
genetic_algorithm,sphere,105,14400,5.740000191927754e-06
genetic_algorithm,sphere,105,14500,5.740000191927754e-06
genetic_algorithm,sphere,105,14600,5.740000191927754e-06
genetic_algorithm,sphere,105,14700,5.740000191927754e-06
genetic_algorithm,sphere,105,14800,5.740000191927754e-06
genetic_algorithm,sphere,105,14900,5.616068117403077e-06
genetic_algorithm,sphere,105,15000,5.616068117403077e-06
genetic_algorithm,sphere,105,15100,5.616068117403077e-06
genetic_algorithm,sphere,105,15200,5.616068117403077e-06
genetic_algorithm,sphere,105,15300,5.616068117403077e-06
genetic_algorithm,sphere,105,15400,5.616068117403077e-06
genetic_algorithm,sphere,105,15500,5.616068117403077e-06
genetic_algorithm,sphere,105,15600,5.616068117403077e-06
genetic_algorithm,sphere,105,15700,5.616068117403077e-06
genetic_algorithm,sphere,105,15800,5.616068117403077e-06
genetic_algorithm,sphere,105,15900,5.616068117403077e-06
genetic_algorithm,sphere,105,16000,5.616068117403077e-06
genetic_algorithm,sphere,105,16100,5.616068117403077e-06
genetic_algorithm,sphere,105,16200,5.616068117403077e-06
genetic_algorithm,sphere,105,16300,5.616068117403077e-06
genetic_algorithm,sphere,105,16400,5.616068117403077e-06
genetic_algorithm,sphere,105,16500,5.616068117403077e-06
genetic_algorithm,sphere,105,16600,5.616068117403077e-06
genetic_algorithm,sphere,105,16700,5.616068117403077e-06
genetic_algorithm,sphere,105,16800,5.616068117403077e-06
genetic_algorithm,sphere,105,16900,5.616068117403077e-06
genetic_algorithm,sphere,105,17000,5.616068117403077e-06
genetic_algorithm,sphere,105,17100,5.616068117403077e-06
genetic_algorithm,sphere,105,17200,5.616068117403077e-06
genetic_algorithm,sphere,105,17300,5.616068117403077e-06
genetic_algorithm,sphere,105,17400,5.616068117403077e-06
genetic_algorithm,sphere,105,17500,5.616068117403077e-06
genetic_algorithm,sphere,105,17600,5.616068117403077e-06
genetic_algorithm,sphere,105,17700,5.616068117403077e-06
genetic_algorithm,sphere,105,17800,5.616068117403077e-06
genetic_algorithm,sphere,105,17900,5.616068117403077e-06
genetic_algorithm,sphere,105,18000,5.616068117403077e-06
genetic_algorithm,sphere,105,18100,5.616068117403077e-06
genetic_algorithm,sphere,105,18200,5.616068117403077e-06
genetic_algorithm,sphere,105,18300,5.616068117403077e-06
genetic_algorithm,sphere,105,18400,5.616068117403077e-06
genetic_algorithm,sphere,105,18500,5.616068117403077e-06
genetic_algorithm,sphere,105,18600,5.616068117403077e-06
genetic_algorithm,sphere,105,18700,5.616068117403077e-06
genetic_algorithm,sphere,105,18800,5.616068117403077e-06
genetic_algorithm,sphere,105,18900,5.616068117403077e-06
genetic_algorithm,sphere,105,19000,5.616068117403077e-06
genetic_algorithm,sphere,105,19100,5.616068117403077e-06
genetic_algorithm,sphere,105,19200,5.616068117403077e-06
genetic_algorithm,sphere,105,19300,5.616068117403077e-06
genetic_algorithm,sphere,105,19400,5.616068117403077e-06
genetic_algorithm,sphere,105,19500,5.616068117403077e-06
genetic_algorithm,sphere,105,19600,5.616068117403077e-06
genetic_algorithm,sphere,105,19700,5.616068117403077e-06
genetic_algorithm,sphere,105,19800,5.616068117403077e-06
genetic_algorithm,sphere,105,19900,5.616068117403077e-06
genetic_algorithm,sphere,105,20000,5.616068117403077e-06
genetic_algorithm,sphere,106,100,24.274330038790787
genetic_algorithm,sphere,106,200,7.824621000861139
genetic_algorithm,sphere,106,300,3.5428888696854197
genetic_algorithm,sphere,106,400,1.8792132411978626
genetic_algorithm,sphere,106,500,1.061874398585223
genetic_algorithm,sphere,106,600,0.3946074454634345
genetic_algorithm,sphere,106,700,0.1994133890179824
genetic_algorithm,sphere,106,800,0.11155777851587478
genetic_algorithm,sphere,106,900,0.048395020277960506
genetic_algorithm,sphere,106,1000,0.04181172871535249
genetic_algorithm,sphere,106,1100,0.014211991377965222
genetic_algorithm,sphere,106,1200,0.010914312989541874
genetic_algorithm,sphere,106,1300,0.006723279550824038
genetic_algorithm,sphere,106,1400,0.0021097151361058235
genetic_algorithm,sphere,106,1500,0.0009386492546430994
genetic_algorithm,sphere,106,1600,0.0009134726791726559
genetic_algorithm,sphere,106,1700,0.0009028025776307884
genetic_algorithm,sphere,106,1800,0.0004836096378021919
genetic_algorithm,sphere,106,1900,0.0004836096378021919
genetic_algorithm,sphere,106,2000,0.0004836096378021919
genetic_algorithm,sphere,106,2100,0.0004422957528215279
genetic_algorithm,sphere,106,2200,0.0002931859567382498
genetic_algorithm,sphere,106,2300,0.00028261329695097306
genetic_algorithm,sphere,106,2400,0.0002737014959981093
genetic_algorithm,sphere,106,2500,0.0002737014959981093
genetic_algorithm,sphere,106,2600,0.0002737014959981093
genetic_algorithm,sphere,106,2700,0.00024526971108549387
genetic_algorithm,sphere,106,2800,0.00018497006380965365
genetic_algorithm,sphere,106,2900,0.00018497006380965365
genetic_algorithm,sphere,106,3000,0.00018497006380965365
genetic_algorithm,sphere,106,3100,0.00018497006380965365
genetic_algorithm,sphere,106,3200,0.00018497006380965365
genetic_algorithm,sphere,106,3300,0.00018497006380965365
genetic_algorithm,sphere,106,3400,0.00018497006380965365
genetic_algorithm,sphere,106,3500,0.00018497006380965365
genetic_algorithm,sphere,106,3600,0.00018497006380965365
genetic_algorithm,sphere,106,3700,0.00017773713644571944
genetic_algorithm,sphere,106,3800,0.00017773713644571944
genetic_algorithm,sphere,106,3900,0.00017773713644571944
genetic_algorithm,sphere,106,4000,0.00017773713644571944
genetic_algorithm,sphere,106,4100,0.00017773713644571944
genetic_algorithm,sphere,106,4200,0.00017773713644571944
genetic_algorithm,sphere,106,4300,0.00016438354192852266
genetic_algorithm,sphere,106,4400,0.00016438354192852266
genetic_algorithm,sphere,106,4500,0.00016438354192852266
genetic_algorithm,sphere,106,4600,0.00016438354192852266
genetic_algorithm,sphere,106,4700,0.00016438354192852266
genetic_algorithm,sphere,106,4800,0.00016438354192852266
genetic_algorithm,sphere,106,4900,0.00016438354192852266
genetic_algorithm,sphere,106,5000,0.00016438354192852266
genetic_algorithm,sphere,106,5100,0.00011816298047726669
genetic_algorithm,sphere,106,5200,0.00011816298047726669
genetic_algorithm,sphere,106,5300,8.576281418010686e-05
genetic_algorithm,sphere,106,5400,7.297576149666668e-05
genetic_algorithm,sphere,106,5500,7.297576149666668e-05
genetic_algorithm,sphere,106,5600,7.297576149666668e-05
genetic_algorithm,sphere,106,5700,7.297576149666668e-05
genetic_algorithm,sphere,106,5800,7.297576149666668e-05
genetic_algorithm,sphere,106,5900,7.297576149666668e-05
genetic_algorithm,sphere,106,6000,5.518610238739164e-05
genetic_algorithm,sphere,106,6100,5.204968448798786e-05
genetic_algorithm,sphere,106,6200,4.27333429295707e-05
genetic_algorithm,sphere,106,6300,4.27333429295707e-05
genetic_algorithm,sphere,106,6400,4.27333429295707e-05
genetic_algorithm,sphere,106,6500,4.27333429295707e-05
genetic_algorithm,sphere,106,6600,4.27333429295707e-05
genetic_algorithm,sphere,106,6700,4.27333429295707e-05
genetic_algorithm,sphere,106,6800,4.27333429295707e-05
genetic_algorithm,sphere,106,6900,4.27333429295707e-05
genetic_algorithm,sphere,106,7000,4.27333429295707e-05
genetic_algorithm,sphere,106,7100,4.27333429295707e-05
genetic_algorithm,sphere,106,7200,4.27333429295707e-05
genetic_algorithm,sphere,106,7300,4.2567323203215135e-05
genetic_algorithm,sphere,106,7400,4.220337940904565e-05
genetic_algorithm,sphere,106,7500,4.220337940904565e-05
genetic_algorithm,sphere,106,7600,4.220337940904565e-05
genetic_algorithm,sphere,106,7700,4.220337940904565e-05
genetic_algorithm,sphere,106,7800,4.220337940904565e-05
genetic_algorithm,sphere,106,7900,4.220337940904565e-05
genetic_algorithm,sphere,106,8000,4.220337940904565e-05
genetic_algorithm,sphere,106,8100,4.220337940904565e-05
genetic_algorithm,sphere,106,8200,4.182376100637485e-05
genetic_algorithm,sphere,106,8300,3.972606789633082e-05
genetic_algorithm,sphere,106,8400,3.9529436181858936e-05
genetic_algorithm,sphere,106,8500,3.9529436181858936e-05
genetic_algorithm,sphere,106,8600,3.937452986736648e-05
genetic_algorithm,sphere,106,8700,3.937452986736648e-05
genetic_algorithm,sphere,106,8800,3.302137348487539e-05
genetic_algorithm,sphere,106,8900,3.302137348487539e-05
genetic_algorithm,sphere,106,9000,3.274812184520169e-05
genetic_algorithm,sphere,106,9100,2.889781039401492e-05
genetic_algorithm,sphere,106,9200,2.889781039401492e-05
genetic_algorithm,sphere,106,9300,2.889781039401492e-05
genetic_algorithm,sphere,106,9400,2.889781039401492e-05
genetic_algorithm,sphere,106,9500,2.889781039401492e-05
genetic_algorithm,sphere,106,9600,2.889781039401492e-05
genetic_algorithm,sphere,106,9700,2.889781039401492e-05
genetic_algorithm,sphere,106,9800,2.889781039401492e-05
genetic_algorithm,sphere,106,9900,2.889781039401492e-05
genetic_algorithm,sphere,106,10000,2.889781039401492e-05
genetic_algorithm,sphere,106,10100,2.889781039401492e-05
genetic_algorithm,sphere,106,10200,2.889781039401492e-05
genetic_algorithm,sphere,106,10300,2.889781039401492e-05
genetic_algorithm,sphere,106,10400,2.889781039401492e-05
genetic_algorithm,sphere,106,10500,2.889781039401492e-05
genetic_algorithm,sphere,106,10600,2.889781039401492e-05
genetic_algorithm,sphere,106,10700,2.701312860713678e-05
genetic_algorithm,sphere,106,10800,2.701312860713678e-05
genetic_algorithm,sphere,106,10900,2.701312860713678e-05
genetic_algorithm,sphere,106,11000,2.701312860713678e-05
genetic_algorithm,sphere,106,11100,2.701312860713678e-05
genetic_algorithm,sphere,106,11200,2.701312860713678e-05
genetic_algorithm,sphere,106,11300,2.701312860713678e-05
genetic_algorithm,sphere,106,11400,2.701312860713678e-05
genetic_algorithm,sphere,106,11500,2.701312860713678e-05
genetic_algorithm,sphere,106,11600,2.701312860713678e-05
genetic_algorithm,sphere,106,11700,2.701312860713678e-05
genetic_algorithm,sphere,106,11800,2.701312860713678e-05
genetic_algorithm,sphere,106,11900,2.701312860713678e-05
genetic_algorithm,sphere,106,12000,2.701312860713678e-05
genetic_algorithm,sphere,106,12100,2.701312860713678e-05
genetic_algorithm,sphere,106,12200,2.701312860713678e-05
genetic_algorithm,sphere,106,12300,2.506847392870106e-05
genetic_algorithm,sphere,106,12400,2.506847392870106e-05
genetic_algorithm,sphere,106,12500,2.506847392870106e-05
genetic_algorithm,sphere,106,12600,2.506847392870106e-05
genetic_algorithm,sphere,106,12700,2.506847392870106e-05
genetic_algorithm,sphere,106,12800,2.506847392870106e-05
genetic_algorithm,sphere,106,12900,2.506847392870106e-05
genetic_algorithm,sphere,106,13000,2.506847392870106e-05
genetic_algorithm,sphere,106,13100,2.506847392870106e-05
genetic_algorithm,sphere,106,13200,2.506847392870106e-05
genetic_algorithm,sphere,106,13300,2.506847392870106e-05
genetic_algorithm,sphere,106,13400,2.506847392870106e-05
genetic_algorithm,sphere,106,13500,2.506847392870106e-05
genetic_algorithm,sphere,106,13600,2.506847392870106e-05
genetic_algorithm,sphere,106,13700,2.09385698179284e-05
genetic_algorithm,sphere,106,13800,2.09385698179284e-05
genetic_algorithm,sphere,106,13900,2.09385698179284e-05
genetic_algorithm,sphere,106,14000,2.09385698179284e-05
genetic_algorithm,sphere,106,14100,2.09385698179284e-05
genetic_algorithm,sphere,106,14200,2.09385698179284e-05
genetic_algorithm,sphere,106,14300,2.09385698179284e-05
genetic_algorithm,sphere,106,14400,2.09385698179284e-05
genetic_algorithm,sphere,106,14500,2.09385698179284e-05
genetic_algorithm,sphere,106,14600,2.09385698179284e-05
genetic_algorithm,sphere,106,14700,2.09385698179284e-05
genetic_algorithm,sphere,106,14800,2.09385698179284e-05
genetic_algorithm,sphere,106,14900,2.09385698179284e-05
genetic_algorithm,sphere,106,15000,2.09385698179284e-05
genetic_algorithm,sphere,106,15100,2.09385698179284e-05
genetic_algorithm,sphere,106,15200,2.09385698179284e-05
genetic_algorithm,sphere,106,15300,2.09385698179284e-05
genetic_algorithm,sphere,106,15400,2.09385698179284e-05
genetic_algorithm,sphere,106,15500,2.09385698179284e-05
genetic_algorithm,sphere,106,15600,2.09385698179284e-05
genetic_algorithm,sphere,106,15700,2.09385698179284e-05
genetic_algorithm,sphere,106,15800,2.09385698179284e-05
genetic_algorithm,sphere,106,15900,2.09385698179284e-05
genetic_algorithm,sphere,106,16000,2.09385698179284e-05
genetic_algorithm,sphere,106,16100,2.09385698179284e-05
genetic_algorithm,sphere,106,16200,2.09385698179284e-05
genetic_algorithm,sphere,106,16300,2.09385698179284e-05
genetic_algorithm,sphere,106,16400,2.09385698179284e-05
genetic_algorithm,sphere,106,16500,2.09385698179284e-05
genetic_algorithm,sphere,106,16600,1.7962517295021754e-05
genetic_algorithm,sphere,106,16700,1.7962517295021754e-05
genetic_algorithm,sphere,106,16800,1.7962517295021754e-05
genetic_algorithm,sphere,106,16900,1.7962517295021754e-05
genetic_algorithm,sphere,106,17000,1.7962517295021754e-05
genetic_algorithm,sphere,106,17100,1.7962517295021754e-05
genetic_algorithm,sphere,106,17200,1.7962517295021754e-05
genetic_algorithm,sphere,106,17300,1.7962517295021754e-05
genetic_algorithm,sphere,106,17400,1.7962517295021754e-05
genetic_algorithm,sphere,106,17500,1.7962517295021754e-05
genetic_algorithm,sphere,106,17600,1.6526657518907828e-05
genetic_algorithm,sphere,106,17700,1.5212988860166195e-05
genetic_algorithm,sphere,106,17800,1.5212988860166195e-05
genetic_algorithm,sphere,106,17900,1.5212988860166195e-05
genetic_algorithm,sphere,106,18000,1.4531923636051089e-05
genetic_algorithm,sphere,106,18100,1.4531923636051089e-05
genetic_algorithm,sphere,106,18200,1.4531923636051089e-05
genetic_algorithm,sphere,106,18300,1.4531923636051089e-05
genetic_algorithm,sphere,106,18400,1.4531923636051089e-05
genetic_algorithm,sphere,106,18500,1.4531923636051089e-05
genetic_algorithm,sphere,106,18600,1.4531923636051089e-05
genetic_algorithm,sphere,106,18700,1.4531923636051089e-05
genetic_algorithm,sphere,106,18800,1.4531923636051089e-05
genetic_algorithm,sphere,106,18900,1.4531923636051089e-05
genetic_algorithm,sphere,106,19000,1.4531923636051089e-05
genetic_algorithm,sphere,106,19100,1.4531923636051089e-05
genetic_algorithm,sphere,106,19200,1.4531923636051089e-05
genetic_algorithm,sphere,106,19300,1.4531923636051089e-05
genetic_algorithm,sphere,106,19400,1.205513089700173e-05
genetic_algorithm,sphere,106,19500,1.205513089700173e-05
genetic_algorithm,sphere,106,19600,1.205513089700173e-05
genetic_algorithm,sphere,106,19700,1.205513089700173e-05
genetic_algorithm,sphere,106,19800,1.205513089700173e-05
genetic_algorithm,sphere,106,19900,1.205513089700173e-05
genetic_algorithm,sphere,106,20000,1.205513089700173e-05
genetic_algorithm,sphere,107,100,31.189322684156558
genetic_algorithm,sphere,107,200,11.93421638934034
genetic_algorithm,sphere,107,300,5.055370269077572
genetic_algorithm,sphere,107,400,3.5229755000686396
genetic_algorithm,sphere,107,500,2.128097602628387
genetic_algorithm,sphere,107,600,0.9027499111514529
genetic_algorithm,sphere,107,700,0.4499086391759075
genetic_algorithm,sphere,107,800,0.19994357585244363
genetic_algorithm,sphere,107,900,0.14309737390579166
genetic_algorithm,sphere,107,1000,0.09159034656931513
genetic_algorithm,sphere,107,1100,0.03816510181995295
genetic_algorithm,sphere,107,1200,0.032305120046320406
genetic_algorithm,sphere,107,1300,0.00849647108244218
genetic_algorithm,sphere,107,1400,0.005846109076298157
genetic_algorithm,sphere,107,1500,0.0021621748372599426
genetic_algorithm,sphere,107,1600,0.0021621748372599426
genetic_algorithm,sphere,107,1700,0.002008700924133935
genetic_algorithm,sphere,107,1800,0.0019261335070311014
genetic_algorithm,sphere,107,1900,0.0019261335070311014
genetic_algorithm,sphere,107,2000,0.0012342635240200944
genetic_algorithm,sphere,107,2100,0.0010182985630759758
genetic_algorithm,sphere,107,2200,0.0009742495827094834
genetic_algorithm,sphere,107,2300,0.0008057210852072305
genetic_algorithm,sphere,107,2400,0.0006182353205647677
genetic_algorithm,sphere,107,2500,0.0006182353205647677
genetic_algorithm,sphere,107,2600,0.0006182353205647677
genetic_algorithm,sphere,107,2700,0.0006182353205647677
genetic_algorithm,sphere,107,2800,0.0005915815521558862
genetic_algorithm,sphere,107,2900,0.0005915815521558862
genetic_algorithm,sphere,107,3000,0.0005915815521558862
genetic_algorithm,sphere,107,3100,0.0005915815521558862
genetic_algorithm,sphere,107,3200,0.0005558124417918447
genetic_algorithm,sphere,107,3300,0.00046602527374420554
genetic_algorithm,sphere,107,3400,0.00039148753874469056
genetic_algorithm,sphere,107,3500,0.00039148753874469056
genetic_algorithm,sphere,107,3600,0.00039148753874469056
genetic_algorithm,sphere,107,3700,0.00039148753874469056
genetic_algorithm,sphere,107,3800,0.00036514745680363986
genetic_algorithm,sphere,107,3900,0.00032424198777485867
genetic_algorithm,sphere,107,4000,0.00032424198777485867
genetic_algorithm,sphere,107,4100,0.00032424198777485867
genetic_algorithm,sphere,107,4200,0.0002633542299447309
genetic_algorithm,sphere,107,4300,0.0002633542299447309
genetic_algorithm,sphere,107,4400,0.00016896254653249787
genetic_algorithm,sphere,107,4500,0.00016896254653249787
genetic_algorithm,sphere,107,4600,0.00015709957566418866
genetic_algorithm,sphere,107,4700,0.00015709957566418866
genetic_algorithm,sphere,107,4800,0.00015709957566418866
genetic_algorithm,sphere,107,4900,0.00015709957566418866
genetic_algorithm,sphere,107,5000,0.00015709957566418866
genetic_algorithm,sphere,107,5100,0.00012870286390423015
genetic_algorithm,sphere,107,5200,0.00012870286390423015
genetic_algorithm,sphere,107,5300,0.00012870286390423015
genetic_algorithm,sphere,107,5400,0.00012870286390423015
genetic_algorithm,sphere,107,5500,0.00012870286390423015
genetic_algorithm,sphere,107,5600,0.00012870286390423015
genetic_algorithm,sphere,107,5700,0.00012870286390423015
genetic_algorithm,sphere,107,5800,7.775716907810833e-05
genetic_algorithm,sphere,107,5900,4.168006157517507e-05
genetic_algorithm,sphere,107,6000,4.168006157517507e-05
genetic_algorithm,sphere,107,6100,4.168006157517507e-05
genetic_algorithm,sphere,107,6200,3.838711845243973e-05
genetic_algorithm,sphere,107,6300,3.809231280182303e-05
genetic_algorithm,sphere,107,6400,3.809231280182303e-05
genetic_algorithm,sphere,107,6500,2.8443977550639105e-05
genetic_algorithm,sphere,107,6600,2.7900306623634737e-05
genetic_algorithm,sphere,107,6700,2.7900306623634737e-05
genetic_algorithm,sphere,107,6800,2.7900306623634737e-05
genetic_algorithm,sphere,107,6900,2.7900306623634737e-05
genetic_algorithm,sphere,107,7000,2.7900306623634737e-05
genetic_algorithm,sphere,107,7100,2.7900306623634737e-05
genetic_algorithm,sphere,107,7200,2.7900306623634737e-05
genetic_algorithm,sphere,107,7300,2.7900306623634737e-05
genetic_algorithm,sphere,107,7400,2.7900306623634737e-05
genetic_algorithm,sphere,107,7500,2.2762643385017558e-05
genetic_algorithm,sphere,107,7600,2.2762643385017558e-05
genetic_algorithm,sphere,107,7700,2.2762643385017558e-05
genetic_algorithm,sphere,107,7800,2.2762643385017558e-05
genetic_algorithm,sphere,107,7900,2.2762643385017558e-05
genetic_algorithm,sphere,107,8000,2.2762643385017558e-05
genetic_algorithm,sphere,107,8100,2.2762643385017558e-05
genetic_algorithm,sphere,107,8200,2.2762643385017558e-05
genetic_algorithm,sphere,107,8300,2.2762643385017558e-05
genetic_algorithm,sphere,107,8400,2.2762643385017558e-05
genetic_algorithm,sphere,107,8500,2.2762643385017558e-05
genetic_algorithm,sphere,107,8600,2.2762643385017558e-05
genetic_algorithm,sphere,107,8700,2.2762643385017558e-05
genetic_algorithm,sphere,107,8800,2.2762643385017558e-05
genetic_algorithm,sphere,107,8900,2.2762643385017558e-05
genetic_algorithm,sphere,107,9000,2.2762643385017558e-05
genetic_algorithm,sphere,107,9100,2.2762643385017558e-05
genetic_algorithm,sphere,107,9200,2.2762643385017558e-05
genetic_algorithm,sphere,107,9300,2.2762643385017558e-05
genetic_algorithm,sphere,107,9400,2.2762643385017558e-05
genetic_algorithm,sphere,107,9500,2.2762643385017558e-05
genetic_algorithm,sphere,107,9600,2.2762643385017558e-05
genetic_algorithm,sphere,107,9700,2.2762643385017558e-05
genetic_algorithm,sphere,107,9800,2.2762643385017558e-05
genetic_algorithm,sphere,107,9900,2.2762643385017558e-05
genetic_algorithm,sphere,107,10000,2.2762643385017558e-05
genetic_algorithm,sphere,107,10100,2.2762643385017558e-05
genetic_algorithm,sphere,107,10200,1.8227655746894946e-05
genetic_algorithm,sphere,107,10300,1.819552211076363e-05
genetic_algorithm,sphere,107,10400,1.819552211076363e-05
genetic_algorithm,sphere,107,10500,1.819552211076363e-05
genetic_algorithm,sphere,107,10600,1.4559472984978472e-05
genetic_algorithm,sphere,107,10700,1.4559472984978472e-05
genetic_algorithm,sphere,107,10800,1.4559472984978472e-05
genetic_algorithm,sphere,107,10900,1.4559472984978472e-05
genetic_algorithm,sphere,107,11000,1.4559472984978472e-05
genetic_algorithm,sphere,107,11100,1.4559472984978472e-05
genetic_algorithm,sphere,107,11200,1.4559472984978472e-05
genetic_algorithm,sphere,107,11300,1.4559472984978472e-05
genetic_algorithm,sphere,107,11400,1.4559472984978472e-05
genetic_algorithm,sphere,107,11500,1.4559472984978472e-05
genetic_algorithm,sphere,107,11600,1.4559472984978472e-05
genetic_algorithm,sphere,107,11700,1.4559472984978472e-05
genetic_algorithm,sphere,107,11800,9.264260892632928e-06
genetic_algorithm,sphere,107,11900,3.960937654392973e-06
genetic_algorithm,sphere,107,12000,3.960937654392973e-06
genetic_algorithm,sphere,107,12100,3.960937654392973e-06
genetic_algorithm,sphere,107,12200,3.960937654392973e-06
genetic_algorithm,sphere,107,12300,3.5895073907138523e-06
genetic_algorithm,sphere,107,12400,3.5895073907138523e-06
genetic_algorithm,sphere,107,12500,3.5895073907138523e-06
genetic_algorithm,sphere,107,12600,3.5895073907138523e-06
genetic_algorithm,sphere,107,12700,3.5895073907138523e-06
genetic_algorithm,sphere,107,12800,3.5895073907138523e-06
genetic_algorithm,sphere,107,12900,3.5895073907138523e-06
genetic_algorithm,sphere,107,13000,3.5895073907138523e-06
genetic_algorithm,sphere,107,13100,3.5895073907138523e-06
genetic_algorithm,sphere,107,13200,3.5895073907138523e-06
genetic_algorithm,sphere,107,13300,3.5895073907138523e-06
genetic_algorithm,sphere,107,13400,3.5895073907138523e-06
genetic_algorithm,sphere,107,13500,3.5895073907138523e-06
genetic_algorithm,sphere,107,13600,3.5895073907138523e-06
genetic_algorithm,sphere,107,13700,3.5895073907138523e-06
genetic_algorithm,sphere,107,13800,3.5895073907138523e-06
genetic_algorithm,sphere,107,13900,3.5895073907138523e-06
genetic_algorithm,sphere,107,14000,3.5895073907138523e-06
genetic_algorithm,sphere,107,14100,3.5895073907138523e-06
genetic_algorithm,sphere,107,14200,3.5895073907138523e-06
genetic_algorithm,sphere,107,14300,3.5895073907138523e-06
genetic_algorithm,sphere,107,14400,3.5895073907138523e-06
genetic_algorithm,sphere,107,14500,3.5895073907138523e-06
genetic_algorithm,sphere,107,14600,3.5895073907138523e-06
genetic_algorithm,sphere,107,14700,3.5895073907138523e-06
genetic_algorithm,sphere,107,14800,3.5895073907138523e-06
genetic_algorithm,sphere,107,14900,3.5895073907138523e-06
genetic_algorithm,sphere,107,15000,3.5895073907138523e-06
genetic_algorithm,sphere,107,15100,3.5895073907138523e-06
genetic_algorithm,sphere,107,15200,3.5895073907138523e-06
genetic_algorithm,sphere,107,15300,3.5895073907138523e-06
genetic_algorithm,sphere,107,15400,3.5895073907138523e-06
genetic_algorithm,sphere,107,15500,3.5895073907138523e-06
genetic_algorithm,sphere,107,15600,3.3246787154731286e-06
genetic_algorithm,sphere,107,15700,3.0490731913678478e-06
genetic_algorithm,sphere,107,15800,3.0490731913678478e-06
genetic_algorithm,sphere,107,15900,3.0490731913678478e-06
genetic_algorithm,sphere,107,16000,2.7035958049525655e-06
genetic_algorithm,sphere,107,16100,2.7035958049525655e-06
genetic_algorithm,sphere,107,16200,2.7035958049525655e-06
genetic_algorithm,sphere,107,16300,2.7035958049525655e-06
genetic_algorithm,sphere,107,16400,2.7035958049525655e-06
genetic_algorithm,sphere,107,16500,2.7035958049525655e-06
genetic_algorithm,sphere,107,16600,2.7035958049525655e-06
genetic_algorithm,sphere,107,16700,2.7035958049525655e-06
genetic_algorithm,sphere,107,16800,2.7035958049525655e-06
genetic_algorithm,sphere,107,16900,2.7035958049525655e-06
genetic_algorithm,sphere,107,17000,2.7035958049525655e-06
genetic_algorithm,sphere,107,17100,2.7035958049525655e-06
genetic_algorithm,sphere,107,17200,2.7035958049525655e-06
genetic_algorithm,sphere,107,17300,2.7035958049525655e-06
genetic_algorithm,sphere,107,17400,2.7035958049525655e-06
genetic_algorithm,sphere,107,17500,2.7035958049525655e-06
genetic_algorithm,sphere,107,17600,2.7035958049525655e-06
genetic_algorithm,sphere,107,17700,2.7035958049525655e-06
genetic_algorithm,sphere,107,17800,2.7035958049525655e-06
genetic_algorithm,sphere,107,17900,2.7035958049525655e-06
genetic_algorithm,sphere,107,18000,2.7035958049525655e-06
genetic_algorithm,sphere,107,18100,2.7035958049525655e-06
genetic_algorithm,sphere,107,18200,2.7035958049525655e-06
genetic_algorithm,sphere,107,18300,2.7035958049525655e-06
genetic_algorithm,sphere,107,18400,2.7035958049525655e-06
genetic_algorithm,sphere,107,18500,2.7035958049525655e-06
genetic_algorithm,sphere,107,18600,2.7035958049525655e-06
genetic_algorithm,sphere,107,18700,2.7035958049525655e-06
genetic_algorithm,sphere,107,18800,2.7035958049525655e-06
genetic_algorithm,sphere,107,18900,2.7035958049525655e-06
genetic_algorithm,sphere,107,19000,2.7035958049525655e-06
genetic_algorithm,sphere,107,19100,2.7035958049525655e-06
genetic_algorithm,sphere,107,19200,2.7035958049525655e-06
genetic_algorithm,sphere,107,19300,2.7035958049525655e-06
genetic_algorithm,sphere,107,19400,2.7035958049525655e-06
genetic_algorithm,sphere,107,19500,2.7035958049525655e-06
genetic_algorithm,sphere,107,19600,2.7035958049525655e-06
genetic_algorithm,sphere,107,19700,2.7035958049525655e-06
genetic_algorithm,sphere,107,19800,2.7035958049525655e-06
genetic_algorithm,sphere,107,19900,2.7035958049525655e-06
genetic_algorithm,sphere,107,20000,2.7035958049525655e-06
genetic_algorithm,sphere,108,100,18.998335892425047
genetic_algorithm,sphere,108,200,5.621922676780642
genetic_algorithm,sphere,108,300,2.545966219255327
genetic_algorithm,sphere,108,400,0.9791377289153066
genetic_algorithm,sphere,108,500,0.8226079964609048
genetic_algorithm,sphere,108,600,0.3526438698088585
genetic_algorithm,sphere,108,700,0.26664661633603387
genetic_algorithm,sphere,108,800,0.1539379139212777
genetic_algorithm,sphere,108,900,0.09176798684501243
genetic_algorithm,sphere,108,1000,0.04210118947017858
genetic_algorithm,sphere,108,1100,0.024411502291435835
genetic_algorithm,sphere,108,1200,0.01064254771798823
genetic_algorithm,sphere,108,1300,0.008034033893518392
genetic_algorithm,sphere,108,1400,0.006469532632595937
genetic_algorithm,sphere,108,1500,0.00462811186865932
genetic_algorithm,sphere,108,1600,0.0037423548163930025
genetic_algorithm,sphere,108,1700,0.0027433505140844593
genetic_algorithm,sphere,108,1800,0.0027433505140844593
genetic_algorithm,sphere,108,1900,0.002199720241890588
genetic_algorithm,sphere,108,2000,0.002196871511438047
genetic_algorithm,sphere,108,2100,0.0013658428128631582
genetic_algorithm,sphere,108,2200,0.0013658428128631582
genetic_algorithm,sphere,108,2300,0.0013658428128631582
genetic_algorithm,sphere,108,2400,0.0013658428128631582
genetic_algorithm,sphere,108,2500,0.0013658428128631582
genetic_algorithm,sphere,108,2600,0.0011870596172031478
genetic_algorithm,sphere,108,2700,0.0010994456957397045
genetic_algorithm,sphere,108,2800,0.0009596328007401639
genetic_algorithm,sphere,108,2900,0.0009181240314480798
genetic_algorithm,sphere,108,3000,0.000908410985407118
genetic_algorithm,sphere,108,3100,0.0007665804865354846
genetic_algorithm,sphere,108,3200,0.0007192691128005539
genetic_algorithm,sphere,108,3300,0.0007192691128005539
genetic_algorithm,sphere,108,3400,0.0007192691128005539
genetic_algorithm,sphere,108,3500,0.0007192691128005539
genetic_algorithm,sphere,108,3600,0.0007192691128005539
genetic_algorithm,sphere,108,3700,0.0007192691128005539
genetic_algorithm,sphere,108,3800,0.0007192691128005539
genetic_algorithm,sphere,108,3900,0.0007163258987195622
genetic_algorithm,sphere,108,4000,0.0007163258987195622
genetic_algorithm,sphere,108,4100,0.000618691840124745
genetic_algorithm,sphere,108,4200,0.0006000879397066427
genetic_algorithm,sphere,108,4300,0.0006000879397066427
genetic_algorithm,sphere,108,4400,0.0006000879397066427
genetic_algorithm,sphere,108,4500,0.0006000879397066427
genetic_algorithm,sphere,108,4600,0.0005493927711515761
genetic_algorithm,sphere,108,4700,0.00012119187032012157
genetic_algorithm,sphere,108,4800,8.46395169034464e-05
genetic_algorithm,sphere,108,4900,8.46395169034464e-05
genetic_algorithm,sphere,108,5000,8.46395169034464e-05
genetic_algorithm,sphere,108,5100,7.317894358005824e-05
genetic_algorithm,sphere,108,5200,7.317894358005824e-05
genetic_algorithm,sphere,108,5300,7.317894358005824e-05
genetic_algorithm,sphere,108,5400,6.66634480391059e-05
genetic_algorithm,sphere,108,5500,6.66634480391059e-05
genetic_algorithm,sphere,108,5600,6.66634480391059e-05
genetic_algorithm,sphere,108,5700,6.66634480391059e-05
genetic_algorithm,sphere,108,5800,6.66634480391059e-05
genetic_algorithm,sphere,108,5900,6.66634480391059e-05
genetic_algorithm,sphere,108,6000,6.66634480391059e-05
genetic_algorithm,sphere,108,6100,6.66634480391059e-05
genetic_algorithm,sphere,108,6200,6.66634480391059e-05
genetic_algorithm,sphere,108,6300,6.66634480391059e-05
genetic_algorithm,sphere,108,6400,6.66634480391059e-05
genetic_algorithm,sphere,108,6500,6.66634480391059e-05
genetic_algorithm,sphere,108,6600,6.66634480391059e-05
genetic_algorithm,sphere,108,6700,6.66634480391059e-05
genetic_algorithm,sphere,108,6800,6.66634480391059e-05
genetic_algorithm,sphere,108,6900,6.66634480391059e-05
genetic_algorithm,sphere,108,7000,6.66634480391059e-05
genetic_algorithm,sphere,108,7100,6.66634480391059e-05
genetic_algorithm,sphere,108,7200,6.66634480391059e-05
genetic_algorithm,sphere,108,7300,6.66634480391059e-05
genetic_algorithm,sphere,108,7400,6.66634480391059e-05
genetic_algorithm,sphere,108,7500,6.66634480391059e-05
genetic_algorithm,sphere,108,7600,6.66634480391059e-05
genetic_algorithm,sphere,108,7700,6.66634480391059e-05
genetic_algorithm,sphere,108,7800,6.66634480391059e-05
genetic_algorithm,sphere,108,7900,6.66634480391059e-05
genetic_algorithm,sphere,108,8000,6.66634480391059e-05
genetic_algorithm,sphere,108,8100,6.66634480391059e-05
genetic_algorithm,sphere,108,8200,6.66634480391059e-05
genetic_algorithm,sphere,108,8300,6.66634480391059e-05
genetic_algorithm,sphere,108,8400,6.66634480391059e-05
genetic_algorithm,sphere,108,8500,6.66634480391059e-05
genetic_algorithm,sphere,108,8600,6.66634480391059e-05
genetic_algorithm,sphere,108,8700,6.654064432937598e-05
genetic_algorithm,sphere,108,8800,6.654064432937598e-05
genetic_algorithm,sphere,108,8900,6.654064432937598e-05
genetic_algorithm,sphere,108,9000,6.654064432937598e-05
genetic_algorithm,sphere,108,9100,6.654064432937598e-05
genetic_algorithm,sphere,108,9200,6.654064432937598e-05
genetic_algorithm,sphere,108,9300,6.654064432937598e-05
genetic_algorithm,sphere,108,9400,6.654064432937598e-05
genetic_algorithm,sphere,108,9500,6.654064432937598e-05
genetic_algorithm,sphere,108,9600,6.654064432937598e-05
genetic_algorithm,sphere,108,9700,5.9887800768387754e-05
genetic_algorithm,sphere,108,9800,5.9887800768387754e-05
genetic_algorithm,sphere,108,9900,5.9887800768387754e-05
genetic_algorithm,sphere,108,10000,5.9887800768387754e-05
genetic_algorithm,sphere,108,10100,5.9887800768387754e-05
genetic_algorithm,sphere,108,10200,5.9887800768387754e-05
genetic_algorithm,sphere,108,10300,5.9887800768387754e-05
genetic_algorithm,sphere,108,10400,5.9887800768387754e-05
genetic_algorithm,sphere,108,10500,5.9887800768387754e-05
genetic_algorithm,sphere,108,10600,5.9887800768387754e-05
genetic_algorithm,sphere,108,10700,5.9887800768387754e-05
genetic_algorithm,sphere,108,10800,5.9887800768387754e-05
genetic_algorithm,sphere,108,10900,5.9887800768387754e-05
genetic_algorithm,sphere,108,11000,5.053868447559939e-05
genetic_algorithm,sphere,108,11100,2.2519976341382215e-05
genetic_algorithm,sphere,108,11200,2.2519976341382215e-05
genetic_algorithm,sphere,108,11300,2.2519976341382215e-05
genetic_algorithm,sphere,108,11400,2.2519976341382215e-05
genetic_algorithm,sphere,108,11500,2.2519976341382215e-05
genetic_algorithm,sphere,108,11600,2.2519976341382215e-05
genetic_algorithm,sphere,108,11700,2.2519976341382215e-05
genetic_algorithm,sphere,108,11800,2.2519976341382215e-05
genetic_algorithm,sphere,108,11900,2.2519976341382215e-05
genetic_algorithm,sphere,108,12000,2.2519976341382215e-05
genetic_algorithm,sphere,108,12100,2.2519976341382215e-05
genetic_algorithm,sphere,108,12200,2.2519976341382215e-05
genetic_algorithm,sphere,108,12300,2.2519976341382215e-05
genetic_algorithm,sphere,108,12400,1.9041177212711254e-05
genetic_algorithm,sphere,108,12500,8.941833620821758e-06
genetic_algorithm,sphere,108,12600,8.941833620821758e-06
genetic_algorithm,sphere,108,12700,8.941833620821758e-06
genetic_algorithm,sphere,108,12800,8.941833620821758e-06
genetic_algorithm,sphere,108,12900,8.941833620821758e-06
genetic_algorithm,sphere,108,13000,8.941833620821758e-06
genetic_algorithm,sphere,108,13100,8.941833620821758e-06
genetic_algorithm,sphere,108,13200,8.941833620821758e-06
genetic_algorithm,sphere,108,13300,8.941833620821758e-06
genetic_algorithm,sphere,108,13400,8.941833620821758e-06
genetic_algorithm,sphere,108,13500,8.941833620821758e-06
genetic_algorithm,sphere,108,13600,8.941833620821758e-06
genetic_algorithm,sphere,108,13700,8.941833620821758e-06
genetic_algorithm,sphere,108,13800,8.941833620821758e-06
genetic_algorithm,sphere,108,13900,8.941833620821758e-06
genetic_algorithm,sphere,108,14000,8.941833620821758e-06
genetic_algorithm,sphere,108,14100,8.941833620821758e-06
genetic_algorithm,sphere,108,14200,8.784871279075516e-06
genetic_algorithm,sphere,108,14300,8.784871279075516e-06
genetic_algorithm,sphere,108,14400,8.784871279075516e-06
genetic_algorithm,sphere,108,14500,8.784871279075516e-06
genetic_algorithm,sphere,108,14600,8.784871279075516e-06
genetic_algorithm,sphere,108,14700,8.784871279075516e-06
genetic_algorithm,sphere,108,14800,8.784871279075516e-06
genetic_algorithm,sphere,108,14900,8.784871279075516e-06
genetic_algorithm,sphere,108,15000,8.784871279075516e-06
genetic_algorithm,sphere,108,15100,8.784871279075516e-06
genetic_algorithm,sphere,108,15200,8.784871279075516e-06
genetic_algorithm,sphere,108,15300,8.784871279075516e-06
genetic_algorithm,sphere,108,15400,8.784871279075516e-06
genetic_algorithm,sphere,108,15500,8.784871279075516e-06
genetic_algorithm,sphere,108,15600,8.784871279075516e-06
genetic_algorithm,sphere,108,15700,8.784871279075516e-06
genetic_algorithm,sphere,108,15800,8.784871279075516e-06
genetic_algorithm,sphere,108,15900,8.784871279075516e-06
genetic_algorithm,sphere,108,16000,8.784871279075516e-06
genetic_algorithm,sphere,108,16100,8.784871279075516e-06
genetic_algorithm,sphere,108,16200,8.784871279075516e-06
genetic_algorithm,sphere,108,16300,8.784871279075516e-06
genetic_algorithm,sphere,108,16400,8.784871279075516e-06
genetic_algorithm,sphere,108,16500,8.784871279075516e-06
genetic_algorithm,sphere,108,16600,8.784871279075516e-06
genetic_algorithm,sphere,108,16700,8.784871279075516e-06
genetic_algorithm,sphere,108,16800,8.784871279075516e-06
genetic_algorithm,sphere,108,16900,8.784871279075516e-06
genetic_algorithm,sphere,108,17000,8.784871279075516e-06
genetic_algorithm,sphere,108,17100,8.784871279075516e-06
genetic_algorithm,sphere,108,17200,8.784871279075516e-06
genetic_algorithm,sphere,108,17300,8.784871279075516e-06
genetic_algorithm,sphere,108,17400,8.784871279075516e-06
genetic_algorithm,sphere,108,17500,8.784871279075516e-06
genetic_algorithm,sphere,108,17600,8.784871279075516e-06
genetic_algorithm,sphere,108,17700,8.784871279075516e-06
genetic_algorithm,sphere,108,17800,8.784871279075516e-06
genetic_algorithm,sphere,108,17900,8.784871279075516e-06
genetic_algorithm,sphere,108,18000,8.139271395050296e-06
genetic_algorithm,sphere,108,18100,8.139271395050296e-06
genetic_algorithm,sphere,108,18200,8.10606829816884e-06
genetic_algorithm,sphere,108,18300,8.10606829816884e-06
genetic_algorithm,sphere,108,18400,8.10606829816884e-06
genetic_algorithm,sphere,108,18500,8.10606829816884e-06
genetic_algorithm,sphere,108,18600,8.10606829816884e-06
genetic_algorithm,sphere,108,18700,8.10606829816884e-06
genetic_algorithm,sphere,108,18800,8.10606829816884e-06
genetic_algorithm,sphere,108,18900,8.10606829816884e-06
genetic_algorithm,sphere,108,19000,8.10606829816884e-06
genetic_algorithm,sphere,108,19100,8.047288230072818e-06
genetic_algorithm,sphere,108,19200,6.346746672308194e-06
genetic_algorithm,sphere,108,19300,6.346746672308194e-06
genetic_algorithm,sphere,108,19400,6.346746672308194e-06
genetic_algorithm,sphere,108,19500,6.346746672308194e-06
genetic_algorithm,sphere,108,19600,6.346746672308194e-06
genetic_algorithm,sphere,108,19700,6.346746672308194e-06
genetic_algorithm,sphere,108,19800,6.346746672308194e-06
genetic_algorithm,sphere,108,19900,6.346746672308194e-06
genetic_algorithm,sphere,108,20000,6.346746672308194e-06
genetic_algorithm,sphere,109,100,14.428565574022965
genetic_algorithm,sphere,109,200,12.49129858852623
genetic_algorithm,sphere,109,300,4.456029707841942
genetic_algorithm,sphere,109,400,2.5544216993073063
genetic_algorithm,sphere,109,500,1.4553975745946839
genetic_algorithm,sphere,109,600,0.7782398066805069
genetic_algorithm,sphere,109,700,0.6057526864437183
genetic_algorithm,sphere,109,800,0.21765363683122124
genetic_algorithm,sphere,109,900,0.1644572178418672
genetic_algorithm,sphere,109,1000,0.07337613245303183
genetic_algorithm,sphere,109,1100,0.041714849237485516
genetic_algorithm,sphere,109,1200,0.00860035033145976
genetic_algorithm,sphere,109,1300,0.005592232217964036
genetic_algorithm,sphere,109,1400,0.004405310024446639
genetic_algorithm,sphere,109,1500,0.003173089562039413
genetic_algorithm,sphere,109,1600,0.002104788219230622
genetic_algorithm,sphere,109,1700,0.0020584649383905158
genetic_algorithm,sphere,109,1800,0.0015571235673216821
genetic_algorithm,sphere,109,1900,0.0009431361465530643
genetic_algorithm,sphere,109,2000,0.0005076828920777721
genetic_algorithm,sphere,109,2100,0.0005076828920777721
genetic_algorithm,sphere,109,2200,0.0005076828920777721
genetic_algorithm,sphere,109,2300,0.0004922062981395991
genetic_algorithm,sphere,109,2400,0.0004147046835066896
genetic_algorithm,sphere,109,2500,0.00026122674103561604
genetic_algorithm,sphere,109,2600,0.00026122674103561604
genetic_algorithm,sphere,109,2700,0.00026122674103561604
genetic_algorithm,sphere,109,2800,0.0002522610261017689
genetic_algorithm,sphere,109,2900,0.00024092354575710995
genetic_algorithm,sphere,109,3000,0.00023004296763994453
genetic_algorithm,sphere,109,3100,0.00023004296763994453
genetic_algorithm,sphere,109,3200,0.00023004296763994453
genetic_algorithm,sphere,109,3300,0.00023004296763994453
genetic_algorithm,sphere,109,3400,0.00023004296763994453
genetic_algorithm,sphere,109,3500,0.00023004296763994453
genetic_algorithm,sphere,109,3600,0.00023004296763994453
genetic_algorithm,sphere,109,3700,0.00020480980985208288
genetic_algorithm,sphere,109,3800,0.00016500696865429554
genetic_algorithm,sphere,109,3900,0.00015097819291637148
genetic_algorithm,sphere,109,4000,0.00015097819291637148
genetic_algorithm,sphere,109,4100,0.00015097819291637148
genetic_algorithm,sphere,109,4200,0.00015097819291637148
genetic_algorithm,sphere,109,4300,0.00015097819291637148
genetic_algorithm,sphere,109,4400,0.00015097819291637148
genetic_algorithm,sphere,109,4500,0.00015097819291637148
genetic_algorithm,sphere,109,4600,0.00015097819291637148
genetic_algorithm,sphere,109,4700,0.00015097819291637148
genetic_algorithm,sphere,109,4800,0.00015097819291637148
genetic_algorithm,sphere,109,4900,0.00015097819291637148
genetic_algorithm,sphere,109,5000,0.00015097819291637148
genetic_algorithm,sphere,109,5100,0.00015097819291637148
genetic_algorithm,sphere,109,5200,7.840142124058523e-05
genetic_algorithm,sphere,109,5300,7.840142124058523e-05
genetic_algorithm,sphere,109,5400,3.9824929205841005e-05
genetic_algorithm,sphere,109,5500,3.9824929205841005e-05
genetic_algorithm,sphere,109,5600,3.9824929205841005e-05
genetic_algorithm,sphere,109,5700,3.9824929205841005e-05
genetic_algorithm,sphere,109,5800,3.9824929205841005e-05
genetic_algorithm,sphere,109,5900,3.9824929205841005e-05
genetic_algorithm,sphere,109,6000,2.9664837824085905e-05
genetic_algorithm,sphere,109,6100,2.9664837824085905e-05
genetic_algorithm,sphere,109,6200,2.9664837824085905e-05
genetic_algorithm,sphere,109,6300,2.9664837824085905e-05
genetic_algorithm,sphere,109,6400,2.9664837824085905e-05
genetic_algorithm,sphere,109,6500,2.6337229005315455e-05
genetic_algorithm,sphere,109,6600,2.6337229005315455e-05
genetic_algorithm,sphere,109,6700,2.6337229005315455e-05
genetic_algorithm,sphere,109,6800,2.6337229005315455e-05
genetic_algorithm,sphere,109,6900,2.6337229005315455e-05
genetic_algorithm,sphere,109,7000,2.6337229005315455e-05
genetic_algorithm,sphere,109,7100,2.6337229005315455e-05
genetic_algorithm,sphere,109,7200,2.6337229005315455e-05
genetic_algorithm,sphere,109,7300,2.6337229005315455e-05
genetic_algorithm,sphere,109,7400,2.6337229005315455e-05
genetic_algorithm,sphere,109,7500,2.6337229005315455e-05
genetic_algorithm,sphere,109,7600,2.6337229005315455e-05
genetic_algorithm,sphere,109,7700,2.6337229005315455e-05
genetic_algorithm,sphere,109,7800,2.4779844063039712e-05
genetic_algorithm,sphere,109,7900,2.4779844063039712e-05
genetic_algorithm,sphere,109,8000,2.4779844063039712e-05
genetic_algorithm,sphere,109,8100,2.4779844063039712e-05
genetic_algorithm,sphere,109,8200,2.4779844063039712e-05
genetic_algorithm,sphere,109,8300,2.4779844063039712e-05
genetic_algorithm,sphere,109,8400,2.4779844063039712e-05
genetic_algorithm,sphere,109,8500,2.4779844063039712e-05
genetic_algorithm,sphere,109,8600,2.4779844063039712e-05
genetic_algorithm,sphere,109,8700,2.4779844063039712e-05
genetic_algorithm,sphere,109,8800,2.4779844063039712e-05
genetic_algorithm,sphere,109,8900,2.4779844063039712e-05
genetic_algorithm,sphere,109,9000,2.4779844063039712e-05
genetic_algorithm,sphere,109,9100,1.7128121262309824e-05
genetic_algorithm,sphere,109,9200,1.7128121262309824e-05
genetic_algorithm,sphere,109,9300,1.699484387299441e-05
genetic_algorithm,sphere,109,9400,1.5285875408518963e-05
genetic_algorithm,sphere,109,9500,1.5285875408518963e-05
genetic_algorithm,sphere,109,9600,1.5285875408518963e-05
genetic_algorithm,sphere,109,9700,1.0405850845325457e-05
genetic_algorithm,sphere,109,9800,1.0405850845325457e-05
genetic_algorithm,sphere,109,9900,1.0405850845325457e-05
genetic_algorithm,sphere,109,10000,1.0405850845325457e-05
genetic_algorithm,sphere,109,10100,1.0405850845325457e-05
genetic_algorithm,sphere,109,10200,1.0405850845325457e-05
genetic_algorithm,sphere,109,10300,1.0405850845325457e-05
genetic_algorithm,sphere,109,10400,1.0405850845325457e-05
genetic_algorithm,sphere,109,10500,2.4621219496552846e-06
genetic_algorithm,sphere,109,10600,1.598542831096676e-06
genetic_algorithm,sphere,109,10700,1.598542831096676e-06
genetic_algorithm,sphere,109,10800,1.598542831096676e-06
genetic_algorithm,sphere,109,10900,1.598542831096676e-06
genetic_algorithm,sphere,109,11000,1.598542831096676e-06
genetic_algorithm,sphere,109,11100,1.598542831096676e-06
genetic_algorithm,sphere,109,11200,1.598542831096676e-06
genetic_algorithm,sphere,109,11300,1.598542831096676e-06
genetic_algorithm,sphere,109,11400,1.598542831096676e-06
genetic_algorithm,sphere,109,11500,1.598542831096676e-06
genetic_algorithm,sphere,109,11600,8.545433519839885e-07
genetic_algorithm,sphere,109,11700,8.545433519839885e-07
genetic_algorithm,sphere,109,11800,8.545433519839885e-07
genetic_algorithm,sphere,109,11900,8.545433519839885e-07
genetic_algorithm,sphere,109,12000,8.545433519839885e-07
genetic_algorithm,sphere,109,12100,8.545433519839885e-07
genetic_algorithm,sphere,109,12200,8.545433519839885e-07
genetic_algorithm,sphere,109,12300,8.545433519839885e-07
genetic_algorithm,sphere,109,12400,8.545433519839885e-07
genetic_algorithm,sphere,109,12500,8.545433519839885e-07
genetic_algorithm,sphere,109,12600,8.545433519839885e-07
genetic_algorithm,sphere,109,12700,8.545433519839885e-07
genetic_algorithm,sphere,109,12800,8.545433519839885e-07
genetic_algorithm,sphere,109,12900,8.545433519839885e-07
genetic_algorithm,sphere,109,13000,8.545433519839885e-07
genetic_algorithm,sphere,109,13100,8.545433519839885e-07
genetic_algorithm,sphere,109,13200,8.545433519839885e-07
genetic_algorithm,sphere,109,13300,8.545433519839885e-07
genetic_algorithm,sphere,109,13400,8.545433519839885e-07
genetic_algorithm,sphere,109,13500,8.545433519839885e-07
genetic_algorithm,sphere,109,13600,8.545433519839885e-07
genetic_algorithm,sphere,109,13700,8.545433519839885e-07
genetic_algorithm,sphere,109,13800,8.545433519839885e-07
genetic_algorithm,sphere,109,13900,8.545433519839885e-07
genetic_algorithm,sphere,109,14000,8.545433519839885e-07
genetic_algorithm,sphere,109,14100,8.545433519839885e-07
genetic_algorithm,sphere,109,14200,8.545433519839885e-07
genetic_algorithm,sphere,109,14300,8.545433519839885e-07
genetic_algorithm,sphere,109,14400,8.545433519839885e-07
genetic_algorithm,sphere,109,14500,8.545433519839885e-07
genetic_algorithm,sphere,109,14600,5.468609387972925e-07
genetic_algorithm,sphere,109,14700,5.468609387972925e-07
genetic_algorithm,sphere,109,14800,5.468609387972925e-07
genetic_algorithm,sphere,109,14900,5.468609387972925e-07
genetic_algorithm,sphere,109,15000,5.468609387972925e-07
genetic_algorithm,sphere,109,15100,5.468609387972925e-07
genetic_algorithm,sphere,109,15200,5.468609387972925e-07
genetic_algorithm,sphere,109,15300,5.468609387972925e-07
genetic_algorithm,sphere,109,15400,5.468609387972925e-07
genetic_algorithm,sphere,109,15500,5.468609387972925e-07
genetic_algorithm,sphere,109,15600,5.468609387972925e-07
genetic_algorithm,sphere,109,15700,5.468609387972925e-07
genetic_algorithm,sphere,109,15800,5.468609387972925e-07
genetic_algorithm,sphere,109,15900,5.468609387972925e-07
genetic_algorithm,sphere,109,16000,5.468609387972925e-07
genetic_algorithm,sphere,109,16100,5.468609387972925e-07
genetic_algorithm,sphere,109,16200,5.468609387972925e-07
genetic_algorithm,sphere,109,16300,5.468609387972925e-07
genetic_algorithm,sphere,109,16400,5.468609387972925e-07
genetic_algorithm,sphere,109,16500,5.468609387972925e-07
genetic_algorithm,sphere,109,16600,5.468609387972925e-07
genetic_algorithm,sphere,109,16700,5.468609387972925e-07
genetic_algorithm,sphere,109,16800,5.468609387972925e-07
genetic_algorithm,sphere,109,16900,5.468609387972925e-07
genetic_algorithm,sphere,109,17000,5.468609387972925e-07
genetic_algorithm,sphere,109,17100,5.468609387972925e-07
genetic_algorithm,sphere,109,17200,5.468609387972925e-07
genetic_algorithm,sphere,109,17300,5.468609387972925e-07
genetic_algorithm,sphere,109,17400,5.468609387972925e-07
genetic_algorithm,sphere,109,17500,5.468609387972925e-07
genetic_algorithm,sphere,109,17600,5.468609387972925e-07
genetic_algorithm,sphere,109,17700,5.468609387972925e-07
genetic_algorithm,sphere,109,17800,5.468609387972925e-07
genetic_algorithm,sphere,109,17900,5.468609387972925e-07
genetic_algorithm,sphere,109,18000,5.468609387972925e-07
genetic_algorithm,sphere,109,18100,5.468609387972925e-07
genetic_algorithm,sphere,109,18200,5.468609387972925e-07
genetic_algorithm,sphere,109,18300,5.468609387972925e-07
genetic_algorithm,sphere,109,18400,5.468609387972925e-07
genetic_algorithm,sphere,109,18500,5.468609387972925e-07
genetic_algorithm,sphere,109,18600,5.468609387972925e-07
genetic_algorithm,sphere,109,18700,5.468609387972925e-07
genetic_algorithm,sphere,109,18800,5.468609387972925e-07
genetic_algorithm,sphere,109,18900,5.468609387972925e-07
genetic_algorithm,sphere,109,19000,5.468609387972925e-07
genetic_algorithm,sphere,109,19100,5.468609387972925e-07
genetic_algorithm,sphere,109,19200,5.468609387972925e-07
genetic_algorithm,sphere,109,19300,5.468609387972925e-07
genetic_algorithm,sphere,109,19400,5.468609387972925e-07
genetic_algorithm,sphere,109,19500,5.468609387972925e-07
genetic_algorithm,sphere,109,19600,5.468609387972925e-07
genetic_algorithm,sphere,109,19700,5.468609387972925e-07
genetic_algorithm,sphere,109,19800,5.468609387972925e-07
genetic_algorithm,sphere,109,19900,5.468609387972925e-07
genetic_algorithm,sphere,109,20000,5.468609387972925e-07
genetic_algorithm,sphere,110,100,17.368663559772447
genetic_algorithm,sphere,110,200,7.9542383792302624
genetic_algorithm,sphere,110,300,6.229350504854228
genetic_algorithm,sphere,110,400,4.635811022313884
genetic_algorithm,sphere,110,500,3.5524210125096634
genetic_algorithm,sphere,110,600,2.0985474746189228
genetic_algorithm,sphere,110,700,1.5247140786259064
genetic_algorithm,sphere,110,800,0.8869421686127221
genetic_algorithm,sphere,110,900,0.1873678770758328
genetic_algorithm,sphere,110,1000,0.12391224698399805
genetic_algorithm,sphere,110,1100,0.04687319218523544
genetic_algorithm,sphere,110,1200,0.028633623242786132
genetic_algorithm,sphere,110,1300,0.006536893797244401
genetic_algorithm,sphere,110,1400,0.006536893797244401
genetic_algorithm,sphere,110,1500,0.005735171084964182
genetic_algorithm,sphere,110,1600,0.005053787372301603
genetic_algorithm,sphere,110,1700,0.001490870701124844
genetic_algorithm,sphere,110,1800,0.0012681993375181885
genetic_algorithm,sphere,110,1900,0.0012681993375181885
genetic_algorithm,sphere,110,2000,0.0007955708852498702
genetic_algorithm,sphere,110,2100,0.00040571578640762865
genetic_algorithm,sphere,110,2200,0.00039445393034493104
genetic_algorithm,sphere,110,2300,0.00039445393034493104
genetic_algorithm,sphere,110,2400,0.0003710054644792021
genetic_algorithm,sphere,110,2500,0.0003710054644792021
genetic_algorithm,sphere,110,2600,0.0003710054644792021
genetic_algorithm,sphere,110,2700,0.0003710054644792021
genetic_algorithm,sphere,110,2800,0.0002820870689767492
genetic_algorithm,sphere,110,2900,0.00020805014176574225
genetic_algorithm,sphere,110,3000,0.00020805014176574225
genetic_algorithm,sphere,110,3100,0.00019737334392676213
genetic_algorithm,sphere,110,3200,0.00017811882778821566
genetic_algorithm,sphere,110,3300,0.00016258478123101552
genetic_algorithm,sphere,110,3400,4.88128485883252e-05
genetic_algorithm,sphere,110,3500,4.88128485883252e-05
genetic_algorithm,sphere,110,3600,4.88128485883252e-05
genetic_algorithm,sphere,110,3700,4.88128485883252e-05
genetic_algorithm,sphere,110,3800,4.88128485883252e-05
genetic_algorithm,sphere,110,3900,4.88128485883252e-05
genetic_algorithm,sphere,110,4000,4.88128485883252e-05
genetic_algorithm,sphere,110,4100,4.88128485883252e-05
genetic_algorithm,sphere,110,4200,4.88128485883252e-05
genetic_algorithm,sphere,110,4300,4.88128485883252e-05
genetic_algorithm,sphere,110,4400,4.88128485883252e-05
genetic_algorithm,sphere,110,4500,4.88128485883252e-05
genetic_algorithm,sphere,110,4600,4.88128485883252e-05
genetic_algorithm,sphere,110,4700,4.88128485883252e-05
genetic_algorithm,sphere,110,4800,4.88128485883252e-05
genetic_algorithm,sphere,110,4900,4.88128485883252e-05
genetic_algorithm,sphere,110,5000,4.44692350245411e-05
genetic_algorithm,sphere,110,5100,4.44692350245411e-05
genetic_algorithm,sphere,110,5200,4.44692350245411e-05
genetic_algorithm,sphere,110,5300,4.44692350245411e-05
genetic_algorithm,sphere,110,5400,4.44692350245411e-05
genetic_algorithm,sphere,110,5500,4.44692350245411e-05
genetic_algorithm,sphere,110,5600,4.44692350245411e-05
genetic_algorithm,sphere,110,5700,4.44692350245411e-05
genetic_algorithm,sphere,110,5800,4.046807860927083e-05
genetic_algorithm,sphere,110,5900,4.046807860927083e-05
genetic_algorithm,sphere,110,6000,4.046807860927083e-05
genetic_algorithm,sphere,110,6100,4.046807860927083e-05
genetic_algorithm,sphere,110,6200,4.046807860927083e-05
genetic_algorithm,sphere,110,6300,4.046807860927083e-05
genetic_algorithm,sphere,110,6400,4.046807860927083e-05
genetic_algorithm,sphere,110,6500,4.046807860927083e-05
genetic_algorithm,sphere,110,6600,4.046807860927083e-05
genetic_algorithm,sphere,110,6700,4.046807860927083e-05
genetic_algorithm,sphere,110,6800,3.356295420053215e-05
genetic_algorithm,sphere,110,6900,3.356295420053215e-05
genetic_algorithm,sphere,110,7000,3.356295420053215e-05
genetic_algorithm,sphere,110,7100,3.356295420053215e-05
genetic_algorithm,sphere,110,7200,3.356295420053215e-05
genetic_algorithm,sphere,110,7300,3.356295420053215e-05
genetic_algorithm,sphere,110,7400,3.356295420053215e-05
genetic_algorithm,sphere,110,7500,3.356295420053215e-05
genetic_algorithm,sphere,110,7600,3.356295420053215e-05
genetic_algorithm,sphere,110,7700,3.356295420053215e-05
genetic_algorithm,sphere,110,7800,3.356295420053215e-05
genetic_algorithm,sphere,110,7900,3.356295420053215e-05
genetic_algorithm,sphere,110,8000,3.356295420053215e-05
genetic_algorithm,sphere,110,8100,3.356295420053215e-05
genetic_algorithm,sphere,110,8200,3.356295420053215e-05
genetic_algorithm,sphere,110,8300,3.2520834150045776e-05
genetic_algorithm,sphere,110,8400,2.6811797444774573e-05
genetic_algorithm,sphere,110,8500,2.6811797444774573e-05
genetic_algorithm,sphere,110,8600,1.9848399457070476e-05
genetic_algorithm,sphere,110,8700,1.9848399457070476e-05
genetic_algorithm,sphere,110,8800,1.9848399457070476e-05
genetic_algorithm,sphere,110,8900,1.9848399457070476e-05
genetic_algorithm,sphere,110,9000,1.9848399457070476e-05
genetic_algorithm,sphere,110,9100,1.9848399457070476e-05
genetic_algorithm,sphere,110,9200,1.9848399457070476e-05
genetic_algorithm,sphere,110,9300,1.9848399457070476e-05
genetic_algorithm,sphere,110,9400,1.9848399457070476e-05
genetic_algorithm,sphere,110,9500,1.9848399457070476e-05
genetic_algorithm,sphere,110,9600,1.9848399457070476e-05
genetic_algorithm,sphere,110,9700,1.9848399457070476e-05
genetic_algorithm,sphere,110,9800,1.974954430287723e-05
genetic_algorithm,sphere,110,9900,1.974954430287723e-05
genetic_algorithm,sphere,110,10000,1.974954430287723e-05
genetic_algorithm,sphere,110,10100,1.974954430287723e-05
genetic_algorithm,sphere,110,10200,1.974954430287723e-05
genetic_algorithm,sphere,110,10300,1.974954430287723e-05
genetic_algorithm,sphere,110,10400,1.974954430287723e-05
genetic_algorithm,sphere,110,10500,1.974954430287723e-05
genetic_algorithm,sphere,110,10600,1.8857057335353075e-05
genetic_algorithm,sphere,110,10700,1.8857057335353075e-05
genetic_algorithm,sphere,110,10800,1.8857057335353075e-05
genetic_algorithm,sphere,110,10900,1.8857057335353075e-05
genetic_algorithm,sphere,110,11000,1.8857057335353075e-05
genetic_algorithm,sphere,110,11100,1.8857057335353075e-05
genetic_algorithm,sphere,110,11200,9.486841183844362e-06
genetic_algorithm,sphere,110,11300,9.486841183844362e-06
genetic_algorithm,sphere,110,11400,9.486841183844362e-06
genetic_algorithm,sphere,110,11500,9.486841183844362e-06
genetic_algorithm,sphere,110,11600,9.486841183844362e-06
genetic_algorithm,sphere,110,11700,9.486841183844362e-06
genetic_algorithm,sphere,110,11800,9.486841183844362e-06
genetic_algorithm,sphere,110,11900,9.486841183844362e-06
genetic_algorithm,sphere,110,12000,9.486841183844362e-06
genetic_algorithm,sphere,110,12100,9.486841183844362e-06
genetic_algorithm,sphere,110,12200,9.486841183844362e-06
genetic_algorithm,sphere,110,12300,9.486841183844362e-06
genetic_algorithm,sphere,110,12400,9.486841183844362e-06
genetic_algorithm,sphere,110,12500,9.486841183844362e-06
genetic_algorithm,sphere,110,12600,9.486841183844362e-06
genetic_algorithm,sphere,110,12700,5.745721035988027e-06
genetic_algorithm,sphere,110,12800,5.745721035988027e-06
genetic_algorithm,sphere,110,12900,5.745721035988027e-06
genetic_algorithm,sphere,110,13000,5.745721035988027e-06
genetic_algorithm,sphere,110,13100,5.745721035988027e-06
genetic_algorithm,sphere,110,13200,5.745721035988027e-06
genetic_algorithm,sphere,110,13300,5.745721035988027e-06
genetic_algorithm,sphere,110,13400,5.745721035988027e-06
genetic_algorithm,sphere,110,13500,5.745721035988027e-06
genetic_algorithm,sphere,110,13600,5.745721035988027e-06
genetic_algorithm,sphere,110,13700,5.745721035988027e-06
genetic_algorithm,sphere,110,13800,5.745721035988027e-06
genetic_algorithm,sphere,110,13900,5.745721035988027e-06
genetic_algorithm,sphere,110,14000,5.745721035988027e-06
genetic_algorithm,sphere,110,14100,5.745721035988027e-06
genetic_algorithm,sphere,110,14200,5.745721035988027e-06
genetic_algorithm,sphere,110,14300,5.745721035988027e-06
genetic_algorithm,sphere,110,14400,5.745721035988027e-06
genetic_algorithm,sphere,110,14500,5.28855099899974e-06
genetic_algorithm,sphere,110,14600,4.87283497903098e-06
genetic_algorithm,sphere,110,14700,4.87283497903098e-06
genetic_algorithm,sphere,110,14800,4.87283497903098e-06
genetic_algorithm,sphere,110,14900,4.87283497903098e-06
genetic_algorithm,sphere,110,15000,4.87283497903098e-06
genetic_algorithm,sphere,110,15100,4.254528329041321e-06
genetic_algorithm,sphere,110,15200,4.254528329041321e-06
genetic_algorithm,sphere,110,15300,4.254528329041321e-06
genetic_algorithm,sphere,110,15400,4.254528329041321e-06
genetic_algorithm,sphere,110,15500,4.254528329041321e-06
genetic_algorithm,sphere,110,15600,4.254528329041321e-06
genetic_algorithm,sphere,110,15700,4.254528329041321e-06
genetic_algorithm,sphere,110,15800,4.254528329041321e-06
genetic_algorithm,sphere,110,15900,4.254528329041321e-06
genetic_algorithm,sphere,110,16000,4.254528329041321e-06
genetic_algorithm,sphere,110,16100,4.254528329041321e-06
genetic_algorithm,sphere,110,16200,4.254528329041321e-06
genetic_algorithm,sphere,110,16300,4.254528329041321e-06
genetic_algorithm,sphere,110,16400,4.254528329041321e-06
genetic_algorithm,sphere,110,16500,4.254528329041321e-06
genetic_algorithm,sphere,110,16600,4.254528329041321e-06
genetic_algorithm,sphere,110,16700,4.254528329041321e-06
genetic_algorithm,sphere,110,16800,4.254528329041321e-06
genetic_algorithm,sphere,110,16900,4.254528329041321e-06
genetic_algorithm,sphere,110,17000,4.254528329041321e-06
genetic_algorithm,sphere,110,17100,4.254528329041321e-06
genetic_algorithm,sphere,110,17200,4.254528329041321e-06
genetic_algorithm,sphere,110,17300,4.254528329041321e-06
genetic_algorithm,sphere,110,17400,4.254528329041321e-06
genetic_algorithm,sphere,110,17500,4.254528329041321e-06
genetic_algorithm,sphere,110,17600,4.254528329041321e-06
genetic_algorithm,sphere,110,17700,4.254528329041321e-06
genetic_algorithm,sphere,110,17800,4.254528329041321e-06
genetic_algorithm,sphere,110,17900,4.254528329041321e-06
genetic_algorithm,sphere,110,18000,4.254528329041321e-06
genetic_algorithm,sphere,110,18100,4.254528329041321e-06
genetic_algorithm,sphere,110,18200,4.254528329041321e-06
genetic_algorithm,sphere,110,18300,4.254528329041321e-06
genetic_algorithm,sphere,110,18400,4.031630168119751e-06
genetic_algorithm,sphere,110,18500,4.031630168119751e-06
genetic_algorithm,sphere,110,18600,4.031630168119751e-06
genetic_algorithm,sphere,110,18700,4.031630168119751e-06
genetic_algorithm,sphere,110,18800,4.031630168119751e-06
genetic_algorithm,sphere,110,18900,4.031630168119751e-06
genetic_algorithm,sphere,110,19000,4.031630168119751e-06
genetic_algorithm,sphere,110,19100,4.031630168119751e-06
genetic_algorithm,sphere,110,19200,4.031630168119751e-06
genetic_algorithm,sphere,110,19300,4.031630168119751e-06
genetic_algorithm,sphere,110,19400,4.031630168119751e-06
genetic_algorithm,sphere,110,19500,4.031630168119751e-06
genetic_algorithm,sphere,110,19600,4.031630168119751e-06
genetic_algorithm,sphere,110,19700,4.031630168119751e-06
genetic_algorithm,sphere,110,19800,4.031630168119751e-06
genetic_algorithm,sphere,110,19900,4.031630168119751e-06
genetic_algorithm,sphere,110,20000,3.524318027633695e-06
genetic_algorithm,sphere,111,100,9.263097883402196
genetic_algorithm,sphere,111,200,8.218129648121074
genetic_algorithm,sphere,111,300,4.932144852124832
genetic_algorithm,sphere,111,400,2.6843618446375714
genetic_algorithm,sphere,111,500,1.6299349578455762
genetic_algorithm,sphere,111,600,1.0248084913923092
genetic_algorithm,sphere,111,700,0.3995109963672149
genetic_algorithm,sphere,111,800,0.2302005213171188
genetic_algorithm,sphere,111,900,0.07083839049541235
genetic_algorithm,sphere,111,1000,0.03538470685070333
genetic_algorithm,sphere,111,1100,0.019613053300307885
genetic_algorithm,sphere,111,1200,0.013677499671471515
genetic_algorithm,sphere,111,1300,0.00699984251407292
genetic_algorithm,sphere,111,1400,0.004018790924335246
genetic_algorithm,sphere,111,1500,0.0019999399371040676
genetic_algorithm,sphere,111,1600,0.0019999399371040676
genetic_algorithm,sphere,111,1700,0.0015918642287403124
genetic_algorithm,sphere,111,1800,0.0013784478255905563
genetic_algorithm,sphere,111,1900,0.0013784478255905563
genetic_algorithm,sphere,111,2000,0.0012471543886174022
genetic_algorithm,sphere,111,2100,0.0011730245466268989
genetic_algorithm,sphere,111,2200,0.0010021513989341756
genetic_algorithm,sphere,111,2300,0.0010021513989341756
genetic_algorithm,sphere,111,2400,0.0005287498645364503
genetic_algorithm,sphere,111,2500,0.0005287498645364503
genetic_algorithm,sphere,111,2600,0.0005153047305538409
genetic_algorithm,sphere,111,2700,0.0005153047305538409
genetic_algorithm,sphere,111,2800,0.0003937237760974762
genetic_algorithm,sphere,111,2900,0.0003937237760974762
genetic_algorithm,sphere,111,3000,0.00034494067970062143
genetic_algorithm,sphere,111,3100,0.00021267331014515332
genetic_algorithm,sphere,111,3200,0.00010327016535691224
genetic_algorithm,sphere,111,3300,0.00010327016535691224
genetic_algorithm,sphere,111,3400,0.00010327016535691224
genetic_algorithm,sphere,111,3500,0.00010327016535691224
genetic_algorithm,sphere,111,3600,7.84399155752092e-05
genetic_algorithm,sphere,111,3700,7.84399155752092e-05
genetic_algorithm,sphere,111,3800,7.84399155752092e-05
genetic_algorithm,sphere,111,3900,7.84399155752092e-05
genetic_algorithm,sphere,111,4000,7.84399155752092e-05
genetic_algorithm,sphere,111,4100,7.84399155752092e-05
genetic_algorithm,sphere,111,4200,7.84399155752092e-05
genetic_algorithm,sphere,111,4300,7.84399155752092e-05
genetic_algorithm,sphere,111,4400,7.84399155752092e-05
genetic_algorithm,sphere,111,4500,7.84399155752092e-05
genetic_algorithm,sphere,111,4600,7.84399155752092e-05
genetic_algorithm,sphere,111,4700,7.84399155752092e-05
genetic_algorithm,sphere,111,4800,7.84399155752092e-05
genetic_algorithm,sphere,111,4900,7.826964960787799e-05
genetic_algorithm,sphere,111,5000,7.826964960787799e-05
genetic_algorithm,sphere,111,5100,7.826964960787799e-05
genetic_algorithm,sphere,111,5200,7.826964960787799e-05
genetic_algorithm,sphere,111,5300,7.826964960787799e-05
genetic_algorithm,sphere,111,5400,7.826964960787799e-05
genetic_algorithm,sphere,111,5500,7.826964960787799e-05
genetic_algorithm,sphere,111,5600,3.7053012496144594e-05
genetic_algorithm,sphere,111,5700,1.9955965195022215e-05
genetic_algorithm,sphere,111,5800,1.9955965195022215e-05
genetic_algorithm,sphere,111,5900,1.9955965195022215e-05
genetic_algorithm,sphere,111,6000,1.9955965195022215e-05
genetic_algorithm,sphere,111,6100,1.9955965195022215e-05
genetic_algorithm,sphere,111,6200,1.9955965195022215e-05
genetic_algorithm,sphere,111,6300,1.7000090965938385e-05
genetic_algorithm,sphere,111,6400,1.6660031957623613e-05
genetic_algorithm,sphere,111,6500,1.650909753261789e-05
genetic_algorithm,sphere,111,6600,1.650909753261789e-05
genetic_algorithm,sphere,111,6700,1.650909753261789e-05
genetic_algorithm,sphere,111,6800,1.650909753261789e-05
genetic_algorithm,sphere,111,6900,1.650909753261789e-05
genetic_algorithm,sphere,111,7000,1.650909753261789e-05
genetic_algorithm,sphere,111,7100,1.650909753261789e-05
genetic_algorithm,sphere,111,7200,1.650909753261789e-05
genetic_algorithm,sphere,111,7300,1.650909753261789e-05
genetic_algorithm,sphere,111,7400,1.650909753261789e-05
genetic_algorithm,sphere,111,7500,1.650909753261789e-05
genetic_algorithm,sphere,111,7600,1.650909753261789e-05
genetic_algorithm,sphere,111,7700,1.650909753261789e-05
genetic_algorithm,sphere,111,7800,1.650909753261789e-05
genetic_algorithm,sphere,111,7900,8.591116613578138e-06
genetic_algorithm,sphere,111,8000,8.591116613578138e-06
genetic_algorithm,sphere,111,8100,8.591116613578138e-06
genetic_algorithm,sphere,111,8200,8.591116613578138e-06
genetic_algorithm,sphere,111,8300,8.591116613578138e-06
genetic_algorithm,sphere,111,8400,8.591116613578138e-06
genetic_algorithm,sphere,111,8500,8.591116613578138e-06
genetic_algorithm,sphere,111,8600,8.591116613578138e-06
genetic_algorithm,sphere,111,8700,8.591116613578138e-06
genetic_algorithm,sphere,111,8800,8.266073655050068e-06
genetic_algorithm,sphere,111,8900,8.266073655050068e-06
genetic_algorithm,sphere,111,9000,8.266073655050068e-06
genetic_algorithm,sphere,111,9100,8.266073655050068e-06
genetic_algorithm,sphere,111,9200,8.266073655050068e-06
genetic_algorithm,sphere,111,9300,8.266073655050068e-06
genetic_algorithm,sphere,111,9400,8.266073655050068e-06
genetic_algorithm,sphere,111,9500,5.4184885818991185e-06
genetic_algorithm,sphere,111,9600,5.310306531770868e-06
genetic_algorithm,sphere,111,9700,5.310306531770868e-06
genetic_algorithm,sphere,111,9800,5.310306531770868e-06
genetic_algorithm,sphere,111,9900,5.310306531770868e-06
genetic_algorithm,sphere,111,10000,5.310306531770868e-06
genetic_algorithm,sphere,111,10100,5.310306531770868e-06
genetic_algorithm,sphere,111,10200,5.310306531770868e-06
genetic_algorithm,sphere,111,10300,5.310306531770868e-06
genetic_algorithm,sphere,111,10400,5.310306531770868e-06
genetic_algorithm,sphere,111,10500,5.310306531770868e-06
genetic_algorithm,sphere,111,10600,5.310306531770868e-06
genetic_algorithm,sphere,111,10700,5.310306531770868e-06
genetic_algorithm,sphere,111,10800,5.310306531770868e-06
genetic_algorithm,sphere,111,10900,5.310306531770868e-06
genetic_algorithm,sphere,111,11000,5.310306531770868e-06
genetic_algorithm,sphere,111,11100,5.310306531770868e-06
genetic_algorithm,sphere,111,11200,5.310306531770868e-06
genetic_algorithm,sphere,111,11300,5.310306531770868e-06
genetic_algorithm,sphere,111,11400,5.310306531770868e-06
genetic_algorithm,sphere,111,11500,5.310306531770868e-06
genetic_algorithm,sphere,111,11600,5.310306531770868e-06
genetic_algorithm,sphere,111,11700,5.310306531770868e-06
genetic_algorithm,sphere,111,11800,4.6916314362331765e-06
genetic_algorithm,sphere,111,11900,4.6916314362331765e-06
genetic_algorithm,sphere,111,12000,4.6916314362331765e-06
genetic_algorithm,sphere,111,12100,4.6916314362331765e-06
genetic_algorithm,sphere,111,12200,4.6916314362331765e-06
genetic_algorithm,sphere,111,12300,4.6916314362331765e-06
genetic_algorithm,sphere,111,12400,4.6916314362331765e-06
genetic_algorithm,sphere,111,12500,4.6916314362331765e-06
genetic_algorithm,sphere,111,12600,4.6916314362331765e-06
genetic_algorithm,sphere,111,12700,4.6916314362331765e-06
genetic_algorithm,sphere,111,12800,4.6916314362331765e-06
genetic_algorithm,sphere,111,12900,4.6916314362331765e-06
genetic_algorithm,sphere,111,13000,4.6916314362331765e-06
genetic_algorithm,sphere,111,13100,4.6916314362331765e-06
genetic_algorithm,sphere,111,13200,4.6916314362331765e-06
genetic_algorithm,sphere,111,13300,4.6916314362331765e-06
genetic_algorithm,sphere,111,13400,4.6916314362331765e-06
genetic_algorithm,sphere,111,13500,4.6916314362331765e-06
genetic_algorithm,sphere,111,13600,4.6916314362331765e-06
genetic_algorithm,sphere,111,13700,4.6916314362331765e-06
genetic_algorithm,sphere,111,13800,4.6916314362331765e-06
genetic_algorithm,sphere,111,13900,4.6916314362331765e-06
genetic_algorithm,sphere,111,14000,4.6916314362331765e-06
genetic_algorithm,sphere,111,14100,4.6916314362331765e-06
genetic_algorithm,sphere,111,14200,4.6916314362331765e-06
genetic_algorithm,sphere,111,14300,4.6916314362331765e-06
genetic_algorithm,sphere,111,14400,4.665373797976048e-06
genetic_algorithm,sphere,111,14500,4.665373797976048e-06
genetic_algorithm,sphere,111,14600,4.665373797976048e-06
genetic_algorithm,sphere,111,14700,4.665373797976048e-06
genetic_algorithm,sphere,111,14800,4.665373797976048e-06
genetic_algorithm,sphere,111,14900,4.665373797976048e-06
genetic_algorithm,sphere,111,15000,4.665373797976048e-06
genetic_algorithm,sphere,111,15100,4.665373797976048e-06
genetic_algorithm,sphere,111,15200,4.665373797976048e-06
genetic_algorithm,sphere,111,15300,4.665373797976048e-06
genetic_algorithm,sphere,111,15400,4.665373797976048e-06
genetic_algorithm,sphere,111,15500,4.665373797976048e-06
genetic_algorithm,sphere,111,15600,4.665373797976048e-06
genetic_algorithm,sphere,111,15700,4.665373797976048e-06
genetic_algorithm,sphere,111,15800,4.665373797976048e-06
genetic_algorithm,sphere,111,15900,4.665373797976048e-06
genetic_algorithm,sphere,111,16000,4.665373797976048e-06
genetic_algorithm,sphere,111,16100,4.665373797976048e-06
genetic_algorithm,sphere,111,16200,4.224549196479528e-06
genetic_algorithm,sphere,111,16300,4.224549196479528e-06
genetic_algorithm,sphere,111,16400,4.224549196479528e-06
genetic_algorithm,sphere,111,16500,4.224549196479528e-06
genetic_algorithm,sphere,111,16600,4.224549196479528e-06
genetic_algorithm,sphere,111,16700,4.224549196479528e-06
genetic_algorithm,sphere,111,16800,4.224549196479528e-06
genetic_algorithm,sphere,111,16900,4.224549196479528e-06
genetic_algorithm,sphere,111,17000,4.224549196479528e-06
genetic_algorithm,sphere,111,17100,4.224549196479528e-06
genetic_algorithm,sphere,111,17200,4.224549196479528e-06
genetic_algorithm,sphere,111,17300,4.224549196479528e-06
genetic_algorithm,sphere,111,17400,4.224549196479528e-06
genetic_algorithm,sphere,111,17500,4.224549196479528e-06
genetic_algorithm,sphere,111,17600,4.224549196479528e-06
genetic_algorithm,sphere,111,17700,4.224549196479528e-06
genetic_algorithm,sphere,111,17800,3.911371511598144e-06
genetic_algorithm,sphere,111,17900,3.911371511598144e-06
genetic_algorithm,sphere,111,18000,3.911371511598144e-06
genetic_algorithm,sphere,111,18100,3.911371511598144e-06
genetic_algorithm,sphere,111,18200,3.911371511598144e-06
genetic_algorithm,sphere,111,18300,3.911371511598144e-06
genetic_algorithm,sphere,111,18400,3.911371511598144e-06
genetic_algorithm,sphere,111,18500,3.911371511598144e-06
genetic_algorithm,sphere,111,18600,3.911371511598144e-06
genetic_algorithm,sphere,111,18700,3.911371511598144e-06
genetic_algorithm,sphere,111,18800,3.911371511598144e-06
genetic_algorithm,sphere,111,18900,3.911371511598144e-06
genetic_algorithm,sphere,111,19000,3.911371511598144e-06
genetic_algorithm,sphere,111,19100,3.911371511598144e-06
genetic_algorithm,sphere,111,19200,3.911371511598144e-06
genetic_algorithm,sphere,111,19300,3.911371511598144e-06
genetic_algorithm,sphere,111,19400,3.911371511598144e-06
genetic_algorithm,sphere,111,19500,3.911371511598144e-06
genetic_algorithm,sphere,111,19600,3.911371511598144e-06
genetic_algorithm,sphere,111,19700,3.911371511598144e-06
genetic_algorithm,sphere,111,19800,3.911371511598144e-06
genetic_algorithm,sphere,111,19900,3.911371511598144e-06
genetic_algorithm,sphere,111,20000,3.911371511598144e-06
genetic_algorithm,sphere,112,100,11.79646532384237
genetic_algorithm,sphere,112,200,7.7388502825426055
genetic_algorithm,sphere,112,300,5.889391861747294
genetic_algorithm,sphere,112,400,4.605423596988579
genetic_algorithm,sphere,112,500,3.213044094366566
genetic_algorithm,sphere,112,600,2.0237793477667383
genetic_algorithm,sphere,112,700,0.7852535118436308
genetic_algorithm,sphere,112,800,0.30468805012722605
genetic_algorithm,sphere,112,900,0.14830579802676022
genetic_algorithm,sphere,112,1000,0.12232929651299557
genetic_algorithm,sphere,112,1100,0.049215771089914304
genetic_algorithm,sphere,112,1200,0.03739371081627253
genetic_algorithm,sphere,112,1300,0.02599888810594624
genetic_algorithm,sphere,112,1400,0.011742101028713852
genetic_algorithm,sphere,112,1500,0.011672058875555403
genetic_algorithm,sphere,112,1600,0.00968070600579217
genetic_algorithm,sphere,112,1700,0.004593376433341968
genetic_algorithm,sphere,112,1800,0.0026229703410703513
genetic_algorithm,sphere,112,1900,0.0012977807825414658
genetic_algorithm,sphere,112,2000,0.0012977807825414658
genetic_algorithm,sphere,112,2100,0.0012670266951635176
genetic_algorithm,sphere,112,2200,0.0012670266951635176
genetic_algorithm,sphere,112,2300,0.0012670266951635176
genetic_algorithm,sphere,112,2400,0.0012670266951635176
genetic_algorithm,sphere,112,2500,0.0010585091779745702
genetic_algorithm,sphere,112,2600,0.0010585091779745702
genetic_algorithm,sphere,112,2700,0.0010585091779745702
genetic_algorithm,sphere,112,2800,0.0006826890752370555
genetic_algorithm,sphere,112,2900,0.0006826890752370555
genetic_algorithm,sphere,112,3000,0.0006826890752370555
genetic_algorithm,sphere,112,3100,0.0006023690363407204
genetic_algorithm,sphere,112,3200,0.0006023690363407204
genetic_algorithm,sphere,112,3300,0.0006023690363407204
genetic_algorithm,sphere,112,3400,0.0006023690363407204
genetic_algorithm,sphere,112,3500,0.0006023690363407204
genetic_algorithm,sphere,112,3600,0.0003937543536586645
genetic_algorithm,sphere,112,3700,0.0003937543536586645
genetic_algorithm,sphere,112,3800,0.0002834642872999389
genetic_algorithm,sphere,112,3900,0.0002834642872999389
genetic_algorithm,sphere,112,4000,0.0002834642872999389
genetic_algorithm,sphere,112,4100,0.0002834642872999389
genetic_algorithm,sphere,112,4200,0.0002834642872999389
genetic_algorithm,sphere,112,4300,0.0002792228776619207
genetic_algorithm,sphere,112,4400,0.00020404433885003553
genetic_algorithm,sphere,112,4500,0.00016016123573925467
genetic_algorithm,sphere,112,4600,0.00011491553346710257
genetic_algorithm,sphere,112,4700,0.00011491553346710257
genetic_algorithm,sphere,112,4800,0.00011491553346710257
genetic_algorithm,sphere,112,4900,0.00011491553346710257
genetic_algorithm,sphere,112,5000,0.00011491553346710257
genetic_algorithm,sphere,112,5100,0.00011416842969368689
genetic_algorithm,sphere,112,5200,9.922773426277962e-05
genetic_algorithm,sphere,112,5300,9.922773426277962e-05
genetic_algorithm,sphere,112,5400,8.970732021722515e-05
genetic_algorithm,sphere,112,5500,8.970732021722515e-05
genetic_algorithm,sphere,112,5600,8.970732021722515e-05
genetic_algorithm,sphere,112,5700,8.970732021722515e-05
genetic_algorithm,sphere,112,5800,7.016694262260172e-05
genetic_algorithm,sphere,112,5900,7.016694262260172e-05
genetic_algorithm,sphere,112,6000,6.60212929155484e-05
genetic_algorithm,sphere,112,6100,6.60212929155484e-05
genetic_algorithm,sphere,112,6200,6.60212929155484e-05
genetic_algorithm,sphere,112,6300,6.60212929155484e-05
genetic_algorithm,sphere,112,6400,6.60212929155484e-05
genetic_algorithm,sphere,112,6500,6.60212929155484e-05
genetic_algorithm,sphere,112,6600,6.60212929155484e-05
genetic_algorithm,sphere,112,6700,6.452491379721626e-05
genetic_algorithm,sphere,112,6800,5.478105878524274e-05
genetic_algorithm,sphere,112,6900,5.478105878524274e-05
genetic_algorithm,sphere,112,7000,5.478105878524274e-05
genetic_algorithm,sphere,112,7100,5.478105878524274e-05
genetic_algorithm,sphere,112,7200,4.612258000012087e-05
genetic_algorithm,sphere,112,7300,4.612258000012087e-05
genetic_algorithm,sphere,112,7400,4.612258000012087e-05
genetic_algorithm,sphere,112,7500,4.612258000012087e-05
genetic_algorithm,sphere,112,7600,4.612258000012087e-05
genetic_algorithm,sphere,112,7700,4.612258000012087e-05
genetic_algorithm,sphere,112,7800,4.612258000012087e-05
genetic_algorithm,sphere,112,7900,4.612258000012087e-05
genetic_algorithm,sphere,112,8000,3.544901668376584e-05
genetic_algorithm,sphere,112,8100,3.544901668376584e-05
genetic_algorithm,sphere,112,8200,3.544901668376584e-05
genetic_algorithm,sphere,112,8300,3.449518426819552e-05
genetic_algorithm,sphere,112,8400,3.449518426819552e-05
genetic_algorithm,sphere,112,8500,3.449518426819552e-05
genetic_algorithm,sphere,112,8600,3.449518426819552e-05
genetic_algorithm,sphere,112,8700,3.449518426819552e-05
genetic_algorithm,sphere,112,8800,3.449518426819552e-05
genetic_algorithm,sphere,112,8900,3.449518426819552e-05
genetic_algorithm,sphere,112,9000,3.449518426819552e-05
genetic_algorithm,sphere,112,9100,3.449518426819552e-05
genetic_algorithm,sphere,112,9200,3.449518426819552e-05
genetic_algorithm,sphere,112,9300,3.449518426819552e-05
genetic_algorithm,sphere,112,9400,3.449518426819552e-05
genetic_algorithm,sphere,112,9500,3.449518426819552e-05
genetic_algorithm,sphere,112,9600,3.449518426819552e-05
genetic_algorithm,sphere,112,9700,2.588360144158597e-05
genetic_algorithm,sphere,112,9800,2.588360144158597e-05
genetic_algorithm,sphere,112,9900,2.588360144158597e-05
genetic_algorithm,sphere,112,10000,2.588360144158597e-05
genetic_algorithm,sphere,112,10100,2.2264330598230292e-05
genetic_algorithm,sphere,112,10200,2.2264330598230292e-05
genetic_algorithm,sphere,112,10300,2.2264330598230292e-05
genetic_algorithm,sphere,112,10400,2.2264330598230292e-05
genetic_algorithm,sphere,112,10500,2.2264330598230292e-05
genetic_algorithm,sphere,112,10600,2.2264330598230292e-05
genetic_algorithm,sphere,112,10700,2.2264330598230292e-05
genetic_algorithm,sphere,112,10800,2.2264330598230292e-05
genetic_algorithm,sphere,112,10900,2.2264330598230292e-05
genetic_algorithm,sphere,112,11000,2.2264330598230292e-05
genetic_algorithm,sphere,112,11100,2.2264330598230292e-05
genetic_algorithm,sphere,112,11200,2.2264330598230292e-05
genetic_algorithm,sphere,112,11300,2.2264330598230292e-05
genetic_algorithm,sphere,112,11400,2.2264330598230292e-05
genetic_algorithm,sphere,112,11500,2.2264330598230292e-05
genetic_algorithm,sphere,112,11600,2.2264330598230292e-05
genetic_algorithm,sphere,112,11700,2.2264330598230292e-05
genetic_algorithm,sphere,112,11800,2.2264330598230292e-05
genetic_algorithm,sphere,112,11900,2.2264330598230292e-05
genetic_algorithm,sphere,112,12000,2.2264330598230292e-05
genetic_algorithm,sphere,112,12100,2.2264330598230292e-05
genetic_algorithm,sphere,112,12200,2.2264330598230292e-05
genetic_algorithm,sphere,112,12300,2.2264330598230292e-05
genetic_algorithm,sphere,112,12400,2.2264330598230292e-05
genetic_algorithm,sphere,112,12500,2.2264330598230292e-05
genetic_algorithm,sphere,112,12600,1.2357968489355186e-05
genetic_algorithm,sphere,112,12700,1.2357968489355186e-05
genetic_algorithm,sphere,112,12800,1.2357968489355186e-05
genetic_algorithm,sphere,112,12900,1.2357968489355186e-05
genetic_algorithm,sphere,112,13000,1.2357968489355186e-05
genetic_algorithm,sphere,112,13100,1.2357968489355186e-05
genetic_algorithm,sphere,112,13200,1.2357968489355186e-05
genetic_algorithm,sphere,112,13300,1.2357968489355186e-05
genetic_algorithm,sphere,112,13400,1.2357968489355186e-05
genetic_algorithm,sphere,112,13500,1.2357968489355186e-05
genetic_algorithm,sphere,112,13600,1.2357968489355186e-05
genetic_algorithm,sphere,112,13700,1.2357968489355186e-05
genetic_algorithm,sphere,112,13800,1.2357968489355186e-05
genetic_algorithm,sphere,112,13900,1.2357968489355186e-05
genetic_algorithm,sphere,112,14000,1.2357968489355186e-05
genetic_algorithm,sphere,112,14100,1.2357968489355186e-05
genetic_algorithm,sphere,112,14200,1.2357968489355186e-05
genetic_algorithm,sphere,112,14300,1.2357968489355186e-05
genetic_algorithm,sphere,112,14400,1.2357968489355186e-05
genetic_algorithm,sphere,112,14500,1.2357968489355186e-05
genetic_algorithm,sphere,112,14600,1.2357968489355186e-05
genetic_algorithm,sphere,112,14700,1.2357968489355186e-05
genetic_algorithm,sphere,112,14800,1.2357968489355186e-05
genetic_algorithm,sphere,112,14900,1.2357968489355186e-05
genetic_algorithm,sphere,112,15000,1.2357968489355186e-05
genetic_algorithm,sphere,112,15100,1.2357968489355186e-05
genetic_algorithm,sphere,112,15200,1.2357968489355186e-05
genetic_algorithm,sphere,112,15300,1.2357968489355186e-05
genetic_algorithm,sphere,112,15400,1.2000952922813937e-05
genetic_algorithm,sphere,112,15500,1.0669966557314921e-05
genetic_algorithm,sphere,112,15600,7.1375359823066295e-06
genetic_algorithm,sphere,112,15700,7.1375359823066295e-06
genetic_algorithm,sphere,112,15800,7.1375359823066295e-06
genetic_algorithm,sphere,112,15900,7.1375359823066295e-06
genetic_algorithm,sphere,112,16000,7.1375359823066295e-06
genetic_algorithm,sphere,112,16100,7.1375359823066295e-06
genetic_algorithm,sphere,112,16200,7.1375359823066295e-06
genetic_algorithm,sphere,112,16300,7.1375359823066295e-06
genetic_algorithm,sphere,112,16400,7.1375359823066295e-06
genetic_algorithm,sphere,112,16500,7.1375359823066295e-06
genetic_algorithm,sphere,112,16600,7.1375359823066295e-06
genetic_algorithm,sphere,112,16700,7.1375359823066295e-06
genetic_algorithm,sphere,112,16800,7.1375359823066295e-06
genetic_algorithm,sphere,112,16900,7.1375359823066295e-06
genetic_algorithm,sphere,112,17000,7.1375359823066295e-06
genetic_algorithm,sphere,112,17100,7.1375359823066295e-06
genetic_algorithm,sphere,112,17200,7.1375359823066295e-06
genetic_algorithm,sphere,112,17300,7.1375359823066295e-06
genetic_algorithm,sphere,112,17400,7.1375359823066295e-06
genetic_algorithm,sphere,112,17500,7.1375359823066295e-06
genetic_algorithm,sphere,112,17600,7.1375359823066295e-06
genetic_algorithm,sphere,112,17700,7.1375359823066295e-06
genetic_algorithm,sphere,112,17800,7.1375359823066295e-06
genetic_algorithm,sphere,112,17900,7.1375359823066295e-06
genetic_algorithm,sphere,112,18000,7.1375359823066295e-06
genetic_algorithm,sphere,112,18100,7.1375359823066295e-06
genetic_algorithm,sphere,112,18200,7.1375359823066295e-06
genetic_algorithm,sphere,112,18300,7.1375359823066295e-06
genetic_algorithm,sphere,112,18400,7.1375359823066295e-06
genetic_algorithm,sphere,112,18500,7.1375359823066295e-06
genetic_algorithm,sphere,112,18600,7.1375359823066295e-06
genetic_algorithm,sphere,112,18700,7.1375359823066295e-06
genetic_algorithm,sphere,112,18800,7.1375359823066295e-06
genetic_algorithm,sphere,112,18900,7.1375359823066295e-06
genetic_algorithm,sphere,112,19000,6.1099132758055086e-06
genetic_algorithm,sphere,112,19100,6.1099132758055086e-06
genetic_algorithm,sphere,112,19200,6.1099132758055086e-06
genetic_algorithm,sphere,112,19300,6.1099132758055086e-06
genetic_algorithm,sphere,112,19400,6.1099132758055086e-06
genetic_algorithm,sphere,112,19500,6.1099132758055086e-06
genetic_algorithm,sphere,112,19600,6.1099132758055086e-06
genetic_algorithm,sphere,112,19700,6.1099132758055086e-06
genetic_algorithm,sphere,112,19800,6.1099132758055086e-06
genetic_algorithm,sphere,112,19900,6.1099132758055086e-06
genetic_algorithm,sphere,112,20000,6.1099132758055086e-06
genetic_algorithm,sphere,113,100,5.522939399155446
genetic_algorithm,sphere,113,200,4.46331643316685
genetic_algorithm,sphere,113,300,2.7104482690627094
genetic_algorithm,sphere,113,400,1.618188553348267
genetic_algorithm,sphere,113,500,1.184481188386829
genetic_algorithm,sphere,113,600,0.6998742003132425
genetic_algorithm,sphere,113,700,0.3383784753185987
genetic_algorithm,sphere,113,800,0.1848101026185139
genetic_algorithm,sphere,113,900,0.11101614934812713
genetic_algorithm,sphere,113,1000,0.0643405019622693
genetic_algorithm,sphere,113,1100,0.048448127977234606
genetic_algorithm,sphere,113,1200,0.01937267914010594
genetic_algorithm,sphere,113,1300,0.017095721584460048
genetic_algorithm,sphere,113,1400,0.005103625939355153
genetic_algorithm,sphere,113,1500,0.004649010462109683
genetic_algorithm,sphere,113,1600,0.004649010462109683
genetic_algorithm,sphere,113,1700,0.00363239146752717
genetic_algorithm,sphere,113,1800,0.0033154435875520773
genetic_algorithm,sphere,113,1900,0.0033154435875520773
genetic_algorithm,sphere,113,2000,0.0030823470271645957
genetic_algorithm,sphere,113,2100,0.0016772045159163481
genetic_algorithm,sphere,113,2200,0.0016772045159163481
genetic_algorithm,sphere,113,2300,0.0012987290935983812
genetic_algorithm,sphere,113,2400,0.0011955053536804457
genetic_algorithm,sphere,113,2500,0.0009876854409141224
genetic_algorithm,sphere,113,2600,0.0007143487156758946
genetic_algorithm,sphere,113,2700,0.0007143487156758946
genetic_algorithm,sphere,113,2800,0.0007143487156758946
genetic_algorithm,sphere,113,2900,0.0005939224241852822
genetic_algorithm,sphere,113,3000,0.0004415155103034141
genetic_algorithm,sphere,113,3100,0.00040888274528781167
genetic_algorithm,sphere,113,3200,0.00036906899113106455
genetic_algorithm,sphere,113,3300,0.00036906899113106455
genetic_algorithm,sphere,113,3400,0.00036011998386078505
genetic_algorithm,sphere,113,3500,0.0003377434187171277
genetic_algorithm,sphere,113,3600,0.0003377434187171277
genetic_algorithm,sphere,113,3700,0.0003377434187171277
genetic_algorithm,sphere,113,3800,0.0003281271875077144
genetic_algorithm,sphere,113,3900,0.00026509351969422964
genetic_algorithm,sphere,113,4000,0.00022777014373180702
genetic_algorithm,sphere,113,4100,0.00022777014373180702
genetic_algorithm,sphere,113,4200,0.00022777014373180702
genetic_algorithm,sphere,113,4300,0.00022777014373180702
genetic_algorithm,sphere,113,4400,0.00022777014373180702
genetic_algorithm,sphere,113,4500,0.00022777014373180702
genetic_algorithm,sphere,113,4600,0.00022777014373180702
genetic_algorithm,sphere,113,4700,0.00022777014373180702
genetic_algorithm,sphere,113,4800,0.00022777014373180702
genetic_algorithm,sphere,113,4900,0.00022777014373180702
genetic_algorithm,sphere,113,5000,0.00022777014373180702
genetic_algorithm,sphere,113,5100,0.0001791443395257027
genetic_algorithm,sphere,113,5200,0.0001791443395257027
genetic_algorithm,sphere,113,5300,0.0001791443395257027
genetic_algorithm,sphere,113,5400,0.0001791443395257027
genetic_algorithm,sphere,113,5500,0.0001791443395257027
genetic_algorithm,sphere,113,5600,0.00017010619778931447
genetic_algorithm,sphere,113,5700,0.00017010619778931447
genetic_algorithm,sphere,113,5800,0.00015121825611569536
genetic_algorithm,sphere,113,5900,0.00010108145723611207
genetic_algorithm,sphere,113,6000,0.00010108145723611207
genetic_algorithm,sphere,113,6100,9.864077909586252e-05
genetic_algorithm,sphere,113,6200,8.833880206880817e-05
genetic_algorithm,sphere,113,6300,8.833880206880817e-05
genetic_algorithm,sphere,113,6400,8.833880206880817e-05
genetic_algorithm,sphere,113,6500,8.833880206880817e-05
genetic_algorithm,sphere,113,6600,8.833880206880817e-05
genetic_algorithm,sphere,113,6700,8.833880206880817e-05
genetic_algorithm,sphere,113,6800,8.833880206880817e-05
genetic_algorithm,sphere,113,6900,8.822438493277697e-05
genetic_algorithm,sphere,113,7000,7.107590468518743e-05
genetic_algorithm,sphere,113,7100,7.107590468518743e-05
genetic_algorithm,sphere,113,7200,7.107590468518743e-05
genetic_algorithm,sphere,113,7300,6.919290623188611e-05
genetic_algorithm,sphere,113,7400,6.919290623188611e-05
genetic_algorithm,sphere,113,7500,6.754870524296987e-05
genetic_algorithm,sphere,113,7600,6.221540953622545e-05
genetic_algorithm,sphere,113,7700,6.221540953622545e-05
genetic_algorithm,sphere,113,7800,6.221540953622545e-05
genetic_algorithm,sphere,113,7900,6.221540953622545e-05
genetic_algorithm,sphere,113,8000,5.1593767089389925e-05
genetic_algorithm,sphere,113,8100,5.1593767089389925e-05
genetic_algorithm,sphere,113,8200,5.1593767089389925e-05
genetic_algorithm,sphere,113,8300,5.1593767089389925e-05
genetic_algorithm,sphere,113,8400,5.1593767089389925e-05
genetic_algorithm,sphere,113,8500,5.1101420735733875e-05
genetic_algorithm,sphere,113,8600,5.1101420735733875e-05
genetic_algorithm,sphere,113,8700,5.1101420735733875e-05
genetic_algorithm,sphere,113,8800,5.1101420735733875e-05
genetic_algorithm,sphere,113,8900,5.1101420735733875e-05
genetic_algorithm,sphere,113,9000,5.1101420735733875e-05
genetic_algorithm,sphere,113,9100,5.1101420735733875e-05
genetic_algorithm,sphere,113,9200,5.1101420735733875e-05
genetic_algorithm,sphere,113,9300,5.1101420735733875e-05
genetic_algorithm,sphere,113,9400,4.787652029052828e-05
genetic_algorithm,sphere,113,9500,3.000123744463157e-05
genetic_algorithm,sphere,113,9600,3.000123744463157e-05
genetic_algorithm,sphere,113,9700,2.9825525678087092e-05
genetic_algorithm,sphere,113,9800,2.9825525678087092e-05
genetic_algorithm,sphere,113,9900,2.9825525678087092e-05
genetic_algorithm,sphere,113,10000,2.9825525678087092e-05
genetic_algorithm,sphere,113,10100,2.9825525678087092e-05
genetic_algorithm,sphere,113,10200,2.9825525678087092e-05
genetic_algorithm,sphere,113,10300,2.9825525678087092e-05
genetic_algorithm,sphere,113,10400,2.9825525678087092e-05
genetic_algorithm,sphere,113,10500,2.9825525678087092e-05
genetic_algorithm,sphere,113,10600,2.9825525678087092e-05
genetic_algorithm,sphere,113,10700,2.9825525678087092e-05
genetic_algorithm,sphere,113,10800,2.9825525678087092e-05
genetic_algorithm,sphere,113,10900,2.7848247624825086e-05
genetic_algorithm,sphere,113,11000,2.7848247624825086e-05
genetic_algorithm,sphere,113,11100,2.3961900318383454e-05
genetic_algorithm,sphere,113,11200,2.1409145295327718e-05
genetic_algorithm,sphere,113,11300,2.1409145295327718e-05
genetic_algorithm,sphere,113,11400,2.1409145295327718e-05
genetic_algorithm,sphere,113,11500,2.1409145295327718e-05
genetic_algorithm,sphere,113,11600,2.1409145295327718e-05
genetic_algorithm,sphere,113,11700,2.1409145295327718e-05
genetic_algorithm,sphere,113,11800,2.1409145295327718e-05
genetic_algorithm,sphere,113,11900,2.1409145295327718e-05
genetic_algorithm,sphere,113,12000,2.1409145295327718e-05
genetic_algorithm,sphere,113,12100,2.1409145295327718e-05
genetic_algorithm,sphere,113,12200,2.1409145295327718e-05
genetic_algorithm,sphere,113,12300,2.1409145295327718e-05
genetic_algorithm,sphere,113,12400,2.1409145295327718e-05
genetic_algorithm,sphere,113,12500,2.1409145295327718e-05
genetic_algorithm,sphere,113,12600,2.1409145295327718e-05
genetic_algorithm,sphere,113,12700,2.1409145295327718e-05
genetic_algorithm,sphere,113,12800,2.1409145295327718e-05
genetic_algorithm,sphere,113,12900,2.1409145295327718e-05
genetic_algorithm,sphere,113,13000,2.1409145295327718e-05
genetic_algorithm,sphere,113,13100,2.1409145295327718e-05
genetic_algorithm,sphere,113,13200,2.1409145295327718e-05
genetic_algorithm,sphere,113,13300,2.1409145295327718e-05
genetic_algorithm,sphere,113,13400,2.1409145295327718e-05
genetic_algorithm,sphere,113,13500,2.1409145295327718e-05
genetic_algorithm,sphere,113,13600,2.1409145295327718e-05
genetic_algorithm,sphere,113,13700,2.1409145295327718e-05
genetic_algorithm,sphere,113,13800,2.1409145295327718e-05
genetic_algorithm,sphere,113,13900,2.1409145295327718e-05
genetic_algorithm,sphere,113,14000,2.1409145295327718e-05
genetic_algorithm,sphere,113,14100,2.1409145295327718e-05
genetic_algorithm,sphere,113,14200,2.1409145295327718e-05
genetic_algorithm,sphere,113,14300,2.1409145295327718e-05
genetic_algorithm,sphere,113,14400,2.1409145295327718e-05
genetic_algorithm,sphere,113,14500,2.1409145295327718e-05
genetic_algorithm,sphere,113,14600,2.1409145295327718e-05
genetic_algorithm,sphere,113,14700,2.1409145295327718e-05
genetic_algorithm,sphere,113,14800,2.1409145295327718e-05
genetic_algorithm,sphere,113,14900,2.1409145295327718e-05
genetic_algorithm,sphere,113,15000,2.1409145295327718e-05
genetic_algorithm,sphere,113,15100,2.1409145295327718e-05
genetic_algorithm,sphere,113,15200,2.103297593526199e-05
genetic_algorithm,sphere,113,15300,1.736162815151254e-05
genetic_algorithm,sphere,113,15400,1.736162815151254e-05
genetic_algorithm,sphere,113,15500,1.736162815151254e-05
genetic_algorithm,sphere,113,15600,1.736162815151254e-05
genetic_algorithm,sphere,113,15700,1.736162815151254e-05
genetic_algorithm,sphere,113,15800,1.6507984383934534e-05
genetic_algorithm,sphere,113,15900,1.6507984383934534e-05
genetic_algorithm,sphere,113,16000,1.6507984383934534e-05
genetic_algorithm,sphere,113,16100,1.6507984383934534e-05
genetic_algorithm,sphere,113,16200,1.6507984383934534e-05
genetic_algorithm,sphere,113,16300,1.6507984383934534e-05
genetic_algorithm,sphere,113,16400,1.6507984383934534e-05
genetic_algorithm,sphere,113,16500,1.6507984383934534e-05
genetic_algorithm,sphere,113,16600,1.6507984383934534e-05
genetic_algorithm,sphere,113,16700,1.6507984383934534e-05
genetic_algorithm,sphere,113,16800,1.6507984383934534e-05
genetic_algorithm,sphere,113,16900,1.6507984383934534e-05
genetic_algorithm,sphere,113,17000,1.6507984383934534e-05
genetic_algorithm,sphere,113,17100,1.6507984383934534e-05
genetic_algorithm,sphere,113,17200,1.6507984383934534e-05
genetic_algorithm,sphere,113,17300,1.6507984383934534e-05
genetic_algorithm,sphere,113,17400,1.6507984383934534e-05
genetic_algorithm,sphere,113,17500,1.6507984383934534e-05
genetic_algorithm,sphere,113,17600,1.4972536991020086e-05
genetic_algorithm,sphere,113,17700,1.4972536991020086e-05
genetic_algorithm,sphere,113,17800,1.4972536991020086e-05
genetic_algorithm,sphere,113,17900,1.4972536991020086e-05
genetic_algorithm,sphere,113,18000,1.4972536991020086e-05
genetic_algorithm,sphere,113,18100,1.4972536991020086e-05
genetic_algorithm,sphere,113,18200,1.4972536991020086e-05
genetic_algorithm,sphere,113,18300,1.4972536991020086e-05
genetic_algorithm,sphere,113,18400,1.4972536991020086e-05
genetic_algorithm,sphere,113,18500,1.4972536991020086e-05
genetic_algorithm,sphere,113,18600,1.4972536991020086e-05
genetic_algorithm,sphere,113,18700,1.4972536991020086e-05
genetic_algorithm,sphere,113,18800,1.4972536991020086e-05
genetic_algorithm,sphere,113,18900,1.4972536991020086e-05
genetic_algorithm,sphere,113,19000,1.4972536991020086e-05
genetic_algorithm,sphere,113,19100,1.4972536991020086e-05
genetic_algorithm,sphere,113,19200,1.4972536991020086e-05
genetic_algorithm,sphere,113,19300,1.4972536991020086e-05
genetic_algorithm,sphere,113,19400,1.4972536991020086e-05
genetic_algorithm,sphere,113,19500,1.4972536991020086e-05
genetic_algorithm,sphere,113,19600,1.4972536991020086e-05
genetic_algorithm,sphere,113,19700,1.4972536991020086e-05
genetic_algorithm,sphere,113,19800,1.4972536991020086e-05
genetic_algorithm,sphere,113,19900,1.4972536991020086e-05
genetic_algorithm,sphere,113,20000,1.4972536991020086e-05
genetic_algorithm,sphere,114,100,31.478424540727964
genetic_algorithm,sphere,114,200,14.130665562725197
genetic_algorithm,sphere,114,300,9.832476672684013
genetic_algorithm,sphere,114,400,8.002213498419069
genetic_algorithm,sphere,114,500,4.6397100519628784
genetic_algorithm,sphere,114,600,2.558611651089686
genetic_algorithm,sphere,114,700,1.3952175893945795
genetic_algorithm,sphere,114,800,0.6834555898850345
genetic_algorithm,sphere,114,900,0.34892215443548213
genetic_algorithm,sphere,114,1000,0.15470933517536742
genetic_algorithm,sphere,114,1100,0.1404036222370727
genetic_algorithm,sphere,114,1200,0.07913645404230216
genetic_algorithm,sphere,114,1300,0.04462169431900847
genetic_algorithm,sphere,114,1400,0.01821521217381076
genetic_algorithm,sphere,114,1500,0.00735563429278972
genetic_algorithm,sphere,114,1600,0.00735563429278972
genetic_algorithm,sphere,114,1700,0.004674919343681729
genetic_algorithm,sphere,114,1800,0.003508026636305602
genetic_algorithm,sphere,114,1900,0.003035427068426432
genetic_algorithm,sphere,114,2000,0.002774290098057921
genetic_algorithm,sphere,114,2100,0.002529356678885683
genetic_algorithm,sphere,114,2200,0.002529356678885683
genetic_algorithm,sphere,114,2300,0.0022517995169754066
genetic_algorithm,sphere,114,2400,0.001125127005740956
genetic_algorithm,sphere,114,2500,0.0010361992154967175
genetic_algorithm,sphere,114,2600,0.0010033632418136483
genetic_algorithm,sphere,114,2700,0.0003051400593340037
genetic_algorithm,sphere,114,2800,0.0003051400593340037
genetic_algorithm,sphere,114,2900,0.0003051400593340037
genetic_algorithm,sphere,114,3000,0.0003051400593340037
genetic_algorithm,sphere,114,3100,0.0003051400593340037
genetic_algorithm,sphere,114,3200,0.00029948436886922556
genetic_algorithm,sphere,114,3300,0.00029948436886922556
genetic_algorithm,sphere,114,3400,0.00027473620043544817
genetic_algorithm,sphere,114,3500,0.00027473620043544817
genetic_algorithm,sphere,114,3600,0.00027473620043544817
genetic_algorithm,sphere,114,3700,0.00027473620043544817
genetic_algorithm,sphere,114,3800,0.00027473620043544817
genetic_algorithm,sphere,114,3900,0.00027473620043544817
genetic_algorithm,sphere,114,4000,0.0002167179061546522
genetic_algorithm,sphere,114,4100,0.0002167179061546522
genetic_algorithm,sphere,114,4200,0.0002167179061546522
genetic_algorithm,sphere,114,4300,0.00018292806581678682
genetic_algorithm,sphere,114,4400,0.00017682488771963054
genetic_algorithm,sphere,114,4500,0.00017682488771963054
genetic_algorithm,sphere,114,4600,0.00017682488771963054
genetic_algorithm,sphere,114,4700,0.00017682488771963054
genetic_algorithm,sphere,114,4800,0.00017682488771963054
genetic_algorithm,sphere,114,4900,0.00017682488771963054
genetic_algorithm,sphere,114,5000,0.00017682488771963054
genetic_algorithm,sphere,114,5100,0.00017682488771963054
genetic_algorithm,sphere,114,5200,0.00017682488771963054
genetic_algorithm,sphere,114,5300,0.00017682488771963054
genetic_algorithm,sphere,114,5400,0.00017682488771963054
genetic_algorithm,sphere,114,5500,0.00017682488771963054
genetic_algorithm,sphere,114,5600,0.00017682488771963054
genetic_algorithm,sphere,114,5700,0.00017682488771963054
genetic_algorithm,sphere,114,5800,0.00017682488771963054
genetic_algorithm,sphere,114,5900,0.00017682488771963054
genetic_algorithm,sphere,114,6000,0.00017682488771963054
genetic_algorithm,sphere,114,6100,0.00014347007985744662
genetic_algorithm,sphere,114,6200,0.0001216279038661404
genetic_algorithm,sphere,114,6300,7.215703810614959e-05
genetic_algorithm,sphere,114,6400,7.215703810614959e-05
genetic_algorithm,sphere,114,6500,7.215703810614959e-05
genetic_algorithm,sphere,114,6600,6.986547211790176e-05
genetic_algorithm,sphere,114,6700,5.6686995183864474e-05
genetic_algorithm,sphere,114,6800,5.6686995183864474e-05
genetic_algorithm,sphere,114,6900,5.6686995183864474e-05
genetic_algorithm,sphere,114,7000,5.6686995183864474e-05
genetic_algorithm,sphere,114,7100,5.6686995183864474e-05
genetic_algorithm,sphere,114,7200,5.6686995183864474e-05
genetic_algorithm,sphere,114,7300,5.6686995183864474e-05
genetic_algorithm,sphere,114,7400,5.6686995183864474e-05
genetic_algorithm,sphere,114,7500,5.6686995183864474e-05
genetic_algorithm,sphere,114,7600,2.0258324429387362e-05
genetic_algorithm,sphere,114,7700,2.0258324429387362e-05
genetic_algorithm,sphere,114,7800,2.0258324429387362e-05
genetic_algorithm,sphere,114,7900,2.0258324429387362e-05
genetic_algorithm,sphere,114,8000,2.0258324429387362e-05
genetic_algorithm,sphere,114,8100,2.0258324429387362e-05
genetic_algorithm,sphere,114,8200,2.0258324429387362e-05
genetic_algorithm,sphere,114,8300,2.0258324429387362e-05
genetic_algorithm,sphere,114,8400,2.0258324429387362e-05
genetic_algorithm,sphere,114,8500,2.0258324429387362e-05
genetic_algorithm,sphere,114,8600,2.0258324429387362e-05
genetic_algorithm,sphere,114,8700,2.0258324429387362e-05
genetic_algorithm,sphere,114,8800,2.0258324429387362e-05
genetic_algorithm,sphere,114,8900,2.0258324429387362e-05
genetic_algorithm,sphere,114,9000,2.0258324429387362e-05
genetic_algorithm,sphere,114,9100,2.0258324429387362e-05
genetic_algorithm,sphere,114,9200,2.0258324429387362e-05
genetic_algorithm,sphere,114,9300,2.0258324429387362e-05
genetic_algorithm,sphere,114,9400,2.0258324429387362e-05
genetic_algorithm,sphere,114,9500,2.0258324429387362e-05
genetic_algorithm,sphere,114,9600,2.0258324429387362e-05
genetic_algorithm,sphere,114,9700,2.0258324429387362e-05
genetic_algorithm,sphere,114,9800,2.0258324429387362e-05
genetic_algorithm,sphere,114,9900,2.0258324429387362e-05
genetic_algorithm,sphere,114,10000,2.0258324429387362e-05
genetic_algorithm,sphere,114,10100,2.0258324429387362e-05
genetic_algorithm,sphere,114,10200,2.0258324429387362e-05
genetic_algorithm,sphere,114,10300,2.0258324429387362e-05
genetic_algorithm,sphere,114,10400,2.0258324429387362e-05
genetic_algorithm,sphere,114,10500,2.0258324429387362e-05
genetic_algorithm,sphere,114,10600,2.0258324429387362e-05
genetic_algorithm,sphere,114,10700,2.0258324429387362e-05
genetic_algorithm,sphere,114,10800,1.7677557803705058e-05
genetic_algorithm,sphere,114,10900,1.7677557803705058e-05
genetic_algorithm,sphere,114,11000,1.7677557803705058e-05
genetic_algorithm,sphere,114,11100,1.7677557803705058e-05
genetic_algorithm,sphere,114,11200,1.661562230917298e-05
genetic_algorithm,sphere,114,11300,1.661562230917298e-05
genetic_algorithm,sphere,114,11400,1.661562230917298e-05
genetic_algorithm,sphere,114,11500,1.661562230917298e-05
genetic_algorithm,sphere,114,11600,1.661562230917298e-05
genetic_algorithm,sphere,114,11700,1.661562230917298e-05
genetic_algorithm,sphere,114,11800,1.661562230917298e-05
genetic_algorithm,sphere,114,11900,1.661562230917298e-05
genetic_algorithm,sphere,114,12000,1.661562230917298e-05
genetic_algorithm,sphere,114,12100,1.661562230917298e-05
genetic_algorithm,sphere,114,12200,1.661562230917298e-05
genetic_algorithm,sphere,114,12300,1.661562230917298e-05
genetic_algorithm,sphere,114,12400,1.661562230917298e-05
genetic_algorithm,sphere,114,12500,1.661562230917298e-05
genetic_algorithm,sphere,114,12600,1.661562230917298e-05
genetic_algorithm,sphere,114,12700,1.661562230917298e-05
genetic_algorithm,sphere,114,12800,1.661562230917298e-05
genetic_algorithm,sphere,114,12900,1.661562230917298e-05
genetic_algorithm,sphere,114,13000,1.661562230917298e-05
genetic_algorithm,sphere,114,13100,1.661562230917298e-05
genetic_algorithm,sphere,114,13200,1.661562230917298e-05
genetic_algorithm,sphere,114,13300,1.661562230917298e-05
genetic_algorithm,sphere,114,13400,1.661562230917298e-05
genetic_algorithm,sphere,114,13500,1.661562230917298e-05
genetic_algorithm,sphere,114,13600,1.661562230917298e-05
genetic_algorithm,sphere,114,13700,1.661562230917298e-05
genetic_algorithm,sphere,114,13800,1.661562230917298e-05
genetic_algorithm,sphere,114,13900,1.661562230917298e-05
genetic_algorithm,sphere,114,14000,1.661562230917298e-05
genetic_algorithm,sphere,114,14100,1.661562230917298e-05
genetic_algorithm,sphere,114,14200,1.661562230917298e-05
genetic_algorithm,sphere,114,14300,1.661562230917298e-05
genetic_algorithm,sphere,114,14400,1.6425631555273555e-05
genetic_algorithm,sphere,114,14500,1.6425631555273555e-05
genetic_algorithm,sphere,114,14600,6.661981218928755e-06
genetic_algorithm,sphere,114,14700,6.661981218928755e-06
genetic_algorithm,sphere,114,14800,6.661981218928755e-06
genetic_algorithm,sphere,114,14900,6.661981218928755e-06
genetic_algorithm,sphere,114,15000,6.661981218928755e-06
genetic_algorithm,sphere,114,15100,6.661981218928755e-06
genetic_algorithm,sphere,114,15200,6.661981218928755e-06
genetic_algorithm,sphere,114,15300,6.661981218928755e-06
genetic_algorithm,sphere,114,15400,6.661981218928755e-06
genetic_algorithm,sphere,114,15500,5.181909183260269e-06
genetic_algorithm,sphere,114,15600,5.181909183260269e-06
genetic_algorithm,sphere,114,15700,5.181909183260269e-06
genetic_algorithm,sphere,114,15800,5.181909183260269e-06
genetic_algorithm,sphere,114,15900,5.088459265841305e-06
genetic_algorithm,sphere,114,16000,5.088459265841305e-06
genetic_algorithm,sphere,114,16100,4.18696082287982e-06
genetic_algorithm,sphere,114,16200,4.056588655885849e-06
genetic_algorithm,sphere,114,16300,4.056588655885849e-06
genetic_algorithm,sphere,114,16400,4.056588655885849e-06
genetic_algorithm,sphere,114,16500,4.056588655885849e-06
genetic_algorithm,sphere,114,16600,4.056588655885849e-06
genetic_algorithm,sphere,114,16700,4.056588655885849e-06
genetic_algorithm,sphere,114,16800,4.056588655885849e-06
genetic_algorithm,sphere,114,16900,4.056588655885849e-06
genetic_algorithm,sphere,114,17000,4.056588655885849e-06
genetic_algorithm,sphere,114,17100,4.056588655885849e-06
genetic_algorithm,sphere,114,17200,4.056588655885849e-06
genetic_algorithm,sphere,114,17300,4.056588655885849e-06
genetic_algorithm,sphere,114,17400,3.152685138108224e-06
genetic_algorithm,sphere,114,17500,3.152685138108224e-06
genetic_algorithm,sphere,114,17600,3.152685138108224e-06
genetic_algorithm,sphere,114,17700,3.152685138108224e-06
genetic_algorithm,sphere,114,17800,2.665022337750791e-06
genetic_algorithm,sphere,114,17900,2.665022337750791e-06
genetic_algorithm,sphere,114,18000,2.665022337750791e-06
genetic_algorithm,sphere,114,18100,2.665022337750791e-06
genetic_algorithm,sphere,114,18200,2.665022337750791e-06
genetic_algorithm,sphere,114,18300,2.665022337750791e-06
genetic_algorithm,sphere,114,18400,2.665022337750791e-06
genetic_algorithm,sphere,114,18500,2.665022337750791e-06
genetic_algorithm,sphere,114,18600,2.663274830984879e-06
genetic_algorithm,sphere,114,18700,2.663274830984879e-06
genetic_algorithm,sphere,114,18800,2.663274830984879e-06
genetic_algorithm,sphere,114,18900,2.663274830984879e-06
genetic_algorithm,sphere,114,19000,2.3673387810388883e-06
genetic_algorithm,sphere,114,19100,2.3673387810388883e-06
genetic_algorithm,sphere,114,19200,2.3673387810388883e-06
genetic_algorithm,sphere,114,19300,2.3041643519355613e-06
genetic_algorithm,sphere,114,19400,2.278571156554474e-06
genetic_algorithm,sphere,114,19500,2.278571156554474e-06
genetic_algorithm,sphere,114,19600,2.278571156554474e-06
genetic_algorithm,sphere,114,19700,2.278571156554474e-06
genetic_algorithm,sphere,114,19800,2.278571156554474e-06
genetic_algorithm,sphere,114,19900,2.278571156554474e-06
genetic_algorithm,sphere,114,20000,2.278571156554474e-06
genetic_algorithm,sphere,115,100,6.74657029674386
genetic_algorithm,sphere,115,200,3.4493203576631193
genetic_algorithm,sphere,115,300,2.7117133927614523
genetic_algorithm,sphere,115,400,1.5919148215707504
genetic_algorithm,sphere,115,500,0.8885173827424864
genetic_algorithm,sphere,115,600,0.44703593421006954
genetic_algorithm,sphere,115,700,0.16326167972454148
genetic_algorithm,sphere,115,800,0.10120226545331402
genetic_algorithm,sphere,115,900,0.053425967333674135
genetic_algorithm,sphere,115,1000,0.023504375513033634
genetic_algorithm,sphere,115,1100,0.018253058640178992
genetic_algorithm,sphere,115,1200,0.011263109466655302
genetic_algorithm,sphere,115,1300,0.007676398219356046
genetic_algorithm,sphere,115,1400,0.005556255230959597
genetic_algorithm,sphere,115,1500,0.0034057246320207523
genetic_algorithm,sphere,115,1600,0.0034057246320207523
genetic_algorithm,sphere,115,1700,0.0034057246320207523
genetic_algorithm,sphere,115,1800,0.0019408891859032304
genetic_algorithm,sphere,115,1900,0.0019408891859032304
genetic_algorithm,sphere,115,2000,0.0019408891859032304
genetic_algorithm,sphere,115,2100,0.0018038475659087388
genetic_algorithm,sphere,115,2200,0.0015538076483296978
genetic_algorithm,sphere,115,2300,0.0015538076483296978
genetic_algorithm,sphere,115,2400,0.0009309047606501581
genetic_algorithm,sphere,115,2500,0.0006388054322441334
genetic_algorithm,sphere,115,2600,0.0006388054322441334
genetic_algorithm,sphere,115,2700,0.0006254201126573054
genetic_algorithm,sphere,115,2800,0.0004804192581124863
genetic_algorithm,sphere,115,2900,0.0004212110031061536
genetic_algorithm,sphere,115,3000,0.0003999206397726091
genetic_algorithm,sphere,115,3100,0.000396824380380967
genetic_algorithm,sphere,115,3200,0.000396824380380967
genetic_algorithm,sphere,115,3300,0.000396824380380967
genetic_algorithm,sphere,115,3400,0.0003435586202426785
genetic_algorithm,sphere,115,3500,0.0003435586202426785
genetic_algorithm,sphere,115,3600,0.00031961468538132696
genetic_algorithm,sphere,115,3700,0.0002758029102882807
genetic_algorithm,sphere,115,3800,0.0002758029102882807
genetic_algorithm,sphere,115,3900,0.00023946142779494268
genetic_algorithm,sphere,115,4000,0.00023946142779494268
genetic_algorithm,sphere,115,4100,0.0001880624149813454
genetic_algorithm,sphere,115,4200,0.00014405215053799107
genetic_algorithm,sphere,115,4300,0.0001362214412584773
genetic_algorithm,sphere,115,4400,0.0001362214412584773
genetic_algorithm,sphere,115,4500,0.0001362214412584773
genetic_algorithm,sphere,115,4600,0.0001362214412584773
genetic_algorithm,sphere,115,4700,0.0001362214412584773
genetic_algorithm,sphere,115,4800,0.00012503717180701836
genetic_algorithm,sphere,115,4900,0.00012503717180701836
genetic_algorithm,sphere,115,5000,0.00012503717180701836
genetic_algorithm,sphere,115,5100,0.00010411629809129735
genetic_algorithm,sphere,115,5200,0.00010411629809129735
genetic_algorithm,sphere,115,5300,0.00010411629809129735
genetic_algorithm,sphere,115,5400,9.257927048581077e-05
genetic_algorithm,sphere,115,5500,9.257927048581077e-05
genetic_algorithm,sphere,115,5600,9.257927048581077e-05
genetic_algorithm,sphere,115,5700,9.257927048581077e-05
genetic_algorithm,sphere,115,5800,9.257927048581077e-05
genetic_algorithm,sphere,115,5900,9.257927048581077e-05
genetic_algorithm,sphere,115,6000,7.505823576008254e-05
genetic_algorithm,sphere,115,6100,7.505823576008254e-05
genetic_algorithm,sphere,115,6200,5.308389646573619e-05
genetic_algorithm,sphere,115,6300,5.308389646573619e-05
genetic_algorithm,sphere,115,6400,5.308389646573619e-05
genetic_algorithm,sphere,115,6500,5.308389646573619e-05
genetic_algorithm,sphere,115,6600,5.308389646573619e-05
genetic_algorithm,sphere,115,6700,5.250031436782846e-05
genetic_algorithm,sphere,115,6800,5.250025072288714e-05
genetic_algorithm,sphere,115,6900,5.250025072288714e-05
genetic_algorithm,sphere,115,7000,5.250025072288714e-05
genetic_algorithm,sphere,115,7100,5.250025072288714e-05
genetic_algorithm,sphere,115,7200,5.250025072288714e-05
genetic_algorithm,sphere,115,7300,5.167605685627886e-05
genetic_algorithm,sphere,115,7400,5.167605685627886e-05
genetic_algorithm,sphere,115,7500,5.167605685627886e-05
genetic_algorithm,sphere,115,7600,5.0440364217019396e-05
genetic_algorithm,sphere,115,7700,5.0440364217019396e-05
genetic_algorithm,sphere,115,7800,5.0440364217019396e-05
genetic_algorithm,sphere,115,7900,5.0440364217019396e-05
genetic_algorithm,sphere,115,8000,5.0440364217019396e-05
genetic_algorithm,sphere,115,8100,5.0237893730092225e-05
genetic_algorithm,sphere,115,8200,3.6956868269449845e-05
genetic_algorithm,sphere,115,8300,3.6956868269449845e-05
genetic_algorithm,sphere,115,8400,3.6956868269449845e-05
genetic_algorithm,sphere,115,8500,3.6956868269449845e-05
genetic_algorithm,sphere,115,8600,3.6956868269449845e-05
genetic_algorithm,sphere,115,8700,3.6956868269449845e-05
genetic_algorithm,sphere,115,8800,3.6956868269449845e-05
genetic_algorithm,sphere,115,8900,3.6956868269449845e-05
genetic_algorithm,sphere,115,9000,3.6956868269449845e-05
genetic_algorithm,sphere,115,9100,3.6956868269449845e-05
genetic_algorithm,sphere,115,9200,3.6956868269449845e-05
genetic_algorithm,sphere,115,9300,3.6956868269449845e-05
genetic_algorithm,sphere,115,9400,3.6956868269449845e-05
genetic_algorithm,sphere,115,9500,3.6407666030244254e-05
genetic_algorithm,sphere,115,9600,3.6407666030244254e-05
genetic_algorithm,sphere,115,9700,3.6407666030244254e-05
genetic_algorithm,sphere,115,9800,3.6407666030244254e-05
genetic_algorithm,sphere,115,9900,2.0903036646033155e-05
genetic_algorithm,sphere,115,10000,1.690859614378637e-05
genetic_algorithm,sphere,115,10100,1.690859614378637e-05
genetic_algorithm,sphere,115,10200,1.690859614378637e-05
genetic_algorithm,sphere,115,10300,1.690859614378637e-05
genetic_algorithm,sphere,115,10400,1.690859614378637e-05
genetic_algorithm,sphere,115,10500,1.690859614378637e-05
genetic_algorithm,sphere,115,10600,1.690859614378637e-05
genetic_algorithm,sphere,115,10700,1.690859614378637e-05
genetic_algorithm,sphere,115,10800,1.690859614378637e-05
genetic_algorithm,sphere,115,10900,1.690859614378637e-05
genetic_algorithm,sphere,115,11000,1.690859614378637e-05
genetic_algorithm,sphere,115,11100,1.690859614378637e-05
genetic_algorithm,sphere,115,11200,1.690859614378637e-05
genetic_algorithm,sphere,115,11300,1.690859614378637e-05
genetic_algorithm,sphere,115,11400,1.690859614378637e-05
genetic_algorithm,sphere,115,11500,1.690859614378637e-05
genetic_algorithm,sphere,115,11600,1.690859614378637e-05
genetic_algorithm,sphere,115,11700,1.690859614378637e-05
genetic_algorithm,sphere,115,11800,1.690859614378637e-05
genetic_algorithm,sphere,115,11900,1.690859614378637e-05
genetic_algorithm,sphere,115,12000,1.690859614378637e-05
genetic_algorithm,sphere,115,12100,1.690859614378637e-05
genetic_algorithm,sphere,115,12200,1.690859614378637e-05
genetic_algorithm,sphere,115,12300,1.690859614378637e-05
genetic_algorithm,sphere,115,12400,1.5145030709074896e-05
genetic_algorithm,sphere,115,12500,1.5006451193562653e-05
genetic_algorithm,sphere,115,12600,1.5006451193562653e-05
genetic_algorithm,sphere,115,12700,1.5006451193562653e-05
genetic_algorithm,sphere,115,12800,1.5006451193562653e-05
genetic_algorithm,sphere,115,12900,1.5006451193562653e-05
genetic_algorithm,sphere,115,13000,1.3448805114695975e-05
genetic_algorithm,sphere,115,13100,1.3448805114695975e-05
genetic_algorithm,sphere,115,13200,1.3448805114695975e-05
genetic_algorithm,sphere,115,13300,1.3448805114695975e-05
genetic_algorithm,sphere,115,13400,1.3448805114695975e-05
genetic_algorithm,sphere,115,13500,1.3448805114695975e-05
genetic_algorithm,sphere,115,13600,1.3448805114695975e-05
genetic_algorithm,sphere,115,13700,1.3448805114695975e-05
genetic_algorithm,sphere,115,13800,1.3448805114695975e-05
genetic_algorithm,sphere,115,13900,1.3448805114695975e-05
genetic_algorithm,sphere,115,14000,1.3448805114695975e-05
genetic_algorithm,sphere,115,14100,1.3448805114695975e-05
genetic_algorithm,sphere,115,14200,1.2971350952408053e-05
genetic_algorithm,sphere,115,14300,1.2971350952408053e-05
genetic_algorithm,sphere,115,14400,1.2971350952408053e-05
genetic_algorithm,sphere,115,14500,1.2971350952408053e-05
genetic_algorithm,sphere,115,14600,1.2971350952408053e-05
genetic_algorithm,sphere,115,14700,1.2971350952408053e-05
genetic_algorithm,sphere,115,14800,1.2971350952408053e-05
genetic_algorithm,sphere,115,14900,1.2971350952408053e-05
genetic_algorithm,sphere,115,15000,1.2971350952408053e-05
genetic_algorithm,sphere,115,15100,1.2971350952408053e-05
genetic_algorithm,sphere,115,15200,1.2971350952408053e-05
genetic_algorithm,sphere,115,15300,1.2971350952408053e-05
genetic_algorithm,sphere,115,15400,1.2971350952408053e-05
genetic_algorithm,sphere,115,15500,1.2971350952408053e-05
genetic_algorithm,sphere,115,15600,1.2971350952408053e-05
genetic_algorithm,sphere,115,15700,1.2971350952408053e-05
genetic_algorithm,sphere,115,15800,1.2971350952408053e-05
genetic_algorithm,sphere,115,15900,1.2971350952408053e-05
genetic_algorithm,sphere,115,16000,1.2971350952408053e-05
genetic_algorithm,sphere,115,16100,1.2971350952408053e-05
genetic_algorithm,sphere,115,16200,1.2971350952408053e-05
genetic_algorithm,sphere,115,16300,1.2971350952408053e-05
genetic_algorithm,sphere,115,16400,1.2971350952408053e-05
genetic_algorithm,sphere,115,16500,1.2971350952408053e-05
genetic_algorithm,sphere,115,16600,1.2971350952408053e-05
genetic_algorithm,sphere,115,16700,1.2971350952408053e-05
genetic_algorithm,sphere,115,16800,1.2971350952408053e-05
genetic_algorithm,sphere,115,16900,1.0952733927546188e-05
genetic_algorithm,sphere,115,17000,1.0952733927546188e-05
genetic_algorithm,sphere,115,17100,1.0952733927546188e-05
genetic_algorithm,sphere,115,17200,1.0952733927546188e-05
genetic_algorithm,sphere,115,17300,1.0952733927546188e-05
genetic_algorithm,sphere,115,17400,1.0952733927546188e-05
genetic_algorithm,sphere,115,17500,1.0952733927546188e-05
genetic_algorithm,sphere,115,17600,8.259952506598623e-06
genetic_algorithm,sphere,115,17700,8.068561175516693e-06
genetic_algorithm,sphere,115,17800,8.068561175516693e-06
genetic_algorithm,sphere,115,17900,8.068561175516693e-06
genetic_algorithm,sphere,115,18000,8.068561175516693e-06
genetic_algorithm,sphere,115,18100,8.068561175516693e-06
genetic_algorithm,sphere,115,18200,8.068561175516693e-06
genetic_algorithm,sphere,115,18300,8.068561175516693e-06
genetic_algorithm,sphere,115,18400,8.068561175516693e-06
genetic_algorithm,sphere,115,18500,8.068561175516693e-06
genetic_algorithm,sphere,115,18600,8.068561175516693e-06
genetic_algorithm,sphere,115,18700,7.926804446286807e-06
genetic_algorithm,sphere,115,18800,7.926804446286807e-06
genetic_algorithm,sphere,115,18900,7.926804446286807e-06
genetic_algorithm,sphere,115,19000,7.926804446286807e-06
genetic_algorithm,sphere,115,19100,7.926804446286807e-06
genetic_algorithm,sphere,115,19200,7.926804446286807e-06
genetic_algorithm,sphere,115,19300,7.926804446286807e-06
genetic_algorithm,sphere,115,19400,7.926804446286807e-06
genetic_algorithm,sphere,115,19500,7.926804446286807e-06
genetic_algorithm,sphere,115,19600,7.926804446286807e-06
genetic_algorithm,sphere,115,19700,7.926804446286807e-06
genetic_algorithm,sphere,115,19800,7.926804446286807e-06
genetic_algorithm,sphere,115,19900,7.926804446286807e-06
genetic_algorithm,sphere,115,20000,7.926804446286807e-06
genetic_algorithm,sphere,116,100,21.20461508503056
genetic_algorithm,sphere,116,200,9.22130373549812
genetic_algorithm,sphere,116,300,4.019152343724605
genetic_algorithm,sphere,116,400,2.3151543928079823
genetic_algorithm,sphere,116,500,1.2684688433693119
genetic_algorithm,sphere,116,600,0.7945258554469512
genetic_algorithm,sphere,116,700,0.35756125935636945
genetic_algorithm,sphere,116,800,0.15145308930256107
genetic_algorithm,sphere,116,900,0.07845837980240032
genetic_algorithm,sphere,116,1000,0.030501302568354816
genetic_algorithm,sphere,116,1100,0.024766139688696984
genetic_algorithm,sphere,116,1200,0.009857234598745374
genetic_algorithm,sphere,116,1300,0.008236689229196967
genetic_algorithm,sphere,116,1400,0.003951480999449123
genetic_algorithm,sphere,116,1500,0.003951480999449123
genetic_algorithm,sphere,116,1600,0.002659106239709965
genetic_algorithm,sphere,116,1700,0.00201939314637943
genetic_algorithm,sphere,116,1800,0.001969375974483991
genetic_algorithm,sphere,116,1900,0.001845736165127386
genetic_algorithm,sphere,116,2000,0.0014595893513465665
genetic_algorithm,sphere,116,2100,0.0014595893513465665
genetic_algorithm,sphere,116,2200,0.0014595893513465665
genetic_algorithm,sphere,116,2300,0.0014595893513465665
genetic_algorithm,sphere,116,2400,0.0014583745985430711
genetic_algorithm,sphere,116,2500,0.0005799510115714912
genetic_algorithm,sphere,116,2600,0.0005799510115714912
genetic_algorithm,sphere,116,2700,0.0005799510115714912
genetic_algorithm,sphere,116,2800,0.0005214757295684146
genetic_algorithm,sphere,116,2900,0.0005214757295684146
genetic_algorithm,sphere,116,3000,0.0005214757295684146
genetic_algorithm,sphere,116,3100,0.000517023302968829
genetic_algorithm,sphere,116,3200,0.0004699912353703389
genetic_algorithm,sphere,116,3300,0.0004699912353703389
genetic_algorithm,sphere,116,3400,0.0004699912353703389
genetic_algorithm,sphere,116,3500,0.00035245980182625124
genetic_algorithm,sphere,116,3600,0.00033029618407852044
genetic_algorithm,sphere,116,3700,0.00033029618407852044
genetic_algorithm,sphere,116,3800,0.0002544879803793784
genetic_algorithm,sphere,116,3900,0.00017535160725903724
genetic_algorithm,sphere,116,4000,9.76142831767688e-05
genetic_algorithm,sphere,116,4100,9.76142831767688e-05
genetic_algorithm,sphere,116,4200,9.76142831767688e-05
genetic_algorithm,sphere,116,4300,9.76142831767688e-05
genetic_algorithm,sphere,116,4400,8.345001147241833e-05
genetic_algorithm,sphere,116,4500,8.345001147241833e-05
genetic_algorithm,sphere,116,4600,8.345001147241833e-05
genetic_algorithm,sphere,116,4700,8.345001147241833e-05
genetic_algorithm,sphere,116,4800,8.345001147241833e-05
genetic_algorithm,sphere,116,4900,8.345001147241833e-05
genetic_algorithm,sphere,116,5000,8.081590646069546e-05
genetic_algorithm,sphere,116,5100,8.081590646069546e-05
genetic_algorithm,sphere,116,5200,8.081590646069546e-05
genetic_algorithm,sphere,116,5300,8.081590646069546e-05
genetic_algorithm,sphere,116,5400,8.022043654690232e-05
genetic_algorithm,sphere,116,5500,8.022043654690232e-05
genetic_algorithm,sphere,116,5600,8.022043654690232e-05
genetic_algorithm,sphere,116,5700,8.022043654690232e-05
genetic_algorithm,sphere,116,5800,8.022043654690232e-05
genetic_algorithm,sphere,116,5900,8.022043654690232e-05
genetic_algorithm,sphere,116,6000,8.022043654690232e-05
genetic_algorithm,sphere,116,6100,8.022043654690232e-05
genetic_algorithm,sphere,116,6200,8.022043654690232e-05
genetic_algorithm,sphere,116,6300,8.022043654690232e-05
genetic_algorithm,sphere,116,6400,6.019804445162971e-05
genetic_algorithm,sphere,116,6500,6.019804445162971e-05
genetic_algorithm,sphere,116,6600,6.019804445162971e-05
genetic_algorithm,sphere,116,6700,6.019804445162971e-05
genetic_algorithm,sphere,116,6800,6.019804445162971e-05
genetic_algorithm,sphere,116,6900,6.019804445162971e-05
genetic_algorithm,sphere,116,7000,6.019804445162971e-05
genetic_algorithm,sphere,116,7100,6.019804445162971e-05
genetic_algorithm,sphere,116,7200,6.019804445162971e-05
genetic_algorithm,sphere,116,7300,6.019804445162971e-05
genetic_algorithm,sphere,116,7400,6.019804445162971e-05
genetic_algorithm,sphere,116,7500,6.019804445162971e-05
genetic_algorithm,sphere,116,7600,6.019804445162971e-05
genetic_algorithm,sphere,116,7700,6.019804445162971e-05
genetic_algorithm,sphere,116,7800,6.019804445162971e-05
genetic_algorithm,sphere,116,7900,6.019804445162971e-05
genetic_algorithm,sphere,116,8000,6.019804445162971e-05
genetic_algorithm,sphere,116,8100,5.4421079030038616e-05
genetic_algorithm,sphere,116,8200,5.4421079030038616e-05
genetic_algorithm,sphere,116,8300,5.4421079030038616e-05
genetic_algorithm,sphere,116,8400,5.4279617137320196e-05
genetic_algorithm,sphere,116,8500,5.4279617137320196e-05
genetic_algorithm,sphere,116,8600,5.4279617137320196e-05
genetic_algorithm,sphere,116,8700,5.4279617137320196e-05
genetic_algorithm,sphere,116,8800,5.4279617137320196e-05
genetic_algorithm,sphere,116,8900,5.4279617137320196e-05
genetic_algorithm,sphere,116,9000,5.4279617137320196e-05
genetic_algorithm,sphere,116,9100,5.4279617137320196e-05
genetic_algorithm,sphere,116,9200,5.4279617137320196e-05
genetic_algorithm,sphere,116,9300,5.4279617137320196e-05
genetic_algorithm,sphere,116,9400,5.4279617137320196e-05
genetic_algorithm,sphere,116,9500,5.4279617137320196e-05
genetic_algorithm,sphere,116,9600,5.4279617137320196e-05
genetic_algorithm,sphere,116,9700,5.367303407525085e-05
genetic_algorithm,sphere,116,9800,5.367303407525085e-05
genetic_algorithm,sphere,116,9900,5.367303407525085e-05
genetic_algorithm,sphere,116,10000,5.367303407525085e-05
genetic_algorithm,sphere,116,10100,5.367303407525085e-05
genetic_algorithm,sphere,116,10200,5.367303407525085e-05
genetic_algorithm,sphere,116,10300,5.367303407525085e-05
genetic_algorithm,sphere,116,10400,5.367303407525085e-05
genetic_algorithm,sphere,116,10500,5.367303407525085e-05
genetic_algorithm,sphere,116,10600,5.367303407525085e-05
genetic_algorithm,sphere,116,10700,5.367303407525085e-05
genetic_algorithm,sphere,116,10800,5.367303407525085e-05
genetic_algorithm,sphere,116,10900,5.264406581210762e-05
genetic_algorithm,sphere,116,11000,5.264406581210762e-05
genetic_algorithm,sphere,116,11100,5.264406581210762e-05
genetic_algorithm,sphere,116,11200,5.264406581210762e-05
genetic_algorithm,sphere,116,11300,5.264406581210762e-05
genetic_algorithm,sphere,116,11400,5.264406581210762e-05
genetic_algorithm,sphere,116,11500,5.2123399415718905e-05
genetic_algorithm,sphere,116,11600,4.203533311265914e-05
genetic_algorithm,sphere,116,11700,4.203533311265914e-05
genetic_algorithm,sphere,116,11800,3.4944548247619635e-05
genetic_algorithm,sphere,116,11900,3.0563528507381744e-05
genetic_algorithm,sphere,116,12000,3.0563528507381744e-05
genetic_algorithm,sphere,116,12100,2.1169912008006238e-05
genetic_algorithm,sphere,116,12200,2.1169912008006238e-05
genetic_algorithm,sphere,116,12300,2.1169912008006238e-05
genetic_algorithm,sphere,116,12400,2.1169912008006238e-05
genetic_algorithm,sphere,116,12500,2.1169912008006238e-05
genetic_algorithm,sphere,116,12600,2.1169912008006238e-05
genetic_algorithm,sphere,116,12700,2.1169912008006238e-05
genetic_algorithm,sphere,116,12800,2.1169912008006238e-05
genetic_algorithm,sphere,116,12900,2.1169912008006238e-05
genetic_algorithm,sphere,116,13000,2.1169912008006238e-05
genetic_algorithm,sphere,116,13100,1.3798253186673667e-05
genetic_algorithm,sphere,116,13200,1.3798253186673667e-05
genetic_algorithm,sphere,116,13300,1.3798253186673667e-05
genetic_algorithm,sphere,116,13400,1.3798253186673667e-05
genetic_algorithm,sphere,116,13500,1.3798253186673667e-05
genetic_algorithm,sphere,116,13600,1.3798253186673667e-05
genetic_algorithm,sphere,116,13700,1.3798253186673667e-05
genetic_algorithm,sphere,116,13800,1.3798253186673667e-05
genetic_algorithm,sphere,116,13900,1.3798253186673667e-05
genetic_algorithm,sphere,116,14000,1.3798253186673667e-05
genetic_algorithm,sphere,116,14100,1.3798253186673667e-05
genetic_algorithm,sphere,116,14200,1.3798253186673667e-05
genetic_algorithm,sphere,116,14300,1.3798253186673667e-05
genetic_algorithm,sphere,116,14400,1.3798253186673667e-05
genetic_algorithm,sphere,116,14500,1.3798253186673667e-05
genetic_algorithm,sphere,116,14600,1.3798253186673667e-05
genetic_algorithm,sphere,116,14700,1.3798253186673667e-05
genetic_algorithm,sphere,116,14800,1.3798253186673667e-05
genetic_algorithm,sphere,116,14900,1.3798253186673667e-05
genetic_algorithm,sphere,116,15000,1.3798253186673667e-05
genetic_algorithm,sphere,116,15100,1.3798253186673667e-05
genetic_algorithm,sphere,116,15200,1.3798253186673667e-05
genetic_algorithm,sphere,116,15300,1.3798253186673667e-05
genetic_algorithm,sphere,116,15400,1.3798253186673667e-05
genetic_algorithm,sphere,116,15500,1.3798253186673667e-05
genetic_algorithm,sphere,116,15600,1.3798253186673667e-05
genetic_algorithm,sphere,116,15700,1.3798253186673667e-05
genetic_algorithm,sphere,116,15800,1.3798253186673667e-05
genetic_algorithm,sphere,116,15900,1.3798253186673667e-05
genetic_algorithm,sphere,116,16000,1.3798253186673667e-05
genetic_algorithm,sphere,116,16100,1.3798253186673667e-05
genetic_algorithm,sphere,116,16200,1.3798253186673667e-05
genetic_algorithm,sphere,116,16300,1.3798253186673667e-05
genetic_algorithm,sphere,116,16400,1.3798253186673667e-05
genetic_algorithm,sphere,116,16500,1.3798253186673667e-05
genetic_algorithm,sphere,116,16600,1.3798253186673667e-05
genetic_algorithm,sphere,116,16700,1.3798253186673667e-05
genetic_algorithm,sphere,116,16800,8.70361285955711e-06
genetic_algorithm,sphere,116,16900,8.70361285955711e-06
genetic_algorithm,sphere,116,17000,8.70361285955711e-06
genetic_algorithm,sphere,116,17100,8.70361285955711e-06
genetic_algorithm,sphere,116,17200,8.70361285955711e-06
genetic_algorithm,sphere,116,17300,8.70361285955711e-06
genetic_algorithm,sphere,116,17400,8.70361285955711e-06
genetic_algorithm,sphere,116,17500,8.70361285955711e-06
genetic_algorithm,sphere,116,17600,8.70361285955711e-06
genetic_algorithm,sphere,116,17700,8.70361285955711e-06
genetic_algorithm,sphere,116,17800,8.70361285955711e-06
genetic_algorithm,sphere,116,17900,8.70361285955711e-06
genetic_algorithm,sphere,116,18000,8.70361285955711e-06
genetic_algorithm,sphere,116,18100,8.70361285955711e-06
genetic_algorithm,sphere,116,18200,8.70361285955711e-06
genetic_algorithm,sphere,116,18300,8.70361285955711e-06
genetic_algorithm,sphere,116,18400,8.70361285955711e-06
genetic_algorithm,sphere,116,18500,8.70361285955711e-06
genetic_algorithm,sphere,116,18600,8.70361285955711e-06
genetic_algorithm,sphere,116,18700,8.70361285955711e-06
genetic_algorithm,sphere,116,18800,8.70361285955711e-06
genetic_algorithm,sphere,116,18900,8.70361285955711e-06
genetic_algorithm,sphere,116,19000,8.70361285955711e-06
genetic_algorithm,sphere,116,19100,8.70361285955711e-06
genetic_algorithm,sphere,116,19200,8.70361285955711e-06
genetic_algorithm,sphere,116,19300,8.70361285955711e-06
genetic_algorithm,sphere,116,19400,8.70361285955711e-06
genetic_algorithm,sphere,116,19500,8.70361285955711e-06
genetic_algorithm,sphere,116,19600,8.70361285955711e-06
genetic_algorithm,sphere,116,19700,8.70361285955711e-06
genetic_algorithm,sphere,116,19800,8.70361285955711e-06
genetic_algorithm,sphere,116,19900,8.70361285955711e-06
genetic_algorithm,sphere,116,20000,8.70361285955711e-06
genetic_algorithm,sphere,117,100,14.798882534125276
genetic_algorithm,sphere,117,200,7.32641852658034
genetic_algorithm,sphere,117,300,3.089884228964266
genetic_algorithm,sphere,117,400,1.6132154101634704
genetic_algorithm,sphere,117,500,0.5187529896090779
genetic_algorithm,sphere,117,600,0.19560119140922277
genetic_algorithm,sphere,117,700,0.09066661888663742
genetic_algorithm,sphere,117,800,0.06558829593062394
genetic_algorithm,sphere,117,900,0.04513092190988925
genetic_algorithm,sphere,117,1000,0.03478596287744026
genetic_algorithm,sphere,117,1100,0.019216751238231067
genetic_algorithm,sphere,117,1200,0.011112483720637174
genetic_algorithm,sphere,117,1300,0.004509294063880817
genetic_algorithm,sphere,117,1400,0.0034055831394323275
genetic_algorithm,sphere,117,1500,0.0020690847000304456
genetic_algorithm,sphere,117,1600,0.0016803198201516638
genetic_algorithm,sphere,117,1700,0.0014338315601181164
genetic_algorithm,sphere,117,1800,0.0012714988934604727
genetic_algorithm,sphere,117,1900,0.0012714988934604727
genetic_algorithm,sphere,117,2000,0.0007459258218824159
genetic_algorithm,sphere,117,2100,0.0007459258218824159
genetic_algorithm,sphere,117,2200,0.0007459258218824159
genetic_algorithm,sphere,117,2300,0.0007187202598857784
genetic_algorithm,sphere,117,2400,0.0007187202598857784
genetic_algorithm,sphere,117,2500,0.0007187202598857784
genetic_algorithm,sphere,117,2600,0.0006946041268346351
genetic_algorithm,sphere,117,2700,0.0006520417499607115
genetic_algorithm,sphere,117,2800,0.0005377543242768404
genetic_algorithm,sphere,117,2900,0.0005377543242768404
genetic_algorithm,sphere,117,3000,0.00051438273569243
genetic_algorithm,sphere,117,3100,0.0004553674815948571
genetic_algorithm,sphere,117,3200,0.0004553674815948571
genetic_algorithm,sphere,117,3300,0.0004553674815948571
genetic_algorithm,sphere,117,3400,0.0004553674815948571
genetic_algorithm,sphere,117,3500,0.0004553674815948571
genetic_algorithm,sphere,117,3600,0.0004553674815948571
genetic_algorithm,sphere,117,3700,0.0004553674815948571
genetic_algorithm,sphere,117,3800,0.0004553674815948571
genetic_algorithm,sphere,117,3900,0.0004553674815948571
genetic_algorithm,sphere,117,4000,0.00038202024996540293
genetic_algorithm,sphere,117,4100,0.000265516477784272
genetic_algorithm,sphere,117,4200,0.0002141607345837375
genetic_algorithm,sphere,117,4300,0.00010835761037744014
genetic_algorithm,sphere,117,4400,0.00010835761037744014
genetic_algorithm,sphere,117,4500,8.364748246780001e-05
genetic_algorithm,sphere,117,4600,8.364748246780001e-05
genetic_algorithm,sphere,117,4700,7.621348948449193e-05
genetic_algorithm,sphere,117,4800,7.621348948449193e-05
genetic_algorithm,sphere,117,4900,6.723007427932658e-05
genetic_algorithm,sphere,117,5000,6.585298881396949e-05
genetic_algorithm,sphere,117,5100,6.312061884583317e-05
genetic_algorithm,sphere,117,5200,4.899494071782593e-05
genetic_algorithm,sphere,117,5300,3.56206735158407e-05
genetic_algorithm,sphere,117,5400,3.5534859489844126e-05
genetic_algorithm,sphere,117,5500,3.5534859489844126e-05
genetic_algorithm,sphere,117,5600,3.5534859489844126e-05
genetic_algorithm,sphere,117,5700,3.5534859489844126e-05
genetic_algorithm,sphere,117,5800,3.5534859489844126e-05
genetic_algorithm,sphere,117,5900,3.5534859489844126e-05
genetic_algorithm,sphere,117,6000,3.5534859489844126e-05
genetic_algorithm,sphere,117,6100,3.5534859489844126e-05
genetic_algorithm,sphere,117,6200,2.875464956951114e-05
genetic_algorithm,sphere,117,6300,2.875464956951114e-05
genetic_algorithm,sphere,117,6400,2.875464956951114e-05
genetic_algorithm,sphere,117,6500,2.875464956951114e-05
genetic_algorithm,sphere,117,6600,2.875464956951114e-05
genetic_algorithm,sphere,117,6700,2.875464956951114e-05
genetic_algorithm,sphere,117,6800,2.643393481736829e-05
genetic_algorithm,sphere,117,6900,2.5960256297803627e-05
genetic_algorithm,sphere,117,7000,2.1512088948328033e-05
genetic_algorithm,sphere,117,7100,2.1512088948328033e-05
genetic_algorithm,sphere,117,7200,2.1512088948328033e-05
genetic_algorithm,sphere,117,7300,2.1512088948328033e-05
genetic_algorithm,sphere,117,7400,2.1512088948328033e-05
genetic_algorithm,sphere,117,7500,2.1512088948328033e-05
genetic_algorithm,sphere,117,7600,2.1512088948328033e-05
genetic_algorithm,sphere,117,7700,2.1512088948328033e-05
genetic_algorithm,sphere,117,7800,2.1512088948328033e-05
genetic_algorithm,sphere,117,7900,2.1512088948328033e-05
genetic_algorithm,sphere,117,8000,2.1512088948328033e-05
genetic_algorithm,sphere,117,8100,2.1512088948328033e-05
genetic_algorithm,sphere,117,8200,2.1512088948328033e-05
genetic_algorithm,sphere,117,8300,2.1512088948328033e-05
genetic_algorithm,sphere,117,8400,2.1512088948328033e-05
genetic_algorithm,sphere,117,8500,2.1512088948328033e-05
genetic_algorithm,sphere,117,8600,2.1512088948328033e-05
genetic_algorithm,sphere,117,8700,2.1512088948328033e-05
genetic_algorithm,sphere,117,8800,2.1512088948328033e-05
genetic_algorithm,sphere,117,8900,2.1512088948328033e-05
genetic_algorithm,sphere,117,9000,2.0782853678223e-05
genetic_algorithm,sphere,117,9100,2.0782853678223e-05
genetic_algorithm,sphere,117,9200,2.0782853678223e-05
genetic_algorithm,sphere,117,9300,2.0782853678223e-05
genetic_algorithm,sphere,117,9400,1.971962940429684e-05
genetic_algorithm,sphere,117,9500,1.971962940429684e-05
genetic_algorithm,sphere,117,9600,1.971962940429684e-05
genetic_algorithm,sphere,117,9700,1.5894947186896777e-05
genetic_algorithm,sphere,117,9800,1.5894947186896777e-05
genetic_algorithm,sphere,117,9900,1.5894947186896777e-05
genetic_algorithm,sphere,117,10000,1.5894947186896777e-05
genetic_algorithm,sphere,117,10100,1.5894947186896777e-05
genetic_algorithm,sphere,117,10200,1.5894947186896777e-05
genetic_algorithm,sphere,117,10300,1.5894947186896777e-05
genetic_algorithm,sphere,117,10400,1.5894947186896777e-05
genetic_algorithm,sphere,117,10500,1.5894947186896777e-05
genetic_algorithm,sphere,117,10600,1.0662295173080005e-05
genetic_algorithm,sphere,117,10700,1.0662295173080005e-05
genetic_algorithm,sphere,117,10800,1.0662295173080005e-05
genetic_algorithm,sphere,117,10900,1.0662295173080005e-05
genetic_algorithm,sphere,117,11000,1.0662295173080005e-05
genetic_algorithm,sphere,117,11100,1.0662295173080005e-05
genetic_algorithm,sphere,117,11200,1.0662295173080005e-05
genetic_algorithm,sphere,117,11300,6.9426027658713335e-06
genetic_algorithm,sphere,117,11400,6.9426027658713335e-06
genetic_algorithm,sphere,117,11500,6.9426027658713335e-06
genetic_algorithm,sphere,117,11600,6.9426027658713335e-06
genetic_algorithm,sphere,117,11700,5.916470155817188e-06
genetic_algorithm,sphere,117,11800,5.916470155817188e-06
genetic_algorithm,sphere,117,11900,5.916470155817188e-06
genetic_algorithm,sphere,117,12000,5.916470155817188e-06
genetic_algorithm,sphere,117,12100,5.916470155817188e-06
genetic_algorithm,sphere,117,12200,5.916470155817188e-06
genetic_algorithm,sphere,117,12300,5.890369884818656e-06
genetic_algorithm,sphere,117,12400,5.890369884818656e-06
genetic_algorithm,sphere,117,12500,5.890369884818656e-06
genetic_algorithm,sphere,117,12600,5.890369884818656e-06
genetic_algorithm,sphere,117,12700,2.8435798934399425e-06
genetic_algorithm,sphere,117,12800,2.8435798934399425e-06
genetic_algorithm,sphere,117,12900,2.8435798934399425e-06
genetic_algorithm,sphere,117,13000,2.2306289175933682e-06
genetic_algorithm,sphere,117,13100,2.2306289175933682e-06
genetic_algorithm,sphere,117,13200,2.2306289175933682e-06
genetic_algorithm,sphere,117,13300,2.2306289175933682e-06
genetic_algorithm,sphere,117,13400,2.2306289175933682e-06
genetic_algorithm,sphere,117,13500,2.2306289175933682e-06
genetic_algorithm,sphere,117,13600,2.2306289175933682e-06
genetic_algorithm,sphere,117,13700,2.2306289175933682e-06
genetic_algorithm,sphere,117,13800,2.2306289175933682e-06
genetic_algorithm,sphere,117,13900,2.2306289175933682e-06
genetic_algorithm,sphere,117,14000,2.2306289175933682e-06
genetic_algorithm,sphere,117,14100,2.2306289175933682e-06
genetic_algorithm,sphere,117,14200,2.2306289175933682e-06
genetic_algorithm,sphere,117,14300,2.2306289175933682e-06
genetic_algorithm,sphere,117,14400,2.2306289175933682e-06
genetic_algorithm,sphere,117,14500,2.2306289175933682e-06
genetic_algorithm,sphere,117,14600,2.2306289175933682e-06
genetic_algorithm,sphere,117,14700,2.2306289175933682e-06
genetic_algorithm,sphere,117,14800,2.1242325029817674e-06
genetic_algorithm,sphere,117,14900,2.1242325029817674e-06
genetic_algorithm,sphere,117,15000,2.1242325029817674e-06
genetic_algorithm,sphere,117,15100,2.1242325029817674e-06
genetic_algorithm,sphere,117,15200,2.1242325029817674e-06
genetic_algorithm,sphere,117,15300,2.1242325029817674e-06
genetic_algorithm,sphere,117,15400,2.1242325029817674e-06
genetic_algorithm,sphere,117,15500,2.1242325029817674e-06
genetic_algorithm,sphere,117,15600,2.1242325029817674e-06
genetic_algorithm,sphere,117,15700,2.1242325029817674e-06
genetic_algorithm,sphere,117,15800,2.1242325029817674e-06
genetic_algorithm,sphere,117,15900,2.1242325029817674e-06
genetic_algorithm,sphere,117,16000,2.1242325029817674e-06
genetic_algorithm,sphere,117,16100,2.1242325029817674e-06
genetic_algorithm,sphere,117,16200,2.1242325029817674e-06
genetic_algorithm,sphere,117,16300,2.1242325029817674e-06
genetic_algorithm,sphere,117,16400,2.1242325029817674e-06
genetic_algorithm,sphere,117,16500,2.1242325029817674e-06
genetic_algorithm,sphere,117,16600,2.1242325029817674e-06
genetic_algorithm,sphere,117,16700,2.1242325029817674e-06
genetic_algorithm,sphere,117,16800,2.1242325029817674e-06
genetic_algorithm,sphere,117,16900,2.1242325029817674e-06
genetic_algorithm,sphere,117,17000,2.1242325029817674e-06
genetic_algorithm,sphere,117,17100,2.1242325029817674e-06
genetic_algorithm,sphere,117,17200,2.1242325029817674e-06
genetic_algorithm,sphere,117,17300,2.1242325029817674e-06
genetic_algorithm,sphere,117,17400,2.1242325029817674e-06
genetic_algorithm,sphere,117,17500,2.1242325029817674e-06
genetic_algorithm,sphere,117,17600,2.1242325029817674e-06
genetic_algorithm,sphere,117,17700,2.1242325029817674e-06
genetic_algorithm,sphere,117,17800,2.1242325029817674e-06
genetic_algorithm,sphere,117,17900,2.1242325029817674e-06
genetic_algorithm,sphere,117,18000,2.1242325029817674e-06
genetic_algorithm,sphere,117,18100,2.1242325029817674e-06
genetic_algorithm,sphere,117,18200,2.1242325029817674e-06
genetic_algorithm,sphere,117,18300,2.1242325029817674e-06
genetic_algorithm,sphere,117,18400,2.1242325029817674e-06
genetic_algorithm,sphere,117,18500,2.1242325029817674e-06
genetic_algorithm,sphere,117,18600,2.1242325029817674e-06
genetic_algorithm,sphere,117,18700,2.1242325029817674e-06
genetic_algorithm,sphere,117,18800,2.1242325029817674e-06
genetic_algorithm,sphere,117,18900,2.1242325029817674e-06
genetic_algorithm,sphere,117,19000,2.1242325029817674e-06
genetic_algorithm,sphere,117,19100,2.1242325029817674e-06
genetic_algorithm,sphere,117,19200,2.1242325029817674e-06
genetic_algorithm,sphere,117,19300,2.1242325029817674e-06
genetic_algorithm,sphere,117,19400,2.1242325029817674e-06
genetic_algorithm,sphere,117,19500,2.1242325029817674e-06
genetic_algorithm,sphere,117,19600,2.1242325029817674e-06
genetic_algorithm,sphere,117,19700,2.1242325029817674e-06
genetic_algorithm,sphere,117,19800,2.1242325029817674e-06
genetic_algorithm,sphere,117,19900,2.1242325029817674e-06
genetic_algorithm,sphere,117,20000,1.9943072889421406e-06
genetic_algorithm,sphere,118,100,16.977770462557263
genetic_algorithm,sphere,118,200,8.290866612101071
genetic_algorithm,sphere,118,300,3.694983453924058
genetic_algorithm,sphere,118,400,2.556618317047023
genetic_algorithm,sphere,118,500,1.1054792449544468
genetic_algorithm,sphere,118,600,0.7201473821169783
genetic_algorithm,sphere,118,700,0.49508521020738366
genetic_algorithm,sphere,118,800,0.19281812833389161
genetic_algorithm,sphere,118,900,0.16610615072219717
genetic_algorithm,sphere,118,1000,0.098525802813869
genetic_algorithm,sphere,118,1100,0.07625204708150363
genetic_algorithm,sphere,118,1200,0.016292827635156548
genetic_algorithm,sphere,118,1300,0.016193296672175082
genetic_algorithm,sphere,118,1400,0.007913012197232722
genetic_algorithm,sphere,118,1500,0.005863689179903594
genetic_algorithm,sphere,118,1600,0.005863689179903594
genetic_algorithm,sphere,118,1700,0.004406757580853353
genetic_algorithm,sphere,118,1800,0.004091056024472907
genetic_algorithm,sphere,118,1900,0.0028001922550670087
genetic_algorithm,sphere,118,2000,0.0024083891229376682
genetic_algorithm,sphere,118,2100,0.0024083891229376682
genetic_algorithm,sphere,118,2200,0.0021117978140599934
genetic_algorithm,sphere,118,2300,0.0019076306150551893
genetic_algorithm,sphere,118,2400,0.0011160485941279987
genetic_algorithm,sphere,118,2500,0.0008444658234413295
genetic_algorithm,sphere,118,2600,0.0008444658234413295
genetic_algorithm,sphere,118,2700,0.0007632573973300562
genetic_algorithm,sphere,118,2800,0.0007632573973300562
genetic_algorithm,sphere,118,2900,0.00036541760084642333
genetic_algorithm,sphere,118,3000,0.000321826648533084
genetic_algorithm,sphere,118,3100,0.00016733764433627608
genetic_algorithm,sphere,118,3200,0.00014504440203992418
genetic_algorithm,sphere,118,3300,8.838821572460248e-05
genetic_algorithm,sphere,118,3400,8.838821572460248e-05
genetic_algorithm,sphere,118,3500,8.838821572460248e-05
genetic_algorithm,sphere,118,3600,8.838821572460248e-05
genetic_algorithm,sphere,118,3700,8.838821572460248e-05
genetic_algorithm,sphere,118,3800,8.838821572460248e-05
genetic_algorithm,sphere,118,3900,8.838821572460248e-05
genetic_algorithm,sphere,118,4000,8.838821572460248e-05
genetic_algorithm,sphere,118,4100,8.838821572460248e-05
genetic_algorithm,sphere,118,4200,3.382032894446821e-05
genetic_algorithm,sphere,118,4300,3.382032894446821e-05
genetic_algorithm,sphere,118,4400,3.382032894446821e-05
genetic_algorithm,sphere,118,4500,3.382032894446821e-05
genetic_algorithm,sphere,118,4600,3.382032894446821e-05
genetic_algorithm,sphere,118,4700,3.382032894446821e-05
genetic_algorithm,sphere,118,4800,3.382032894446821e-05
genetic_algorithm,sphere,118,4900,2.518480185347169e-05
genetic_algorithm,sphere,118,5000,2.518480185347169e-05
genetic_algorithm,sphere,118,5100,2.518480185347169e-05
genetic_algorithm,sphere,118,5200,2.518480185347169e-05
genetic_algorithm,sphere,118,5300,2.518480185347169e-05
genetic_algorithm,sphere,118,5400,2.518480185347169e-05
genetic_algorithm,sphere,118,5500,2.518480185347169e-05
genetic_algorithm,sphere,118,5600,2.1650301959000485e-05
genetic_algorithm,sphere,118,5700,1.435834337158599e-05
genetic_algorithm,sphere,118,5800,1.435834337158599e-05
genetic_algorithm,sphere,118,5900,1.095554511930742e-05
genetic_algorithm,sphere,118,6000,1.095554511930742e-05
genetic_algorithm,sphere,118,6100,1.095554511930742e-05
genetic_algorithm,sphere,118,6200,1.095554511930742e-05
genetic_algorithm,sphere,118,6300,1.095554511930742e-05
genetic_algorithm,sphere,118,6400,1.095554511930742e-05
genetic_algorithm,sphere,118,6500,1.095554511930742e-05
genetic_algorithm,sphere,118,6600,1.095554511930742e-05
genetic_algorithm,sphere,118,6700,1.095554511930742e-05
genetic_algorithm,sphere,118,6800,1.095554511930742e-05
genetic_algorithm,sphere,118,6900,1.095554511930742e-05
genetic_algorithm,sphere,118,7000,1.095554511930742e-05
genetic_algorithm,sphere,118,7100,1.095554511930742e-05
genetic_algorithm,sphere,118,7200,1.095554511930742e-05
genetic_algorithm,sphere,118,7300,1.095554511930742e-05
genetic_algorithm,sphere,118,7400,1.095554511930742e-05
genetic_algorithm,sphere,118,7500,1.095554511930742e-05
genetic_algorithm,sphere,118,7600,1.095554511930742e-05
genetic_algorithm,sphere,118,7700,1.095554511930742e-05
genetic_algorithm,sphere,118,7800,1.095554511930742e-05
genetic_algorithm,sphere,118,7900,1.095554511930742e-05
genetic_algorithm,sphere,118,8000,1.095554511930742e-05
genetic_algorithm,sphere,118,8100,1.095554511930742e-05
genetic_algorithm,sphere,118,8200,1.095554511930742e-05
genetic_algorithm,sphere,118,8300,1.095554511930742e-05
genetic_algorithm,sphere,118,8400,1.095554511930742e-05
genetic_algorithm,sphere,118,8500,1.095554511930742e-05
genetic_algorithm,sphere,118,8600,1.095554511930742e-05
genetic_algorithm,sphere,118,8700,1.095554511930742e-05
genetic_algorithm,sphere,118,8800,1.095554511930742e-05
genetic_algorithm,sphere,118,8900,7.943176166036243e-06
genetic_algorithm,sphere,118,9000,7.943176166036243e-06
genetic_algorithm,sphere,118,9100,7.943176166036243e-06
genetic_algorithm,sphere,118,9200,7.943176166036243e-06
genetic_algorithm,sphere,118,9300,7.943176166036243e-06
genetic_algorithm,sphere,118,9400,7.943176166036243e-06
genetic_algorithm,sphere,118,9500,7.943176166036243e-06
genetic_algorithm,sphere,118,9600,7.943176166036243e-06
genetic_algorithm,sphere,118,9700,7.943176166036243e-06
genetic_algorithm,sphere,118,9800,7.943176166036243e-06
genetic_algorithm,sphere,118,9900,7.943176166036243e-06
genetic_algorithm,sphere,118,10000,7.943176166036243e-06
genetic_algorithm,sphere,118,10100,7.943176166036243e-06
genetic_algorithm,sphere,118,10200,7.733794281776187e-06
genetic_algorithm,sphere,118,10300,7.733794281776187e-06
genetic_algorithm,sphere,118,10400,7.733794281776187e-06
genetic_algorithm,sphere,118,10500,7.733794281776187e-06
genetic_algorithm,sphere,118,10600,7.733794281776187e-06
genetic_algorithm,sphere,118,10700,7.733794281776187e-06
genetic_algorithm,sphere,118,10800,7.733794281776187e-06
genetic_algorithm,sphere,118,10900,7.733794281776187e-06
genetic_algorithm,sphere,118,11000,7.733794281776187e-06
genetic_algorithm,sphere,118,11100,7.733794281776187e-06
genetic_algorithm,sphere,118,11200,7.733794281776187e-06
genetic_algorithm,sphere,118,11300,7.733794281776187e-06
genetic_algorithm,sphere,118,11400,7.733794281776187e-06
genetic_algorithm,sphere,118,11500,7.733794281776187e-06
genetic_algorithm,sphere,118,11600,7.733794281776187e-06
genetic_algorithm,sphere,118,11700,7.733794281776187e-06
genetic_algorithm,sphere,118,11800,7.733794281776187e-06
genetic_algorithm,sphere,118,11900,7.733794281776187e-06
genetic_algorithm,sphere,118,12000,7.733794281776187e-06
genetic_algorithm,sphere,118,12100,7.733794281776187e-06
genetic_algorithm,sphere,118,12200,7.733794281776187e-06
genetic_algorithm,sphere,118,12300,7.733794281776187e-06
genetic_algorithm,sphere,118,12400,7.733794281776187e-06
genetic_algorithm,sphere,118,12500,7.733794281776187e-06
genetic_algorithm,sphere,118,12600,7.733794281776187e-06
genetic_algorithm,sphere,118,12700,7.733794281776187e-06
genetic_algorithm,sphere,118,12800,7.733794281776187e-06
genetic_algorithm,sphere,118,12900,7.291673952065278e-06
genetic_algorithm,sphere,118,13000,3.824954755962604e-06
genetic_algorithm,sphere,118,13100,3.824954755962604e-06
genetic_algorithm,sphere,118,13200,3.824954755962604e-06
genetic_algorithm,sphere,118,13300,3.824954755962604e-06
genetic_algorithm,sphere,118,13400,3.824954755962604e-06
genetic_algorithm,sphere,118,13500,3.824954755962604e-06
genetic_algorithm,sphere,118,13600,3.824954755962604e-06
genetic_algorithm,sphere,118,13700,3.824954755962604e-06
genetic_algorithm,sphere,118,13800,3.824954755962604e-06
genetic_algorithm,sphere,118,13900,3.824954755962604e-06
genetic_algorithm,sphere,118,14000,3.824954755962604e-06
genetic_algorithm,sphere,118,14100,3.824954755962604e-06
genetic_algorithm,sphere,118,14200,3.824954755962604e-06
genetic_algorithm,sphere,118,14300,3.824954755962604e-06
genetic_algorithm,sphere,118,14400,3.824954755962604e-06
genetic_algorithm,sphere,118,14500,3.824954755962604e-06
genetic_algorithm,sphere,118,14600,3.824954755962604e-06
genetic_algorithm,sphere,118,14700,3.824954755962604e-06
genetic_algorithm,sphere,118,14800,3.824954755962604e-06
genetic_algorithm,sphere,118,14900,3.824954755962604e-06
genetic_algorithm,sphere,118,15000,3.824954755962604e-06
genetic_algorithm,sphere,118,15100,3.824954755962604e-06
genetic_algorithm,sphere,118,15200,3.824954755962604e-06
genetic_algorithm,sphere,118,15300,3.824954755962604e-06
genetic_algorithm,sphere,118,15400,3.824954755962604e-06
genetic_algorithm,sphere,118,15500,3.824954755962604e-06
genetic_algorithm,sphere,118,15600,3.824954755962604e-06
genetic_algorithm,sphere,118,15700,3.824954755962604e-06
genetic_algorithm,sphere,118,15800,3.824954755962604e-06
genetic_algorithm,sphere,118,15900,3.824954755962604e-06
genetic_algorithm,sphere,118,16000,3.824954755962604e-06
genetic_algorithm,sphere,118,16100,3.824954755962604e-06
genetic_algorithm,sphere,118,16200,3.824954755962604e-06
genetic_algorithm,sphere,118,16300,3.824954755962604e-06
genetic_algorithm,sphere,118,16400,3.824954755962604e-06
genetic_algorithm,sphere,118,16500,3.824954755962604e-06
genetic_algorithm,sphere,118,16600,3.824954755962604e-06
genetic_algorithm,sphere,118,16700,3.824954755962604e-06
genetic_algorithm,sphere,118,16800,3.8164019390221854e-06
genetic_algorithm,sphere,118,16900,3.8164019390221854e-06
genetic_algorithm,sphere,118,17000,3.8164019390221854e-06
genetic_algorithm,sphere,118,17100,3.8164019390221854e-06
genetic_algorithm,sphere,118,17200,3.8164019390221854e-06
genetic_algorithm,sphere,118,17300,3.8164019390221854e-06
genetic_algorithm,sphere,118,17400,3.8164019390221854e-06
genetic_algorithm,sphere,118,17500,3.8164019390221854e-06
genetic_algorithm,sphere,118,17600,3.8164019390221854e-06
genetic_algorithm,sphere,118,17700,3.8129506912622674e-06
genetic_algorithm,sphere,118,17800,3.8129506912622674e-06
genetic_algorithm,sphere,118,17900,3.8129506912622674e-06
genetic_algorithm,sphere,118,18000,3.8129506912622674e-06
genetic_algorithm,sphere,118,18100,3.8129506912622674e-06
genetic_algorithm,sphere,118,18200,3.8129506912622674e-06
genetic_algorithm,sphere,118,18300,3.8129506912622674e-06
genetic_algorithm,sphere,118,18400,3.8129506912622674e-06
genetic_algorithm,sphere,118,18500,3.8129506912622674e-06
genetic_algorithm,sphere,118,18600,3.8129506912622674e-06
genetic_algorithm,sphere,118,18700,3.8129506912622674e-06
genetic_algorithm,sphere,118,18800,3.8129506912622674e-06
genetic_algorithm,sphere,118,18900,3.8129506912622674e-06
genetic_algorithm,sphere,118,19000,3.8129506912622674e-06
genetic_algorithm,sphere,118,19100,3.8129506912622674e-06
genetic_algorithm,sphere,118,19200,3.8129506912622674e-06
genetic_algorithm,sphere,118,19300,3.8129506912622674e-06
genetic_algorithm,sphere,118,19400,3.773238764110267e-06
genetic_algorithm,sphere,118,19500,3.773238764110267e-06
genetic_algorithm,sphere,118,19600,3.773238764110267e-06
genetic_algorithm,sphere,118,19700,3.773238764110267e-06
genetic_algorithm,sphere,118,19800,3.773238764110267e-06
genetic_algorithm,sphere,118,19900,3.773238764110267e-06
genetic_algorithm,sphere,118,20000,3.773238764110267e-06
genetic_algorithm,sphere,119,100,8.593505277617558
genetic_algorithm,sphere,119,200,4.092686168786392
genetic_algorithm,sphere,119,300,2.0950693026398457
genetic_algorithm,sphere,119,400,0.829236353380587
genetic_algorithm,sphere,119,500,0.3813863691369293
genetic_algorithm,sphere,119,600,0.15166060304619353
genetic_algorithm,sphere,119,700,0.10310523897363635
genetic_algorithm,sphere,119,800,0.037078130157121955
genetic_algorithm,sphere,119,900,0.03185440536990804
genetic_algorithm,sphere,119,1000,0.02110646070899175
genetic_algorithm,sphere,119,1100,0.008290979738078144
genetic_algorithm,sphere,119,1200,0.007302562591198741
genetic_algorithm,sphere,119,1300,0.005345747137353331
genetic_algorithm,sphere,119,1400,0.004363398647856392
genetic_algorithm,sphere,119,1500,0.003170343636152235
genetic_algorithm,sphere,119,1600,0.0024842613740168277
genetic_algorithm,sphere,119,1700,0.0022359062243257626
genetic_algorithm,sphere,119,1800,0.0019912409147535225
genetic_algorithm,sphere,119,1900,0.001504327973390376
genetic_algorithm,sphere,119,2000,0.0011943099015879395
genetic_algorithm,sphere,119,2100,0.0010934025070942896
genetic_algorithm,sphere,119,2200,0.0010934025070942896
genetic_algorithm,sphere,119,2300,0.0010934025070942896
genetic_algorithm,sphere,119,2400,0.0006670780895260869
genetic_algorithm,sphere,119,2500,0.0005430755169779549
genetic_algorithm,sphere,119,2600,0.0005430755169779549
genetic_algorithm,sphere,119,2700,0.0005430755169779549
genetic_algorithm,sphere,119,2800,0.0004761499107550886
genetic_algorithm,sphere,119,2900,0.0004417497069171435
genetic_algorithm,sphere,119,3000,0.0003149801025941781
genetic_algorithm,sphere,119,3100,0.0003149801025941781
genetic_algorithm,sphere,119,3200,0.0003149801025941781
genetic_algorithm,sphere,119,3300,0.0003149801025941781
genetic_algorithm,sphere,119,3400,0.0003149801025941781
genetic_algorithm,sphere,119,3500,0.0003149801025941781
genetic_algorithm,sphere,119,3600,0.00028242043372513846
genetic_algorithm,sphere,119,3700,0.00028242043372513846
genetic_algorithm,sphere,119,3800,0.00028242043372513846
genetic_algorithm,sphere,119,3900,0.00028242043372513846
genetic_algorithm,sphere,119,4000,0.00028242043372513846
genetic_algorithm,sphere,119,4100,0.00028242043372513846
genetic_algorithm,sphere,119,4200,0.0002787020287029942
genetic_algorithm,sphere,119,4300,0.0002787020287029942
genetic_algorithm,sphere,119,4400,0.0002787020287029942
genetic_algorithm,sphere,119,4500,0.0002787020287029942
genetic_algorithm,sphere,119,4600,0.0002787020287029942
genetic_algorithm,sphere,119,4700,0.00020157630251666436
genetic_algorithm,sphere,119,4800,0.00020157630251666436
genetic_algorithm,sphere,119,4900,0.00020157630251666436
genetic_algorithm,sphere,119,5000,0.00020157630251666436
genetic_algorithm,sphere,119,5100,0.00020157630251666436
genetic_algorithm,sphere,119,5200,0.00017764177900323123
genetic_algorithm,sphere,119,5300,0.00017764177900323123
genetic_algorithm,sphere,119,5400,0.0001515885517269415
genetic_algorithm,sphere,119,5500,0.0001515885517269415
genetic_algorithm,sphere,119,5600,0.0001515885517269415
genetic_algorithm,sphere,119,5700,0.0001515885517269415
genetic_algorithm,sphere,119,5800,0.0001515885517269415
genetic_algorithm,sphere,119,5900,0.0001515885517269415
genetic_algorithm,sphere,119,6000,0.00015098983916567025
genetic_algorithm,sphere,119,6100,0.0001258419002291894
genetic_algorithm,sphere,119,6200,0.0001258419002291894
genetic_algorithm,sphere,119,6300,0.0001258419002291894
genetic_algorithm,sphere,119,6400,0.0001258419002291894
genetic_algorithm,sphere,119,6500,0.00012325161244640672
genetic_algorithm,sphere,119,6600,9.262381592536702e-05
genetic_algorithm,sphere,119,6700,9.262381592536702e-05
genetic_algorithm,sphere,119,6800,9.262381592536702e-05
genetic_algorithm,sphere,119,6900,9.262381592536702e-05
genetic_algorithm,sphere,119,7000,9.164447831350488e-05
genetic_algorithm,sphere,119,7100,9.164447831350488e-05
genetic_algorithm,sphere,119,7200,9.164447831350488e-05
genetic_algorithm,sphere,119,7300,9.164447831350488e-05
genetic_algorithm,sphere,119,7400,9.164447831350488e-05
genetic_algorithm,sphere,119,7500,9.164447831350488e-05
genetic_algorithm,sphere,119,7600,9.164447831350488e-05
genetic_algorithm,sphere,119,7700,9.164447831350488e-05
genetic_algorithm,sphere,119,7800,9.164447831350488e-05
genetic_algorithm,sphere,119,7900,9.164447831350488e-05
genetic_algorithm,sphere,119,8000,9.164447831350488e-05
genetic_algorithm,sphere,119,8100,9.164447831350488e-05
genetic_algorithm,sphere,119,8200,7.704719054219657e-05
genetic_algorithm,sphere,119,8300,6.113819415672273e-05
genetic_algorithm,sphere,119,8400,6.113819415672273e-05
genetic_algorithm,sphere,119,8500,6.113819415672273e-05
genetic_algorithm,sphere,119,8600,6.113819415672273e-05
genetic_algorithm,sphere,119,8700,6.113819415672273e-05
genetic_algorithm,sphere,119,8800,6.113819415672273e-05
genetic_algorithm,sphere,119,8900,6.113819415672273e-05
genetic_algorithm,sphere,119,9000,6.113819415672273e-05
genetic_algorithm,sphere,119,9100,6.113819415672273e-05
genetic_algorithm,sphere,119,9200,6.113819415672273e-05
genetic_algorithm,sphere,119,9300,6.113819415672273e-05
genetic_algorithm,sphere,119,9400,6.113819415672273e-05
genetic_algorithm,sphere,119,9500,6.113819415672273e-05
genetic_algorithm,sphere,119,9600,6.113819415672273e-05
genetic_algorithm,sphere,119,9700,6.113819415672273e-05
genetic_algorithm,sphere,119,9800,6.113819415672273e-05
genetic_algorithm,sphere,119,9900,6.113819415672273e-05
genetic_algorithm,sphere,119,10000,6.113819415672273e-05
genetic_algorithm,sphere,119,10100,6.113819415672273e-05
genetic_algorithm,sphere,119,10200,6.113819415672273e-05
genetic_algorithm,sphere,119,10300,6.113819415672273e-05
genetic_algorithm,sphere,119,10400,6.113819415672273e-05
genetic_algorithm,sphere,119,10500,6.113819415672273e-05
genetic_algorithm,sphere,119,10600,6.113819415672273e-05
genetic_algorithm,sphere,119,10700,6.036359488702034e-05
genetic_algorithm,sphere,119,10800,6.036359488702034e-05
genetic_algorithm,sphere,119,10900,6.036359488702034e-05
genetic_algorithm,sphere,119,11000,6.036359488702034e-05
genetic_algorithm,sphere,119,11100,6.036359488702034e-05
genetic_algorithm,sphere,119,11200,3.824137914008696e-05
genetic_algorithm,sphere,119,11300,3.422516292083636e-05
genetic_algorithm,sphere,119,11400,3.198417947975858e-05
genetic_algorithm,sphere,119,11500,3.198417947975858e-05
genetic_algorithm,sphere,119,11600,3.198417947975858e-05
genetic_algorithm,sphere,119,11700,3.198417947975858e-05
genetic_algorithm,sphere,119,11800,3.198417947975858e-05
genetic_algorithm,sphere,119,11900,3.198417947975858e-05
genetic_algorithm,sphere,119,12000,3.198417947975858e-05
genetic_algorithm,sphere,119,12100,3.198417947975858e-05
genetic_algorithm,sphere,119,12200,3.198417947975858e-05
genetic_algorithm,sphere,119,12300,3.198417947975858e-05
genetic_algorithm,sphere,119,12400,3.198417947975858e-05
genetic_algorithm,sphere,119,12500,2.963553670309839e-05
genetic_algorithm,sphere,119,12600,2.963553670309839e-05
genetic_algorithm,sphere,119,12700,2.963553670309839e-05
genetic_algorithm,sphere,119,12800,2.963553670309839e-05
genetic_algorithm,sphere,119,12900,2.963553670309839e-05
genetic_algorithm,sphere,119,13000,2.963553670309839e-05
genetic_algorithm,sphere,119,13100,2.963553670309839e-05
genetic_algorithm,sphere,119,13200,2.963553670309839e-05
genetic_algorithm,sphere,119,13300,2.963553670309839e-05
genetic_algorithm,sphere,119,13400,2.963553670309839e-05
genetic_algorithm,sphere,119,13500,2.963553670309839e-05
genetic_algorithm,sphere,119,13600,2.963553670309839e-05
genetic_algorithm,sphere,119,13700,2.963553670309839e-05
genetic_algorithm,sphere,119,13800,2.963553670309839e-05
genetic_algorithm,sphere,119,13900,2.963553670309839e-05
genetic_algorithm,sphere,119,14000,2.963553670309839e-05
genetic_algorithm,sphere,119,14100,2.963553670309839e-05
genetic_algorithm,sphere,119,14200,2.963553670309839e-05
genetic_algorithm,sphere,119,14300,2.963553670309839e-05
genetic_algorithm,sphere,119,14400,2.963553670309839e-05
genetic_algorithm,sphere,119,14500,2.963553670309839e-05
genetic_algorithm,sphere,119,14600,2.963553670309839e-05
genetic_algorithm,sphere,119,14700,2.677003949178057e-05
genetic_algorithm,sphere,119,14800,2.4350299197432457e-05
genetic_algorithm,sphere,119,14900,1.9630231325431073e-05
genetic_algorithm,sphere,119,15000,1.9630231325431073e-05
genetic_algorithm,sphere,119,15100,1.9630231325431073e-05
genetic_algorithm,sphere,119,15200,1.9630231325431073e-05
genetic_algorithm,sphere,119,15300,1.9630231325431073e-05
genetic_algorithm,sphere,119,15400,1.9630231325431073e-05
genetic_algorithm,sphere,119,15500,1.9630231325431073e-05
genetic_algorithm,sphere,119,15600,1.9630231325431073e-05
genetic_algorithm,sphere,119,15700,1.9630231325431073e-05
genetic_algorithm,sphere,119,15800,1.9630231325431073e-05
genetic_algorithm,sphere,119,15900,1.9630231325431073e-05
genetic_algorithm,sphere,119,16000,1.9630231325431073e-05
genetic_algorithm,sphere,119,16100,1.9065878116547203e-05
genetic_algorithm,sphere,119,16200,1.9065878116547203e-05
genetic_algorithm,sphere,119,16300,1.9065878116547203e-05
genetic_algorithm,sphere,119,16400,1.9065878116547203e-05
genetic_algorithm,sphere,119,16500,1.9065878116547203e-05
genetic_algorithm,sphere,119,16600,1.9065878116547203e-05
genetic_algorithm,sphere,119,16700,1.9065878116547203e-05
genetic_algorithm,sphere,119,16800,1.9065878116547203e-05
genetic_algorithm,sphere,119,16900,1.9065878116547203e-05
genetic_algorithm,sphere,119,17000,1.9065878116547203e-05
genetic_algorithm,sphere,119,17100,1.9065878116547203e-05
genetic_algorithm,sphere,119,17200,1.9065878116547203e-05
genetic_algorithm,sphere,119,17300,1.9065878116547203e-05
genetic_algorithm,sphere,119,17400,1.9065878116547203e-05
genetic_algorithm,sphere,119,17500,1.679080467206003e-05
genetic_algorithm,sphere,119,17600,1.679080467206003e-05
genetic_algorithm,sphere,119,17700,1.679080467206003e-05
genetic_algorithm,sphere,119,17800,1.679080467206003e-05
genetic_algorithm,sphere,119,17900,1.679080467206003e-05
genetic_algorithm,sphere,119,18000,1.679080467206003e-05
genetic_algorithm,sphere,119,18100,1.679080467206003e-05
genetic_algorithm,sphere,119,18200,1.679080467206003e-05
genetic_algorithm,sphere,119,18300,1.679080467206003e-05
genetic_algorithm,sphere,119,18400,1.679080467206003e-05
genetic_algorithm,sphere,119,18500,1.679080467206003e-05
genetic_algorithm,sphere,119,18600,1.679080467206003e-05
genetic_algorithm,sphere,119,18700,1.679080467206003e-05
genetic_algorithm,sphere,119,18800,1.679080467206003e-05
genetic_algorithm,sphere,119,18900,1.679080467206003e-05
genetic_algorithm,sphere,119,19000,1.679080467206003e-05
genetic_algorithm,sphere,119,19100,1.679080467206003e-05
genetic_algorithm,sphere,119,19200,1.4543708784395843e-05
genetic_algorithm,sphere,119,19300,1.4543708784395843e-05
genetic_algorithm,sphere,119,19400,1.4543708784395843e-05
genetic_algorithm,sphere,119,19500,1.4543708784395843e-05
genetic_algorithm,sphere,119,19600,1.4440163290703027e-05
genetic_algorithm,sphere,119,19700,1.2844180898665616e-05
genetic_algorithm,sphere,119,19800,1.2844180898665616e-05
genetic_algorithm,sphere,119,19900,1.2844180898665616e-05
genetic_algorithm,sphere,119,20000,1.2844180898665616e-05
