algorithm,benchmark,seed,evaluations,best_value
hill_climbing,sphere,100,100,21.251074291693104
hill_climbing,sphere,100,200,1.179846065647064
hill_climbing,sphere,100,300,0.2909584998008189
hill_climbing,sphere,100,400,0.18859463668071508
hill_climbing,sphere,100,500,0.11699702697303668
hill_climbing,sphere,100,600,0.11699702697303668
hill_climbing,sphere,100,700,0.11699702697303668
hill_climbing,sphere,100,800,0.11699702697303668
hill_climbing,sphere,100,900,0.11699702697303668
hill_climbing,sphere,100,1000,0.08790145596866832
hill_climbing,sphere,100,1100,0.08790145596866832
hill_climbing,sphere,100,1200,0.08790145596866832
hill_climbing,sphere,100,1300,0.08790145596866832
hill_climbing,sphere,100,1400,0.08219437949905757
hill_climbing,sphere,100,1500,0.08219437949905757
hill_climbing,sphere,100,1600,0.08219437949905757
hill_climbing,sphere,100,1700,0.08219437949905757
hill_climbing,sphere,100,1800,0.08219437949905757
hill_climbing,sphere,100,1900,0.08219437949905757
hill_climbing,sphere,100,2000,0.08219437949905757
hill_climbing,sphere,100,2100,0.08219437949905757
hill_climbing,sphere,100,2200,0.08219437949905757
hill_climbing,sphere,100,2300,0.08219437949905757
hill_climbing,sphere,100,2400,0.08219437949905757
hill_climbing,sphere,100,2500,0.08219437949905757
hill_climbing,sphere,100,2600,0.08219437949905757
hill_climbing,sphere,100,2700,0.08219437949905757
hill_climbing,sphere,100,2800,0.08219437949905757
hill_climbing,sphere,100,2900,0.08219437949905757
hill_climbing,sphere,100,3000,0.08219437949905757
hill_climbing,sphere,100,3100,0.08219437949905757
hill_climbing,sphere,100,3200,0.08219437949905757
hill_climbing,sphere,100,3300,0.08219437949905757
hill_climbing,sphere,100,3400,0.078317133258407
hill_climbing,sphere,100,3500,0.078317133258407
hill_climbing,sphere,100,3600,0.078317133258407
hill_climbing,sphere,100,3700,0.078317133258407
hill_climbing,sphere,100,3800,0.078317133258407
hill_climbing,sphere,100,3900,0.078317133258407
hill_climbing,sphere,100,4000,0.078317133258407
hill_climbing,sphere,100,4100,0.078317133258407
hill_climbing,sphere,100,4200,0.078317133258407
hill_climbing,sphere,100,4300,0.078317133258407
hill_climbing,sphere,100,4400,0.078317133258407
hill_climbing,sphere,100,4500,0.078317133258407
hill_climbing,sphere,100,4600,0.078317133258407
hill_climbing,sphere,100,4700,0.07156895842914521
hill_climbing,sphere,100,4800,0.07156895842914521
hill_climbing,sphere,100,4900,0.07156895842914521
hill_climbing,sphere,100,5000,0.07156895842914521
hill_climbing,sphere,100,5100,0.07156895842914521
hill_climbing,sphere,100,5200,0.07156895842914521
hill_climbing,sphere,100,5300,0.07156895842914521
hill_climbing,sphere,100,5400,0.07156895842914521
hill_climbing,sphere,100,5500,0.07156895842914521
hill_climbing,sphere,100,5600,0.07156895842914521
hill_climbing,sphere,100,5700,0.07156895842914521
hill_climbing,sphere,100,5800,0.07156895842914521
hill_climbing,sphere,100,5900,0.07156895842914521
hill_climbing,sphere,100,6000,0.07156895842914521
hill_climbing,sphere,100,6100,0.07156895842914521
hill_climbing,sphere,100,6200,0.055909817760986115
hill_climbing,sphere,100,6300,0.055909817760986115
hill_climbing,sphere,100,6400,0.055909817760986115
hill_climbing,sphere,100,6500,0.055909817760986115
hill_climbing,sphere,100,6600,0.055909817760986115
hill_climbing,sphere,100,6700,0.055909817760986115
hill_climbing,sphere,100,6800,0.055909817760986115
hill_climbing,sphere,100,6900,0.055909817760986115
hill_climbing,sphere,100,7000,0.055909817760986115
hill_climbing,sphere,100,7100,0.055909817760986115
hill_climbing,sphere,100,7200,0.055909817760986115
hill_climbing,sphere,100,7300,0.055909817760986115
hill_climbing,sphere,100,7400,0.055909817760986115
hill_climbing,sphere,100,7500,0.055909817760986115
hill_climbing,sphere,100,7600,0.055909817760986115
hill_climbing,sphere,100,7700,0.055909817760986115
hill_climbing,sphere,100,7800,0.055909817760986115
hill_climbing,sphere,100,7900,0.055909817760986115
hill_climbing,sphere,100,8000,0.055909817760986115
hill_climbing,sphere,100,8100,0.0441269881691188
hill_climbing,sphere,100,8200,0.0441269881691188
hill_climbing,sphere,100,8300,0.0441269881691188
hill_climbing,sphere,100,8400,0.0441269881691188
hill_climbing,sphere,100,8500,0.0441269881691188
hill_climbing,sphere,100,8600,0.0441269881691188
hill_climbing,sphere,100,8700,0.0441269881691188
hill_climbing,sphere,100,8800,0.0441269881691188
hill_climbing,sphere,100,8900,0.0441269881691188
hill_climbing,sphere,100,9000,0.0441269881691188
hill_climbing,sphere,100,9100,0.0441269881691188
hill_climbing,sphere,100,9200,0.0441269881691188
hill_climbing,sphere,100,9300,0.0441269881691188
hill_climbing,sphere,100,9400,0.0441269881691188
hill_climbing,sphere,100,9500,0.0441269881691188
hill_climbing,sphere,100,9600,0.0441269881691188
hill_climbing,sphere,100,9700,0.0441269881691188
hill_climbing,sphere,100,9800,0.0441269881691188
hill_climbing,sphere,100,9900,0.0441269881691188
hill_climbing,sphere,100,10000,0.0441269881691188
hill_climbing,sphere,100,10100,0.0441269881691188
hill_climbing,sphere,100,10200,0.0441269881691188
hill_climbing,sphere,100,10300,0.0441269881691188
hill_climbing,sphere,100,10400,0.0441269881691188
hill_climbing,sphere,100,10500,0.0441269881691188
hill_climbing,sphere,100,10600,0.0441269881691188
hill_climbing,sphere,100,10700,0.0441269881691188
hill_climbing,sphere,100,10800,0.0441269881691188
hill_climbing,sphere,100,10900,0.0441269881691188
hill_climbing,sphere,100,11000,0.0441269881691188
hill_climbing,sphere,100,11100,0.0441269881691188
hill_climbing,sphere,100,11200,0.0441269881691188
hill_climbing,sphere,100,11300,0.0441269881691188
hill_climbing,sphere,100,11400,0.0441269881691188
hill_climbing,sphere,100,11500,0.0441269881691188
hill_climbing,sphere,100,11600,0.0441269881691188
hill_climbing,sphere,100,11700,0.0441269881691188
hill_climbing,sphere,100,11800,0.0441269881691188
hill_climbing,sphere,100,11900,0.0441269881691188
hill_climbing,sphere,100,12000,0.0441269881691188
hill_climbing,sphere,100,12100,0.0441269881691188
hill_climbing,sphere,100,12200,0.0441269881691188
hill_climbing,sphere,100,12300,0.0441269881691188
hill_climbing,sphere,100,12400,0.0441269881691188
hill_climbing,sphere,100,12500,0.0441269881691188
hill_climbing,sphere,100,12600,0.0441269881691188
hill_climbing,sphere,100,12700,0.0441269881691188
hill_climbing,sphere,100,12800,0.0441269881691188
hill_climbing,sphere,100,12900,0.0441269881691188
hill_climbing,sphere,100,13000,0.0441269881691188
hill_climbing,sphere,100,13100,0.0441269881691188
hill_climbing,sphere,100,13200,0.0441269881691188
hill_climbing,sphere,100,13300,0.0441269881691188
hill_climbing,sphere,100,13400,0.0441269881691188
hill_climbing,sphere,100,13500,0.0441269881691188
hill_climbing,sphere,100,13600,0.0441269881691188
hill_climbing,sphere,100,13700,0.0441269881691188
hill_climbing,sphere,100,13800,0.0441269881691188
hill_climbing,sphere,100,13900,0.0441269881691188
hill_climbing,sphere,100,14000,0.0441269881691188
hill_climbing,sphere,100,14100,0.0441269881691188
hill_climbing,sphere,100,14200,0.0441269881691188
hill_climbing,sphere,100,14300,0.0441269881691188
hill_climbing,sphere,100,14400,0.0441269881691188
hill_climbing,sphere,100,14500,0.0441269881691188
hill_climbing,sphere,100,14600,0.0441269881691188
hill_climbing,sphere,100,14700,0.0441269881691188
hill_climbing,sphere,100,14800,0.0441269881691188
hill_climbing,sphere,100,14900,0.0441269881691188
hill_climbing,sphere,100,15000,0.0441269881691188
hill_climbing,sphere,100,15100,0.0441269881691188
hill_climbing,sphere,100,15200,0.0441269881691188
hill_climbing,sphere,100,15300,0.0441269881691188
hill_climbing,sphere,100,15400,0.0441269881691188
hill_climbing,sphere,100,15500,0.0441269881691188
hill_climbing,sphere,100,15600,0.0441269881691188
hill_climbing,sphere,100,15700,0.0441269881691188
hill_climbing,sphere,100,15800,0.0441269881691188
hill_climbing,sphere,100,15900,0.0441269881691188
hill_climbing,sphere,100,16000,0.0441269881691188
hill_climbing,sphere,100,16100,0.0441269881691188
hill_climbing,sphere,100,16200,0.0441269881691188
hill_climbing,sphere,100,16300,0.0441269881691188
hill_climbing,sphere,100,16400,0.0441269881691188
hill_climbing,sphere,100,16500,0.0441269881691188
hill_climbing,sphere,100,16600,0.0441269881691188
hill_climbing,sphere,100,16700,0.0441269881691188
hill_climbing,sphere,100,16800,0.0441269881691188
hill_climbing,sphere,100,16900,0.0441269881691188
hill_climbing,sphere,100,17000,0.0441269881691188
hill_climbing,sphere,100,17100,0.0441269881691188
hill_climbing,sphere,100,17200,0.0441269881691188
hill_climbing,sphere,100,17300,0.0441269881691188
hill_climbing,sphere,100,17400,0.0441269881691188
hill_climbing,sphere,100,17500,0.0441269881691188
hill_climbing,sphere,100,17600,0.0441269881691188
hill_climbing,sphere,100,17700,0.0441269881691188
hill_climbing,sphere,100,17800,0.0441269881691188
hill_climbing,sphere,100,17900,0.0441269881691188
hill_climbing,sphere,100,18000,0.0441269881691188
hill_climbing,sphere,100,18100,0.0441269881691188
hill_climbing,sphere,100,18200,0.0441269881691188
hill_climbing,sphere,100,18300,0.0441269881691188
hill_climbing,sphere,100,18400,0.0441269881691188
hill_climbing,sphere,100,18500,0.0441269881691188
hill_climbing,sphere,100,18600,0.0441269881691188
hill_climbing,sphere,100,18700,0.0441269881691188
hill_climbing,sphere,100,18800,0.0441269881691188
hill_climbing,sphere,100,18900,0.0441269881691188
hill_climbing,sphere,100,19000,0.0441269881691188
hill_climbing,sphere,100,19100,0.0441269881691188
hill_climbing,sphere,100,19200,0.0441269881691188
hill_climbing,sphere,100,19300,0.0441269881691188
hill_climbing,sphere,100,19400,0.0441269881691188
hill_climbing,sphere,100,19500,0.0441269881691188
hill_climbing,sphere,100,19600,0.0441269881691188
hill_climbing,sphere,100,19700,0.0441269881691188
hill_climbing,sphere,100,19800,0.0441269881691188
hill_climbing,sphere,100,19900,0.0441269881691188
hill_climbing,sphere,100,20000,0.0441269881691188
hill_climbing,sphere,101,100,7.988781690504199
hill_climbing,sphere,101,200,0.2808868125500563
hill_climbing,sphere,101,300,0.2010382435686463
hill_climbing,sphere,101,400,0.14287979779448545
hill_climbing,sphere,101,500,0.12479441643128915
hill_climbing,sphere,101,600,0.12479441643128915
hill_climbing,sphere,101,700,0.12307049827844924
hill_climbing,sphere,101,800,0.1141131861953785
hill_climbing,sphere,101,900,0.0777696451752488
hill_climbing,sphere,101,1000,0.0777696451752488
hill_climbing,sphere,101,1100,0.0777696451752488
hill_climbing,sphere,101,1200,0.0777696451752488
hill_climbing,sphere,101,1300,0.0777696451752488
hill_climbing,sphere,101,1400,0.0777696451752488
hill_climbing,sphere,101,1500,0.0777696451752488
hill_climbing,sphere,101,1600,0.0777696451752488
hill_climbing,sphere,101,1700,0.02534745350608695
hill_climbing,sphere,101,1800,0.02534745350608695
hill_climbing,sphere,101,1900,0.02534745350608695
hill_climbing,sphere,101,2000,0.02534745350608695
hill_climbing,sphere,101,2100,0.02534745350608695
hill_climbing,sphere,101,2200,0.02534745350608695
hill_climbing,sphere,101,2300,0.02534745350608695
hill_climbing,sphere,101,2400,0.02534745350608695
hill_climbing,sphere,101,2500,0.02534745350608695
hill_climbing,sphere,101,2600,0.02534745350608695
hill_climbing,sphere,101,2700,0.02534745350608695
hill_climbing,sphere,101,2800,0.02534745350608695
hill_climbing,sphere,101,2900,0.02534745350608695
hill_climbing,sphere,101,3000,0.02534745350608695
hill_climbing,sphere,101,3100,0.02534745350608695
hill_climbing,sphere,101,3200,0.02534745350608695
hill_climbing,sphere,101,3300,0.02534745350608695
hill_climbing,sphere,101,3400,0.02534745350608695
hill_climbing,sphere,101,3500,0.02534745350608695
hill_climbing,sphere,101,3600,0.02534745350608695
hill_climbing,sphere,101,3700,0.02534745350608695
hill_climbing,sphere,101,3800,0.02534745350608695
hill_climbing,sphere,101,3900,0.02534745350608695
hill_climbing,sphere,101,4000,0.02534745350608695
hill_climbing,sphere,101,4100,0.02534745350608695
hill_climbing,sphere,101,4200,0.02534745350608695
hill_climbing,sphere,101,4300,0.02534745350608695
hill_climbing,sphere,101,4400,0.02534745350608695
hill_climbing,sphere,101,4500,0.02534745350608695
hill_climbing,sphere,101,4600,0.02534745350608695
hill_climbing,sphere,101,4700,0.02534745350608695
hill_climbing,sphere,101,4800,0.02534745350608695
hill_climbing,sphere,101,4900,0.02534745350608695
hill_climbing,sphere,101,5000,0.02534745350608695
hill_climbing,sphere,101,5100,0.02534745350608695
hill_climbing,sphere,101,5200,0.02534745350608695
hill_climbing,sphere,101,5300,0.02534745350608695
hill_climbing,sphere,101,5400,0.02534745350608695
hill_climbing,sphere,101,5500,0.02534745350608695
hill_climbing,sphere,101,5600,0.02534745350608695
hill_climbing,sphere,101,5700,0.02534745350608695
hill_climbing,sphere,101,5800,0.02534745350608695
hill_climbing,sphere,101,5900,0.02534745350608695
hill_climbing,sphere,101,6000,0.02534745350608695
hill_climbing,sphere,101,6100,0.02534745350608695
hill_climbing,sphere,101,6200,0.02534745350608695
hill_climbing,sphere,101,6300,0.02534745350608695
hill_climbing,sphere,101,6400,0.02534745350608695
hill_climbing,sphere,101,6500,0.02534745350608695
hill_climbing,sphere,101,6600,0.02534745350608695
hill_climbing,sphere,101,6700,0.02534745350608695
hill_climbing,sphere,101,6800,0.02534745350608695
hill_climbing,sphere,101,6900,0.02534745350608695
hill_climbing,sphere,101,7000,0.02534745350608695
hill_climbing,sphere,101,7100,0.02534745350608695
hill_climbing,sphere,101,7200,0.02534745350608695
hill_climbing,sphere,101,7300,0.02534745350608695
hill_climbing,sphere,101,7400,0.02534745350608695
hill_climbing,sphere,101,7500,0.02534745350608695
hill_climbing,sphere,101,7600,0.02534745350608695
hill_climbing,sphere,101,7700,0.02534745350608695
hill_climbing,sphere,101,7800,0.02534745350608695
hill_climbing,sphere,101,7900,0.02534745350608695
hill_climbing,sphere,101,8000,0.02534745350608695
hill_climbing,sphere,101,8100,0.02534745350608695
hill_climbing,sphere,101,8200,0.02534745350608695
hill_climbing,sphere,101,8300,0.02534745350608695
hill_climbing,sphere,101,8400,0.02534745350608695
hill_climbing,sphere,101,8500,0.02534745350608695
hill_climbing,sphere,101,8600,0.02534745350608695
hill_climbing,sphere,101,8700,0.02534745350608695
hill_climbing,sphere,101,8800,0.02534745350608695
hill_climbing,sphere,101,8900,0.02534745350608695
hill_climbing,sphere,101,9000,0.02534745350608695
hill_climbing,sphere,101,9100,0.02534745350608695
hill_climbing,sphere,101,9200,0.02534745350608695
hill_climbing,sphere,101,9300,0.02534745350608695
hill_climbing,sphere,101,9400,0.02534745350608695
hill_climbing,sphere,101,9500,0.02534745350608695
hill_climbing,sphere,101,9600,0.02534745350608695
hill_climbing,sphere,101,9700,0.02534745350608695
hill_climbing,sphere,101,9800,0.02534745350608695
hill_climbing,sphere,101,9900,0.02534745350608695
hill_climbing,sphere,101,10000,0.02534745350608695
hill_climbing,sphere,101,10100,0.02534745350608695
hill_climbing,sphere,101,10200,0.02534745350608695
hill_climbing,sphere,101,10300,0.02534745350608695
hill_climbing,sphere,101,10400,0.02534745350608695
hill_climbing,sphere,101,10500,0.02534745350608695
hill_climbing,sphere,101,10600,0.02534745350608695
hill_climbing,sphere,101,10700,0.02534745350608695
hill_climbing,sphere,101,10800,0.02534745350608695
hill_climbing,sphere,101,10900,0.02534745350608695
hill_climbing,sphere,101,11000,0.02534745350608695
hill_climbing,sphere,101,11100,0.02534745350608695
hill_climbing,sphere,101,11200,0.02534745350608695
hill_climbing,sphere,101,11300,0.02534745350608695
hill_climbing,sphere,101,11400,0.02534745350608695
hill_climbing,sphere,101,11500,0.02534745350608695
hill_climbing,sphere,101,11600,0.02534745350608695
hill_climbing,sphere,101,11700,0.02534745350608695
hill_climbing,sphere,101,11800,0.02534745350608695
hill_climbing,sphere,101,11900,0.02534745350608695
hill_climbing,sphere,101,12000,0.02534745350608695
hill_climbing,sphere,101,12100,0.02534745350608695
hill_climbing,sphere,101,12200,0.02534745350608695
hill_climbing,sphere,101,12300,0.02534745350608695
hill_climbing,sphere,101,12400,0.02534745350608695
hill_climbing,sphere,101,12500,0.02534745350608695
hill_climbing,sphere,101,12600,0.02534745350608695
hill_climbing,sphere,101,12700,0.02534745350608695
hill_climbing,sphere,101,12800,0.02534745350608695
hill_climbing,sphere,101,12900,0.02534745350608695
hill_climbing,sphere,101,13000,0.02534745350608695
hill_climbing,sphere,101,13100,0.02534745350608695
hill_climbing,sphere,101,13200,0.02534745350608695
hill_climbing,sphere,101,13300,0.02534745350608695
hill_climbing,sphere,101,13400,0.02534745350608695
hill_climbing,sphere,101,13500,0.02534745350608695
hill_climbing,sphere,101,13600,0.02534745350608695
hill_climbing,sphere,101,13700,0.02534745350608695
hill_climbing,sphere,101,13800,0.02534745350608695
hill_climbing,sphere,101,13900,0.02534745350608695
hill_climbing,sphere,101,14000,0.02534745350608695
hill_climbing,sphere,101,14100,0.02534745350608695
hill_climbing,sphere,101,14200,0.02534745350608695
hill_climbing,sphere,101,14300,0.02534745350608695
hill_climbing,sphere,101,14400,0.02534745350608695
hill_climbing,sphere,101,14500,0.02534745350608695
hill_climbing,sphere,101,14600,0.02534745350608695
hill_climbing,sphere,101,14700,0.02534745350608695
hill_climbing,sphere,101,14800,0.02534745350608695
hill_climbing,sphere,101,14900,0.02534745350608695
hill_climbing,sphere,101,15000,0.02534745350608695
hill_climbing,sphere,101,15100,0.02534745350608695
hill_climbing,sphere,101,15200,0.02534745350608695
hill_climbing,sphere,101,15300,0.02534745350608695
hill_climbing,sphere,101,15400,0.02534745350608695
hill_climbing,sphere,101,15500,0.02534745350608695
hill_climbing,sphere,101,15600,0.02534745350608695
hill_climbing,sphere,101,15700,0.02534745350608695
hill_climbing,sphere,101,15800,0.02534745350608695
hill_climbing,sphere,101,15900,0.02534745350608695
hill_climbing,sphere,101,16000,0.02534745350608695
hill_climbing,sphere,101,16100,0.02534745350608695
hill_climbing,sphere,101,16200,0.02534745350608695
hill_climbing,sphere,101,16300,0.02534745350608695
hill_climbing,sphere,101,16400,0.02534745350608695
hill_climbing,sphere,101,16500,0.02534745350608695
hill_climbing,sphere,101,16600,0.02534745350608695
hill_climbing,sphere,101,16700,0.02534745350608695
hill_climbing,sphere,101,16800,0.02534745350608695
hill_climbing,sphere,101,16900,0.02534745350608695
hill_climbing,sphere,101,17000,0.02534745350608695
hill_climbing,sphere,101,17100,0.02534745350608695
hill_climbing,sphere,101,17200,0.02534745350608695
hill_climbing,sphere,101,17300,0.02534745350608695
hill_climbing,sphere,101,17400,0.02534745350608695
hill_climbing,sphere,101,17500,0.02534745350608695
hill_climbing,sphere,101,17600,0.02534745350608695
hill_climbing,sphere,101,17700,0.02534745350608695
hill_climbing,sphere,101,17800,0.02534745350608695
hill_climbing,sphere,101,17900,0.02534745350608695
hill_climbing,sphere,101,18000,0.02534745350608695
hill_climbing,sphere,101,18100,0.02534745350608695
hill_climbing,sphere,101,18200,0.02534745350608695
hill_climbing,sphere,101,18300,0.02534745350608695
hill_climbing,sphere,101,18400,0.02534745350608695
hill_climbing,sphere,101,18500,0.02534745350608695
hill_climbing,sphere,101,18600,0.02534745350608695
hill_climbing,sphere,101,18700,0.02534745350608695
hill_climbing,sphere,101,18800,0.02534745350608695
hill_climbing,sphere,101,18900,0.02534745350608695
hill_climbing,sphere,101,19000,0.02534745350608695
hill_climbing,sphere,101,19100,0.02534745350608695
hill_climbing,sphere,101,19200,0.02534745350608695
hill_climbing,sphere,101,19300,0.02534745350608695
hill_climbing,sphere,101,19400,0.02534745350608695
hill_climbing,sphere,101,19500,0.02534745350608695
hill_climbing,sphere,101,19600,0.02534745350608695
hill_climbing,sphere,101,19700,0.02534745350608695
hill_climbing,sphere,101,19800,0.02534745350608695
hill_climbing,sphere,101,19900,0.02534745350608695
hill_climbing,sphere,101,20000,0.02534745350608695
hill_climbing,sphere,102,100,6.904216195861203
hill_climbing,sphere,102,200,0.25212377700502836
hill_climbing,sphere,102,300,0.15830921972438655
hill_climbing,sphere,102,400,0.12227013828471761
hill_climbing,sphere,102,500,0.12227013828471761
hill_climbing,sphere,102,600,0.12227013828471761
hill_climbing,sphere,102,700,0.12227013828471761
hill_climbing,sphere,102,800,0.12227013828471761
hill_climbing,sphere,102,900,0.12227013828471761
hill_climbing,sphere,102,1000,0.11646029363252192
hill_climbing,sphere,102,1100,0.11646029363252192
hill_climbing,sphere,102,1200,0.09887233928898612
hill_climbing,sphere,102,1300,0.09887233928898612
hill_climbing,sphere,102,1400,0.09887233928898612
hill_climbing,sphere,102,1500,0.09887233928898612
hill_climbing,sphere,102,1600,0.09887233928898612
hill_climbing,sphere,102,1700,0.09887233928898612
hill_climbing,sphere,102,1800,0.09887233928898612
hill_climbing,sphere,102,1900,0.09887233928898612
hill_climbing,sphere,102,2000,0.09887233928898612
hill_climbing,sphere,102,2100,0.09887233928898612
hill_climbing,sphere,102,2200,0.09887233928898612
hill_climbing,sphere,102,2300,0.09887233928898612
hill_climbing,sphere,102,2400,0.09887233928898612
hill_climbing,sphere,102,2500,0.09887233928898612
hill_climbing,sphere,102,2600,0.09887233928898612
hill_climbing,sphere,102,2700,0.09887233928898612
hill_climbing,sphere,102,2800,0.09887233928898612
hill_climbing,sphere,102,2900,0.09887233928898612
hill_climbing,sphere,102,3000,0.09887233928898612
hill_climbing,sphere,102,3100,0.09887233928898612
hill_climbing,sphere,102,3200,0.09887233928898612
hill_climbing,sphere,102,3300,0.09887233928898612
hill_climbing,sphere,102,3400,0.09887233928898612
hill_climbing,sphere,102,3500,0.09887233928898612
hill_climbing,sphere,102,3600,0.07322208904305286
hill_climbing,sphere,102,3700,0.07322208904305286
hill_climbing,sphere,102,3800,0.07322208904305286
hill_climbing,sphere,102,3900,0.07322208904305286
hill_climbing,sphere,102,4000,0.062297786803330944
hill_climbing,sphere,102,4100,0.062297786803330944
hill_climbing,sphere,102,4200,0.062297786803330944
hill_climbing,sphere,102,4300,0.062297786803330944
hill_climbing,sphere,102,4400,0.062297786803330944
hill_climbing,sphere,102,4500,0.062297786803330944
hill_climbing,sphere,102,4600,0.062297786803330944
hill_climbing,sphere,102,4700,0.062297786803330944
hill_climbing,sphere,102,4800,0.062297786803330944
hill_climbing,sphere,102,4900,0.062297786803330944
hill_climbing,sphere,102,5000,0.062297786803330944
hill_climbing,sphere,102,5100,0.062297786803330944
hill_climbing,sphere,102,5200,0.062297786803330944
hill_climbing,sphere,102,5300,0.062297786803330944
hill_climbing,sphere,102,5400,0.051700433158897115
hill_climbing,sphere,102,5500,0.051700433158897115
hill_climbing,sphere,102,5600,0.051700433158897115
hill_climbing,sphere,102,5700,0.051700433158897115
hill_climbing,sphere,102,5800,0.051700433158897115
hill_climbing,sphere,102,5900,0.051700433158897115
hill_climbing,sphere,102,6000,0.051700433158897115
hill_climbing,sphere,102,6100,0.051700433158897115
hill_climbing,sphere,102,6200,0.051700433158897115
hill_climbing,sphere,102,6300,0.051700433158897115
hill_climbing,sphere,102,6400,0.051700433158897115
hill_climbing,sphere,102,6500,0.051700433158897115
hill_climbing,sphere,102,6600,0.051700433158897115
hill_climbing,sphere,102,6700,0.051700433158897115
hill_climbing,sphere,102,6800,0.051700433158897115
hill_climbing,sphere,102,6900,0.051700433158897115
hill_climbing,sphere,102,7000,0.051700433158897115
hill_climbing,sphere,102,7100,0.051700433158897115
hill_climbing,sphere,102,7200,0.051700433158897115
hill_climbing,sphere,102,7300,0.051700433158897115
hill_climbing,sphere,102,7400,0.051700433158897115
hill_climbing,sphere,102,7500,0.051700433158897115
hill_climbing,sphere,102,7600,0.051700433158897115
hill_climbing,sphere,102,7700,0.051700433158897115
hill_climbing,sphere,102,7800,0.051700433158897115
hill_climbing,sphere,102,7900,0.051700433158897115
hill_climbing,sphere,102,8000,0.051700433158897115
hill_climbing,sphere,102,8100,0.051700433158897115
hill_climbing,sphere,102,8200,0.051700433158897115
hill_climbing,sphere,102,8300,0.051700433158897115
hill_climbing,sphere,102,8400,0.051700433158897115
hill_climbing,sphere,102,8500,0.051700433158897115
hill_climbing,sphere,102,8600,0.051700433158897115
hill_climbing,sphere,102,8700,0.051700433158897115
hill_climbing,sphere,102,8800,0.051700433158897115
hill_climbing,sphere,102,8900,0.04514764185123706
hill_climbing,sphere,102,9000,0.04514764185123706
hill_climbing,sphere,102,9100,0.04514764185123706
hill_climbing,sphere,102,9200,0.04514764185123706
hill_climbing,sphere,102,9300,0.04514764185123706
hill_climbing,sphere,102,9400,0.04514764185123706
hill_climbing,sphere,102,9500,0.04514764185123706
hill_climbing,sphere,102,9600,0.04514764185123706
hill_climbing,sphere,102,9700,0.04514764185123706
hill_climbing,sphere,102,9800,0.04514764185123706
hill_climbing,sphere,102,9900,0.04514764185123706
hill_climbing,sphere,102,10000,0.04514764185123706
hill_climbing,sphere,102,10100,0.04514764185123706
hill_climbing,sphere,102,10200,0.04514764185123706
hill_climbing,sphere,102,10300,0.04514764185123706
hill_climbing,sphere,102,10400,0.04514764185123706
hill_climbing,sphere,102,10500,0.04514764185123706
hill_climbing,sphere,102,10600,0.04514764185123706
hill_climbing,sphere,102,10700,0.04514764185123706
hill_climbing,sphere,102,10800,0.04514764185123706
hill_climbing,sphere,102,10900,0.04514764185123706
hill_climbing,sphere,102,11000,0.04514764185123706
hill_climbing,sphere,102,11100,0.04514764185123706
hill_climbing,sphere,102,11200,0.04514764185123706
hill_climbing,sphere,102,11300,0.04514764185123706
hill_climbing,sphere,102,11400,0.04514764185123706
hill_climbing,sphere,102,11500,0.04514764185123706
hill_climbing,sphere,102,11600,0.04514764185123706
hill_climbing,sphere,102,11700,0.04514764185123706
hill_climbing,sphere,102,11800,0.04514764185123706
hill_climbing,sphere,102,11900,0.04514764185123706
hill_climbing,sphere,102,12000,0.04514764185123706
hill_climbing,sphere,102,12100,0.04514764185123706
hill_climbing,sphere,102,12200,0.04514764185123706
hill_climbing,sphere,102,12300,0.04514764185123706
hill_climbing,sphere,102,12400,0.04514764185123706
hill_climbing,sphere,102,12500,0.04514764185123706
hill_climbing,sphere,102,12600,0.04514764185123706
hill_climbing,sphere,102,12700,0.04514764185123706
hill_climbing,sphere,102,12800,0.04514764185123706
hill_climbing,sphere,102,12900,0.04514764185123706
hill_climbing,sphere,102,13000,0.04514764185123706
hill_climbing,sphere,102,13100,0.04514764185123706
hill_climbing,sphere,102,13200,0.04514764185123706
hill_climbing,sphere,102,13300,0.04514764185123706
hill_climbing,sphere,102,13400,0.04514764185123706
hill_climbing,sphere,102,13500,0.04514764185123706
hill_climbing,sphere,102,13600,0.04514764185123706
hill_climbing,sphere,102,13700,0.04514764185123706
hill_climbing,sphere,102,13800,0.04514764185123706
hill_climbing,sphere,102,13900,0.04514764185123706
hill_climbing,sphere,102,14000,0.04514764185123706
hill_climbing,sphere,102,14100,0.04514764185123706
hill_climbing,sphere,102,14200,0.04514764185123706
hill_climbing,sphere,102,14300,0.04514764185123706
hill_climbing,sphere,102,14400,0.04514764185123706
hill_climbing,sphere,102,14500,0.04514764185123706
hill_climbing,sphere,102,14600,0.04514764185123706
hill_climbing,sphere,102,14700,0.04514764185123706
hill_climbing,sphere,102,14800,0.04514764185123706
hill_climbing,sphere,102,14900,0.04514764185123706
hill_climbing,sphere,102,15000,0.04514764185123706
hill_climbing,sphere,102,15100,0.04514764185123706
hill_climbing,sphere,102,15200,0.04514764185123706
hill_climbing,sphere,102,15300,0.04514764185123706
hill_climbing,sphere,102,15400,0.04514764185123706
hill_climbing,sphere,102,15500,0.04514764185123706
hill_climbing,sphere,102,15600,0.04514764185123706
hill_climbing,sphere,102,15700,0.04514764185123706
hill_climbing,sphere,102,15800,0.04514764185123706
hill_climbing,sphere,102,15900,0.04514764185123706
hill_climbing,sphere,102,16000,0.04514764185123706
hill_climbing,sphere,102,16100,0.04514764185123706
hill_climbing,sphere,102,16200,0.04514764185123706
hill_climbing,sphere,102,16300,0.04514764185123706
hill_climbing,sphere,102,16400,0.04514764185123706
hill_climbing,sphere,102,16500,0.04514764185123706
hill_climbing,sphere,102,16600,0.04514764185123706
hill_climbing,sphere,102,16700,0.04514764185123706
hill_climbing,sphere,102,16800,0.04514764185123706
hill_climbing,sphere,102,16900,0.04514764185123706
hill_climbing,sphere,102,17000,0.04514764185123706
hill_climbing,sphere,102,17100,0.04514764185123706
hill_climbing,sphere,102,17200,0.04514764185123706
hill_climbing,sphere,102,17300,0.04514764185123706
hill_climbing,sphere,102,17400,0.04514764185123706
hill_climbing,sphere,102,17500,0.04514764185123706
hill_climbing,sphere,102,17600,0.04514764185123706
hill_climbing,sphere,102,17700,0.04514764185123706
hill_climbing,sphere,102,17800,0.04514764185123706
hill_climbing,sphere,102,17900,0.04514764185123706
hill_climbing,sphere,102,18000,0.04514764185123706
hill_climbing,sphere,102,18100,0.04514764185123706
hill_climbing,sphere,102,18200,0.04514764185123706
hill_climbing,sphere,102,18300,0.04514764185123706
hill_climbing,sphere,102,18400,0.04514764185123706
hill_climbing,sphere,102,18500,0.04514764185123706
hill_climbing,sphere,102,18600,0.04514764185123706
hill_climbing,sphere,102,18700,0.04514764185123706
hill_climbing,sphere,102,18800,0.04514764185123706
hill_climbing,sphere,102,18900,0.04514764185123706
hill_climbing,sphere,102,19000,0.04514764185123706
hill_climbing,sphere,102,19100,0.04514764185123706
hill_climbing,sphere,102,19200,0.04514764185123706
hill_climbing,sphere,102,19300,0.04514764185123706
hill_climbing,sphere,102,19400,0.04514764185123706
hill_climbing,sphere,102,19500,0.04514764185123706
hill_climbing,sphere,102,19600,0.04514764185123706
hill_climbing,sphere,102,19700,0.04514764185123706
hill_climbing,sphere,102,19800,0.04514764185123706
hill_climbing,sphere,102,19900,0.04514764185123706
hill_climbing,sphere,102,20000,0.04514764185123706
hill_climbing,sphere,103,100,11.471238574608913
hill_climbing,sphere,103,200,1.0338860724791425
hill_climbing,sphere,103,300,0.2917488759728279
hill_climbing,sphere,103,400,0.18985824675497148
hill_climbing,sphere,103,500,0.1454970950088344
hill_climbing,sphere,103,600,0.12305144118446158
hill_climbing,sphere,103,700,0.12305144118446158
hill_climbing,sphere,103,800,0.09404621593658855
hill_climbing,sphere,103,900,0.09404621593658855
hill_climbing,sphere,103,1000,0.09404621593658855
hill_climbing,sphere,103,1100,0.09404621593658855
hill_climbing,sphere,103,1200,0.09404621593658855
hill_climbing,sphere,103,1300,0.09404621593658855
hill_climbing,sphere,103,1400,0.09404621593658855
hill_climbing,sphere,103,1500,0.09404621593658855
hill_climbing,sphere,103,1600,0.09404621593658855
hill_climbing,sphere,103,1700,0.09404621593658855
hill_climbing,sphere,103,1800,0.08422414096333727
hill_climbing,sphere,103,1900,0.08422414096333727
hill_climbing,sphere,103,2000,0.08422414096333727
hill_climbing,sphere,103,2100,0.08422414096333727
hill_climbing,sphere,103,2200,0.08422414096333727
hill_climbing,sphere,103,2300,0.08422414096333727
hill_climbing,sphere,103,2400,0.08422414096333727
hill_climbing,sphere,103,2500,0.08422414096333727
hill_climbing,sphere,103,2600,0.08422414096333727
hill_climbing,sphere,103,2700,0.08422414096333727
hill_climbing,sphere,103,2800,0.08422414096333727
hill_climbing,sphere,103,2900,0.08422414096333727
hill_climbing,sphere,103,3000,0.08422414096333727
hill_climbing,sphere,103,3100,0.08422414096333727
hill_climbing,sphere,103,3200,0.08422414096333727
hill_climbing,sphere,103,3300,0.08422414096333727
hill_climbing,sphere,103,3400,0.08422414096333727
hill_climbing,sphere,103,3500,0.08422414096333727
hill_climbing,sphere,103,3600,0.08422414096333727
hill_climbing,sphere,103,3700,0.08422414096333727
hill_climbing,sphere,103,3800,0.08422414096333727
hill_climbing,sphere,103,3900,0.08422414096333727
hill_climbing,sphere,103,4000,0.08422414096333727
hill_climbing,sphere,103,4100,0.08422414096333727
hill_climbing,sphere,103,4200,0.08422414096333727
hill_climbing,sphere,103,4300,0.08422414096333727
hill_climbing,sphere,103,4400,0.08422414096333727
hill_climbing,sphere,103,4500,0.07947708109712245
hill_climbing,sphere,103,4600,0.07947708109712245
hill_climbing,sphere,103,4700,0.07947708109712245
hill_climbing,sphere,103,4800,0.07947708109712245
hill_climbing,sphere,103,4900,0.07947708109712245
hill_climbing,sphere,103,5000,0.07947708109712245
hill_climbing,sphere,103,5100,0.07947708109712245
hill_climbing,sphere,103,5200,0.07947708109712245
hill_climbing,sphere,103,5300,0.07947708109712245
hill_climbing,sphere,103,5400,0.07947708109712245
hill_climbing,sphere,103,5500,0.07947708109712245
hill_climbing,sphere,103,5600,0.07947708109712245
hill_climbing,sphere,103,5700,0.07947708109712245
hill_climbing,sphere,103,5800,0.07744507930646954
hill_climbing,sphere,103,5900,0.07744507930646954
hill_climbing,sphere,103,6000,0.02331910193667985
hill_climbing,sphere,103,6100,0.02331910193667985
hill_climbing,sphere,103,6200,0.02331910193667985
hill_climbing,sphere,103,6300,0.02331910193667985
hill_climbing,sphere,103,6400,0.02331910193667985
hill_climbing,sphere,103,6500,0.02331910193667985
hill_climbing,sphere,103,6600,0.02331910193667985
hill_climbing,sphere,103,6700,0.02331910193667985
hill_climbing,sphere,103,6800,0.02331910193667985
hill_climbing,sphere,103,6900,0.02331910193667985
hill_climbing,sphere,103,7000,0.02331910193667985
hill_climbing,sphere,103,7100,0.02331910193667985
hill_climbing,sphere,103,7200,0.02331910193667985
hill_climbing,sphere,103,7300,0.02331910193667985
hill_climbing,sphere,103,7400,0.02331910193667985
hill_climbing,sphere,103,7500,0.02331910193667985
hill_climbing,sphere,103,7600,0.02331910193667985
hill_climbing,sphere,103,7700,0.02331910193667985
hill_climbing,sphere,103,7800,0.02331910193667985
hill_climbing,sphere,103,7900,0.02331910193667985
hill_climbing,sphere,103,8000,0.02331910193667985
hill_climbing,sphere,103,8100,0.02331910193667985
hill_climbing,sphere,103,8200,0.02331910193667985
hill_climbing,sphere,103,8300,0.02331910193667985
hill_climbing,sphere,103,8400,0.02331910193667985
hill_climbing,sphere,103,8500,0.02331910193667985
hill_climbing,sphere,103,8600,0.02331910193667985
hill_climbing,sphere,103,8700,0.02331910193667985
hill_climbing,sphere,103,8800,0.02331910193667985
hill_climbing,sphere,103,8900,0.02331910193667985
hill_climbing,sphere,103,9000,0.02331910193667985
hill_climbing,sphere,103,9100,0.02331910193667985
hill_climbing,sphere,103,9200,0.02331910193667985
hill_climbing,sphere,103,9300,0.02331910193667985
hill_climbing,sphere,103,9400,0.02331910193667985
hill_climbing,sphere,103,9500,0.02331910193667985
hill_climbing,sphere,103,9600,0.02331910193667985
hill_climbing,sphere,103,9700,0.02331910193667985
hill_climbing,sphere,103,9800,0.02331910193667985
hill_climbing,sphere,103,9900,0.02331910193667985
hill_climbing,sphere,103,10000,0.02331910193667985
hill_climbing,sphere,103,10100,0.02331910193667985
hill_climbing,sphere,103,10200,0.02331910193667985
hill_climbing,sphere,103,10300,0.02331910193667985
hill_climbing,sphere,103,10400,0.02331910193667985
hill_climbing,sphere,103,10500,0.02331910193667985
hill_climbing,sphere,103,10600,0.02331910193667985
hill_climbing,sphere,103,10700,0.02331910193667985
hill_climbing,sphere,103,10800,0.02331910193667985
hill_climbing,sphere,103,10900,0.02331910193667985
hill_climbing,sphere,103,11000,0.02331910193667985
hill_climbing,sphere,103,11100,0.02331910193667985
hill_climbing,sphere,103,11200,0.02331910193667985
hill_climbing,sphere,103,11300,0.02331910193667985
hill_climbing,sphere,103,11400,0.02331910193667985
hill_climbing,sphere,103,11500,0.02331910193667985
hill_climbing,sphere,103,11600,0.02331910193667985
hill_climbing,sphere,103,11700,0.02331910193667985
hill_climbing,sphere,103,11800,0.02331910193667985
hill_climbing,sphere,103,11900,0.02331910193667985
hill_climbing,sphere,103,12000,0.02331910193667985
hill_climbing,sphere,103,12100,0.02331910193667985
hill_climbing,sphere,103,12200,0.02331910193667985
hill_climbing,sphere,103,12300,0.02331910193667985
hill_climbing,sphere,103,12400,0.02331910193667985
hill_climbing,sphere,103,12500,0.02331910193667985
hill_climbing,sphere,103,12600,0.02331910193667985
hill_climbing,sphere,103,12700,0.02331910193667985
hill_climbing,sphere,103,12800,0.02331910193667985
hill_climbing,sphere,103,12900,0.02331910193667985
hill_climbing,sphere,103,13000,0.02331910193667985
hill_climbing,sphere,103,13100,0.02331910193667985
hill_climbing,sphere,103,13200,0.02331910193667985
hill_climbing,sphere,103,13300,0.02331910193667985
hill_climbing,sphere,103,13400,0.02331910193667985
hill_climbing,sphere,103,13500,0.02331910193667985
hill_climbing,sphere,103,13600,0.02331910193667985
hill_climbing,sphere,103,13700,0.02331910193667985
hill_climbing,sphere,103,13800,0.02331910193667985
hill_climbing,sphere,103,13900,0.02331910193667985
hill_climbing,sphere,103,14000,0.02331910193667985
hill_climbing,sphere,103,14100,0.02331910193667985
hill_climbing,sphere,103,14200,0.02331910193667985
hill_climbing,sphere,103,14300,0.02331910193667985
hill_climbing,sphere,103,14400,0.02331910193667985
hill_climbing,sphere,103,14500,0.02331910193667985
hill_climbing,sphere,103,14600,0.02331910193667985
hill_climbing,sphere,103,14700,0.02331910193667985
hill_climbing,sphere,103,14800,0.02331910193667985
hill_climbing,sphere,103,14900,0.02331910193667985
hill_climbing,sphere,103,15000,0.02331910193667985
hill_climbing,sphere,103,15100,0.02331910193667985
hill_climbing,sphere,103,15200,0.02331910193667985
hill_climbing,sphere,103,15300,0.02331910193667985
hill_climbing,sphere,103,15400,0.02331910193667985
hill_climbing,sphere,103,15500,0.02331910193667985
hill_climbing,sphere,103,15600,0.02331910193667985
hill_climbing,sphere,103,15700,0.02331910193667985
hill_climbing,sphere,103,15800,0.02331910193667985
hill_climbing,sphere,103,15900,0.02331910193667985
hill_climbing,sphere,103,16000,0.02331910193667985
hill_climbing,sphere,103,16100,0.02331910193667985
hill_climbing,sphere,103,16200,0.02331910193667985
hill_climbing,sphere,103,16300,0.02331910193667985
hill_climbing,sphere,103,16400,0.02331910193667985
hill_climbing,sphere,103,16500,0.02331910193667985
hill_climbing,sphere,103,16600,0.02331910193667985
hill_climbing,sphere,103,16700,0.02331910193667985
hill_climbing,sphere,103,16800,0.02331910193667985
hill_climbing,sphere,103,16900,0.02331910193667985
hill_climbing,sphere,103,17000,0.02331910193667985
hill_climbing,sphere,103,17100,0.02331910193667985
hill_climbing,sphere,103,17200,0.02331910193667985
hill_climbing,sphere,103,17300,0.02331910193667985
hill_climbing,sphere,103,17400,0.02331910193667985
hill_climbing,sphere,103,17500,0.02331910193667985
hill_climbing,sphere,103,17600,0.02331910193667985
hill_climbing,sphere,103,17700,0.02331910193667985
hill_climbing,sphere,103,17800,0.02331910193667985
hill_climbing,sphere,103,17900,0.02331910193667985
hill_climbing,sphere,103,18000,0.02331910193667985
hill_climbing,sphere,103,18100,0.02331910193667985
hill_climbing,sphere,103,18200,0.02331910193667985
hill_climbing,sphere,103,18300,0.02331910193667985
hill_climbing,sphere,103,18400,0.02331910193667985
hill_climbing,sphere,103,18500,0.02331910193667985
hill_climbing,sphere,103,18600,0.02331910193667985
hill_climbing,sphere,103,18700,0.02331910193667985
hill_climbing,sphere,103,18800,0.02331910193667985
hill_climbing,sphere,103,18900,0.02331910193667985
hill_climbing,sphere,103,19000,0.02331910193667985
hill_climbing,sphere,103,19100,0.02331910193667985
hill_climbing,sphere,103,19200,0.02331910193667985
hill_climbing,sphere,103,19300,0.02331910193667985
hill_climbing,sphere,103,19400,0.02331910193667985
hill_climbing,sphere,103,19500,0.02331910193667985
hill_climbing,sphere,103,19600,0.02331910193667985
hill_climbing,sphere,103,19700,0.02331910193667985
hill_climbing,sphere,103,19800,0.02331910193667985
hill_climbing,sphere,103,19900,0.02331910193667985
hill_climbing,sphere,103,20000,0.02331910193667985
hill_climbing,sphere,104,100,5.418202350751314
hill_climbing,sphere,104,200,0.26365650887199965
hill_climbing,sphere,104,300,0.17602221255442035
hill_climbing,sphere,104,400,0.15962950414423038
hill_climbing,sphere,104,500,0.12156886684843624
hill_climbing,sphere,104,600,0.12156886684843624
hill_climbing,sphere,104,700,0.12156886684843624
hill_climbing,sphere,104,800,0.12156886684843624
hill_climbing,sphere,104,900,0.12156886684843624
hill_climbing,sphere,104,1000,0.11433755267991941
hill_climbing,sphere,104,1100,0.10072669327625065
hill_climbing,sphere,104,1200,0.10072669327625065
hill_climbing,sphere,104,1300,0.10072669327625065
hill_climbing,sphere,104,1400,0.10072669327625065
hill_climbing,sphere,104,1500,0.08508838126360531
hill_climbing,sphere,104,1600,0.08508838126360531
hill_climbing,sphere,104,1700,0.06253603898761556
hill_climbing,sphere,104,1800,0.06253603898761556
hill_climbing,sphere,104,1900,0.06253603898761556
hill_climbing,sphere,104,2000,0.06253603898761556
hill_climbing,sphere,104,2100,0.06253603898761556
hill_climbing,sphere,104,2200,0.06253603898761556
hill_climbing,sphere,104,2300,0.06253603898761556
hill_climbing,sphere,104,2400,0.06253603898761556
hill_climbing,sphere,104,2500,0.06253603898761556
hill_climbing,sphere,104,2600,0.06253603898761556
hill_climbing,sphere,104,2700,0.06253603898761556
hill_climbing,sphere,104,2800,0.06253603898761556
hill_climbing,sphere,104,2900,0.06253603898761556
hill_climbing,sphere,104,3000,0.06253603898761556
hill_climbing,sphere,104,3100,0.06253603898761556
hill_climbing,sphere,104,3200,0.06253603898761556
hill_climbing,sphere,104,3300,0.06253603898761556
hill_climbing,sphere,104,3400,0.06253603898761556
hill_climbing,sphere,104,3500,0.06253603898761556
hill_climbing,sphere,104,3600,0.06253603898761556
hill_climbing,sphere,104,3700,0.06253603898761556
hill_climbing,sphere,104,3800,0.06253603898761556
hill_climbing,sphere,104,3900,0.06253603898761556
hill_climbing,sphere,104,4000,0.06253603898761556
hill_climbing,sphere,104,4100,0.06253603898761556
hill_climbing,sphere,104,4200,0.06253603898761556
hill_climbing,sphere,104,4300,0.06253603898761556
hill_climbing,sphere,104,4400,0.06253603898761556
hill_climbing,sphere,104,4500,0.06253603898761556
hill_climbing,sphere,104,4600,0.06253603898761556
hill_climbing,sphere,104,4700,0.06253603898761556
hill_climbing,sphere,104,4800,0.06253603898761556
hill_climbing,sphere,104,4900,0.06253603898761556
hill_climbing,sphere,104,5000,0.06253603898761556
hill_climbing,sphere,104,5100,0.06253603898761556
hill_climbing,sphere,104,5200,0.06253603898761556
hill_climbing,sphere,104,5300,0.06253603898761556
hill_climbing,sphere,104,5400,0.06253603898761556
hill_climbing,sphere,104,5500,0.06253603898761556
hill_climbing,sphere,104,5600,0.06253603898761556
hill_climbing,sphere,104,5700,0.06253603898761556
hill_climbing,sphere,104,5800,0.06253603898761556
hill_climbing,sphere,104,5900,0.06253603898761556
hill_climbing,sphere,104,6000,0.06253603898761556
hill_climbing,sphere,104,6100,0.06253603898761556
hill_climbing,sphere,104,6200,0.06253603898761556
hill_climbing,sphere,104,6300,0.06253603898761556
hill_climbing,sphere,104,6400,0.06253603898761556
hill_climbing,sphere,104,6500,0.06253603898761556
hill_climbing,sphere,104,6600,0.06253603898761556
hill_climbing,sphere,104,6700,0.06253603898761556
hill_climbing,sphere,104,6800,0.06253603898761556
hill_climbing,sphere,104,6900,0.06253603898761556
hill_climbing,sphere,104,7000,0.06253603898761556
hill_climbing,sphere,104,7100,0.06253603898761556
hill_climbing,sphere,104,7200,0.06253603898761556
hill_climbing,sphere,104,7300,0.06253603898761556
hill_climbing,sphere,104,7400,0.06253603898761556
hill_climbing,sphere,104,7500,0.06253603898761556
hill_climbing,sphere,104,7600,0.06253603898761556
hill_climbing,sphere,104,7700,0.06253603898761556
hill_climbing,sphere,104,7800,0.06253603898761556
hill_climbing,sphere,104,7900,0.06253603898761556
hill_climbing,sphere,104,8000,0.06253603898761556
hill_climbing,sphere,104,8100,0.06253603898761556
hill_climbing,sphere,104,8200,0.06253603898761556
hill_climbing,sphere,104,8300,0.06253603898761556
hill_climbing,sphere,104,8400,0.06253603898761556
hill_climbing,sphere,104,8500,0.06253603898761556
hill_climbing,sphere,104,8600,0.06253603898761556
hill_climbing,sphere,104,8700,0.06253603898761556
hill_climbing,sphere,104,8800,0.06253603898761556
hill_climbing,sphere,104,8900,0.06253603898761556
hill_climbing,sphere,104,9000,0.06253603898761556
hill_climbing,sphere,104,9100,0.06253603898761556
hill_climbing,sphere,104,9200,0.06253603898761556
hill_climbing,sphere,104,9300,0.06253603898761556
hill_climbing,sphere,104,9400,0.06253603898761556
hill_climbing,sphere,104,9500,0.06253603898761556
hill_climbing,sphere,104,9600,0.06253603898761556
hill_climbing,sphere,104,9700,0.051760902829687996
hill_climbing,sphere,104,9800,0.051760902829687996
hill_climbing,sphere,104,9900,0.051760902829687996
hill_climbing,sphere,104,10000,0.051760902829687996
hill_climbing,sphere,104,10100,0.051760902829687996
hill_climbing,sphere,104,10200,0.051760902829687996
hill_climbing,sphere,104,10300,0.051760902829687996
hill_climbing,sphere,104,10400,0.051760902829687996
hill_climbing,sphere,104,10500,0.051760902829687996
hill_climbing,sphere,104,10600,0.051760902829687996
hill_climbing,sphere,104,10700,0.051760902829687996
hill_climbing,sphere,104,10800,0.051760902829687996
hill_climbing,sphere,104,10900,0.051760902829687996
hill_climbing,sphere,104,11000,0.051760902829687996
hill_climbing,sphere,104,11100,0.051760902829687996
hill_climbing,sphere,104,11200,0.051760902829687996
hill_climbing,sphere,104,11300,0.051760902829687996
hill_climbing,sphere,104,11400,0.051760902829687996
hill_climbing,sphere,104,11500,0.051760902829687996
hill_climbing,sphere,104,11600,0.051760902829687996
hill_climbing,sphere,104,11700,0.051760902829687996
hill_climbing,sphere,104,11800,0.051760902829687996
hill_climbing,sphere,104,11900,0.051760902829687996
hill_climbing,sphere,104,12000,0.051760902829687996
hill_climbing,sphere,104,12100,0.051760902829687996
hill_climbing,sphere,104,12200,0.051760902829687996
hill_climbing,sphere,104,12300,0.051760902829687996
hill_climbing,sphere,104,12400,0.051760902829687996
hill_climbing,sphere,104,12500,0.051760902829687996
hill_climbing,sphere,104,12600,0.051760902829687996
hill_climbing,sphere,104,12700,0.051760902829687996
hill_climbing,sphere,104,12800,0.051760902829687996
hill_climbing,sphere,104,12900,0.051760902829687996
hill_climbing,sphere,104,13000,0.051760902829687996
hill_climbing,sphere,104,13100,0.051760902829687996
hill_climbing,sphere,104,13200,0.051760902829687996
hill_climbing,sphere,104,13300,0.051760902829687996
hill_climbing,sphere,104,13400,0.051760902829687996
hill_climbing,sphere,104,13500,0.051760902829687996
hill_climbing,sphere,104,13600,0.051760902829687996
hill_climbing,sphere,104,13700,0.051760902829687996
hill_climbing,sphere,104,13800,0.051760902829687996
hill_climbing,sphere,104,13900,0.051760902829687996
hill_climbing,sphere,104,14000,0.051760902829687996
hill_climbing,sphere,104,14100,0.051760902829687996
hill_climbing,sphere,104,14200,0.051760902829687996
hill_climbing,sphere,104,14300,0.051760902829687996
hill_climbing,sphere,104,14400,0.051760902829687996
hill_climbing,sphere,104,14500,0.051760902829687996
hill_climbing,sphere,104,14600,0.051760902829687996
hill_climbing,sphere,104,14700,0.051760902829687996
hill_climbing,sphere,104,14800,0.051760902829687996
hill_climbing,sphere,104,14900,0.051760902829687996
hill_climbing,sphere,104,15000,0.051760902829687996
hill_climbing,sphere,104,15100,0.051760902829687996
hill_climbing,sphere,104,15200,0.051760902829687996
hill_climbing,sphere,104,15300,0.051760902829687996
hill_climbing,sphere,104,15400,0.051760902829687996
hill_climbing,sphere,104,15500,0.051760902829687996
hill_climbing,sphere,104,15600,0.051760902829687996
hill_climbing,sphere,104,15700,0.051760902829687996
hill_climbing,sphere,104,15800,0.051760902829687996
hill_climbing,sphere,104,15900,0.051760902829687996
hill_climbing,sphere,104,16000,0.051760902829687996
hill_climbing,sphere,104,16100,0.051760902829687996
hill_climbing,sphere,104,16200,0.051760902829687996
hill_climbing,sphere,104,16300,0.051760902829687996
hill_climbing,sphere,104,16400,0.051760902829687996
hill_climbing,sphere,104,16500,0.051760902829687996
hill_climbing,sphere,104,16600,0.051760902829687996
hill_climbing,sphere,104,16700,0.051760902829687996
hill_climbing,sphere,104,16800,0.051760902829687996
hill_climbing,sphere,104,16900,0.051760902829687996
hill_climbing,sphere,104,17000,0.051760902829687996
hill_climbing,sphere,104,17100,0.051760902829687996
hill_climbing,sphere,104,17200,0.051760902829687996
hill_climbing,sphere,104,17300,0.051760902829687996
hill_climbing,sphere,104,17400,0.04769760162949649
hill_climbing,sphere,104,17500,0.04769760162949649
hill_climbing,sphere,104,17600,0.04769760162949649
hill_climbing,sphere,104,17700,0.04769760162949649
hill_climbing,sphere,104,17800,0.04769760162949649
hill_climbing,sphere,104,17900,0.04769760162949649
hill_climbing,sphere,104,18000,0.04769760162949649
hill_climbing,sphere,104,18100,0.04769760162949649
hill_climbing,sphere,104,18200,0.04769760162949649
hill_climbing,sphere,104,18300,0.04769760162949649
hill_climbing,sphere,104,18400,0.04769760162949649
hill_climbing,sphere,104,18500,0.04769760162949649
hill_climbing,sphere,104,18600,0.04769760162949649
hill_climbing,sphere,104,18700,0.04769760162949649
hill_climbing,sphere,104,18800,0.04769760162949649
hill_climbing,sphere,104,18900,0.04769760162949649
hill_climbing,sphere,104,19000,0.04769760162949649
hill_climbing,sphere,104,19100,0.04769760162949649
hill_climbing,sphere,104,19200,0.04769760162949649
hill_climbing,sphere,104,19300,0.04769760162949649
hill_climbing,sphere,104,19400,0.04769760162949649
hill_climbing,sphere,104,19500,0.04769760162949649
hill_climbing,sphere,104,19600,0.04769760162949649
hill_climbing,sphere,104,19700,0.04769760162949649
hill_climbing,sphere,104,19800,0.04769760162949649
hill_climbing,sphere,104,19900,0.04769760162949649
hill_climbing,sphere,104,20000,0.04769760162949649
hill_climbing,sphere,105,100,3.8326936693467104
hill_climbing,sphere,105,200,0.11324870892705408
hill_climbing,sphere,105,300,0.11324870892705408
hill_climbing,sphere,105,400,0.11324870892705408
hill_climbing,sphere,105,500,0.09908708647079763
hill_climbing,sphere,105,600,0.07938737409458617
hill_climbing,sphere,105,700,0.07938737409458617
hill_climbing,sphere,105,800,0.07938737409458617
hill_climbing,sphere,105,900,0.07938737409458617
hill_climbing,sphere,105,1000,0.07938737409458617
hill_climbing,sphere,105,1100,0.07328424682143038
hill_climbing,sphere,105,1200,0.07328424682143038
hill_climbing,sphere,105,1300,0.07328424682143038
hill_climbing,sphere,105,1400,0.07328424682143038
hill_climbing,sphere,105,1500,0.057096943412486806
hill_climbing,sphere,105,1600,0.057096943412486806
hill_climbing,sphere,105,1700,0.057096943412486806
hill_climbing,sphere,105,1800,0.057096943412486806
hill_climbing,sphere,105,1900,0.057096943412486806
hill_climbing,sphere,105,2000,0.057096943412486806
hill_climbing,sphere,105,2100,0.057096943412486806
hill_climbing,sphere,105,2200,0.057096943412486806
hill_climbing,sphere,105,2300,0.057096943412486806
hill_climbing,sphere,105,2400,0.057096943412486806
hill_climbing,sphere,105,2500,0.057096943412486806
hill_climbing,sphere,105,2600,0.057096943412486806
hill_climbing,sphere,105,2700,0.057096943412486806
hill_climbing,sphere,105,2800,0.057096943412486806
hill_climbing,sphere,105,2900,0.057096943412486806
hill_climbing,sphere,105,3000,0.057096943412486806
hill_climbing,sphere,105,3100,0.057096943412486806
hill_climbing,sphere,105,3200,0.057096943412486806
hill_climbing,sphere,105,3300,0.057096943412486806
hill_climbing,sphere,105,3400,0.057096943412486806
hill_climbing,sphere,105,3500,0.057096943412486806
hill_climbing,sphere,105,3600,0.057096943412486806
hill_climbing,sphere,105,3700,0.057096943412486806
hill_climbing,sphere,105,3800,0.057096943412486806
hill_climbing,sphere,105,3900,0.057096943412486806
hill_climbing,sphere,105,4000,0.057096943412486806
hill_climbing,sphere,105,4100,0.057096943412486806
hill_climbing,sphere,105,4200,0.057096943412486806
hill_climbing,sphere,105,4300,0.057096943412486806
hill_climbing,sphere,105,4400,0.057096943412486806
hill_climbing,sphere,105,4500,0.057096943412486806
hill_climbing,sphere,105,4600,0.057096943412486806
hill_climbing,sphere,105,4700,0.057096943412486806
hill_climbing,sphere,105,4800,0.057096943412486806
hill_climbing,sphere,105,4900,0.057096943412486806
hill_climbing,sphere,105,5000,0.057096943412486806
hill_climbing,sphere,105,5100,0.057096943412486806
hill_climbing,sphere,105,5200,0.057096943412486806
hill_climbing,sphere,105,5300,0.057096943412486806
hill_climbing,sphere,105,5400,0.057096943412486806
hill_climbing,sphere,105,5500,0.057096943412486806
hill_climbing,sphere,105,5600,0.057096943412486806
hill_climbing,sphere,105,5700,0.057096943412486806
hill_climbing,sphere,105,5800,0.057096943412486806
hill_climbing,sphere,105,5900,0.057096943412486806
hill_climbing,sphere,105,6000,0.057096943412486806
hill_climbing,sphere,105,6100,0.057096943412486806
hill_climbing,sphere,105,6200,0.057096943412486806
hill_climbing,sphere,105,6300,0.057096943412486806
hill_climbing,sphere,105,6400,0.057096943412486806
hill_climbing,sphere,105,6500,0.057096943412486806
hill_climbing,sphere,105,6600,0.057096943412486806
hill_climbing,sphere,105,6700,0.057096943412486806
hill_climbing,sphere,105,6800,0.057096943412486806
hill_climbing,sphere,105,6900,0.057096943412486806
hill_climbing,sphere,105,7000,0.057096943412486806
hill_climbing,sphere,105,7100,0.057096943412486806
hill_climbing,sphere,105,7200,0.057096943412486806
hill_climbing,sphere,105,7300,0.057096943412486806
hill_climbing,sphere,105,7400,0.057096943412486806
hill_climbing,sphere,105,7500,0.057096943412486806
hill_climbing,sphere,105,7600,0.057096943412486806
hill_climbing,sphere,105,7700,0.057096943412486806
hill_climbing,sphere,105,7800,0.057096943412486806
hill_climbing,sphere,105,7900,0.04473780178587593
hill_climbing,sphere,105,8000,0.04473780178587593
hill_climbing,sphere,105,8100,0.04473780178587593
hill_climbing,sphere,105,8200,0.04473780178587593
hill_climbing,sphere,105,8300,0.04473780178587593
hill_climbing,sphere,105,8400,0.04473780178587593
hill_climbing,sphere,105,8500,0.04473780178587593
hill_climbing,sphere,105,8600,0.04473780178587593
hill_climbing,sphere,105,8700,0.04473780178587593
hill_climbing,sphere,105,8800,0.04473780178587593
hill_climbing,sphere,105,8900,0.04473780178587593
hill_climbing,sphere,105,9000,0.04473780178587593
hill_climbing,sphere,105,9100,0.04473780178587593
hill_climbing,sphere,105,9200,0.04473780178587593
hill_climbing,sphere,105,9300,0.04473780178587593
hill_climbing,sphere,105,9400,0.04473780178587593
hill_climbing,sphere,105,9500,0.04473780178587593
hill_climbing,sphere,105,9600,0.04473780178587593
hill_climbing,sphere,105,9700,0.04473780178587593
hill_climbing,sphere,105,9800,0.04473780178587593
hill_climbing,sphere,105,9900,0.04473780178587593
hill_climbing,sphere,105,10000,0.04473780178587593
hill_climbing,sphere,105,10100,0.04473780178587593
hill_climbing,sphere,105,10200,0.04473780178587593
hill_climbing,sphere,105,10300,0.04473780178587593
hill_climbing,sphere,105,10400,0.04473780178587593
hill_climbing,sphere,105,10500,0.04473780178587593
hill_climbing,sphere,105,10600,0.04473780178587593
hill_climbing,sphere,105,10700,0.04473780178587593
hill_climbing,sphere,105,10800,0.04473780178587593
hill_climbing,sphere,105,10900,0.04473780178587593
hill_climbing,sphere,105,11000,0.04473780178587593
hill_climbing,sphere,105,11100,0.04473780178587593
hill_climbing,sphere,105,11200,0.04473780178587593
hill_climbing,sphere,105,11300,0.04473780178587593
hill_climbing,sphere,105,11400,0.04473780178587593
hill_climbing,sphere,105,11500,0.04473780178587593
hill_climbing,sphere,105,11600,0.04473780178587593
hill_climbing,sphere,105,11700,0.04473780178587593
hill_climbing,sphere,105,11800,0.04473780178587593
hill_climbing,sphere,105,11900,0.04473780178587593
hill_climbing,sphere,105,12000,0.04473780178587593
hill_climbing,sphere,105,12100,0.04473780178587593
hill_climbing,sphere,105,12200,0.04473780178587593
hill_climbing,sphere,105,12300,0.04473780178587593
hill_climbing,sphere,105,12400,0.04473780178587593
hill_climbing,sphere,105,12500,0.04473780178587593
hill_climbing,sphere,105,12600,0.04473780178587593
hill_climbing,sphere,105,12700,0.04473780178587593
hill_climbing,sphere,105,12800,0.04473780178587593
hill_climbing,sphere,105,12900,0.04473780178587593
hill_climbing,sphere,105,13000,0.04473780178587593
hill_climbing,sphere,105,13100,0.04473780178587593
hill_climbing,sphere,105,13200,0.04473780178587593
hill_climbing,sphere,105,13300,0.04473780178587593
hill_climbing,sphere,105,13400,0.04473780178587593
hill_climbing,sphere,105,13500,0.04473780178587593
hill_climbing,sphere,105,13600,0.04473780178587593
hill_climbing,sphere,105,13700,0.04473780178587593
hill_climbing,sphere,105,13800,0.04473780178587593
hill_climbing,sphere,105,13900,0.04473780178587593
hill_climbing,sphere,105,14000,0.04473780178587593
hill_climbing,sphere,105,14100,0.04473780178587593
hill_climbing,sphere,105,14200,0.04473780178587593
hill_climbing,sphere,105,14300,0.04473780178587593
hill_climbing,sphere,105,14400,0.04473780178587593
hill_climbing,sphere,105,14500,0.04473780178587593
hill_climbing,sphere,105,14600,0.04473780178587593
hill_climbing,sphere,105,14700,0.04473780178587593
hill_climbing,sphere,105,14800,0.04473780178587593
hill_climbing,sphere,105,14900,0.04473780178587593
hill_climbing,sphere,105,15000,0.04473780178587593
hill_climbing,sphere,105,15100,0.04473780178587593
hill_climbing,sphere,105,15200,0.04473780178587593
hill_climbing,sphere,105,15300,0.04473780178587593
hill_climbing,sphere,105,15400,0.04473780178587593
hill_climbing,sphere,105,15500,0.04473780178587593
hill_climbing,sphere,105,15600,0.04473780178587593
hill_climbing,sphere,105,15700,0.035943503471189166
hill_climbing,sphere,105,15800,0.035943503471189166
hill_climbing,sphere,105,15900,0.035943503471189166
hill_climbing,sphere,105,16000,0.035943503471189166
hill_climbing,sphere,105,16100,0.035943503471189166
hill_climbing,sphere,105,16200,0.035943503471189166
hill_climbing,sphere,105,16300,0.035943503471189166
hill_climbing,sphere,105,16400,0.035943503471189166
hill_climbing,sphere,105,16500,0.035943503471189166
hill_climbing,sphere,105,16600,0.035943503471189166
hill_climbing,sphere,105,16700,0.035943503471189166
hill_climbing,sphere,105,16800,0.035943503471189166
hill_climbing,sphere,105,16900,0.035943503471189166
hill_climbing,sphere,105,17000,0.035943503471189166
hill_climbing,sphere,105,17100,0.035943503471189166
hill_climbing,sphere,105,17200,0.035943503471189166
hill_climbing,sphere,105,17300,0.035943503471189166
hill_climbing,sphere,105,17400,0.035943503471189166
hill_climbing,sphere,105,17500,0.035943503471189166
hill_climbing,sphere,105,17600,0.035943503471189166
hill_climbing,sphere,105,17700,0.035943503471189166
hill_climbing,sphere,105,17800,0.035943503471189166
hill_climbing,sphere,105,17900,0.035943503471189166
hill_climbing,sphere,105,18000,0.035943503471189166
hill_climbing,sphere,105,18100,0.035943503471189166
hill_climbing,sphere,105,18200,0.035943503471189166
hill_climbing,sphere,105,18300,0.035943503471189166
hill_climbing,sphere,105,18400,0.035943503471189166
hill_climbing,sphere,105,18500,0.035943503471189166
hill_climbing,sphere,105,18600,0.035943503471189166
hill_climbing,sphere,105,18700,0.035943503471189166
hill_climbing,sphere,105,18800,0.035943503471189166
hill_climbing,sphere,105,18900,0.035943503471189166
hill_climbing,sphere,105,19000,0.035943503471189166
hill_climbing,sphere,105,19100,0.035943503471189166
hill_climbing,sphere,105,19200,0.035943503471189166
hill_climbing,sphere,105,19300,0.035943503471189166
hill_climbing,sphere,105,19400,0.035943503471189166
hill_climbing,sphere,105,19500,0.035943503471189166
hill_climbing,sphere,105,19600,0.035943503471189166
hill_climbing,sphere,105,19700,0.035943503471189166
hill_climbing,sphere,105,19800,0.035943503471189166
hill_climbing,sphere,105,19900,0.035943503471189166
hill_climbing,sphere,105,20000,0.035943503471189166
hill_climbing,sphere,106,100,26.764589233522333
hill_climbing,sphere,106,200,0.8061577537634852
hill_climbing,sphere,106,300,0.15605221810624087
hill_climbing,sphere,106,400,0.1394472579712147
hill_climbing,sphere,106,500,0.06450409134265543
hill_climbing,sphere,106,600,0.06450409134265543
hill_climbing,sphere,106,700,0.06450409134265543
hill_climbing,sphere,106,800,0.06450409134265543
hill_climbing,sphere,106,900,0.06450409134265543
hill_climbing,sphere,106,1000,0.06450409134265543
hill_climbing,sphere,106,1100,0.06450409134265543
hill_climbing,sphere,106,1200,0.06450409134265543
hill_climbing,sphere,106,1300,0.06450409134265543
hill_climbing,sphere,106,1400,0.06450409134265543
hill_climbing,sphere,106,1500,0.06450409134265543
hill_climbing,sphere,106,1600,0.06450409134265543
hill_climbing,sphere,106,1700,0.06450409134265543
hill_climbing,sphere,106,1800,0.06450409134265543
hill_climbing,sphere,106,1900,0.06450409134265543
hill_climbing,sphere,106,2000,0.06450409134265543
hill_climbing,sphere,106,2100,0.06450409134265543
hill_climbing,sphere,106,2200,0.06450409134265543
hill_climbing,sphere,106,2300,0.06450409134265543
hill_climbing,sphere,106,2400,0.06450409134265543
hill_climbing,sphere,106,2500,0.06450409134265543
hill_climbing,sphere,106,2600,0.06450409134265543
hill_climbing,sphere,106,2700,0.06450409134265543
hill_climbing,sphere,106,2800,0.06450409134265543
hill_climbing,sphere,106,2900,0.06450409134265543
hill_climbing,sphere,106,3000,0.06450409134265543
hill_climbing,sphere,106,3100,0.06450409134265543
hill_climbing,sphere,106,3200,0.06450409134265543
hill_climbing,sphere,106,3300,0.06450409134265543
hill_climbing,sphere,106,3400,0.06450409134265543
hill_climbing,sphere,106,3500,0.06450409134265543
hill_climbing,sphere,106,3600,0.06450409134265543
hill_climbing,sphere,106,3700,0.06450409134265543
hill_climbing,sphere,106,3800,0.06450409134265543
hill_climbing,sphere,106,3900,0.06450409134265543
hill_climbing,sphere,106,4000,0.06450409134265543
hill_climbing,sphere,106,4100,0.06450409134265543
hill_climbing,sphere,106,4200,0.06450409134265543
hill_climbing,sphere,106,4300,0.06450409134265543
hill_climbing,sphere,106,4400,0.06450409134265543
hill_climbing,sphere,106,4500,0.06450409134265543
hill_climbing,sphere,106,4600,0.06450409134265543
hill_climbing,sphere,106,4700,0.06450409134265543
hill_climbing,sphere,106,4800,0.06450409134265543
hill_climbing,sphere,106,4900,0.06450409134265543
hill_climbing,sphere,106,5000,0.06450409134265543
hill_climbing,sphere,106,5100,0.06450409134265543
hill_climbing,sphere,106,5200,0.06450409134265543
hill_climbing,sphere,106,5300,0.06450409134265543
hill_climbing,sphere,106,5400,0.06450409134265543
hill_climbing,sphere,106,5500,0.06450409134265543
hill_climbing,sphere,106,5600,0.06450409134265543
hill_climbing,sphere,106,5700,0.06450409134265543
hill_climbing,sphere,106,5800,0.06450409134265543
hill_climbing,sphere,106,5900,0.06450409134265543
hill_climbing,sphere,106,6000,0.06450409134265543
hill_climbing,sphere,106,6100,0.06450409134265543
hill_climbing,sphere,106,6200,0.06450409134265543
hill_climbing,sphere,106,6300,0.06450409134265543
hill_climbing,sphere,106,6400,0.06450409134265543
hill_climbing,sphere,106,6500,0.06450409134265543
hill_climbing,sphere,106,6600,0.06450409134265543
hill_climbing,sphere,106,6700,0.06450409134265543
hill_climbing,sphere,106,6800,0.06450409134265543
hill_climbing,sphere,106,6900,0.06450409134265543
hill_climbing,sphere,106,7000,0.06450409134265543
hill_climbing,sphere,106,7100,0.06450409134265543
hill_climbing,sphere,106,7200,0.06450409134265543
hill_climbing,sphere,106,7300,0.06450409134265543
hill_climbing,sphere,106,7400,0.06450409134265543
hill_climbing,sphere,106,7500,0.06450409134265543
hill_climbing,sphere,106,7600,0.06450409134265543
hill_climbing,sphere,106,7700,0.06450409134265543
hill_climbing,sphere,106,7800,0.06450409134265543
hill_climbing,sphere,106,7900,0.06450409134265543
hill_climbing,sphere,106,8000,0.06450409134265543
hill_climbing,sphere,106,8100,0.06450409134265543
hill_climbing,sphere,106,8200,0.06450409134265543
hill_climbing,sphere,106,8300,0.06450409134265543
hill_climbing,sphere,106,8400,0.06450409134265543
hill_climbing,sphere,106,8500,0.06450409134265543
hill_climbing,sphere,106,8600,0.06450409134265543
hill_climbing,sphere,106,8700,0.06450409134265543
hill_climbing,sphere,106,8800,0.06450409134265543
hill_climbing,sphere,106,8900,0.06450409134265543
hill_climbing,sphere,106,9000,0.06450409134265543
hill_climbing,sphere,106,9100,0.06450409134265543
hill_climbing,sphere,106,9200,0.06450409134265543
hill_climbing,sphere,106,9300,0.06450409134265543
hill_climbing,sphere,106,9400,0.06450409134265543
hill_climbing,sphere,106,9500,0.06450409134265543
hill_climbing,sphere,106,9600,0.06450409134265543
hill_climbing,sphere,106,9700,0.06450409134265543
hill_climbing,sphere,106,9800,0.06450409134265543
hill_climbing,sphere,106,9900,0.06450409134265543
hill_climbing,sphere,106,10000,0.06450409134265543
hill_climbing,sphere,106,10100,0.06450409134265543
hill_climbing,sphere,106,10200,0.06450409134265543
hill_climbing,sphere,106,10300,0.06450409134265543
hill_climbing,sphere,106,10400,0.06450409134265543
hill_climbing,sphere,106,10500,0.06450409134265543
hill_climbing,sphere,106,10600,0.06450409134265543
hill_climbing,sphere,106,10700,0.06450409134265543
hill_climbing,sphere,106,10800,0.06450409134265543
hill_climbing,sphere,106,10900,0.04646184533911427
hill_climbing,sphere,106,11000,0.04646184533911427
hill_climbing,sphere,106,11100,0.04646184533911427
hill_climbing,sphere,106,11200,0.04646184533911427
hill_climbing,sphere,106,11300,0.04646184533911427
hill_climbing,sphere,106,11400,0.04646184533911427
hill_climbing,sphere,106,11500,0.04646184533911427
hill_climbing,sphere,106,11600,0.04646184533911427
hill_climbing,sphere,106,11700,0.04646184533911427
hill_climbing,sphere,106,11800,0.04646184533911427
hill_climbing,sphere,106,11900,0.04646184533911427
hill_climbing,sphere,106,12000,0.04646184533911427
hill_climbing,sphere,106,12100,0.04646184533911427
hill_climbing,sphere,106,12200,0.04646184533911427
hill_climbing,sphere,106,12300,0.04646184533911427
hill_climbing,sphere,106,12400,0.04646184533911427
hill_climbing,sphere,106,12500,0.04646184533911427
hill_climbing,sphere,106,12600,0.04646184533911427
hill_climbing,sphere,106,12700,0.04646184533911427
hill_climbing,sphere,106,12800,0.04646184533911427
hill_climbing,sphere,106,12900,0.04646184533911427
hill_climbing,sphere,106,13000,0.04646184533911427
hill_climbing,sphere,106,13100,0.04646184533911427
hill_climbing,sphere,106,13200,0.04646184533911427
hill_climbing,sphere,106,13300,0.04646184533911427
hill_climbing,sphere,106,13400,0.04646184533911427
hill_climbing,sphere,106,13500,0.04646184533911427
hill_climbing,sphere,106,13600,0.04646184533911427
hill_climbing,sphere,106,13700,0.04646184533911427
hill_climbing,sphere,106,13800,0.04646184533911427
hill_climbing,sphere,106,13900,0.04646184533911427
hill_climbing,sphere,106,14000,0.04646184533911427
hill_climbing,sphere,106,14100,0.04646184533911427
hill_climbing,sphere,106,14200,0.04646184533911427
hill_climbing,sphere,106,14300,0.04646184533911427
hill_climbing,sphere,106,14400,0.04646184533911427
hill_climbing,sphere,106,14500,0.04646184533911427
hill_climbing,sphere,106,14600,0.04646184533911427
hill_climbing,sphere,106,14700,0.04646184533911427
hill_climbing,sphere,106,14800,0.04646184533911427
hill_climbing,sphere,106,14900,0.04646184533911427
hill_climbing,sphere,106,15000,0.04646184533911427
hill_climbing,sphere,106,15100,0.04646184533911427
hill_climbing,sphere,106,15200,0.04646184533911427
hill_climbing,sphere,106,15300,0.04646184533911427
hill_climbing,sphere,106,15400,0.04646184533911427
hill_climbing,sphere,106,15500,0.04646184533911427
hill_climbing,sphere,106,15600,0.04646184533911427
hill_climbing,sphere,106,15700,0.04646184533911427
hill_climbing,sphere,106,15800,0.04646184533911427
hill_climbing,sphere,106,15900,0.04646184533911427
hill_climbing,sphere,106,16000,0.04646184533911427
hill_climbing,sphere,106,16100,0.04646184533911427
hill_climbing,sphere,106,16200,0.04646184533911427
hill_climbing,sphere,106,16300,0.04646184533911427
hill_climbing,sphere,106,16400,0.04646184533911427
hill_climbing,sphere,106,16500,0.04646184533911427
hill_climbing,sphere,106,16600,0.04646184533911427
hill_climbing,sphere,106,16700,0.04646184533911427
hill_climbing,sphere,106,16800,0.04646184533911427
hill_climbing,sphere,106,16900,0.04646184533911427
hill_climbing,sphere,106,17000,0.04646184533911427
hill_climbing,sphere,106,17100,0.04646184533911427
hill_climbing,sphere,106,17200,0.04646184533911427
hill_climbing,sphere,106,17300,0.04646184533911427
hill_climbing,sphere,106,17400,0.04646184533911427
hill_climbing,sphere,106,17500,0.04646184533911427
hill_climbing,sphere,106,17600,0.04646184533911427
hill_climbing,sphere,106,17700,0.04646184533911427
hill_climbing,sphere,106,17800,0.04646184533911427
hill_climbing,sphere,106,17900,0.04646184533911427
hill_climbing,sphere,106,18000,0.04646184533911427
hill_climbing,sphere,106,18100,0.04646184533911427
hill_climbing,sphere,106,18200,0.04646184533911427
hill_climbing,sphere,106,18300,0.04646184533911427
hill_climbing,sphere,106,18400,0.04646184533911427
hill_climbing,sphere,106,18500,0.04646184533911427
hill_climbing,sphere,106,18600,0.04646184533911427
hill_climbing,sphere,106,18700,0.04646184533911427
hill_climbing,sphere,106,18800,0.04646184533911427
hill_climbing,sphere,106,18900,0.04646184533911427
hill_climbing,sphere,106,19000,0.04646184533911427
hill_climbing,sphere,106,19100,0.04646184533911427
hill_climbing,sphere,106,19200,0.04646184533911427
hill_climbing,sphere,106,19300,0.04646184533911427
hill_climbing,sphere,106,19400,0.04646184533911427
hill_climbing,sphere,106,19500,0.04646184533911427
hill_climbing,sphere,106,19600,0.04646184533911427
hill_climbing,sphere,106,19700,0.04646184533911427
hill_climbing,sphere,106,19800,0.04646184533911427
hill_climbing,sphere,106,19900,0.04646184533911427
hill_climbing,sphere,106,20000,0.04646184533911427
hill_climbing,sphere,107,100,22.661199123429316
hill_climbing,sphere,107,200,1.4968174290392309
hill_climbing,sphere,107,300,0.13811959182417122
hill_climbing,sphere,107,400,0.0797661089780756
hill_climbing,sphere,107,500,0.0643044558506346
hill_climbing,sphere,107,600,0.0643044558506346
hill_climbing,sphere,107,700,0.0643044558506346
hill_climbing,sphere,107,800,0.0643044558506346
hill_climbing,sphere,107,900,0.0643044558506346
hill_climbing,sphere,107,1000,0.0643044558506346
hill_climbing,sphere,107,1100,0.0643044558506346
hill_climbing,sphere,107,1200,0.0643044558506346
hill_climbing,sphere,107,1300,0.0643044558506346
hill_climbing,sphere,107,1400,0.0643044558506346
hill_climbing,sphere,107,1500,0.0643044558506346
hill_climbing,sphere,107,1600,0.0643044558506346
hill_climbing,sphere,107,1700,0.0643044558506346
hill_climbing,sphere,107,1800,0.0643044558506346
hill_climbing,sphere,107,1900,0.0643044558506346
hill_climbing,sphere,107,2000,0.0643044558506346
hill_climbing,sphere,107,2100,0.0643044558506346
hill_climbing,sphere,107,2200,0.0643044558506346
hill_climbing,sphere,107,2300,0.0643044558506346
hill_climbing,sphere,107,2400,0.0643044558506346
hill_climbing,sphere,107,2500,0.0643044558506346
hill_climbing,sphere,107,2600,0.0643044558506346
hill_climbing,sphere,107,2700,0.0643044558506346
hill_climbing,sphere,107,2800,0.0643044558506346
hill_climbing,sphere,107,2900,0.0643044558506346
hill_climbing,sphere,107,3000,0.0643044558506346
hill_climbing,sphere,107,3100,0.0643044558506346
hill_climbing,sphere,107,3200,0.0643044558506346
hill_climbing,sphere,107,3300,0.0643044558506346
hill_climbing,sphere,107,3400,0.0643044558506346
hill_climbing,sphere,107,3500,0.0643044558506346
hill_climbing,sphere,107,3600,0.0643044558506346
hill_climbing,sphere,107,3700,0.0643044558506346
hill_climbing,sphere,107,3800,0.0643044558506346
hill_climbing,sphere,107,3900,0.0643044558506346
hill_climbing,sphere,107,4000,0.0643044558506346
hill_climbing,sphere,107,4100,0.0643044558506346
hill_climbing,sphere,107,4200,0.0643044558506346
hill_climbing,sphere,107,4300,0.0643044558506346
hill_climbing,sphere,107,4400,0.0643044558506346
hill_climbing,sphere,107,4500,0.0643044558506346
hill_climbing,sphere,107,4600,0.0643044558506346
hill_climbing,sphere,107,4700,0.0643044558506346
hill_climbing,sphere,107,4800,0.0643044558506346
hill_climbing,sphere,107,4900,0.0643044558506346
hill_climbing,sphere,107,5000,0.0643044558506346
hill_climbing,sphere,107,5100,0.0643044558506346
hill_climbing,sphere,107,5200,0.0643044558506346
hill_climbing,sphere,107,5300,0.0643044558506346
hill_climbing,sphere,107,5400,0.0643044558506346
hill_climbing,sphere,107,5500,0.060484723503072664
hill_climbing,sphere,107,5600,0.060484723503072664
hill_climbing,sphere,107,5700,0.060484723503072664
hill_climbing,sphere,107,5800,0.060484723503072664
hill_climbing,sphere,107,5900,0.060484723503072664
hill_climbing,sphere,107,6000,0.060484723503072664
hill_climbing,sphere,107,6100,0.060484723503072664
hill_climbing,sphere,107,6200,0.060484723503072664
hill_climbing,sphere,107,6300,0.060484723503072664
hill_climbing,sphere,107,6400,0.060484723503072664
hill_climbing,sphere,107,6500,0.060484723503072664
hill_climbing,sphere,107,6600,0.060484723503072664
hill_climbing,sphere,107,6700,0.060484723503072664
hill_climbing,sphere,107,6800,0.060484723503072664
hill_climbing,sphere,107,6900,0.060484723503072664
hill_climbing,sphere,107,7000,0.060484723503072664
hill_climbing,sphere,107,7100,0.060484723503072664
hill_climbing,sphere,107,7200,0.060484723503072664
hill_climbing,sphere,107,7300,0.060484723503072664
hill_climbing,sphere,107,7400,0.060484723503072664
hill_climbing,sphere,107,7500,0.060484723503072664
hill_climbing,sphere,107,7600,0.060484723503072664
hill_climbing,sphere,107,7700,0.0564916181150125
hill_climbing,sphere,107,7800,0.03705588549592795
hill_climbing,sphere,107,7900,0.03705588549592795
hill_climbing,sphere,107,8000,0.03705588549592795
hill_climbing,sphere,107,8100,0.03705588549592795
hill_climbing,sphere,107,8200,0.03705588549592795
hill_climbing,sphere,107,8300,0.03705588549592795
hill_climbing,sphere,107,8400,0.03705588549592795
hill_climbing,sphere,107,8500,0.03705588549592795
hill_climbing,sphere,107,8600,0.03705588549592795
hill_climbing,sphere,107,8700,0.03705588549592795
hill_climbing,sphere,107,8800,0.03705588549592795
hill_climbing,sphere,107,8900,0.03705588549592795
hill_climbing,sphere,107,9000,0.03705588549592795
hill_climbing,sphere,107,9100,0.03705588549592795
hill_climbing,sphere,107,9200,0.03705588549592795
hill_climbing,sphere,107,9300,0.03705588549592795
hill_climbing,sphere,107,9400,0.03705588549592795
hill_climbing,sphere,107,9500,0.03705588549592795
hill_climbing,sphere,107,9600,0.03705588549592795
hill_climbing,sphere,107,9700,0.03705588549592795
hill_climbing,sphere,107,9800,0.03705588549592795
hill_climbing,sphere,107,9900,0.03705588549592795
hill_climbing,sphere,107,10000,0.03705588549592795
hill_climbing,sphere,107,10100,0.03705588549592795
hill_climbing,sphere,107,10200,0.03705588549592795
hill_climbing,sphere,107,10300,0.03705588549592795
hill_climbing,sphere,107,10400,0.03705588549592795
hill_climbing,sphere,107,10500,0.03705588549592795
hill_climbing,sphere,107,10600,0.03705588549592795
hill_climbing,sphere,107,10700,0.03705588549592795
hill_climbing,sphere,107,10800,0.03705588549592795
hill_climbing,sphere,107,10900,0.03705588549592795
hill_climbing,sphere,107,11000,0.03705588549592795
hill_climbing,sphere,107,11100,0.03705588549592795
hill_climbing,sphere,107,11200,0.03705588549592795
hill_climbing,sphere,107,11300,0.03705588549592795
hill_climbing,sphere,107,11400,0.03705588549592795
hill_climbing,sphere,107,11500,0.03705588549592795
hill_climbing,sphere,107,11600,0.03705588549592795
hill_climbing,sphere,107,11700,0.03705588549592795
hill_climbing,sphere,107,11800,0.03705588549592795
hill_climbing,sphere,107,11900,0.03705588549592795
hill_climbing,sphere,107,12000,0.03705588549592795
hill_climbing,sphere,107,12100,0.03705588549592795
hill_climbing,sphere,107,12200,0.03705588549592795
hill_climbing,sphere,107,12300,0.03705588549592795
hill_climbing,sphere,107,12400,0.03705588549592795
hill_climbing,sphere,107,12500,0.03705588549592795
hill_climbing,sphere,107,12600,0.03705588549592795
hill_climbing,sphere,107,12700,0.03705588549592795
hill_climbing,sphere,107,12800,0.03705588549592795
hill_climbing,sphere,107,12900,0.03705588549592795
hill_climbing,sphere,107,13000,0.03705588549592795
hill_climbing,sphere,107,13100,0.03705588549592795
hill_climbing,sphere,107,13200,0.03705588549592795
hill_climbing,sphere,107,13300,0.03705588549592795
hill_climbing,sphere,107,13400,0.03705588549592795
hill_climbing,sphere,107,13500,0.03705588549592795
hill_climbing,sphere,107,13600,0.03705588549592795
hill_climbing,sphere,107,13700,0.03705588549592795
hill_climbing,sphere,107,13800,0.03705588549592795
hill_climbing,sphere,107,13900,0.03705588549592795
hill_climbing,sphere,107,14000,0.03705588549592795
hill_climbing,sphere,107,14100,0.03705588549592795
hill_climbing,sphere,107,14200,0.03705588549592795
hill_climbing,sphere,107,14300,0.03705588549592795
hill_climbing,sphere,107,14400,0.03705588549592795
hill_climbing,sphere,107,14500,0.03705588549592795
hill_climbing,sphere,107,14600,0.03705588549592795
hill_climbing,sphere,107,14700,0.03705588549592795
hill_climbing,sphere,107,14800,0.03705588549592795
hill_climbing,sphere,107,14900,0.03705588549592795
hill_climbing,sphere,107,15000,0.03705588549592795
hill_climbing,sphere,107,15100,0.03705588549592795
hill_climbing,sphere,107,15200,0.03705588549592795
hill_climbing,sphere,107,15300,0.03705588549592795
hill_climbing,sphere,107,15400,0.03705588549592795
hill_climbing,sphere,107,15500,0.03705588549592795
hill_climbing,sphere,107,15600,0.03705588549592795
hill_climbing,sphere,107,15700,0.03705588549592795
hill_climbing,sphere,107,15800,0.03705588549592795
hill_climbing,sphere,107,15900,0.03705588549592795
hill_climbing,sphere,107,16000,0.03705588549592795
hill_climbing,sphere,107,16100,0.03705588549592795
hill_climbing,sphere,107,16200,0.03705588549592795
hill_climbing,sphere,107,16300,0.03705588549592795
hill_climbing,sphere,107,16400,0.03705588549592795
hill_climbing,sphere,107,16500,0.03705588549592795
hill_climbing,sphere,107,16600,0.03705588549592795
hill_climbing,sphere,107,16700,0.03705588549592795
hill_climbing,sphere,107,16800,0.03705588549592795
hill_climbing,sphere,107,16900,0.03705588549592795
hill_climbing,sphere,107,17000,0.03705588549592795
hill_climbing,sphere,107,17100,0.03705588549592795
hill_climbing,sphere,107,17200,0.03705588549592795
hill_climbing,sphere,107,17300,0.03705588549592795
hill_climbing,sphere,107,17400,0.03705588549592795
hill_climbing,sphere,107,17500,0.03705588549592795
hill_climbing,sphere,107,17600,0.03705588549592795
hill_climbing,sphere,107,17700,0.03705588549592795
hill_climbing,sphere,107,17800,0.03705588549592795
hill_climbing,sphere,107,17900,0.03705588549592795
hill_climbing,sphere,107,18000,0.03705588549592795
hill_climbing,sphere,107,18100,0.03705588549592795
hill_climbing,sphere,107,18200,0.03705588549592795
hill_climbing,sphere,107,18300,0.03705588549592795
hill_climbing,sphere,107,18400,0.03705588549592795
hill_climbing,sphere,107,18500,0.03705588549592795
hill_climbing,sphere,107,18600,0.03705588549592795
hill_climbing,sphere,107,18700,0.03705588549592795
hill_climbing,sphere,107,18800,0.03705588549592795
hill_climbing,sphere,107,18900,0.03705588549592795
hill_climbing,sphere,107,19000,0.03705588549592795
hill_climbing,sphere,107,19100,0.03705588549592795
hill_climbing,sphere,107,19200,0.03705588549592795
hill_climbing,sphere,107,19300,0.03705588549592795
hill_climbing,sphere,107,19400,0.03705588549592795
hill_climbing,sphere,107,19500,0.03705588549592795
hill_climbing,sphere,107,19600,0.03705588549592795
hill_climbing,sphere,107,19700,0.03705588549592795
hill_climbing,sphere,107,19800,0.03705588549592795
hill_climbing,sphere,107,19900,0.03705588549592795
hill_climbing,sphere,107,20000,0.03705588549592795
hill_climbing,sphere,108,100,0.9051798477255777
hill_climbing,sphere,108,200,0.12390390527256037
hill_climbing,sphere,108,300,0.11552125318861706
hill_climbing,sphere,108,400,0.11552125318861706
hill_climbing,sphere,108,500,0.11552125318861706
hill_climbing,sphere,108,600,0.11552125318861706
hill_climbing,sphere,108,700,0.10527190561352288
hill_climbing,sphere,108,800,0.10527190561352288
hill_climbing,sphere,108,900,0.10527190561352288
hill_climbing,sphere,108,1000,0.10527190561352288
hill_climbing,sphere,108,1100,0.10022477925573542
hill_climbing,sphere,108,1200,0.10022477925573542
hill_climbing,sphere,108,1300,0.09262797995252618
hill_climbing,sphere,108,1400,0.09262797995252618
hill_climbing,sphere,108,1500,0.09262797995252618
hill_climbing,sphere,108,1600,0.07190200338533803
hill_climbing,sphere,108,1700,0.07190200338533803
hill_climbing,sphere,108,1800,0.07190200338533803
hill_climbing,sphere,108,1900,0.07190200338533803
hill_climbing,sphere,108,2000,0.07190200338533803
hill_climbing,sphere,108,2100,0.07190200338533803
hill_climbing,sphere,108,2200,0.07190200338533803
hill_climbing,sphere,108,2300,0.07190200338533803
hill_climbing,sphere,108,2400,0.07190200338533803
hill_climbing,sphere,108,2500,0.07190200338533803
hill_climbing,sphere,108,2600,0.05817570358537011
hill_climbing,sphere,108,2700,0.05817570358537011
hill_climbing,sphere,108,2800,0.05817570358537011
hill_climbing,sphere,108,2900,0.05817570358537011
hill_climbing,sphere,108,3000,0.05817570358537011
hill_climbing,sphere,108,3100,0.05817570358537011
hill_climbing,sphere,108,3200,0.05817570358537011
hill_climbing,sphere,108,3300,0.05817570358537011
hill_climbing,sphere,108,3400,0.05817570358537011
hill_climbing,sphere,108,3500,0.05817570358537011
hill_climbing,sphere,108,3600,0.05817570358537011
hill_climbing,sphere,108,3700,0.05817570358537011
hill_climbing,sphere,108,3800,0.05817570358537011
hill_climbing,sphere,108,3900,0.05817570358537011
hill_climbing,sphere,108,4000,0.05817570358537011
hill_climbing,sphere,108,4100,0.05817570358537011
hill_climbing,sphere,108,4200,0.05817570358537011
hill_climbing,sphere,108,4300,0.05041160632003925
hill_climbing,sphere,108,4400,0.05041160632003925
hill_climbing,sphere,108,4500,0.05041160632003925
hill_climbing,sphere,108,4600,0.05041160632003925
hill_climbing,sphere,108,4700,0.05041160632003925
hill_climbing,sphere,108,4800,0.05041160632003925
hill_climbing,sphere,108,4900,0.05041160632003925
hill_climbing,sphere,108,5000,0.05041160632003925
hill_climbing,sphere,108,5100,0.05041160632003925
hill_climbing,sphere,108,5200,0.05041160632003925
hill_climbing,sphere,108,5300,0.05041160632003925
hill_climbing,sphere,108,5400,0.05041160632003925
hill_climbing,sphere,108,5500,0.05041160632003925
hill_climbing,sphere,108,5600,0.05041160632003925
hill_climbing,sphere,108,5700,0.05041160632003925
hill_climbing,sphere,108,5800,0.05041160632003925
hill_climbing,sphere,108,5900,0.05041160632003925
hill_climbing,sphere,108,6000,0.05041160632003925
hill_climbing,sphere,108,6100,0.05041160632003925
hill_climbing,sphere,108,6200,0.05041160632003925
hill_climbing,sphere,108,6300,0.05041160632003925
hill_climbing,sphere,108,6400,0.05041160632003925
hill_climbing,sphere,108,6500,0.05041160632003925
hill_climbing,sphere,108,6600,0.05041160632003925
hill_climbing,sphere,108,6700,0.05041160632003925
hill_climbing,sphere,108,6800,0.05041160632003925
hill_climbing,sphere,108,6900,0.05041160632003925
hill_climbing,sphere,108,7000,0.05041160632003925
hill_climbing,sphere,108,7100,0.05041160632003925
hill_climbing,sphere,108,7200,0.05041160632003925
hill_climbing,sphere,108,7300,0.05041160632003925
hill_climbing,sphere,108,7400,0.05041160632003925
hill_climbing,sphere,108,7500,0.05041160632003925
hill_climbing,sphere,108,7600,0.05041160632003925
hill_climbing,sphere,108,7700,0.05041160632003925
hill_climbing,sphere,108,7800,0.05041160632003925
hill_climbing,sphere,108,7900,0.05041160632003925
hill_climbing,sphere,108,8000,0.05041160632003925
hill_climbing,sphere,108,8100,0.05041160632003925
hill_climbing,sphere,108,8200,0.05041160632003925
hill_climbing,sphere,108,8300,0.05041160632003925
hill_climbing,sphere,108,8400,0.05041160632003925
hill_climbing,sphere,108,8500,0.05041160632003925
hill_climbing,sphere,108,8600,0.05041160632003925
hill_climbing,sphere,108,8700,0.05041160632003925
hill_climbing,sphere,108,8800,0.05041160632003925
hill_climbing,sphere,108,8900,0.05041160632003925
hill_climbing,sphere,108,9000,0.05041160632003925
hill_climbing,sphere,108,9100,0.05041160632003925
hill_climbing,sphere,108,9200,0.05041160632003925
hill_climbing,sphere,108,9300,0.05041160632003925
hill_climbing,sphere,108,9400,0.05041160632003925
hill_climbing,sphere,108,9500,0.05041160632003925
hill_climbing,sphere,108,9600,0.05041160632003925
hill_climbing,sphere,108,9700,0.05041160632003925
hill_climbing,sphere,108,9800,0.05041160632003925
hill_climbing,sphere,108,9900,0.05041160632003925
hill_climbing,sphere,108,10000,0.05041160632003925
hill_climbing,sphere,108,10100,0.05041160632003925
hill_climbing,sphere,108,10200,0.05041160632003925
hill_climbing,sphere,108,10300,0.05041160632003925
hill_climbing,sphere,108,10400,0.05041160632003925
hill_climbing,sphere,108,10500,0.05041160632003925
hill_climbing,sphere,108,10600,0.05041160632003925
hill_climbing,sphere,108,10700,0.05041160632003925
hill_climbing,sphere,108,10800,0.05041160632003925
hill_climbing,sphere,108,10900,0.05041160632003925
hill_climbing,sphere,108,11000,0.05041160632003925
hill_climbing,sphere,108,11100,0.05041160632003925
hill_climbing,sphere,108,11200,0.05041160632003925
hill_climbing,sphere,108,11300,0.05041160632003925
hill_climbing,sphere,108,11400,0.05041160632003925
hill_climbing,sphere,108,11500,0.05041160632003925
hill_climbing,sphere,108,11600,0.05041160632003925
hill_climbing,sphere,108,11700,0.05041160632003925
hill_climbing,sphere,108,11800,0.05041160632003925
hill_climbing,sphere,108,11900,0.05041160632003925
hill_climbing,sphere,108,12000,0.05041160632003925
hill_climbing,sphere,108,12100,0.05041160632003925
hill_climbing,sphere,108,12200,0.05041160632003925
hill_climbing,sphere,108,12300,0.05041160632003925
hill_climbing,sphere,108,12400,0.05041160632003925
hill_climbing,sphere,108,12500,0.05041160632003925
hill_climbing,sphere,108,12600,0.05041160632003925
hill_climbing,sphere,108,12700,0.05041160632003925
hill_climbing,sphere,108,12800,0.05041160632003925
hill_climbing,sphere,108,12900,0.05041160632003925
hill_climbing,sphere,108,13000,0.05041160632003925
hill_climbing,sphere,108,13100,0.05041160632003925
hill_climbing,sphere,108,13200,0.05041160632003925
hill_climbing,sphere,108,13300,0.05041160632003925
hill_climbing,sphere,108,13400,0.05041160632003925
hill_climbing,sphere,108,13500,0.05041160632003925
hill_climbing,sphere,108,13600,0.05041160632003925
hill_climbing,sphere,108,13700,0.05041160632003925
hill_climbing,sphere,108,13800,0.05041160632003925
hill_climbing,sphere,108,13900,0.05041160632003925
hill_climbing,sphere,108,14000,0.05041160632003925
hill_climbing,sphere,108,14100,0.05041160632003925
hill_climbing,sphere,108,14200,0.05041160632003925
hill_climbing,sphere,108,14300,0.05041160632003925
hill_climbing,sphere,108,14400,0.05041160632003925
hill_climbing,sphere,108,14500,0.05041160632003925
hill_climbing,sphere,108,14600,0.05041160632003925
hill_climbing,sphere,108,14700,0.05041160632003925
hill_climbing,sphere,108,14800,0.05041160632003925
hill_climbing,sphere,108,14900,0.05041160632003925
hill_climbing,sphere,108,15000,0.05041160632003925
hill_climbing,sphere,108,15100,0.05041160632003925
hill_climbing,sphere,108,15200,0.05041160632003925
hill_climbing,sphere,108,15300,0.05041160632003925
hill_climbing,sphere,108,15400,0.05041160632003925
hill_climbing,sphere,108,15500,0.05041160632003925
hill_climbing,sphere,108,15600,0.05041160632003925
hill_climbing,sphere,108,15700,0.05041160632003925
hill_climbing,sphere,108,15800,0.05041160632003925
hill_climbing,sphere,108,15900,0.05041160632003925
hill_climbing,sphere,108,16000,0.05041160632003925
hill_climbing,sphere,108,16100,0.05041160632003925
hill_climbing,sphere,108,16200,0.05041160632003925
hill_climbing,sphere,108,16300,0.05041160632003925
hill_climbing,sphere,108,16400,0.05041160632003925
hill_climbing,sphere,108,16500,0.05041160632003925
hill_climbing,sphere,108,16600,0.05041160632003925
hill_climbing,sphere,108,16700,0.05041160632003925
hill_climbing,sphere,108,16800,0.05041160632003925
hill_climbing,sphere,108,16900,0.05041160632003925
hill_climbing,sphere,108,17000,0.05041160632003925
hill_climbing,sphere,108,17100,0.05041160632003925
hill_climbing,sphere,108,17200,0.05041160632003925
hill_climbing,sphere,108,17300,0.05041160632003925
hill_climbing,sphere,108,17400,0.05041160632003925
hill_climbing,sphere,108,17500,0.05041160632003925
hill_climbing,sphere,108,17600,0.05041160632003925
hill_climbing,sphere,108,17700,0.05041160632003925
hill_climbing,sphere,108,17800,0.05041160632003925
hill_climbing,sphere,108,17900,0.05041160632003925
hill_climbing,sphere,108,18000,0.05041160632003925
hill_climbing,sphere,108,18100,0.05041160632003925
hill_climbing,sphere,108,18200,0.05041160632003925
hill_climbing,sphere,108,18300,0.05041160632003925
hill_climbing,sphere,108,18400,0.05041160632003925
hill_climbing,sphere,108,18500,0.05041160632003925
hill_climbing,sphere,108,18600,0.05041160632003925
hill_climbing,sphere,108,18700,0.05041160632003925
hill_climbing,sphere,108,18800,0.05041160632003925
hill_climbing,sphere,108,18900,0.05041160632003925
hill_climbing,sphere,108,19000,0.05041160632003925
hill_climbing,sphere,108,19100,0.05041160632003925
hill_climbing,sphere,108,19200,0.05041160632003925
hill_climbing,sphere,108,19300,0.05041160632003925
hill_climbing,sphere,108,19400,0.05041160632003925
hill_climbing,sphere,108,19500,0.05041160632003925
hill_climbing,sphere,108,19600,0.05041160632003925
hill_climbing,sphere,108,19700,0.05041160632003925
hill_climbing,sphere,108,19800,0.05041160632003925
hill_climbing,sphere,108,19900,0.05041160632003925
hill_climbing,sphere,108,20000,0.05041160632003925
hill_climbing,sphere,109,100,2.710073630115201
hill_climbing,sphere,109,200,0.2764999433688998
hill_climbing,sphere,109,300,0.20567744211367725
hill_climbing,sphere,109,400,0.08310387855309052
hill_climbing,sphere,109,500,0.08310387855309052
hill_climbing,sphere,109,600,0.08310387855309052
hill_climbing,sphere,109,700,0.08310387855309052
hill_climbing,sphere,109,800,0.08310387855309052
hill_climbing,sphere,109,900,0.08310387855309052
hill_climbing,sphere,109,1000,0.08310387855309052
hill_climbing,sphere,109,1100,0.08310387855309052
hill_climbing,sphere,109,1200,0.08310387855309052
hill_climbing,sphere,109,1300,0.08310387855309052
hill_climbing,sphere,109,1400,0.08310387855309052
hill_climbing,sphere,109,1500,0.08310387855309052
hill_climbing,sphere,109,1600,0.07230775104321344
hill_climbing,sphere,109,1700,0.07230775104321344
hill_climbing,sphere,109,1800,0.07230775104321344
hill_climbing,sphere,109,1900,0.07230775104321344
hill_climbing,sphere,109,2000,0.07230775104321344
hill_climbing,sphere,109,2100,0.07230775104321344
hill_climbing,sphere,109,2200,0.07230775104321344
hill_climbing,sphere,109,2300,0.07230775104321344
hill_climbing,sphere,109,2400,0.061294280007327735
hill_climbing,sphere,109,2500,0.061294280007327735
hill_climbing,sphere,109,2600,0.061294280007327735
hill_climbing,sphere,109,2700,0.061294280007327735
hill_climbing,sphere,109,2800,0.061294280007327735
hill_climbing,sphere,109,2900,0.061294280007327735
hill_climbing,sphere,109,3000,0.061294280007327735
hill_climbing,sphere,109,3100,0.061294280007327735
hill_climbing,sphere,109,3200,0.061294280007327735
hill_climbing,sphere,109,3300,0.061294280007327735
hill_climbing,sphere,109,3400,0.061294280007327735
hill_climbing,sphere,109,3500,0.061294280007327735
hill_climbing,sphere,109,3600,0.061294280007327735
hill_climbing,sphere,109,3700,0.04786972069117277
hill_climbing,sphere,109,3800,0.04786972069117277
hill_climbing,sphere,109,3900,0.04786972069117277
hill_climbing,sphere,109,4000,0.04786972069117277
hill_climbing,sphere,109,4100,0.04786972069117277
hill_climbing,sphere,109,4200,0.04786972069117277
hill_climbing,sphere,109,4300,0.04786972069117277
hill_climbing,sphere,109,4400,0.04786972069117277
hill_climbing,sphere,109,4500,0.04786972069117277
hill_climbing,sphere,109,4600,0.04786972069117277
hill_climbing,sphere,109,4700,0.04786972069117277
hill_climbing,sphere,109,4800,0.04786972069117277
hill_climbing,sphere,109,4900,0.04786972069117277
hill_climbing,sphere,109,5000,0.04786972069117277
hill_climbing,sphere,109,5100,0.04786972069117277
hill_climbing,sphere,109,5200,0.04786972069117277
hill_climbing,sphere,109,5300,0.04786972069117277
hill_climbing,sphere,109,5400,0.04786972069117277
hill_climbing,sphere,109,5500,0.04786972069117277
hill_climbing,sphere,109,5600,0.04786972069117277
hill_climbing,sphere,109,5700,0.04786972069117277
hill_climbing,sphere,109,5800,0.04786972069117277
hill_climbing,sphere,109,5900,0.04786972069117277
hill_climbing,sphere,109,6000,0.04786972069117277
hill_climbing,sphere,109,6100,0.04786972069117277
hill_climbing,sphere,109,6200,0.04786972069117277
hill_climbing,sphere,109,6300,0.04786972069117277
hill_climbing,sphere,109,6400,0.04786972069117277
hill_climbing,sphere,109,6500,0.04786972069117277
hill_climbing,sphere,109,6600,0.04786972069117277
hill_climbing,sphere,109,6700,0.04786972069117277
hill_climbing,sphere,109,6800,0.04786972069117277
hill_climbing,sphere,109,6900,0.04786972069117277
hill_climbing,sphere,109,7000,0.04786972069117277
hill_climbing,sphere,109,7100,0.04786972069117277
hill_climbing,sphere,109,7200,0.04786972069117277
hill_climbing,sphere,109,7300,0.04786972069117277
hill_climbing,sphere,109,7400,0.04786972069117277
hill_climbing,sphere,109,7500,0.04786972069117277
hill_climbing,sphere,109,7600,0.04786972069117277
hill_climbing,sphere,109,7700,0.04786972069117277
hill_climbing,sphere,109,7800,0.04786972069117277
hill_climbing,sphere,109,7900,0.04786972069117277
hill_climbing,sphere,109,8000,0.04786972069117277
hill_climbing,sphere,109,8100,0.04786972069117277
hill_climbing,sphere,109,8200,0.04786972069117277
hill_climbing,sphere,109,8300,0.04786972069117277
hill_climbing,sphere,109,8400,0.04786972069117277
hill_climbing,sphere,109,8500,0.04786972069117277
hill_climbing,sphere,109,8600,0.04786972069117277
hill_climbing,sphere,109,8700,0.04786972069117277
hill_climbing,sphere,109,8800,0.04786972069117277
hill_climbing,sphere,109,8900,0.04786972069117277
hill_climbing,sphere,109,9000,0.04786972069117277
hill_climbing,sphere,109,9100,0.04786972069117277
hill_climbing,sphere,109,9200,0.04786972069117277
hill_climbing,sphere,109,9300,0.04786972069117277
hill_climbing,sphere,109,9400,0.04786972069117277
hill_climbing,sphere,109,9500,0.04786972069117277
hill_climbing,sphere,109,9600,0.04786972069117277
hill_climbing,sphere,109,9700,0.04786972069117277
hill_climbing,sphere,109,9800,0.04786972069117277
hill_climbing,sphere,109,9900,0.04786972069117277
hill_climbing,sphere,109,10000,0.04786972069117277
hill_climbing,sphere,109,10100,0.04786972069117277
hill_climbing,sphere,109,10200,0.04786972069117277
hill_climbing,sphere,109,10300,0.04786972069117277
hill_climbing,sphere,109,10400,0.04786972069117277
hill_climbing,sphere,109,10500,0.04786972069117277
hill_climbing,sphere,109,10600,0.04786972069117277
hill_climbing,sphere,109,10700,0.04786972069117277
hill_climbing,sphere,109,10800,0.04786972069117277
hill_climbing,sphere,109,10900,0.04786972069117277
hill_climbing,sphere,109,11000,0.04786972069117277
hill_climbing,sphere,109,11100,0.04786972069117277
hill_climbing,sphere,109,11200,0.04786972069117277
hill_climbing,sphere,109,11300,0.04786972069117277
hill_climbing,sphere,109,11400,0.04786972069117277
hill_climbing,sphere,109,11500,0.04786972069117277
hill_climbing,sphere,109,11600,0.04786972069117277
hill_climbing,sphere,109,11700,0.04786972069117277
hill_climbing,sphere,109,11800,0.04786972069117277
hill_climbing,sphere,109,11900,0.04786972069117277
hill_climbing,sphere,109,12000,0.04786972069117277
hill_climbing,sphere,109,12100,0.04786972069117277
hill_climbing,sphere,109,12200,0.04786972069117277
hill_climbing,sphere,109,12300,0.04786972069117277
hill_climbing,sphere,109,12400,0.04786972069117277
hill_climbing,sphere,109,12500,0.04786972069117277
hill_climbing,sphere,109,12600,0.04786972069117277
hill_climbing,sphere,109,12700,0.04786972069117277
hill_climbing,sphere,109,12800,0.04786972069117277
hill_climbing,sphere,109,12900,0.04786972069117277
hill_climbing,sphere,109,13000,0.04786972069117277
hill_climbing,sphere,109,13100,0.04786972069117277
hill_climbing,sphere,109,13200,0.04786972069117277
hill_climbing,sphere,109,13300,0.04786972069117277
hill_climbing,sphere,109,13400,0.04786972069117277
hill_climbing,sphere,109,13500,0.04786972069117277
hill_climbing,sphere,109,13600,0.04786972069117277
hill_climbing,sphere,109,13700,0.04786972069117277
hill_climbing,sphere,109,13800,0.04786972069117277
hill_climbing,sphere,109,13900,0.04786972069117277
hill_climbing,sphere,109,14000,0.04786972069117277
hill_climbing,sphere,109,14100,0.04786972069117277
hill_climbing,sphere,109,14200,0.04786972069117277
hill_climbing,sphere,109,14300,0.04786972069117277
hill_climbing,sphere,109,14400,0.04786972069117277
hill_climbing,sphere,109,14500,0.04786972069117277
hill_climbing,sphere,109,14600,0.04786972069117277
hill_climbing,sphere,109,14700,0.04786972069117277
hill_climbing,sphere,109,14800,0.04786972069117277
hill_climbing,sphere,109,14900,0.04786972069117277
hill_climbing,sphere,109,15000,0.04786972069117277
hill_climbing,sphere,109,15100,0.04786972069117277
hill_climbing,sphere,109,15200,0.04786972069117277
hill_climbing,sphere,109,15300,0.04786972069117277
hill_climbing,sphere,109,15400,0.04786972069117277
hill_climbing,sphere,109,15500,0.04786972069117277
hill_climbing,sphere,109,15600,0.04786972069117277
hill_climbing,sphere,109,15700,0.04786972069117277
hill_climbing,sphere,109,15800,0.04786972069117277
hill_climbing,sphere,109,15900,0.04786972069117277
hill_climbing,sphere,109,16000,0.04786972069117277
hill_climbing,sphere,109,16100,0.04786972069117277
hill_climbing,sphere,109,16200,0.04786972069117277
hill_climbing,sphere,109,16300,0.04786972069117277
hill_climbing,sphere,109,16400,0.04786972069117277
hill_climbing,sphere,109,16500,0.04786972069117277
hill_climbing,sphere,109,16600,0.04786972069117277
hill_climbing,sphere,109,16700,0.04786972069117277
hill_climbing,sphere,109,16800,0.04786972069117277
hill_climbing,sphere,109,16900,0.04786972069117277
hill_climbing,sphere,109,17000,0.04786972069117277
hill_climbing,sphere,109,17100,0.04786972069117277
hill_climbing,sphere,109,17200,0.04786972069117277
hill_climbing,sphere,109,17300,0.04786972069117277
hill_climbing,sphere,109,17400,0.04786972069117277
hill_climbing,sphere,109,17500,0.04786972069117277
hill_climbing,sphere,109,17600,0.04786972069117277
hill_climbing,sphere,109,17700,0.04786972069117277
hill_climbing,sphere,109,17800,0.04786972069117277
hill_climbing,sphere,109,17900,0.04786972069117277
hill_climbing,sphere,109,18000,0.04786972069117277
hill_climbing,sphere,109,18100,0.04786972069117277
hill_climbing,sphere,109,18200,0.04786972069117277
hill_climbing,sphere,109,18300,0.04786972069117277
hill_climbing,sphere,109,18400,0.04786972069117277
hill_climbing,sphere,109,18500,0.04786972069117277
hill_climbing,sphere,109,18600,0.04786972069117277
hill_climbing,sphere,109,18700,0.04786972069117277
hill_climbing,sphere,109,18800,0.04786972069117277
hill_climbing,sphere,109,18900,0.04786972069117277
hill_climbing,sphere,109,19000,0.04786972069117277
hill_climbing,sphere,109,19100,0.04786972069117277
hill_climbing,sphere,109,19200,0.04786972069117277
hill_climbing,sphere,109,19300,0.04786972069117277
hill_climbing,sphere,109,19400,0.04786972069117277
hill_climbing,sphere,109,19500,0.04786972069117277
hill_climbing,sphere,109,19600,0.04786972069117277
hill_climbing,sphere,109,19700,0.04786972069117277
hill_climbing,sphere,109,19800,0.04786972069117277
hill_climbing,sphere,109,19900,0.04786972069117277
hill_climbing,sphere,109,20000,0.04786972069117277
hill_climbing,sphere,110,100,2.5789124114456055
hill_climbing,sphere,110,200,0.30157763312626074
hill_climbing,sphere,110,300,0.30157763312626074
hill_climbing,sphere,110,400,0.1839238975851329
hill_climbing,sphere,110,500,0.1839238975851329
hill_climbing,sphere,110,600,0.1718705729982708
hill_climbing,sphere,110,700,0.07434903878208254
hill_climbing,sphere,110,800,0.07434903878208254
hill_climbing,sphere,110,900,0.07434903878208254
hill_climbing,sphere,110,1000,0.07434903878208254
hill_climbing,sphere,110,1100,0.07434903878208254
hill_climbing,sphere,110,1200,0.07434903878208254
hill_climbing,sphere,110,1300,0.07434903878208254
hill_climbing,sphere,110,1400,0.07434903878208254
hill_climbing,sphere,110,1500,0.07434903878208254
hill_climbing,sphere,110,1600,0.07434903878208254
hill_climbing,sphere,110,1700,0.07434903878208254
hill_climbing,sphere,110,1800,0.07434903878208254
hill_climbing,sphere,110,1900,0.07434903878208254
hill_climbing,sphere,110,2000,0.07434903878208254
hill_climbing,sphere,110,2100,0.07434903878208254
hill_climbing,sphere,110,2200,0.07434903878208254
hill_climbing,sphere,110,2300,0.04838714703163595
hill_climbing,sphere,110,2400,0.04838714703163595
hill_climbing,sphere,110,2500,0.04838714703163595
hill_climbing,sphere,110,2600,0.04838714703163595
hill_climbing,sphere,110,2700,0.04838714703163595
hill_climbing,sphere,110,2800,0.04838714703163595
hill_climbing,sphere,110,2900,0.04838714703163595
hill_climbing,sphere,110,3000,0.04838714703163595
hill_climbing,sphere,110,3100,0.04838714703163595
hill_climbing,sphere,110,3200,0.04838714703163595
hill_climbing,sphere,110,3300,0.04838714703163595
hill_climbing,sphere,110,3400,0.04838714703163595
hill_climbing,sphere,110,3500,0.04838714703163595
hill_climbing,sphere,110,3600,0.04838714703163595
hill_climbing,sphere,110,3700,0.04838714703163595
hill_climbing,sphere,110,3800,0.04838714703163595
hill_climbing,sphere,110,3900,0.04838714703163595
hill_climbing,sphere,110,4000,0.04838714703163595
hill_climbing,sphere,110,4100,0.04838714703163595
hill_climbing,sphere,110,4200,0.04838714703163595
hill_climbing,sphere,110,4300,0.04838714703163595
hill_climbing,sphere,110,4400,0.04838714703163595
hill_climbing,sphere,110,4500,0.04838714703163595
hill_climbing,sphere,110,4600,0.04838714703163595
hill_climbing,sphere,110,4700,0.04838714703163595
hill_climbing,sphere,110,4800,0.04838714703163595
hill_climbing,sphere,110,4900,0.04838714703163595
hill_climbing,sphere,110,5000,0.04838714703163595
hill_climbing,sphere,110,5100,0.04838714703163595
hill_climbing,sphere,110,5200,0.04838714703163595
hill_climbing,sphere,110,5300,0.04838714703163595
hill_climbing,sphere,110,5400,0.04838714703163595
hill_climbing,sphere,110,5500,0.04838714703163595
hill_climbing,sphere,110,5600,0.04838714703163595
hill_climbing,sphere,110,5700,0.04838714703163595
hill_climbing,sphere,110,5800,0.04838714703163595
hill_climbing,sphere,110,5900,0.04838714703163595
hill_climbing,sphere,110,6000,0.04838714703163595
hill_climbing,sphere,110,6100,0.04838714703163595
hill_climbing,sphere,110,6200,0.04838714703163595
hill_climbing,sphere,110,6300,0.04838714703163595
hill_climbing,sphere,110,6400,0.04838714703163595
hill_climbing,sphere,110,6500,0.04838714703163595
hill_climbing,sphere,110,6600,0.04838714703163595
hill_climbing,sphere,110,6700,0.04838714703163595
hill_climbing,sphere,110,6800,0.04838714703163595
hill_climbing,sphere,110,6900,0.04838714703163595
hill_climbing,sphere,110,7000,0.04838714703163595
hill_climbing,sphere,110,7100,0.04838714703163595
hill_climbing,sphere,110,7200,0.04838714703163595
hill_climbing,sphere,110,7300,0.04838714703163595
hill_climbing,sphere,110,7400,0.04838714703163595
hill_climbing,sphere,110,7500,0.04838714703163595
hill_climbing,sphere,110,7600,0.04838714703163595
hill_climbing,sphere,110,7700,0.04838714703163595
hill_climbing,sphere,110,7800,0.04838714703163595
hill_climbing,sphere,110,7900,0.04838714703163595
hill_climbing,sphere,110,8000,0.04838714703163595
hill_climbing,sphere,110,8100,0.04838714703163595
hill_climbing,sphere,110,8200,0.04838714703163595
hill_climbing,sphere,110,8300,0.04838714703163595
hill_climbing,sphere,110,8400,0.04838714703163595
hill_climbing,sphere,110,8500,0.04838714703163595
hill_climbing,sphere,110,8600,0.04838714703163595
hill_climbing,sphere,110,8700,0.04838714703163595
hill_climbing,sphere,110,8800,0.04838714703163595
hill_climbing,sphere,110,8900,0.04838714703163595
hill_climbing,sphere,110,9000,0.04838714703163595
hill_climbing,sphere,110,9100,0.04838714703163595
hill_climbing,sphere,110,9200,0.04838714703163595
hill_climbing,sphere,110,9300,0.04838714703163595
hill_climbing,sphere,110,9400,0.04838714703163595
hill_climbing,sphere,110,9500,0.04838714703163595
hill_climbing,sphere,110,9600,0.04838714703163595
hill_climbing,sphere,110,9700,0.04838714703163595
hill_climbing,sphere,110,9800,0.04838714703163595
hill_climbing,sphere,110,9900,0.04838714703163595
hill_climbing,sphere,110,10000,0.04838714703163595
hill_climbing,sphere,110,10100,0.04838714703163595
hill_climbing,sphere,110,10200,0.04838714703163595
hill_climbing,sphere,110,10300,0.04838714703163595
hill_climbing,sphere,110,10400,0.04838714703163595
hill_climbing,sphere,110,10500,0.04838714703163595
hill_climbing,sphere,110,10600,0.04838714703163595
hill_climbing,sphere,110,10700,0.04838714703163595
hill_climbing,sphere,110,10800,0.04838714703163595
hill_climbing,sphere,110,10900,0.04838714703163595
hill_climbing,sphere,110,11000,0.04838714703163595
hill_climbing,sphere,110,11100,0.04838714703163595
hill_climbing,sphere,110,11200,0.04838714703163595
hill_climbing,sphere,110,11300,0.04838714703163595
hill_climbing,sphere,110,11400,0.04838714703163595
hill_climbing,sphere,110,11500,0.04838714703163595
hill_climbing,sphere,110,11600,0.04838714703163595
hill_climbing,sphere,110,11700,0.04838714703163595
hill_climbing,sphere,110,11800,0.04838714703163595
hill_climbing,sphere,110,11900,0.04838714703163595
hill_climbing,sphere,110,12000,0.04838714703163595
hill_climbing,sphere,110,12100,0.04838714703163595
hill_climbing,sphere,110,12200,0.04838714703163595
hill_climbing,sphere,110,12300,0.04838714703163595
hill_climbing,sphere,110,12400,0.04838714703163595
hill_climbing,sphere,110,12500,0.04838714703163595
hill_climbing,sphere,110,12600,0.04838714703163595
hill_climbing,sphere,110,12700,0.04838714703163595
hill_climbing,sphere,110,12800,0.04838714703163595
hill_climbing,sphere,110,12900,0.04838714703163595
hill_climbing,sphere,110,13000,0.04838714703163595
hill_climbing,sphere,110,13100,0.04838714703163595
hill_climbing,sphere,110,13200,0.04838714703163595
hill_climbing,sphere,110,13300,0.04838714703163595
hill_climbing,sphere,110,13400,0.04838714703163595
hill_climbing,sphere,110,13500,0.04838714703163595
hill_climbing,sphere,110,13600,0.04838714703163595
hill_climbing,sphere,110,13700,0.04838714703163595
hill_climbing,sphere,110,13800,0.04838714703163595
hill_climbing,sphere,110,13900,0.04838714703163595
hill_climbing,sphere,110,14000,0.04838714703163595
hill_climbing,sphere,110,14100,0.04838714703163595
hill_climbing,sphere,110,14200,0.04838714703163595
hill_climbing,sphere,110,14300,0.04838714703163595
hill_climbing,sphere,110,14400,0.04838714703163595
hill_climbing,sphere,110,14500,0.04838714703163595
hill_climbing,sphere,110,14600,0.04838714703163595
hill_climbing,sphere,110,14700,0.04838714703163595
hill_climbing,sphere,110,14800,0.04838714703163595
hill_climbing,sphere,110,14900,0.04838714703163595
hill_climbing,sphere,110,15000,0.04838714703163595
hill_climbing,sphere,110,15100,0.04838714703163595
hill_climbing,sphere,110,15200,0.04838714703163595
hill_climbing,sphere,110,15300,0.04838714703163595
hill_climbing,sphere,110,15400,0.04838714703163595
hill_climbing,sphere,110,15500,0.04838714703163595
hill_climbing,sphere,110,15600,0.04838714703163595
hill_climbing,sphere,110,15700,0.04838714703163595
hill_climbing,sphere,110,15800,0.04838714703163595
hill_climbing,sphere,110,15900,0.04838714703163595
hill_climbing,sphere,110,16000,0.04838714703163595
hill_climbing,sphere,110,16100,0.04838714703163595
hill_climbing,sphere,110,16200,0.04838714703163595
hill_climbing,sphere,110,16300,0.04838714703163595
hill_climbing,sphere,110,16400,0.04838714703163595
hill_climbing,sphere,110,16500,0.04838714703163595
hill_climbing,sphere,110,16600,0.04838714703163595
hill_climbing,sphere,110,16700,0.04838714703163595
hill_climbing,sphere,110,16800,0.04838714703163595
hill_climbing,sphere,110,16900,0.04838714703163595
hill_climbing,sphere,110,17000,0.04838714703163595
hill_climbing,sphere,110,17100,0.04838714703163595
hill_climbing,sphere,110,17200,0.04838714703163595
hill_climbing,sphere,110,17300,0.04838714703163595
hill_climbing,sphere,110,17400,0.04838714703163595
hill_climbing,sphere,110,17500,0.04838714703163595
hill_climbing,sphere,110,17600,0.04838714703163595
hill_climbing,sphere,110,17700,0.04838714703163595
hill_climbing,sphere,110,17800,0.04838714703163595
hill_climbing,sphere,110,17900,0.04838714703163595
hill_climbing,sphere,110,18000,0.04838714703163595
hill_climbing,sphere,110,18100,0.04838714703163595
hill_climbing,sphere,110,18200,0.04838714703163595
hill_climbing,sphere,110,18300,0.04838714703163595
hill_climbing,sphere,110,18400,0.04838714703163595
hill_climbing,sphere,110,18500,0.04838714703163595
hill_climbing,sphere,110,18600,0.04838714703163595
hill_climbing,sphere,110,18700,0.04838714703163595
hill_climbing,sphere,110,18800,0.04838714703163595
hill_climbing,sphere,110,18900,0.04838714703163595
hill_climbing,sphere,110,19000,0.04838714703163595
hill_climbing,sphere,110,19100,0.04838714703163595
hill_climbing,sphere,110,19200,0.04838714703163595
hill_climbing,sphere,110,19300,0.04838714703163595
hill_climbing,sphere,110,19400,0.04838714703163595
hill_climbing,sphere,110,19500,0.04838714703163595
hill_climbing,sphere,110,19600,0.04838714703163595
hill_climbing,sphere,110,19700,0.04838714703163595
hill_climbing,sphere,110,19800,0.04838714703163595
hill_climbing,sphere,110,19900,0.04838714703163595
hill_climbing,sphere,110,20000,0.04838714703163595
hill_climbing,sphere,111,100,29.490827978160716
hill_climbing,sphere,111,200,1.2590693505856057
hill_climbing,sphere,111,300,0.44132015772310573
hill_climbing,sphere,111,400,0.16939792597465989
hill_climbing,sphere,111,500,0.14283086197702785
hill_climbing,sphere,111,600,0.11450887520870606
hill_climbing,sphere,111,700,0.11450887520870606
hill_climbing,sphere,111,800,0.10198364970162108
hill_climbing,sphere,111,900,0.10198364970162108
hill_climbing,sphere,111,1000,0.10198364970162108
hill_climbing,sphere,111,1100,0.09718370916563672
hill_climbing,sphere,111,1200,0.09718370916563672
hill_climbing,sphere,111,1300,0.09718370916563672
hill_climbing,sphere,111,1400,0.08598809497117343
hill_climbing,sphere,111,1500,0.08598809497117343
hill_climbing,sphere,111,1600,0.08598809497117343
hill_climbing,sphere,111,1700,0.08598809497117343
hill_climbing,sphere,111,1800,0.08598809497117343
hill_climbing,sphere,111,1900,0.08598809497117343
hill_climbing,sphere,111,2000,0.07833709283250288
hill_climbing,sphere,111,2100,0.07833709283250288
hill_climbing,sphere,111,2200,0.07833709283250288
hill_climbing,sphere,111,2300,0.07833709283250288
hill_climbing,sphere,111,2400,0.07833709283250288
hill_climbing,sphere,111,2500,0.07833709283250288
hill_climbing,sphere,111,2600,0.07833709283250288
hill_climbing,sphere,111,2700,0.06477150728640033
hill_climbing,sphere,111,2800,0.06477150728640033
hill_climbing,sphere,111,2900,0.06477150728640033
hill_climbing,sphere,111,3000,0.06477150728640033
hill_climbing,sphere,111,3100,0.06477150728640033
hill_climbing,sphere,111,3200,0.06477150728640033
hill_climbing,sphere,111,3300,0.06477150728640033
hill_climbing,sphere,111,3400,0.06477150728640033
hill_climbing,sphere,111,3500,0.06477150728640033
hill_climbing,sphere,111,3600,0.06477150728640033
hill_climbing,sphere,111,3700,0.06477150728640033
hill_climbing,sphere,111,3800,0.06477150728640033
hill_climbing,sphere,111,3900,0.06477150728640033
hill_climbing,sphere,111,4000,0.06477150728640033
hill_climbing,sphere,111,4100,0.06477150728640033
hill_climbing,sphere,111,4200,0.06477150728640033
hill_climbing,sphere,111,4300,0.06477150728640033
hill_climbing,sphere,111,4400,0.06477150728640033
hill_climbing,sphere,111,4500,0.06477150728640033
hill_climbing,sphere,111,4600,0.06477150728640033
hill_climbing,sphere,111,4700,0.06477150728640033
hill_climbing,sphere,111,4800,0.06477150728640033
hill_climbing,sphere,111,4900,0.06477150728640033
hill_climbing,sphere,111,5000,0.06477150728640033
hill_climbing,sphere,111,5100,0.06477150728640033
hill_climbing,sphere,111,5200,0.06477150728640033
hill_climbing,sphere,111,5300,0.06477150728640033
hill_climbing,sphere,111,5400,0.06477150728640033
hill_climbing,sphere,111,5500,0.06477150728640033
hill_climbing,sphere,111,5600,0.06477150728640033
hill_climbing,sphere,111,5700,0.06477150728640033
hill_climbing,sphere,111,5800,0.06477150728640033
hill_climbing,sphere,111,5900,0.06477150728640033
hill_climbing,sphere,111,6000,0.06477150728640033
hill_climbing,sphere,111,6100,0.06477150728640033
hill_climbing,sphere,111,6200,0.06477150728640033
hill_climbing,sphere,111,6300,0.06477150728640033
hill_climbing,sphere,111,6400,0.06477150728640033
hill_climbing,sphere,111,6500,0.06477150728640033
hill_climbing,sphere,111,6600,0.06477150728640033
hill_climbing,sphere,111,6700,0.06477150728640033
hill_climbing,sphere,111,6800,0.06477150728640033
hill_climbing,sphere,111,6900,0.02913322677085741
hill_climbing,sphere,111,7000,0.02913322677085741
hill_climbing,sphere,111,7100,0.02913322677085741
hill_climbing,sphere,111,7200,0.02913322677085741
hill_climbing,sphere,111,7300,0.02913322677085741
hill_climbing,sphere,111,7400,0.02913322677085741
hill_climbing,sphere,111,7500,0.02913322677085741
hill_climbing,sphere,111,7600,0.02913322677085741
hill_climbing,sphere,111,7700,0.02913322677085741
hill_climbing,sphere,111,7800,0.02913322677085741
hill_climbing,sphere,111,7900,0.02913322677085741
hill_climbing,sphere,111,8000,0.02913322677085741
hill_climbing,sphere,111,8100,0.02913322677085741
hill_climbing,sphere,111,8200,0.02913322677085741
hill_climbing,sphere,111,8300,0.02913322677085741
hill_climbing,sphere,111,8400,0.02913322677085741
hill_climbing,sphere,111,8500,0.02913322677085741
hill_climbing,sphere,111,8600,0.02913322677085741
hill_climbing,sphere,111,8700,0.02913322677085741
hill_climbing,sphere,111,8800,0.02913322677085741
hill_climbing,sphere,111,8900,0.02913322677085741
hill_climbing,sphere,111,9000,0.02913322677085741
hill_climbing,sphere,111,9100,0.02913322677085741
hill_climbing,sphere,111,9200,0.013796579203371651
hill_climbing,sphere,111,9300,0.013796579203371651
hill_climbing,sphere,111,9400,0.013796579203371651
hill_climbing,sphere,111,9500,0.013796579203371651
hill_climbing,sphere,111,9600,0.013796579203371651
hill_climbing,sphere,111,9700,0.013796579203371651
hill_climbing,sphere,111,9800,0.013796579203371651
hill_climbing,sphere,111,9900,0.013796579203371651
hill_climbing,sphere,111,10000,0.013796579203371651
hill_climbing,sphere,111,10100,0.013796579203371651
hill_climbing,sphere,111,10200,0.013796579203371651
hill_climbing,sphere,111,10300,0.013796579203371651
hill_climbing,sphere,111,10400,0.013796579203371651
hill_climbing,sphere,111,10500,0.013796579203371651
hill_climbing,sphere,111,10600,0.013796579203371651
hill_climbing,sphere,111,10700,0.013796579203371651
hill_climbing,sphere,111,10800,0.013796579203371651
hill_climbing,sphere,111,10900,0.013796579203371651
hill_climbing,sphere,111,11000,0.013796579203371651
hill_climbing,sphere,111,11100,0.013796579203371651
hill_climbing,sphere,111,11200,0.013796579203371651
hill_climbing,sphere,111,11300,0.013796579203371651
hill_climbing,sphere,111,11400,0.013796579203371651
hill_climbing,sphere,111,11500,0.013796579203371651
hill_climbing,sphere,111,11600,0.013796579203371651
hill_climbing,sphere,111,11700,0.013796579203371651
hill_climbing,sphere,111,11800,0.013796579203371651
hill_climbing,sphere,111,11900,0.013796579203371651
hill_climbing,sphere,111,12000,0.013796579203371651
hill_climbing,sphere,111,12100,0.013796579203371651
hill_climbing,sphere,111,12200,0.013796579203371651
hill_climbing,sphere,111,12300,0.013796579203371651
hill_climbing,sphere,111,12400,0.013796579203371651
hill_climbing,sphere,111,12500,0.013796579203371651
hill_climbing,sphere,111,12600,0.013796579203371651
hill_climbing,sphere,111,12700,0.013796579203371651
hill_climbing,sphere,111,12800,0.013796579203371651
hill_climbing,sphere,111,12900,0.013796579203371651
hill_climbing,sphere,111,13000,0.013796579203371651
hill_climbing,sphere,111,13100,0.013796579203371651
hill_climbing,sphere,111,13200,0.013796579203371651
hill_climbing,sphere,111,13300,0.013796579203371651
hill_climbing,sphere,111,13400,0.013796579203371651
hill_climbing,sphere,111,13500,0.013796579203371651
hill_climbing,sphere,111,13600,0.013796579203371651
hill_climbing,sphere,111,13700,0.013796579203371651
hill_climbing,sphere,111,13800,0.013796579203371651
hill_climbing,sphere,111,13900,0.013796579203371651
hill_climbing,sphere,111,14000,0.013796579203371651
hill_climbing,sphere,111,14100,0.013796579203371651
hill_climbing,sphere,111,14200,0.013796579203371651
hill_climbing,sphere,111,14300,0.013796579203371651
hill_climbing,sphere,111,14400,0.013796579203371651
hill_climbing,sphere,111,14500,0.013796579203371651
hill_climbing,sphere,111,14600,0.013796579203371651
hill_climbing,sphere,111,14700,0.013796579203371651
hill_climbing,sphere,111,14800,0.013796579203371651
hill_climbing,sphere,111,14900,0.013796579203371651
hill_climbing,sphere,111,15000,0.013796579203371651
hill_climbing,sphere,111,15100,0.013796579203371651
hill_climbing,sphere,111,15200,0.013796579203371651
hill_climbing,sphere,111,15300,0.013796579203371651
hill_climbing,sphere,111,15400,0.013796579203371651
hill_climbing,sphere,111,15500,0.013796579203371651
hill_climbing,sphere,111,15600,0.013796579203371651
hill_climbing,sphere,111,15700,0.013796579203371651
hill_climbing,sphere,111,15800,0.013796579203371651
hill_climbing,sphere,111,15900,0.013796579203371651
hill_climbing,sphere,111,16000,0.013796579203371651
hill_climbing,sphere,111,16100,0.013796579203371651
hill_climbing,sphere,111,16200,0.013796579203371651
hill_climbing,sphere,111,16300,0.013796579203371651
hill_climbing,sphere,111,16400,0.013796579203371651
hill_climbing,sphere,111,16500,0.013796579203371651
hill_climbing,sphere,111,16600,0.013796579203371651
hill_climbing,sphere,111,16700,0.013796579203371651
hill_climbing,sphere,111,16800,0.013796579203371651
hill_climbing,sphere,111,16900,0.013796579203371651
hill_climbing,sphere,111,17000,0.013796579203371651
hill_climbing,sphere,111,17100,0.013796579203371651
hill_climbing,sphere,111,17200,0.013796579203371651
hill_climbing,sphere,111,17300,0.013796579203371651
hill_climbing,sphere,111,17400,0.013796579203371651
hill_climbing,sphere,111,17500,0.013796579203371651
hill_climbing,sphere,111,17600,0.013796579203371651
hill_climbing,sphere,111,17700,0.013796579203371651
hill_climbing,sphere,111,17800,0.013796579203371651
hill_climbing,sphere,111,17900,0.013796579203371651
hill_climbing,sphere,111,18000,0.013796579203371651
hill_climbing,sphere,111,18100,0.013796579203371651
hill_climbing,sphere,111,18200,0.013796579203371651
hill_climbing,sphere,111,18300,0.013796579203371651
hill_climbing,sphere,111,18400,0.013796579203371651
hill_climbing,sphere,111,18500,0.013796579203371651
hill_climbing,sphere,111,18600,0.013796579203371651
hill_climbing,sphere,111,18700,0.013796579203371651
hill_climbing,sphere,111,18800,0.013796579203371651
hill_climbing,sphere,111,18900,0.013796579203371651
hill_climbing,sphere,111,19000,0.013796579203371651
hill_climbing,sphere,111,19100,0.013796579203371651
hill_climbing,sphere,111,19200,0.013796579203371651
hill_climbing,sphere,111,19300,0.013796579203371651
hill_climbing,sphere,111,19400,0.013796579203371651
hill_climbing,sphere,111,19500,0.013796579203371651
hill_climbing,sphere,111,19600,0.013796579203371651
hill_climbing,sphere,111,19700,0.013796579203371651
hill_climbing,sphere,111,19800,0.013796579203371651
hill_climbing,sphere,111,19900,0.013796579203371651
hill_climbing,sphere,111,20000,0.013796579203371651
hill_climbing,sphere,112,100,9.200453519978035
hill_climbing,sphere,112,200,0.2578435689311802
hill_climbing,sphere,112,300,0.11524549314566122
hill_climbing,sphere,112,400,0.11524549314566122
hill_climbing,sphere,112,500,0.0976151410929859
hill_climbing,sphere,112,600,0.0976151410929859
hill_climbing,sphere,112,700,0.0976151410929859
hill_climbing,sphere,112,800,0.0976151410929859
hill_climbing,sphere,112,900,0.0976151410929859
hill_climbing,sphere,112,1000,0.0976151410929859
hill_climbing,sphere,112,1100,0.0881740299343317
hill_climbing,sphere,112,1200,0.0881740299343317
hill_climbing,sphere,112,1300,0.0881740299343317
hill_climbing,sphere,112,1400,0.07394714558322499
hill_climbing,sphere,112,1500,0.07394714558322499
hill_climbing,sphere,112,1600,0.07394714558322499
hill_climbing,sphere,112,1700,0.07394714558322499
hill_climbing,sphere,112,1800,0.07394714558322499
hill_climbing,sphere,112,1900,0.07394714558322499
hill_climbing,sphere,112,2000,0.07394714558322499
hill_climbing,sphere,112,2100,0.07394714558322499
hill_climbing,sphere,112,2200,0.07394714558322499
hill_climbing,sphere,112,2300,0.07394714558322499
hill_climbing,sphere,112,2400,0.07394714558322499
hill_climbing,sphere,112,2500,0.07394714558322499
hill_climbing,sphere,112,2600,0.07394714558322499
hill_climbing,sphere,112,2700,0.07394714558322499
hill_climbing,sphere,112,2800,0.07394714558322499
hill_climbing,sphere,112,2900,0.07394714558322499
hill_climbing,sphere,112,3000,0.07394714558322499
hill_climbing,sphere,112,3100,0.07394714558322499
hill_climbing,sphere,112,3200,0.07394714558322499
hill_climbing,sphere,112,3300,0.07394714558322499
hill_climbing,sphere,112,3400,0.07394714558322499
hill_climbing,sphere,112,3500,0.07394714558322499
hill_climbing,sphere,112,3600,0.07394714558322499
hill_climbing,sphere,112,3700,0.07394714558322499
hill_climbing,sphere,112,3800,0.07394714558322499
hill_climbing,sphere,112,3900,0.07394714558322499
hill_climbing,sphere,112,4000,0.07394714558322499
hill_climbing,sphere,112,4100,0.07394714558322499
hill_climbing,sphere,112,4200,0.07394714558322499
hill_climbing,sphere,112,4300,0.07394714558322499
hill_climbing,sphere,112,4400,0.07394714558322499
hill_climbing,sphere,112,4500,0.07394714558322499
hill_climbing,sphere,112,4600,0.07394714558322499
hill_climbing,sphere,112,4700,0.05001723965806156
hill_climbing,sphere,112,4800,0.05001723965806156
hill_climbing,sphere,112,4900,0.05001723965806156
hill_climbing,sphere,112,5000,0.05001723965806156
hill_climbing,sphere,112,5100,0.05001723965806156
hill_climbing,sphere,112,5200,0.05001723965806156
hill_climbing,sphere,112,5300,0.05001723965806156
hill_climbing,sphere,112,5400,0.05001723965806156
hill_climbing,sphere,112,5500,0.05001723965806156
hill_climbing,sphere,112,5600,0.05001723965806156
hill_climbing,sphere,112,5700,0.05001723965806156
hill_climbing,sphere,112,5800,0.05001723965806156
hill_climbing,sphere,112,5900,0.05001723965806156
hill_climbing,sphere,112,6000,0.05001723965806156
hill_climbing,sphere,112,6100,0.05001723965806156
hill_climbing,sphere,112,6200,0.05001723965806156
hill_climbing,sphere,112,6300,0.05001723965806156
hill_climbing,sphere,112,6400,0.05001723965806156
hill_climbing,sphere,112,6500,0.05001723965806156
hill_climbing,sphere,112,6600,0.05001723965806156
hill_climbing,sphere,112,6700,0.05001723965806156
hill_climbing,sphere,112,6800,0.05001723965806156
hill_climbing,sphere,112,6900,0.05001723965806156
hill_climbing,sphere,112,7000,0.05001723965806156
hill_climbing,sphere,112,7100,0.05001723965806156
hill_climbing,sphere,112,7200,0.05001723965806156
hill_climbing,sphere,112,7300,0.05001723965806156
hill_climbing,sphere,112,7400,0.05001723965806156
hill_climbing,sphere,112,7500,0.05001723965806156
hill_climbing,sphere,112,7600,0.05001723965806156
hill_climbing,sphere,112,7700,0.05001723965806156
hill_climbing,sphere,112,7800,0.05001723965806156
hill_climbing,sphere,112,7900,0.05001723965806156
hill_climbing,sphere,112,8000,0.05001723965806156
hill_climbing,sphere,112,8100,0.05001723965806156
hill_climbing,sphere,112,8200,0.05001723965806156
hill_climbing,sphere,112,8300,0.05001723965806156
hill_climbing,sphere,112,8400,0.05001723965806156
hill_climbing,sphere,112,8500,0.05001723965806156
hill_climbing,sphere,112,8600,0.05001723965806156
hill_climbing,sphere,112,8700,0.05001723965806156
hill_climbing,sphere,112,8800,0.05001723965806156
hill_climbing,sphere,112,8900,0.05001723965806156
hill_climbing,sphere,112,9000,0.05001723965806156
hill_climbing,sphere,112,9100,0.05001723965806156
hill_climbing,sphere,112,9200,0.05001723965806156
hill_climbing,sphere,112,9300,0.05001723965806156
hill_climbing,sphere,112,9400,0.05001723965806156
hill_climbing,sphere,112,9500,0.05001723965806156
hill_climbing,sphere,112,9600,0.05001723965806156
hill_climbing,sphere,112,9700,0.05001723965806156
hill_climbing,sphere,112,9800,0.05001723965806156
hill_climbing,sphere,112,9900,0.05001723965806156
hill_climbing,sphere,112,10000,0.05001723965806156
hill_climbing,sphere,112,10100,0.05001723965806156
hill_climbing,sphere,112,10200,0.05001723965806156
hill_climbing,sphere,112,10300,0.05001723965806156
hill_climbing,sphere,112,10400,0.05001723965806156
hill_climbing,sphere,112,10500,0.05001723965806156
hill_climbing,sphere,112,10600,0.05001723965806156
hill_climbing,sphere,112,10700,0.05001723965806156
hill_climbing,sphere,112,10800,0.05001723965806156
hill_climbing,sphere,112,10900,0.05001723965806156
hill_climbing,sphere,112,11000,0.05001723965806156
hill_climbing,sphere,112,11100,0.05001723965806156
hill_climbing,sphere,112,11200,0.05001723965806156
hill_climbing,sphere,112,11300,0.05001723965806156
hill_climbing,sphere,112,11400,0.05001723965806156
hill_climbing,sphere,112,11500,0.05001723965806156
hill_climbing,sphere,112,11600,0.05001723965806156
hill_climbing,sphere,112,11700,0.05001723965806156
hill_climbing,sphere,112,11800,0.05001723965806156
hill_climbing,sphere,112,11900,0.05001723965806156
hill_climbing,sphere,112,12000,0.05001723965806156
hill_climbing,sphere,112,12100,0.05001723965806156
hill_climbing,sphere,112,12200,0.05001723965806156
hill_climbing,sphere,112,12300,0.05001723965806156
hill_climbing,sphere,112,12400,0.05001723965806156
hill_climbing,sphere,112,12500,0.05001723965806156
hill_climbing,sphere,112,12600,0.05001723965806156
hill_climbing,sphere,112,12700,0.05001723965806156
hill_climbing,sphere,112,12800,0.05001723965806156
hill_climbing,sphere,112,12900,0.05001723965806156
hill_climbing,sphere,112,13000,0.05001723965806156
hill_climbing,sphere,112,13100,0.05001723965806156
hill_climbing,sphere,112,13200,0.05001723965806156
hill_climbing,sphere,112,13300,0.05001723965806156
hill_climbing,sphere,112,13400,0.05001723965806156
hill_climbing,sphere,112,13500,0.05001723965806156
hill_climbing,sphere,112,13600,0.05001723965806156
hill_climbing,sphere,112,13700,0.05001723965806156
hill_climbing,sphere,112,13800,0.05001723965806156
hill_climbing,sphere,112,13900,0.05001723965806156
hill_climbing,sphere,112,14000,0.05001723965806156
hill_climbing,sphere,112,14100,0.05001723965806156
hill_climbing,sphere,112,14200,0.05001723965806156
hill_climbing,sphere,112,14300,0.05001723965806156
hill_climbing,sphere,112,14400,0.05001723965806156
hill_climbing,sphere,112,14500,0.05001723965806156
hill_climbing,sphere,112,14600,0.05001723965806156
hill_climbing,sphere,112,14700,0.05001723965806156
hill_climbing,sphere,112,14800,0.05001723965806156
hill_climbing,sphere,112,14900,0.05001723965806156
hill_climbing,sphere,112,15000,0.05001723965806156
hill_climbing,sphere,112,15100,0.05001723965806156
hill_climbing,sphere,112,15200,0.05001723965806156
hill_climbing,sphere,112,15300,0.05001723965806156
hill_climbing,sphere,112,15400,0.05001723965806156
hill_climbing,sphere,112,15500,0.05001723965806156
hill_climbing,sphere,112,15600,0.05001723965806156
hill_climbing,sphere,112,15700,0.05001723965806156
hill_climbing,sphere,112,15800,0.05001723965806156
hill_climbing,sphere,112,15900,0.05001723965806156
hill_climbing,sphere,112,16000,0.05001723965806156
hill_climbing,sphere,112,16100,0.05001723965806156
hill_climbing,sphere,112,16200,0.05001723965806156
hill_climbing,sphere,112,16300,0.05001723965806156
hill_climbing,sphere,112,16400,0.05001723965806156
hill_climbing,sphere,112,16500,0.05001723965806156
hill_climbing,sphere,112,16600,0.05001723965806156
hill_climbing,sphere,112,16700,0.05001723965806156
hill_climbing,sphere,112,16800,0.05001723965806156
hill_climbing,sphere,112,16900,0.05001723965806156
hill_climbing,sphere,112,17000,0.05001723965806156
hill_climbing,sphere,112,17100,0.05001723965806156
hill_climbing,sphere,112,17200,0.05001723965806156
hill_climbing,sphere,112,17300,0.05001723965806156
hill_climbing,sphere,112,17400,0.05001723965806156
hill_climbing,sphere,112,17500,0.05001723965806156
hill_climbing,sphere,112,17600,0.05001723965806156
hill_climbing,sphere,112,17700,0.05001723965806156
hill_climbing,sphere,112,17800,0.05001723965806156
hill_climbing,sphere,112,17900,0.05001723965806156
hill_climbing,sphere,112,18000,0.05001723965806156
hill_climbing,sphere,112,18100,0.05001723965806156
hill_climbing,sphere,112,18200,0.05001723965806156
hill_climbing,sphere,112,18300,0.05001723965806156
hill_climbing,sphere,112,18400,0.05001723965806156
hill_climbing,sphere,112,18500,0.05001723965806156
hill_climbing,sphere,112,18600,0.05001723965806156
hill_climbing,sphere,112,18700,0.05001723965806156
hill_climbing,sphere,112,18800,0.05001723965806156
hill_climbing,sphere,112,18900,0.05001723965806156
hill_climbing,sphere,112,19000,0.05001723965806156
hill_climbing,sphere,112,19100,0.05001723965806156
hill_climbing,sphere,112,19200,0.05001723965806156
hill_climbing,sphere,112,19300,0.05001723965806156
hill_climbing,sphere,112,19400,0.05001723965806156
hill_climbing,sphere,112,19500,0.05001723965806156
hill_climbing,sphere,112,19600,0.05001723965806156
hill_climbing,sphere,112,19700,0.05001723965806156
hill_climbing,sphere,112,19800,0.05001723965806156
hill_climbing,sphere,112,19900,0.05001723965806156
hill_climbing,sphere,112,20000,0.05001723965806156
hill_climbing,sphere,113,100,5.128673893976525
hill_climbing,sphere,113,200,0.1705662326452913
hill_climbing,sphere,113,300,0.14607264150959143
hill_climbing,sphere,113,400,0.13603150905142272
hill_climbing,sphere,113,500,0.08215676498330628
hill_climbing,sphere,113,600,0.08215676498330628
hill_climbing,sphere,113,700,0.08215676498330628
hill_climbing,sphere,113,800,0.08215676498330628
hill_climbing,sphere,113,900,0.0818743730891392
hill_climbing,sphere,113,1000,0.07473437720986546
hill_climbing,sphere,113,1100,0.07473437720986546
hill_climbing,sphere,113,1200,0.07473437720986546
hill_climbing,sphere,113,1300,0.07473437720986546
hill_climbing,sphere,113,1400,0.07473437720986546
hill_climbing,sphere,113,1500,0.07473437720986546
hill_climbing,sphere,113,1600,0.07473437720986546
hill_climbing,sphere,113,1700,0.07473437720986546
hill_climbing,sphere,113,1800,0.07473437720986546
hill_climbing,sphere,113,1900,0.0637649617246436
hill_climbing,sphere,113,2000,0.0637649617246436
hill_climbing,sphere,113,2100,0.0637649617246436
hill_climbing,sphere,113,2200,0.0637649617246436
hill_climbing,sphere,113,2300,0.0637649617246436
hill_climbing,sphere,113,2400,0.0637649617246436
hill_climbing,sphere,113,2500,0.0637649617246436
hill_climbing,sphere,113,2600,0.06303002366261136
hill_climbing,sphere,113,2700,0.06303002366261136
hill_climbing,sphere,113,2800,0.06303002366261136
hill_climbing,sphere,113,2900,0.06303002366261136
hill_climbing,sphere,113,3000,0.06303002366261136
hill_climbing,sphere,113,3100,0.06303002366261136
hill_climbing,sphere,113,3200,0.06303002366261136
hill_climbing,sphere,113,3300,0.06303002366261136
hill_climbing,sphere,113,3400,0.06303002366261136
hill_climbing,sphere,113,3500,0.06303002366261136
hill_climbing,sphere,113,3600,0.06303002366261136
hill_climbing,sphere,113,3700,0.06303002366261136
hill_climbing,sphere,113,3800,0.06303002366261136
hill_climbing,sphere,113,3900,0.06303002366261136
hill_climbing,sphere,113,4000,0.06303002366261136
hill_climbing,sphere,113,4100,0.03682205843081999
hill_climbing,sphere,113,4200,0.03682205843081999
hill_climbing,sphere,113,4300,0.03682205843081999
hill_climbing,sphere,113,4400,0.03682205843081999
hill_climbing,sphere,113,4500,0.03682205843081999
hill_climbing,sphere,113,4600,0.03682205843081999
hill_climbing,sphere,113,4700,0.03682205843081999
hill_climbing,sphere,113,4800,0.03682205843081999
hill_climbing,sphere,113,4900,0.03682205843081999
hill_climbing,sphere,113,5000,0.03682205843081999
hill_climbing,sphere,113,5100,0.03682205843081999
hill_climbing,sphere,113,5200,0.03682205843081999
hill_climbing,sphere,113,5300,0.03682205843081999
hill_climbing,sphere,113,5400,0.03682205843081999
hill_climbing,sphere,113,5500,0.03682205843081999
hill_climbing,sphere,113,5600,0.03682205843081999
hill_climbing,sphere,113,5700,0.03682205843081999
hill_climbing,sphere,113,5800,0.03682205843081999
hill_climbing,sphere,113,5900,0.03682205843081999
hill_climbing,sphere,113,6000,0.03682205843081999
hill_climbing,sphere,113,6100,0.03682205843081999
hill_climbing,sphere,113,6200,0.03682205843081999
hill_climbing,sphere,113,6300,0.03682205843081999
hill_climbing,sphere,113,6400,0.03682205843081999
hill_climbing,sphere,113,6500,0.03682205843081999
hill_climbing,sphere,113,6600,0.03682205843081999
hill_climbing,sphere,113,6700,0.03682205843081999
hill_climbing,sphere,113,6800,0.03682205843081999
hill_climbing,sphere,113,6900,0.03682205843081999
hill_climbing,sphere,113,7000,0.03682205843081999
hill_climbing,sphere,113,7100,0.03682205843081999
hill_climbing,sphere,113,7200,0.03682205843081999
hill_climbing,sphere,113,7300,0.03682205843081999
hill_climbing,sphere,113,7400,0.03682205843081999
hill_climbing,sphere,113,7500,0.03682205843081999
hill_climbing,sphere,113,7600,0.03682205843081999
hill_climbing,sphere,113,7700,0.03682205843081999
hill_climbing,sphere,113,7800,0.03682205843081999
hill_climbing,sphere,113,7900,0.03682205843081999
hill_climbing,sphere,113,8000,0.03682205843081999
hill_climbing,sphere,113,8100,0.03682205843081999
hill_climbing,sphere,113,8200,0.03682205843081999
hill_climbing,sphere,113,8300,0.03682205843081999
hill_climbing,sphere,113,8400,0.03682205843081999
hill_climbing,sphere,113,8500,0.03682205843081999
hill_climbing,sphere,113,8600,0.03682205843081999
hill_climbing,sphere,113,8700,0.03682205843081999
hill_climbing,sphere,113,8800,0.03682205843081999
hill_climbing,sphere,113,8900,0.03682205843081999
hill_climbing,sphere,113,9000,0.03682205843081999
hill_climbing,sphere,113,9100,0.03682205843081999
hill_climbing,sphere,113,9200,0.03682205843081999
hill_climbing,sphere,113,9300,0.03682205843081999
hill_climbing,sphere,113,9400,0.03682205843081999
hill_climbing,sphere,113,9500,0.03682205843081999
hill_climbing,sphere,113,9600,0.03682205843081999
hill_climbing,sphere,113,9700,0.03682205843081999
hill_climbing,sphere,113,9800,0.03682205843081999
hill_climbing,sphere,113,9900,0.03682205843081999
hill_climbing,sphere,113,10000,0.03682205843081999
hill_climbing,sphere,113,10100,0.03682205843081999
hill_climbing,sphere,113,10200,0.03682205843081999
hill_climbing,sphere,113,10300,0.03682205843081999
hill_climbing,sphere,113,10400,0.03682205843081999
hill_climbing,sphere,113,10500,0.03682205843081999
hill_climbing,sphere,113,10600,0.03682205843081999
hill_climbing,sphere,113,10700,0.03682205843081999
hill_climbing,sphere,113,10800,0.03682205843081999
hill_climbing,sphere,113,10900,0.03682205843081999
hill_climbing,sphere,113,11000,0.03682205843081999
hill_climbing,sphere,113,11100,0.03682205843081999
hill_climbing,sphere,113,11200,0.03682205843081999
hill_climbing,sphere,113,11300,0.03682205843081999
hill_climbing,sphere,113,11400,0.03682205843081999
hill_climbing,sphere,113,11500,0.03682205843081999
hill_climbing,sphere,113,11600,0.03682205843081999
hill_climbing,sphere,113,11700,0.03682205843081999
hill_climbing,sphere,113,11800,0.03682205843081999
hill_climbing,sphere,113,11900,0.03682205843081999
hill_climbing,sphere,113,12000,0.03682205843081999
hill_climbing,sphere,113,12100,0.03682205843081999
hill_climbing,sphere,113,12200,0.03682205843081999
hill_climbing,sphere,113,12300,0.03682205843081999
hill_climbing,sphere,113,12400,0.03682205843081999
hill_climbing,sphere,113,12500,0.03682205843081999
hill_climbing,sphere,113,12600,0.03682205843081999
hill_climbing,sphere,113,12700,0.03682205843081999
hill_climbing,sphere,113,12800,0.03682205843081999
hill_climbing,sphere,113,12900,0.03682205843081999
hill_climbing,sphere,113,13000,0.03682205843081999
hill_climbing,sphere,113,13100,0.03682205843081999
hill_climbing,sphere,113,13200,0.03682205843081999
hill_climbing,sphere,113,13300,0.03682205843081999
hill_climbing,sphere,113,13400,0.03682205843081999
hill_climbing,sphere,113,13500,0.03682205843081999
hill_climbing,sphere,113,13600,0.03682205843081999
hill_climbing,sphere,113,13700,0.03682205843081999
hill_climbing,sphere,113,13800,0.03682205843081999
hill_climbing,sphere,113,13900,0.03682205843081999
hill_climbing,sphere,113,14000,0.03682205843081999
hill_climbing,sphere,113,14100,0.03682205843081999
hill_climbing,sphere,113,14200,0.03682205843081999
hill_climbing,sphere,113,14300,0.03682205843081999
hill_climbing,sphere,113,14400,0.03682205843081999
hill_climbing,sphere,113,14500,0.03682205843081999
hill_climbing,sphere,113,14600,0.03682205843081999
hill_climbing,sphere,113,14700,0.03682205843081999
hill_climbing,sphere,113,14800,0.03682205843081999
hill_climbing,sphere,113,14900,0.03682205843081999
hill_climbing,sphere,113,15000,0.03682205843081999
hill_climbing,sphere,113,15100,0.03682205843081999
hill_climbing,sphere,113,15200,0.03682205843081999
hill_climbing,sphere,113,15300,0.03682205843081999
hill_climbing,sphere,113,15400,0.03682205843081999
hill_climbing,sphere,113,15500,0.03682205843081999
hill_climbing,sphere,113,15600,0.03682205843081999
hill_climbing,sphere,113,15700,0.03682205843081999
hill_climbing,sphere,113,15800,0.03682205843081999
hill_climbing,sphere,113,15900,0.03682205843081999
hill_climbing,sphere,113,16000,0.03682205843081999
hill_climbing,sphere,113,16100,0.03682205843081999
hill_climbing,sphere,113,16200,0.03682205843081999
hill_climbing,sphere,113,16300,0.03682205843081999
hill_climbing,sphere,113,16400,0.03682205843081999
hill_climbing,sphere,113,16500,0.03682205843081999
hill_climbing,sphere,113,16600,0.03682205843081999
hill_climbing,sphere,113,16700,0.03682205843081999
hill_climbing,sphere,113,16800,0.03682205843081999
hill_climbing,sphere,113,16900,0.03682205843081999
hill_climbing,sphere,113,17000,0.03682205843081999
hill_climbing,sphere,113,17100,0.03682205843081999
hill_climbing,sphere,113,17200,0.03682205843081999
hill_climbing,sphere,113,17300,0.03682205843081999
hill_climbing,sphere,113,17400,0.03682205843081999
hill_climbing,sphere,113,17500,0.03682205843081999
hill_climbing,sphere,113,17600,0.03682205843081999
hill_climbing,sphere,113,17700,0.03682205843081999
hill_climbing,sphere,113,17800,0.03682205843081999
hill_climbing,sphere,113,17900,0.03682205843081999
hill_climbing,sphere,113,18000,0.03682205843081999
hill_climbing,sphere,113,18100,0.03682205843081999
hill_climbing,sphere,113,18200,0.03682205843081999
hill_climbing,sphere,113,18300,0.03682205843081999
hill_climbing,sphere,113,18400,0.03682205843081999
hill_climbing,sphere,113,18500,0.03682205843081999
hill_climbing,sphere,113,18600,0.03682205843081999
hill_climbing,sphere,113,18700,0.03682205843081999
hill_climbing,sphere,113,18800,0.03682205843081999
hill_climbing,sphere,113,18900,0.03682205843081999
hill_climbing,sphere,113,19000,0.03682205843081999
hill_climbing,sphere,113,19100,0.03682205843081999
hill_climbing,sphere,113,19200,0.03682205843081999
hill_climbing,sphere,113,19300,0.03682205843081999
hill_climbing,sphere,113,19400,0.03682205843081999
hill_climbing,sphere,113,19500,0.03682205843081999
hill_climbing,sphere,113,19600,0.03682205843081999
hill_climbing,sphere,113,19700,0.03682205843081999
hill_climbing,sphere,113,19800,0.03682205843081999
hill_climbing,sphere,113,19900,0.03682205843081999
hill_climbing,sphere,113,20000,0.03682205843081999
hill_climbing,sphere,114,100,10.101102346931487
hill_climbing,sphere,114,200,0.6972929258746632
hill_climbing,sphere,114,300,0.22593678163631828
hill_climbing,sphere,114,400,0.2035079771809238
hill_climbing,sphere,114,500,0.188772494882057
hill_climbing,sphere,114,600,0.188772494882057
hill_climbing,sphere,114,700,0.12289434486385928
hill_climbing,sphere,114,800,0.12289434486385928
hill_climbing,sphere,114,900,0.07957329589849615
hill_climbing,sphere,114,1000,0.07743457675870251
hill_climbing,sphere,114,1100,0.07743457675870251
hill_climbing,sphere,114,1200,0.07743457675870251
hill_climbing,sphere,114,1300,0.07743457675870251
hill_climbing,sphere,114,1400,0.07743457675870251
hill_climbing,sphere,114,1500,0.07743457675870251
hill_climbing,sphere,114,1600,0.07743457675870251
hill_climbing,sphere,114,1700,0.07743457675870251
hill_climbing,sphere,114,1800,0.07743457675870251
hill_climbing,sphere,114,1900,0.07743457675870251
hill_climbing,sphere,114,2000,0.07743457675870251
hill_climbing,sphere,114,2100,0.07743457675870251
hill_climbing,sphere,114,2200,0.07743457675870251
hill_climbing,sphere,114,2300,0.07743457675870251
hill_climbing,sphere,114,2400,0.07743457675870251
hill_climbing,sphere,114,2500,0.07743457675870251
hill_climbing,sphere,114,2600,0.07743457675870251
hill_climbing,sphere,114,2700,0.07743457675870251
hill_climbing,sphere,114,2800,0.07743457675870251
hill_climbing,sphere,114,2900,0.07743457675870251
hill_climbing,sphere,114,3000,0.04971568162378663
hill_climbing,sphere,114,3100,0.04971568162378663
hill_climbing,sphere,114,3200,0.04971568162378663
hill_climbing,sphere,114,3300,0.04971568162378663
hill_climbing,sphere,114,3400,0.04971568162378663
hill_climbing,sphere,114,3500,0.04971568162378663
hill_climbing,sphere,114,3600,0.04971568162378663
hill_climbing,sphere,114,3700,0.04971568162378663
hill_climbing,sphere,114,3800,0.04971568162378663
hill_climbing,sphere,114,3900,0.04971568162378663
hill_climbing,sphere,114,4000,0.04971568162378663
hill_climbing,sphere,114,4100,0.04971568162378663
hill_climbing,sphere,114,4200,0.04971568162378663
hill_climbing,sphere,114,4300,0.04971568162378663
hill_climbing,sphere,114,4400,0.04971568162378663
hill_climbing,sphere,114,4500,0.04971568162378663
hill_climbing,sphere,114,4600,0.04971568162378663
hill_climbing,sphere,114,4700,0.04971568162378663
hill_climbing,sphere,114,4800,0.04971568162378663
hill_climbing,sphere,114,4900,0.04971568162378663
hill_climbing,sphere,114,5000,0.04971568162378663
hill_climbing,sphere,114,5100,0.04971568162378663
hill_climbing,sphere,114,5200,0.04971568162378663
hill_climbing,sphere,114,5300,0.04971568162378663
hill_climbing,sphere,114,5400,0.04971568162378663
hill_climbing,sphere,114,5500,0.04971568162378663
hill_climbing,sphere,114,5600,0.04971568162378663
hill_climbing,sphere,114,5700,0.04971568162378663
hill_climbing,sphere,114,5800,0.04971568162378663
hill_climbing,sphere,114,5900,0.04971568162378663
hill_climbing,sphere,114,6000,0.04971568162378663
hill_climbing,sphere,114,6100,0.04971568162378663
hill_climbing,sphere,114,6200,0.04971568162378663
hill_climbing,sphere,114,6300,0.04971568162378663
hill_climbing,sphere,114,6400,0.04971568162378663
hill_climbing,sphere,114,6500,0.04971568162378663
hill_climbing,sphere,114,6600,0.04971568162378663
hill_climbing,sphere,114,6700,0.04971568162378663
hill_climbing,sphere,114,6800,0.04971568162378663
hill_climbing,sphere,114,6900,0.04971568162378663
hill_climbing,sphere,114,7000,0.04971568162378663
hill_climbing,sphere,114,7100,0.04971568162378663
hill_climbing,sphere,114,7200,0.04971568162378663
hill_climbing,sphere,114,7300,0.04971568162378663
hill_climbing,sphere,114,7400,0.04971568162378663
hill_climbing,sphere,114,7500,0.04971568162378663
hill_climbing,sphere,114,7600,0.04971568162378663
hill_climbing,sphere,114,7700,0.04971568162378663
hill_climbing,sphere,114,7800,0.04971568162378663
hill_climbing,sphere,114,7900,0.04971568162378663
hill_climbing,sphere,114,8000,0.04971568162378663
hill_climbing,sphere,114,8100,0.04971568162378663
hill_climbing,sphere,114,8200,0.04971568162378663
hill_climbing,sphere,114,8300,0.04971568162378663
hill_climbing,sphere,114,8400,0.04971568162378663
hill_climbing,sphere,114,8500,0.04971568162378663
hill_climbing,sphere,114,8600,0.04971568162378663
hill_climbing,sphere,114,8700,0.04971568162378663
hill_climbing,sphere,114,8800,0.04971568162378663
hill_climbing,sphere,114,8900,0.04971568162378663
hill_climbing,sphere,114,9000,0.04971568162378663
hill_climbing,sphere,114,9100,0.04971568162378663
hill_climbing,sphere,114,9200,0.04971568162378663
hill_climbing,sphere,114,9300,0.04971568162378663
hill_climbing,sphere,114,9400,0.04971568162378663
hill_climbing,sphere,114,9500,0.04971568162378663
hill_climbing,sphere,114,9600,0.04971568162378663
hill_climbing,sphere,114,9700,0.04971568162378663
hill_climbing,sphere,114,9800,0.04971568162378663
hill_climbing,sphere,114,9900,0.04971568162378663
hill_climbing,sphere,114,10000,0.04971568162378663
hill_climbing,sphere,114,10100,0.04971568162378663
hill_climbing,sphere,114,10200,0.04971568162378663
hill_climbing,sphere,114,10300,0.04971568162378663
hill_climbing,sphere,114,10400,0.04971568162378663
hill_climbing,sphere,114,10500,0.04971568162378663
hill_climbing,sphere,114,10600,0.04971568162378663
hill_climbing,sphere,114,10700,0.04971568162378663
hill_climbing,sphere,114,10800,0.04971568162378663
hill_climbing,sphere,114,10900,0.04971568162378663
hill_climbing,sphere,114,11000,0.04971568162378663
hill_climbing,sphere,114,11100,0.04971568162378663
hill_climbing,sphere,114,11200,0.04971568162378663
hill_climbing,sphere,114,11300,0.04971568162378663
hill_climbing,sphere,114,11400,0.04971568162378663
hill_climbing,sphere,114,11500,0.04971568162378663
hill_climbing,sphere,114,11600,0.04971568162378663
hill_climbing,sphere,114,11700,0.04971568162378663
hill_climbing,sphere,114,11800,0.04971568162378663
hill_climbing,sphere,114,11900,0.04971568162378663
hill_climbing,sphere,114,12000,0.04971568162378663
hill_climbing,sphere,114,12100,0.04971568162378663
hill_climbing,sphere,114,12200,0.04971568162378663
hill_climbing,sphere,114,12300,0.04971568162378663
hill_climbing,sphere,114,12400,0.04971568162378663
hill_climbing,sphere,114,12500,0.04971568162378663
hill_climbing,sphere,114,12600,0.04971568162378663
hill_climbing,sphere,114,12700,0.04971568162378663
hill_climbing,sphere,114,12800,0.04971568162378663
hill_climbing,sphere,114,12900,0.04971568162378663
hill_climbing,sphere,114,13000,0.04971568162378663
hill_climbing,sphere,114,13100,0.04971568162378663
hill_climbing,sphere,114,13200,0.04971568162378663
hill_climbing,sphere,114,13300,0.04971568162378663
hill_climbing,sphere,114,13400,0.04971568162378663
hill_climbing,sphere,114,13500,0.04971568162378663
hill_climbing,sphere,114,13600,0.04971568162378663
hill_climbing,sphere,114,13700,0.04971568162378663
hill_climbing,sphere,114,13800,0.04971568162378663
hill_climbing,sphere,114,13900,0.04971568162378663
hill_climbing,sphere,114,14000,0.04971568162378663
hill_climbing,sphere,114,14100,0.04971568162378663
hill_climbing,sphere,114,14200,0.04971568162378663
hill_climbing,sphere,114,14300,0.04971568162378663
hill_climbing,sphere,114,14400,0.04971568162378663
hill_climbing,sphere,114,14500,0.04971568162378663
hill_climbing,sphere,114,14600,0.04971568162378663
hill_climbing,sphere,114,14700,0.04971568162378663
hill_climbing,sphere,114,14800,0.04971568162378663
hill_climbing,sphere,114,14900,0.04971568162378663
hill_climbing,sphere,114,15000,0.04971568162378663
hill_climbing,sphere,114,15100,0.04971568162378663
hill_climbing,sphere,114,15200,0.04971568162378663
hill_climbing,sphere,114,15300,0.04971568162378663
hill_climbing,sphere,114,15400,0.04971568162378663
hill_climbing,sphere,114,15500,0.04971568162378663
hill_climbing,sphere,114,15600,0.04971568162378663
hill_climbing,sphere,114,15700,0.04971568162378663
hill_climbing,sphere,114,15800,0.04971568162378663
hill_climbing,sphere,114,15900,0.04971568162378663
hill_climbing,sphere,114,16000,0.04971568162378663
hill_climbing,sphere,114,16100,0.04971568162378663
hill_climbing,sphere,114,16200,0.04971568162378663
hill_climbing,sphere,114,16300,0.04971568162378663
hill_climbing,sphere,114,16400,0.04971568162378663
hill_climbing,sphere,114,16500,0.04971568162378663
hill_climbing,sphere,114,16600,0.04971568162378663
hill_climbing,sphere,114,16700,0.04971568162378663
hill_climbing,sphere,114,16800,0.04971568162378663
hill_climbing,sphere,114,16900,0.04971568162378663
hill_climbing,sphere,114,17000,0.04971568162378663
hill_climbing,sphere,114,17100,0.04971568162378663
hill_climbing,sphere,114,17200,0.04971568162378663
hill_climbing,sphere,114,17300,0.04971568162378663
hill_climbing,sphere,114,17400,0.04971568162378663
hill_climbing,sphere,114,17500,0.04971568162378663
hill_climbing,sphere,114,17600,0.04971568162378663
hill_climbing,sphere,114,17700,0.04971568162378663
hill_climbing,sphere,114,17800,0.04971568162378663
hill_climbing,sphere,114,17900,0.04971568162378663
hill_climbing,sphere,114,18000,0.04971568162378663
hill_climbing,sphere,114,18100,0.04971568162378663
hill_climbing,sphere,114,18200,0.04971568162378663
hill_climbing,sphere,114,18300,0.04971568162378663
hill_climbing,sphere,114,18400,0.04971568162378663
hill_climbing,sphere,114,18500,0.04971568162378663
hill_climbing,sphere,114,18600,0.04971568162378663
hill_climbing,sphere,114,18700,0.04971568162378663
hill_climbing,sphere,114,18800,0.04971568162378663
hill_climbing,sphere,114,18900,0.04971568162378663
hill_climbing,sphere,114,19000,0.04971568162378663
hill_climbing,sphere,114,19100,0.04971568162378663
hill_climbing,sphere,114,19200,0.04971568162378663
hill_climbing,sphere,114,19300,0.04971568162378663
hill_climbing,sphere,114,19400,0.04971568162378663
hill_climbing,sphere,114,19500,0.04971568162378663
hill_climbing,sphere,114,19600,0.04971568162378663
hill_climbing,sphere,114,19700,0.04971568162378663
hill_climbing,sphere,114,19800,0.04971568162378663
hill_climbing,sphere,114,19900,0.04971568162378663
hill_climbing,sphere,114,20000,0.04971568162378663
hill_climbing,sphere,115,100,10.575184558830003
hill_climbing,sphere,115,200,0.32112810811346937
hill_climbing,sphere,115,300,0.10178123968879393
hill_climbing,sphere,115,400,0.10178123968879393
hill_climbing,sphere,115,500,0.10178123968879393
hill_climbing,sphere,115,600,0.06255325277856555
hill_climbing,sphere,115,700,0.06255325277856555
hill_climbing,sphere,115,800,0.06255325277856555
hill_climbing,sphere,115,900,0.06255325277856555
hill_climbing,sphere,115,1000,0.06255325277856555
hill_climbing,sphere,115,1100,0.06255325277856555
hill_climbing,sphere,115,1200,0.06255325277856555
hill_climbing,sphere,115,1300,0.06255325277856555
hill_climbing,sphere,115,1400,0.06255325277856555
hill_climbing,sphere,115,1500,0.06255325277856555
hill_climbing,sphere,115,1600,0.06255325277856555
hill_climbing,sphere,115,1700,0.06255325277856555
hill_climbing,sphere,115,1800,0.06255325277856555
hill_climbing,sphere,115,1900,0.06255325277856555
hill_climbing,sphere,115,2000,0.06255325277856555
hill_climbing,sphere,115,2100,0.06255325277856555
hill_climbing,sphere,115,2200,0.06255325277856555
hill_climbing,sphere,115,2300,0.06255325277856555
hill_climbing,sphere,115,2400,0.06255325277856555
hill_climbing,sphere,115,2500,0.06255325277856555
hill_climbing,sphere,115,2600,0.06255325277856555
hill_climbing,sphere,115,2700,0.06255325277856555
hill_climbing,sphere,115,2800,0.06255325277856555
hill_climbing,sphere,115,2900,0.06255325277856555
hill_climbing,sphere,115,3000,0.06255325277856555
hill_climbing,sphere,115,3100,0.06255325277856555
hill_climbing,sphere,115,3200,0.06255325277856555
hill_climbing,sphere,115,3300,0.06255325277856555
hill_climbing,sphere,115,3400,0.06255325277856555
hill_climbing,sphere,115,3500,0.06255325277856555
hill_climbing,sphere,115,3600,0.06255325277856555
hill_climbing,sphere,115,3700,0.06255325277856555
hill_climbing,sphere,115,3800,0.06255325277856555
hill_climbing,sphere,115,3900,0.06255325277856555
hill_climbing,sphere,115,4000,0.06255325277856555
hill_climbing,sphere,115,4100,0.06255325277856555
hill_climbing,sphere,115,4200,0.06255325277856555
hill_climbing,sphere,115,4300,0.06255325277856555
hill_climbing,sphere,115,4400,0.06255325277856555
hill_climbing,sphere,115,4500,0.06255325277856555
hill_climbing,sphere,115,4600,0.06255325277856555
hill_climbing,sphere,115,4700,0.06255325277856555
hill_climbing,sphere,115,4800,0.06255325277856555
hill_climbing,sphere,115,4900,0.06255325277856555
hill_climbing,sphere,115,5000,0.06255325277856555
hill_climbing,sphere,115,5100,0.06255325277856555
hill_climbing,sphere,115,5200,0.06255325277856555
hill_climbing,sphere,115,5300,0.06255325277856555
hill_climbing,sphere,115,5400,0.06255325277856555
hill_climbing,sphere,115,5500,0.06255325277856555
hill_climbing,sphere,115,5600,0.06255325277856555
hill_climbing,sphere,115,5700,0.06255325277856555
hill_climbing,sphere,115,5800,0.06255325277856555
hill_climbing,sphere,115,5900,0.051647120757456665
hill_climbing,sphere,115,6000,0.051647120757456665
hill_climbing,sphere,115,6100,0.051647120757456665
hill_climbing,sphere,115,6200,0.051647120757456665
hill_climbing,sphere,115,6300,0.051647120757456665
hill_climbing,sphere,115,6400,0.051647120757456665
hill_climbing,sphere,115,6500,0.051647120757456665
hill_climbing,sphere,115,6600,0.051647120757456665
hill_climbing,sphere,115,6700,0.051647120757456665
hill_climbing,sphere,115,6800,0.051647120757456665
hill_climbing,sphere,115,6900,0.03959508009728671
hill_climbing,sphere,115,7000,0.03959508009728671
hill_climbing,sphere,115,7100,0.03959508009728671
hill_climbing,sphere,115,7200,0.03959508009728671
hill_climbing,sphere,115,7300,0.03959508009728671
hill_climbing,sphere,115,7400,0.03959508009728671
hill_climbing,sphere,115,7500,0.03959508009728671
hill_climbing,sphere,115,7600,0.03959508009728671
hill_climbing,sphere,115,7700,0.03959508009728671
hill_climbing,sphere,115,7800,0.03959508009728671
hill_climbing,sphere,115,7900,0.03959508009728671
hill_climbing,sphere,115,8000,0.03959508009728671
hill_climbing,sphere,115,8100,0.03959508009728671
hill_climbing,sphere,115,8200,0.03959508009728671
hill_climbing,sphere,115,8300,0.03959508009728671
hill_climbing,sphere,115,8400,0.03465369870919595
hill_climbing,sphere,115,8500,0.03465369870919595
hill_climbing,sphere,115,8600,0.03465369870919595
hill_climbing,sphere,115,8700,0.03465369870919595
hill_climbing,sphere,115,8800,0.03465369870919595
hill_climbing,sphere,115,8900,0.03465369870919595
hill_climbing,sphere,115,9000,0.03465369870919595
hill_climbing,sphere,115,9100,0.03465369870919595
hill_climbing,sphere,115,9200,0.03465369870919595
hill_climbing,sphere,115,9300,0.03465369870919595
hill_climbing,sphere,115,9400,0.03465369870919595
hill_climbing,sphere,115,9500,0.03465369870919595
hill_climbing,sphere,115,9600,0.03465369870919595
hill_climbing,sphere,115,9700,0.03465369870919595
hill_climbing,sphere,115,9800,0.03465369870919595
hill_climbing,sphere,115,9900,0.03465369870919595
hill_climbing,sphere,115,10000,0.03465369870919595
hill_climbing,sphere,115,10100,0.03465369870919595
hill_climbing,sphere,115,10200,0.03465369870919595
hill_climbing,sphere,115,10300,0.03465369870919595
hill_climbing,sphere,115,10400,0.03465369870919595
hill_climbing,sphere,115,10500,0.03465369870919595
hill_climbing,sphere,115,10600,0.03465369870919595
hill_climbing,sphere,115,10700,0.03465369870919595
hill_climbing,sphere,115,10800,0.03465369870919595
hill_climbing,sphere,115,10900,0.03465369870919595
hill_climbing,sphere,115,11000,0.03465369870919595
hill_climbing,sphere,115,11100,0.03465369870919595
hill_climbing,sphere,115,11200,0.03465369870919595
hill_climbing,sphere,115,11300,0.03465369870919595
hill_climbing,sphere,115,11400,0.03465369870919595
hill_climbing,sphere,115,11500,0.03465369870919595
hill_climbing,sphere,115,11600,0.03465369870919595
hill_climbing,sphere,115,11700,0.03465369870919595
hill_climbing,sphere,115,11800,0.03465369870919595
hill_climbing,sphere,115,11900,0.03465369870919595
hill_climbing,sphere,115,12000,0.03465369870919595
hill_climbing,sphere,115,12100,0.03465369870919595
hill_climbing,sphere,115,12200,0.03465369870919595
hill_climbing,sphere,115,12300,0.03465369870919595
hill_climbing,sphere,115,12400,0.03465369870919595
hill_climbing,sphere,115,12500,0.03465369870919595
hill_climbing,sphere,115,12600,0.03440454330821658
hill_climbing,sphere,115,12700,0.03440454330821658
hill_climbing,sphere,115,12800,0.03440454330821658
hill_climbing,sphere,115,12900,0.03440454330821658
hill_climbing,sphere,115,13000,0.03440454330821658
hill_climbing,sphere,115,13100,0.03440454330821658
hill_climbing,sphere,115,13200,0.03440454330821658
hill_climbing,sphere,115,13300,0.03440454330821658
hill_climbing,sphere,115,13400,0.03440454330821658
hill_climbing,sphere,115,13500,0.03440454330821658
hill_climbing,sphere,115,13600,0.03440454330821658
hill_climbing,sphere,115,13700,0.03440454330821658
hill_climbing,sphere,115,13800,0.03440454330821658
hill_climbing,sphere,115,13900,0.03440454330821658
hill_climbing,sphere,115,14000,0.03440454330821658
hill_climbing,sphere,115,14100,0.03440454330821658
hill_climbing,sphere,115,14200,0.03440454330821658
hill_climbing,sphere,115,14300,0.03440454330821658
hill_climbing,sphere,115,14400,0.031993812565500664
hill_climbing,sphere,115,14500,0.031993812565500664
hill_climbing,sphere,115,14600,0.031993812565500664
hill_climbing,sphere,115,14700,0.031993812565500664
hill_climbing,sphere,115,14800,0.031993812565500664
hill_climbing,sphere,115,14900,0.031993812565500664
hill_climbing,sphere,115,15000,0.031993812565500664
hill_climbing,sphere,115,15100,0.031993812565500664
hill_climbing,sphere,115,15200,0.031993812565500664
hill_climbing,sphere,115,15300,0.031993812565500664
hill_climbing,sphere,115,15400,0.031993812565500664
hill_climbing,sphere,115,15500,0.031993812565500664
hill_climbing,sphere,115,15600,0.031993812565500664
hill_climbing,sphere,115,15700,0.031993812565500664
hill_climbing,sphere,115,15800,0.031993812565500664
hill_climbing,sphere,115,15900,0.031993812565500664
hill_climbing,sphere,115,16000,0.031993812565500664
hill_climbing,sphere,115,16100,0.031993812565500664
hill_climbing,sphere,115,16200,0.031993812565500664
hill_climbing,sphere,115,16300,0.031993812565500664
hill_climbing,sphere,115,16400,0.031993812565500664
hill_climbing,sphere,115,16500,0.031993812565500664
hill_climbing,sphere,115,16600,0.031993812565500664
hill_climbing,sphere,115,16700,0.031993812565500664
hill_climbing,sphere,115,16800,0.031993812565500664
hill_climbing,sphere,115,16900,0.031993812565500664
hill_climbing,sphere,115,17000,0.031993812565500664
hill_climbing,sphere,115,17100,0.031993812565500664
hill_climbing,sphere,115,17200,0.031993812565500664
hill_climbing,sphere,115,17300,0.031993812565500664
hill_climbing,sphere,115,17400,0.031993812565500664
hill_climbing,sphere,115,17500,0.031993812565500664
hill_climbing,sphere,115,17600,0.031993812565500664
hill_climbing,sphere,115,17700,0.031993812565500664
hill_climbing,sphere,115,17800,0.031993812565500664
hill_climbing,sphere,115,17900,0.031993812565500664
hill_climbing,sphere,115,18000,0.031993812565500664
hill_climbing,sphere,115,18100,0.031993812565500664
hill_climbing,sphere,115,18200,0.031993812565500664
hill_climbing,sphere,115,18300,0.031993812565500664
hill_climbing,sphere,115,18400,0.031993812565500664
hill_climbing,sphere,115,18500,0.031993812565500664
hill_climbing,sphere,115,18600,0.031993812565500664
hill_climbing,sphere,115,18700,0.031993812565500664
hill_climbing,sphere,115,18800,0.031993812565500664
hill_climbing,sphere,115,18900,0.031993812565500664
hill_climbing,sphere,115,19000,0.031993812565500664
hill_climbing,sphere,115,19100,0.031993812565500664
hill_climbing,sphere,115,19200,0.031993812565500664
hill_climbing,sphere,115,19300,0.031993812565500664
hill_climbing,sphere,115,19400,0.031993812565500664
hill_climbing,sphere,115,19500,0.031993812565500664
hill_climbing,sphere,115,19600,0.031993812565500664
hill_climbing,sphere,115,19700,0.031993812565500664
hill_climbing,sphere,115,19800,0.031993812565500664
hill_climbing,sphere,115,19900,0.031993812565500664
hill_climbing,sphere,115,20000,0.031993812565500664
hill_climbing,sphere,116,100,2.4402272157672824
hill_climbing,sphere,116,200,0.16710083625838576
hill_climbing,sphere,116,300,0.1373151052409022
hill_climbing,sphere,116,400,0.09675787308222297
hill_climbing,sphere,116,500,0.09675787308222297
hill_climbing,sphere,116,600,0.08358054002559247
hill_climbing,sphere,116,700,0.08358054002559247
hill_climbing,sphere,116,800,0.08358054002559247
hill_climbing,sphere,116,900,0.052427199524482916
hill_climbing,sphere,116,1000,0.052427199524482916
hill_climbing,sphere,116,1100,0.052427199524482916
hill_climbing,sphere,116,1200,0.052427199524482916
hill_climbing,sphere,116,1300,0.052427199524482916
hill_climbing,sphere,116,1400,0.052427199524482916
hill_climbing,sphere,116,1500,0.052427199524482916
hill_climbing,sphere,116,1600,0.052427199524482916
hill_climbing,sphere,116,1700,0.052427199524482916
hill_climbing,sphere,116,1800,0.033637384784883595
hill_climbing,sphere,116,1900,0.033637384784883595
hill_climbing,sphere,116,2000,0.033637384784883595
hill_climbing,sphere,116,2100,0.033637384784883595
hill_climbing,sphere,116,2200,0.033637384784883595
hill_climbing,sphere,116,2300,0.033637384784883595
hill_climbing,sphere,116,2400,0.033637384784883595
hill_climbing,sphere,116,2500,0.033637384784883595
hill_climbing,sphere,116,2600,0.033637384784883595
hill_climbing,sphere,116,2700,0.033637384784883595
hill_climbing,sphere,116,2800,0.033637384784883595
hill_climbing,sphere,116,2900,0.033637384784883595
hill_climbing,sphere,116,3000,0.033637384784883595
hill_climbing,sphere,116,3100,0.033637384784883595
hill_climbing,sphere,116,3200,0.033637384784883595
hill_climbing,sphere,116,3300,0.033637384784883595
hill_climbing,sphere,116,3400,0.033637384784883595
hill_climbing,sphere,116,3500,0.033637384784883595
hill_climbing,sphere,116,3600,0.033637384784883595
hill_climbing,sphere,116,3700,0.033637384784883595
hill_climbing,sphere,116,3800,0.033637384784883595
hill_climbing,sphere,116,3900,0.033637384784883595
hill_climbing,sphere,116,4000,0.033637384784883595
hill_climbing,sphere,116,4100,0.033637384784883595
hill_climbing,sphere,116,4200,0.033637384784883595
hill_climbing,sphere,116,4300,0.033637384784883595
hill_climbing,sphere,116,4400,0.033637384784883595
hill_climbing,sphere,116,4500,0.033637384784883595
hill_climbing,sphere,116,4600,0.033637384784883595
hill_climbing,sphere,116,4700,0.033637384784883595
hill_climbing,sphere,116,4800,0.033637384784883595
hill_climbing,sphere,116,4900,0.033637384784883595
hill_climbing,sphere,116,5000,0.033637384784883595
hill_climbing,sphere,116,5100,0.033637384784883595
hill_climbing,sphere,116,5200,0.033637384784883595
hill_climbing,sphere,116,5300,0.033637384784883595
hill_climbing,sphere,116,5400,0.033637384784883595
hill_climbing,sphere,116,5500,0.033637384784883595
hill_climbing,sphere,116,5600,0.033637384784883595
hill_climbing,sphere,116,5700,0.033637384784883595
hill_climbing,sphere,116,5800,0.033637384784883595
hill_climbing,sphere,116,5900,0.033637384784883595
hill_climbing,sphere,116,6000,0.033637384784883595
hill_climbing,sphere,116,6100,0.033637384784883595
hill_climbing,sphere,116,6200,0.033637384784883595
hill_climbing,sphere,116,6300,0.033637384784883595
hill_climbing,sphere,116,6400,0.033637384784883595
hill_climbing,sphere,116,6500,0.033637384784883595
hill_climbing,sphere,116,6600,0.033637384784883595
hill_climbing,sphere,116,6700,0.033637384784883595
hill_climbing,sphere,116,6800,0.033637384784883595
hill_climbing,sphere,116,6900,0.033637384784883595
hill_climbing,sphere,116,7000,0.033637384784883595
hill_climbing,sphere,116,7100,0.033637384784883595
hill_climbing,sphere,116,7200,0.033637384784883595
hill_climbing,sphere,116,7300,0.033637384784883595
hill_climbing,sphere,116,7400,0.033637384784883595
hill_climbing,sphere,116,7500,0.033637384784883595
hill_climbing,sphere,116,7600,0.033637384784883595
hill_climbing,sphere,116,7700,0.033637384784883595
hill_climbing,sphere,116,7800,0.033637384784883595
hill_climbing,sphere,116,7900,0.033637384784883595
hill_climbing,sphere,116,8000,0.033637384784883595
hill_climbing,sphere,116,8100,0.033637384784883595
hill_climbing,sphere,116,8200,0.033637384784883595
hill_climbing,sphere,116,8300,0.033637384784883595
hill_climbing,sphere,116,8400,0.033637384784883595
hill_climbing,sphere,116,8500,0.033637384784883595
hill_climbing,sphere,116,8600,0.033637384784883595
hill_climbing,sphere,116,8700,0.033637384784883595
hill_climbing,sphere,116,8800,0.033637384784883595
hill_climbing,sphere,116,8900,0.033637384784883595
hill_climbing,sphere,116,9000,0.033637384784883595
hill_climbing,sphere,116,9100,0.033637384784883595
hill_climbing,sphere,116,9200,0.033637384784883595
hill_climbing,sphere,116,9300,0.033637384784883595
hill_climbing,sphere,116,9400,0.033637384784883595
hill_climbing,sphere,116,9500,0.033637384784883595
hill_climbing,sphere,116,9600,0.033637384784883595
hill_climbing,sphere,116,9700,0.033637384784883595
hill_climbing,sphere,116,9800,0.033637384784883595
hill_climbing,sphere,116,9900,0.033637384784883595
hill_climbing,sphere,116,10000,0.033637384784883595
hill_climbing,sphere,116,10100,0.033637384784883595
hill_climbing,sphere,116,10200,0.033637384784883595
hill_climbing,sphere,116,10300,0.033637384784883595
hill_climbing,sphere,116,10400,0.033637384784883595
hill_climbing,sphere,116,10500,0.033637384784883595
hill_climbing,sphere,116,10600,0.033637384784883595
hill_climbing,sphere,116,10700,0.033637384784883595
hill_climbing,sphere,116,10800,0.033637384784883595
hill_climbing,sphere,116,10900,0.033637384784883595
hill_climbing,sphere,116,11000,0.033637384784883595
hill_climbing,sphere,116,11100,0.033637384784883595
hill_climbing,sphere,116,11200,0.033637384784883595
hill_climbing,sphere,116,11300,0.033637384784883595
hill_climbing,sphere,116,11400,0.033637384784883595
hill_climbing,sphere,116,11500,0.033637384784883595
hill_climbing,sphere,116,11600,0.033637384784883595
hill_climbing,sphere,116,11700,0.033637384784883595
hill_climbing,sphere,116,11800,0.033637384784883595
hill_climbing,sphere,116,11900,0.033637384784883595
hill_climbing,sphere,116,12000,0.033637384784883595
hill_climbing,sphere,116,12100,0.033637384784883595
hill_climbing,sphere,116,12200,0.033637384784883595
hill_climbing,sphere,116,12300,0.033637384784883595
hill_climbing,sphere,116,12400,0.033637384784883595
hill_climbing,sphere,116,12500,0.033637384784883595
hill_climbing,sphere,116,12600,0.033637384784883595
hill_climbing,sphere,116,12700,0.033637384784883595
hill_climbing,sphere,116,12800,0.033637384784883595
hill_climbing,sphere,116,12900,0.033637384784883595
hill_climbing,sphere,116,13000,0.033637384784883595
hill_climbing,sphere,116,13100,0.033637384784883595
hill_climbing,sphere,116,13200,0.033637384784883595
hill_climbing,sphere,116,13300,0.033637384784883595
hill_climbing,sphere,116,13400,0.033637384784883595
hill_climbing,sphere,116,13500,0.033637384784883595
hill_climbing,sphere,116,13600,0.033637384784883595
hill_climbing,sphere,116,13700,0.033637384784883595
hill_climbing,sphere,116,13800,0.033637384784883595
hill_climbing,sphere,116,13900,0.033637384784883595
hill_climbing,sphere,116,14000,0.033637384784883595
hill_climbing,sphere,116,14100,0.033637384784883595
hill_climbing,sphere,116,14200,0.033637384784883595
hill_climbing,sphere,116,14300,0.033637384784883595
hill_climbing,sphere,116,14400,0.033637384784883595
hill_climbing,sphere,116,14500,0.033637384784883595
hill_climbing,sphere,116,14600,0.033637384784883595
hill_climbing,sphere,116,14700,0.033637384784883595
hill_climbing,sphere,116,14800,0.033637384784883595
hill_climbing,sphere,116,14900,0.033637384784883595
hill_climbing,sphere,116,15000,0.033637384784883595
hill_climbing,sphere,116,15100,0.033637384784883595
hill_climbing,sphere,116,15200,0.033637384784883595
hill_climbing,sphere,116,15300,0.033637384784883595
hill_climbing,sphere,116,15400,0.033637384784883595
hill_climbing,sphere,116,15500,0.033637384784883595
hill_climbing,sphere,116,15600,0.033637384784883595
hill_climbing,sphere,116,15700,0.033637384784883595
hill_climbing,sphere,116,15800,0.033637384784883595
hill_climbing,sphere,116,15900,0.033637384784883595
hill_climbing,sphere,116,16000,0.033637384784883595
hill_climbing,sphere,116,16100,0.033637384784883595
hill_climbing,sphere,116,16200,0.033637384784883595
hill_climbing,sphere,116,16300,0.033637384784883595
hill_climbing,sphere,116,16400,0.033637384784883595
hill_climbing,sphere,116,16500,0.033637384784883595
hill_climbing,sphere,116,16600,0.033637384784883595
hill_climbing,sphere,116,16700,0.033637384784883595
hill_climbing,sphere,116,16800,0.033637384784883595
hill_climbing,sphere,116,16900,0.033637384784883595
hill_climbing,sphere,116,17000,0.033637384784883595
hill_climbing,sphere,116,17100,0.033637384784883595
hill_climbing,sphere,116,17200,0.033637384784883595
hill_climbing,sphere,116,17300,0.033637384784883595
hill_climbing,sphere,116,17400,0.033637384784883595
hill_climbing,sphere,116,17500,0.033637384784883595
hill_climbing,sphere,116,17600,0.033637384784883595
hill_climbing,sphere,116,17700,0.033637384784883595
hill_climbing,sphere,116,17800,0.033637384784883595
hill_climbing,sphere,116,17900,0.033637384784883595
hill_climbing,sphere,116,18000,0.033637384784883595
hill_climbing,sphere,116,18100,0.033637384784883595
hill_climbing,sphere,116,18200,0.033637384784883595
hill_climbing,sphere,116,18300,0.033637384784883595
hill_climbing,sphere,116,18400,0.033637384784883595
hill_climbing,sphere,116,18500,0.033637384784883595
hill_climbing,sphere,116,18600,0.033637384784883595
hill_climbing,sphere,116,18700,0.033637384784883595
hill_climbing,sphere,116,18800,0.033637384784883595
hill_climbing,sphere,116,18900,0.033637384784883595
hill_climbing,sphere,116,19000,0.033637384784883595
hill_climbing,sphere,116,19100,0.033637384784883595
hill_climbing,sphere,116,19200,0.033637384784883595
hill_climbing,sphere,116,19300,0.033637384784883595
hill_climbing,sphere,116,19400,0.033637384784883595
hill_climbing,sphere,116,19500,0.033637384784883595
hill_climbing,sphere,116,19600,0.033637384784883595
hill_climbing,sphere,116,19700,0.033637384784883595
hill_climbing,sphere,116,19800,0.033637384784883595
hill_climbing,sphere,116,19900,0.033637384784883595
hill_climbing,sphere,116,20000,0.033637384784883595
hill_climbing,sphere,117,100,2.5942389296834296
hill_climbing,sphere,117,200,0.36276193168024157
hill_climbing,sphere,117,300,0.12468277170298225
hill_climbing,sphere,117,400,0.12468277170298225
hill_climbing,sphere,117,500,0.12468277170298225
hill_climbing,sphere,117,600,0.12468277170298225
hill_climbing,sphere,117,700,0.10903423389849831
hill_climbing,sphere,117,800,0.10903423389849831
hill_climbing,sphere,117,900,0.10903423389849831
hill_climbing,sphere,117,1000,0.10871779251869135
hill_climbing,sphere,117,1100,0.10871779251869135
hill_climbing,sphere,117,1200,0.10871779251869135
hill_climbing,sphere,117,1300,0.10871779251869135
hill_climbing,sphere,117,1400,0.10871779251869135
hill_climbing,sphere,117,1500,0.10871779251869135
hill_climbing,sphere,117,1600,0.10871779251869135
hill_climbing,sphere,117,1700,0.09236483401350738
hill_climbing,sphere,117,1800,0.09236483401350738
hill_climbing,sphere,117,1900,0.09236483401350738
hill_climbing,sphere,117,2000,0.09236483401350738
hill_climbing,sphere,117,2100,0.09236483401350738
hill_climbing,sphere,117,2200,0.09236483401350738
hill_climbing,sphere,117,2300,0.09236483401350738
hill_climbing,sphere,117,2400,0.09236483401350738
hill_climbing,sphere,117,2500,0.09236483401350738
hill_climbing,sphere,117,2600,0.09236483401350738
hill_climbing,sphere,117,2700,0.09236483401350738
hill_climbing,sphere,117,2800,0.09236483401350738
hill_climbing,sphere,117,2900,0.09236483401350738
hill_climbing,sphere,117,3000,0.09236483401350738
hill_climbing,sphere,117,3100,0.08733450493822321
hill_climbing,sphere,117,3200,0.08733450493822321
hill_climbing,sphere,117,3300,0.08733450493822321
hill_climbing,sphere,117,3400,0.08733450493822321
hill_climbing,sphere,117,3500,0.0778826773974395
hill_climbing,sphere,117,3600,0.0778826773974395
hill_climbing,sphere,117,3700,0.07048667144612607
hill_climbing,sphere,117,3800,0.07048667144612607
hill_climbing,sphere,117,3900,0.07048667144612607
hill_climbing,sphere,117,4000,0.07048667144612607
hill_climbing,sphere,117,4100,0.07048667144612607
hill_climbing,sphere,117,4200,0.07048667144612607
hill_climbing,sphere,117,4300,0.07048667144612607
hill_climbing,sphere,117,4400,0.07048667144612607
hill_climbing,sphere,117,4500,0.07048667144612607
hill_climbing,sphere,117,4600,0.07048667144612607
hill_climbing,sphere,117,4700,0.07048667144612607
hill_climbing,sphere,117,4800,0.06384604606167751
hill_climbing,sphere,117,4900,0.04392153494704581
hill_climbing,sphere,117,5000,0.04392153494704581
hill_climbing,sphere,117,5100,0.04392153494704581
hill_climbing,sphere,117,5200,0.04392153494704581
hill_climbing,sphere,117,5300,0.04392153494704581
hill_climbing,sphere,117,5400,0.04392153494704581
hill_climbing,sphere,117,5500,0.04392153494704581
hill_climbing,sphere,117,5600,0.04392153494704581
hill_climbing,sphere,117,5700,0.04392153494704581
hill_climbing,sphere,117,5800,0.04392153494704581
hill_climbing,sphere,117,5900,0.04392153494704581
hill_climbing,sphere,117,6000,0.04392153494704581
hill_climbing,sphere,117,6100,0.04392153494704581
hill_climbing,sphere,117,6200,0.04392153494704581
hill_climbing,sphere,117,6300,0.04392153494704581
hill_climbing,sphere,117,6400,0.04392153494704581
hill_climbing,sphere,117,6500,0.04392153494704581
hill_climbing,sphere,117,6600,0.04392153494704581
hill_climbing,sphere,117,6700,0.04392153494704581
hill_climbing,sphere,117,6800,0.04392153494704581
hill_climbing,sphere,117,6900,0.04392153494704581
hill_climbing,sphere,117,7000,0.04392153494704581
hill_climbing,sphere,117,7100,0.04392153494704581
hill_climbing,sphere,117,7200,0.04392153494704581
hill_climbing,sphere,117,7300,0.04392153494704581
hill_climbing,sphere,117,7400,0.04392153494704581
hill_climbing,sphere,117,7500,0.04392153494704581
hill_climbing,sphere,117,7600,0.04392153494704581
hill_climbing,sphere,117,7700,0.04392153494704581
hill_climbing,sphere,117,7800,0.04392153494704581
hill_climbing,sphere,117,7900,0.04392153494704581
hill_climbing,sphere,117,8000,0.04392153494704581
hill_climbing,sphere,117,8100,0.04392153494704581
hill_climbing,sphere,117,8200,0.04392153494704581
hill_climbing,sphere,117,8300,0.04392153494704581
hill_climbing,sphere,117,8400,0.04392153494704581
hill_climbing,sphere,117,8500,0.04392153494704581
hill_climbing,sphere,117,8600,0.04392153494704581
hill_climbing,sphere,117,8700,0.04392153494704581
hill_climbing,sphere,117,8800,0.04392153494704581
hill_climbing,sphere,117,8900,0.04392153494704581
hill_climbing,sphere,117,9000,0.04392153494704581
hill_climbing,sphere,117,9100,0.04392153494704581
hill_climbing,sphere,117,9200,0.04392153494704581
hill_climbing,sphere,117,9300,0.04392153494704581
hill_climbing,sphere,117,9400,0.04392153494704581
hill_climbing,sphere,117,9500,0.04392153494704581
hill_climbing,sphere,117,9600,0.04392153494704581
hill_climbing,sphere,117,9700,0.04392153494704581
hill_climbing,sphere,117,9800,0.04392153494704581
hill_climbing,sphere,117,9900,0.04392153494704581
hill_climbing,sphere,117,10000,0.04392153494704581
hill_climbing,sphere,117,10100,0.04392153494704581
hill_climbing,sphere,117,10200,0.04392153494704581
hill_climbing,sphere,117,10300,0.04392153494704581
hill_climbing,sphere,117,10400,0.04392153494704581
hill_climbing,sphere,117,10500,0.04392153494704581
hill_climbing,sphere,117,10600,0.04392153494704581
hill_climbing,sphere,117,10700,0.04392153494704581
hill_climbing,sphere,117,10800,0.04392153494704581
hill_climbing,sphere,117,10900,0.04392153494704581
hill_climbing,sphere,117,11000,0.04392153494704581
hill_climbing,sphere,117,11100,0.04392153494704581
hill_climbing,sphere,117,11200,0.04392153494704581
hill_climbing,sphere,117,11300,0.04392153494704581
hill_climbing,sphere,117,11400,0.04392153494704581
hill_climbing,sphere,117,11500,0.04392153494704581
hill_climbing,sphere,117,11600,0.04392153494704581
hill_climbing,sphere,117,11700,0.030273170024042284
hill_climbing,sphere,117,11800,0.030273170024042284
hill_climbing,sphere,117,11900,0.030273170024042284
hill_climbing,sphere,117,12000,0.030273170024042284
hill_climbing,sphere,117,12100,0.030273170024042284
hill_climbing,sphere,117,12200,0.030273170024042284
hill_climbing,sphere,117,12300,0.030273170024042284
hill_climbing,sphere,117,12400,0.030273170024042284
hill_climbing,sphere,117,12500,0.030273170024042284
hill_climbing,sphere,117,12600,0.030273170024042284
hill_climbing,sphere,117,12700,0.030273170024042284
hill_climbing,sphere,117,12800,0.030273170024042284
hill_climbing,sphere,117,12900,0.030273170024042284
hill_climbing,sphere,117,13000,0.030273170024042284
hill_climbing,sphere,117,13100,0.030273170024042284
hill_climbing,sphere,117,13200,0.030273170024042284
hill_climbing,sphere,117,13300,0.030273170024042284
hill_climbing,sphere,117,13400,0.030273170024042284
hill_climbing,sphere,117,13500,0.030273170024042284
hill_climbing,sphere,117,13600,0.030273170024042284
hill_climbing,sphere,117,13700,0.030273170024042284
hill_climbing,sphere,117,13800,0.030273170024042284
hill_climbing,sphere,117,13900,0.030273170024042284
hill_climbing,sphere,117,14000,0.030273170024042284
hill_climbing,sphere,117,14100,0.030273170024042284
hill_climbing,sphere,117,14200,0.030273170024042284
hill_climbing,sphere,117,14300,0.030273170024042284
hill_climbing,sphere,117,14400,0.030273170024042284
hill_climbing,sphere,117,14500,0.030273170024042284
hill_climbing,sphere,117,14600,0.030273170024042284
hill_climbing,sphere,117,14700,0.030273170024042284
hill_climbing,sphere,117,14800,0.030273170024042284
hill_climbing,sphere,117,14900,0.030273170024042284
hill_climbing,sphere,117,15000,0.030273170024042284
hill_climbing,sphere,117,15100,0.030273170024042284
hill_climbing,sphere,117,15200,0.030273170024042284
hill_climbing,sphere,117,15300,0.030273170024042284
hill_climbing,sphere,117,15400,0.030273170024042284
hill_climbing,sphere,117,15500,0.030273170024042284
hill_climbing,sphere,117,15600,0.030273170024042284
hill_climbing,sphere,117,15700,0.030273170024042284
hill_climbing,sphere,117,15800,0.030273170024042284
hill_climbing,sphere,117,15900,0.030273170024042284
hill_climbing,sphere,117,16000,0.030273170024042284
hill_climbing,sphere,117,16100,0.030273170024042284
hill_climbing,sphere,117,16200,0.030273170024042284
hill_climbing,sphere,117,16300,0.030273170024042284
hill_climbing,sphere,117,16400,0.030273170024042284
hill_climbing,sphere,117,16500,0.030273170024042284
hill_climbing,sphere,117,16600,0.030273170024042284
hill_climbing,sphere,117,16700,0.030273170024042284
hill_climbing,sphere,117,16800,0.030273170024042284
hill_climbing,sphere,117,16900,0.030273170024042284
hill_climbing,sphere,117,17000,0.030273170024042284
hill_climbing,sphere,117,17100,0.030273170024042284
hill_climbing,sphere,117,17200,0.030273170024042284
hill_climbing,sphere,117,17300,0.030273170024042284
hill_climbing,sphere,117,17400,0.030273170024042284
hill_climbing,sphere,117,17500,0.030273170024042284
hill_climbing,sphere,117,17600,0.030273170024042284
hill_climbing,sphere,117,17700,0.030273170024042284
hill_climbing,sphere,117,17800,0.030273170024042284
hill_climbing,sphere,117,17900,0.030273170024042284
hill_climbing,sphere,117,18000,0.030273170024042284
hill_climbing,sphere,117,18100,0.030273170024042284
hill_climbing,sphere,117,18200,0.030273170024042284
hill_climbing,sphere,117,18300,0.030273170024042284
hill_climbing,sphere,117,18400,0.030273170024042284
hill_climbing,sphere,117,18500,0.030273170024042284
hill_climbing,sphere,117,18600,0.030273170024042284
hill_climbing,sphere,117,18700,0.030273170024042284
hill_climbing,sphere,117,18800,0.030273170024042284
hill_climbing,sphere,117,18900,0.030273170024042284
hill_climbing,sphere,117,19000,0.030273170024042284
hill_climbing,sphere,117,19100,0.030273170024042284
hill_climbing,sphere,117,19200,0.030273170024042284
hill_climbing,sphere,117,19300,0.030273170024042284
hill_climbing,sphere,117,19400,0.030273170024042284
hill_climbing,sphere,117,19500,0.030273170024042284
hill_climbing,sphere,117,19600,0.030273170024042284
hill_climbing,sphere,117,19700,0.030273170024042284
hill_climbing,sphere,117,19800,0.030273170024042284
hill_climbing,sphere,117,19900,0.030273170024042284
hill_climbing,sphere,117,20000,0.030273170024042284
hill_climbing,sphere,118,100,14.861035562359639
hill_climbing,sphere,118,200,0.456154683133423
hill_climbing,sphere,118,300,0.15060947116059584
hill_climbing,sphere,118,400,0.13186062947514923
hill_climbing,sphere,118,500,0.13186062947514923
hill_climbing,sphere,118,600,0.08849701032323257
hill_climbing,sphere,118,700,0.08849701032323257
hill_climbing,sphere,118,800,0.08849701032323257
hill_climbing,sphere,118,900,0.08849701032323257
hill_climbing,sphere,118,1000,0.06443349919703495
hill_climbing,sphere,118,1100,0.06443349919703495
hill_climbing,sphere,118,1200,0.06443349919703495
hill_climbing,sphere,118,1300,0.06443349919703495
hill_climbing,sphere,118,1400,0.06443349919703495
hill_climbing,sphere,118,1500,0.0606003889609812
hill_climbing,sphere,118,1600,0.0606003889609812
hill_climbing,sphere,118,1700,0.0606003889609812
hill_climbing,sphere,118,1800,0.0606003889609812
hill_climbing,sphere,118,1900,0.0606003889609812
hill_climbing,sphere,118,2000,0.0606003889609812
hill_climbing,sphere,118,2100,0.0606003889609812
hill_climbing,sphere,118,2200,0.0606003889609812
hill_climbing,sphere,118,2300,0.0606003889609812
hill_climbing,sphere,118,2400,0.0606003889609812
hill_climbing,sphere,118,2500,0.0606003889609812
hill_climbing,sphere,118,2600,0.0606003889609812
hill_climbing,sphere,118,2700,0.0606003889609812
hill_climbing,sphere,118,2800,0.0606003889609812
hill_climbing,sphere,118,2900,0.0606003889609812
hill_climbing,sphere,118,3000,0.0606003889609812
hill_climbing,sphere,118,3100,0.0606003889609812
hill_climbing,sphere,118,3200,0.0606003889609812
hill_climbing,sphere,118,3300,0.0606003889609812
hill_climbing,sphere,118,3400,0.0606003889609812
hill_climbing,sphere,118,3500,0.0606003889609812
hill_climbing,sphere,118,3600,0.0606003889609812
hill_climbing,sphere,118,3700,0.0606003889609812
hill_climbing,sphere,118,3800,0.0606003889609812
hill_climbing,sphere,118,3900,0.0606003889609812
hill_climbing,sphere,118,4000,0.0606003889609812
hill_climbing,sphere,118,4100,0.0606003889609812
hill_climbing,sphere,118,4200,0.0606003889609812
hill_climbing,sphere,118,4300,0.0606003889609812
hill_climbing,sphere,118,4400,0.0606003889609812
hill_climbing,sphere,118,4500,0.0606003889609812
hill_climbing,sphere,118,4600,0.0606003889609812
hill_climbing,sphere,118,4700,0.0606003889609812
hill_climbing,sphere,118,4800,0.0606003889609812
hill_climbing,sphere,118,4900,0.0606003889609812
hill_climbing,sphere,118,5000,0.034766979544716886
hill_climbing,sphere,118,5100,0.034766979544716886
hill_climbing,sphere,118,5200,0.034766979544716886
hill_climbing,sphere,118,5300,0.034766979544716886
hill_climbing,sphere,118,5400,0.034766979544716886
hill_climbing,sphere,118,5500,0.034766979544716886
hill_climbing,sphere,118,5600,0.034766979544716886
hill_climbing,sphere,118,5700,0.034766979544716886
hill_climbing,sphere,118,5800,0.034766979544716886
hill_climbing,sphere,118,5900,0.034766979544716886
hill_climbing,sphere,118,6000,0.034766979544716886
hill_climbing,sphere,118,6100,0.034766979544716886
hill_climbing,sphere,118,6200,0.034766979544716886
hill_climbing,sphere,118,6300,0.034766979544716886
hill_climbing,sphere,118,6400,0.034766979544716886
hill_climbing,sphere,118,6500,0.034766979544716886
hill_climbing,sphere,118,6600,0.034766979544716886
hill_climbing,sphere,118,6700,0.034766979544716886
hill_climbing,sphere,118,6800,0.034766979544716886
hill_climbing,sphere,118,6900,0.034766979544716886
hill_climbing,sphere,118,7000,0.034766979544716886
hill_climbing,sphere,118,7100,0.034766979544716886
hill_climbing,sphere,118,7200,0.034766979544716886
hill_climbing,sphere,118,7300,0.034766979544716886
hill_climbing,sphere,118,7400,0.034766979544716886
hill_climbing,sphere,118,7500,0.034766979544716886
hill_climbing,sphere,118,7600,0.034766979544716886
hill_climbing,sphere,118,7700,0.034766979544716886
hill_climbing,sphere,118,7800,0.034766979544716886
hill_climbing,sphere,118,7900,0.034766979544716886
hill_climbing,sphere,118,8000,0.034766979544716886
hill_climbing,sphere,118,8100,0.034766979544716886
hill_climbing,sphere,118,8200,0.034766979544716886
hill_climbing,sphere,118,8300,0.034766979544716886
hill_climbing,sphere,118,8400,0.034766979544716886
hill_climbing,sphere,118,8500,0.034766979544716886
hill_climbing,sphere,118,8600,0.034766979544716886
hill_climbing,sphere,118,8700,0.034766979544716886
hill_climbing,sphere,118,8800,0.034766979544716886
hill_climbing,sphere,118,8900,0.034766979544716886
hill_climbing,sphere,118,9000,0.034766979544716886
hill_climbing,sphere,118,9100,0.034766979544716886
hill_climbing,sphere,118,9200,0.034766979544716886
hill_climbing,sphere,118,9300,0.034766979544716886
hill_climbing,sphere,118,9400,0.034766979544716886
hill_climbing,sphere,118,9500,0.034766979544716886
hill_climbing,sphere,118,9600,0.034766979544716886
hill_climbing,sphere,118,9700,0.034766979544716886
hill_climbing,sphere,118,9800,0.034766979544716886
hill_climbing,sphere,118,9900,0.034766979544716886
hill_climbing,sphere,118,10000,0.034766979544716886
hill_climbing,sphere,118,10100,0.034766979544716886
hill_climbing,sphere,118,10200,0.034766979544716886
hill_climbing,sphere,118,10300,0.034766979544716886
hill_climbing,sphere,118,10400,0.034766979544716886
hill_climbing,sphere,118,10500,0.034766979544716886
hill_climbing,sphere,118,10600,0.034766979544716886
hill_climbing,sphere,118,10700,0.034766979544716886
hill_climbing,sphere,118,10800,0.034766979544716886
hill_climbing,sphere,118,10900,0.034766979544716886
hill_climbing,sphere,118,11000,0.034766979544716886
hill_climbing,sphere,118,11100,0.034766979544716886
hill_climbing,sphere,118,11200,0.034766979544716886
hill_climbing,sphere,118,11300,0.034766979544716886
hill_climbing,sphere,118,11400,0.034766979544716886
hill_climbing,sphere,118,11500,0.034766979544716886
hill_climbing,sphere,118,11600,0.034766979544716886
hill_climbing,sphere,118,11700,0.034766979544716886
hill_climbing,sphere,118,11800,0.034766979544716886
hill_climbing,sphere,118,11900,0.034766979544716886
hill_climbing,sphere,118,12000,0.034766979544716886
hill_climbing,sphere,118,12100,0.034766979544716886
hill_climbing,sphere,118,12200,0.034766979544716886
hill_climbing,sphere,118,12300,0.034766979544716886
hill_climbing,sphere,118,12400,0.034766979544716886
hill_climbing,sphere,118,12500,0.034766979544716886
hill_climbing,sphere,118,12600,0.034766979544716886
hill_climbing,sphere,118,12700,0.034766979544716886
hill_climbing,sphere,118,12800,0.034766979544716886
hill_climbing,sphere,118,12900,0.034766979544716886
hill_climbing,sphere,118,13000,0.034766979544716886
hill_climbing,sphere,118,13100,0.034766979544716886
hill_climbing,sphere,118,13200,0.034766979544716886
hill_climbing,sphere,118,13300,0.034766979544716886
hill_climbing,sphere,118,13400,0.034766979544716886
hill_climbing,sphere,118,13500,0.034766979544716886
hill_climbing,sphere,118,13600,0.034766979544716886
hill_climbing,sphere,118,13700,0.034766979544716886
hill_climbing,sphere,118,13800,0.034766979544716886
hill_climbing,sphere,118,13900,0.034766979544716886
hill_climbing,sphere,118,14000,0.034766979544716886
hill_climbing,sphere,118,14100,0.034766979544716886
hill_climbing,sphere,118,14200,0.034766979544716886
hill_climbing,sphere,118,14300,0.034766979544716886
hill_climbing,sphere,118,14400,0.034766979544716886
hill_climbing,sphere,118,14500,0.034766979544716886
hill_climbing,sphere,118,14600,0.034766979544716886
hill_climbing,sphere,118,14700,0.034766979544716886
hill_climbing,sphere,118,14800,0.034766979544716886
hill_climbing,sphere,118,14900,0.034766979544716886
hill_climbing,sphere,118,15000,0.034766979544716886
hill_climbing,sphere,118,15100,0.034766979544716886
hill_climbing,sphere,118,15200,0.034766979544716886
hill_climbing,sphere,118,15300,0.034766979544716886
hill_climbing,sphere,118,15400,0.034766979544716886
hill_climbing,sphere,118,15500,0.034766979544716886
hill_climbing,sphere,118,15600,0.034766979544716886
hill_climbing,sphere,118,15700,0.034766979544716886
hill_climbing,sphere,118,15800,0.034766979544716886
hill_climbing,sphere,118,15900,0.034766979544716886
hill_climbing,sphere,118,16000,0.034766979544716886
hill_climbing,sphere,118,16100,0.034766979544716886
hill_climbing,sphere,118,16200,0.034766979544716886
hill_climbing,sphere,118,16300,0.034766979544716886
hill_climbing,sphere,118,16400,0.034766979544716886
hill_climbing,sphere,118,16500,0.034766979544716886
hill_climbing,sphere,118,16600,0.03149659065966521
hill_climbing,sphere,118,16700,0.03149659065966521
hill_climbing,sphere,118,16800,0.03149659065966521
hill_climbing,sphere,118,16900,0.03149659065966521
hill_climbing,sphere,118,17000,0.03149659065966521
hill_climbing,sphere,118,17100,0.03149659065966521
hill_climbing,sphere,118,17200,0.03149659065966521
hill_climbing,sphere,118,17300,0.03149659065966521
hill_climbing,sphere,118,17400,0.03149659065966521
hill_climbing,sphere,118,17500,0.03149659065966521
hill_climbing,sphere,118,17600,0.03149659065966521
hill_climbing,sphere,118,17700,0.03149659065966521
hill_climbing,sphere,118,17800,0.03149659065966521
hill_climbing,sphere,118,17900,0.03149659065966521
hill_climbing,sphere,118,18000,0.03149659065966521
hill_climbing,sphere,118,18100,0.03149659065966521
hill_climbing,sphere,118,18200,0.03149659065966521
hill_climbing,sphere,118,18300,0.03149659065966521
hill_climbing,sphere,118,18400,0.03149659065966521
hill_climbing,sphere,118,18500,0.03149659065966521
hill_climbing,sphere,118,18600,0.03149659065966521
hill_climbing,sphere,118,18700,0.03149659065966521
hill_climbing,sphere,118,18800,0.03149659065966521
hill_climbing,sphere,118,18900,0.03149659065966521
hill_climbing,sphere,118,19000,0.03149659065966521
hill_climbing,sphere,118,19100,0.03149659065966521
hill_climbing,sphere,118,19200,0.03149659065966521
hill_climbing,sphere,118,19300,0.03149659065966521
hill_climbing,sphere,118,19400,0.03149659065966521
hill_climbing,sphere,118,19500,0.03149659065966521
hill_climbing,sphere,118,19600,0.03149659065966521
hill_climbing,sphere,118,19700,0.03149659065966521
hill_climbing,sphere,118,19800,0.03149659065966521
hill_climbing,sphere,118,19900,0.03149659065966521
hill_climbing,sphere,118,20000,0.03149659065966521
hill_climbing,sphere,119,100,18.83591592134418
hill_climbing,sphere,119,200,0.8576950695178405
hill_climbing,sphere,119,300,0.30303271653829417
hill_climbing,sphere,119,400,0.1480208843088838
hill_climbing,sphere,119,500,0.14779883951018524
hill_climbing,sphere,119,600,0.14098938685591933
hill_climbing,sphere,119,700,0.10905550783512032
hill_climbing,sphere,119,800,0.10905550783512032
hill_climbing,sphere,119,900,0.10905550783512032
hill_climbing,sphere,119,1000,0.10421533348826093
hill_climbing,sphere,119,1100,0.10421533348826093
hill_climbing,sphere,119,1200,0.09688331376593014
hill_climbing,sphere,119,1300,0.09688331376593014
hill_climbing,sphere,119,1400,0.09688331376593014
hill_climbing,sphere,119,1500,0.09688331376593014
hill_climbing,sphere,119,1600,0.09688331376593014
hill_climbing,sphere,119,1700,0.09688331376593014
hill_climbing,sphere,119,1800,0.09688331376593014
hill_climbing,sphere,119,1900,0.09688331376593014
hill_climbing,sphere,119,2000,0.09688331376593014
hill_climbing,sphere,119,2100,0.09688331376593014
hill_climbing,sphere,119,2200,0.09688331376593014
hill_climbing,sphere,119,2300,0.09688331376593014
hill_climbing,sphere,119,2400,0.09688331376593014
hill_climbing,sphere,119,2500,0.09688331376593014
hill_climbing,sphere,119,2600,0.09688331376593014
hill_climbing,sphere,119,2700,0.09688331376593014
hill_climbing,sphere,119,2800,0.09023217579762095
hill_climbing,sphere,119,2900,0.02621865273823119
hill_climbing,sphere,119,3000,0.02621865273823119
hill_climbing,sphere,119,3100,0.02621865273823119
hill_climbing,sphere,119,3200,0.02621865273823119
hill_climbing,sphere,119,3300,0.02621865273823119
hill_climbing,sphere,119,3400,0.02621865273823119
hill_climbing,sphere,119,3500,0.02621865273823119
hill_climbing,sphere,119,3600,0.02621865273823119
hill_climbing,sphere,119,3700,0.02621865273823119
hill_climbing,sphere,119,3800,0.02621865273823119
hill_climbing,sphere,119,3900,0.02621865273823119
hill_climbing,sphere,119,4000,0.02621865273823119
hill_climbing,sphere,119,4100,0.02621865273823119
hill_climbing,sphere,119,4200,0.02621865273823119
hill_climbing,sphere,119,4300,0.02621865273823119
hill_climbing,sphere,119,4400,0.02621865273823119
hill_climbing,sphere,119,4500,0.02621865273823119
hill_climbing,sphere,119,4600,0.02621865273823119
hill_climbing,sphere,119,4700,0.02621865273823119
hill_climbing,sphere,119,4800,0.02621865273823119
hill_climbing,sphere,119,4900,0.02621865273823119
hill_climbing,sphere,119,5000,0.02621865273823119
hill_climbing,sphere,119,5100,0.02621865273823119
hill_climbing,sphere,119,5200,0.02621865273823119
hill_climbing,sphere,119,5300,0.02621865273823119
hill_climbing,sphere,119,5400,0.02621865273823119
hill_climbing,sphere,119,5500,0.02621865273823119
hill_climbing,sphere,119,5600,0.02621865273823119
hill_climbing,sphere,119,5700,0.02621865273823119
hill_climbing,sphere,119,5800,0.02621865273823119
hill_climbing,sphere,119,5900,0.02621865273823119
hill_climbing,sphere,119,6000,0.02621865273823119
hill_climbing,sphere,119,6100,0.02621865273823119
hill_climbing,sphere,119,6200,0.02621865273823119
hill_climbing,sphere,119,6300,0.02621865273823119
hill_climbing,sphere,119,6400,0.02621865273823119
hill_climbing,sphere,119,6500,0.02621865273823119
hill_climbing,sphere,119,6600,0.02621865273823119
hill_climbing,sphere,119,6700,0.02621865273823119
hill_climbing,sphere,119,6800,0.02621865273823119
hill_climbing,sphere,119,6900,0.02621865273823119
hill_climbing,sphere,119,7000,0.02621865273823119
hill_climbing,sphere,119,7100,0.02621865273823119
hill_climbing,sphere,119,7200,0.02621865273823119
hill_climbing,sphere,119,7300,0.02621865273823119
hill_climbing,sphere,119,7400,0.02621865273823119
hill_climbing,sphere,119,7500,0.02621865273823119
hill_climbing,sphere,119,7600,0.02621865273823119
hill_climbing,sphere,119,7700,0.02621865273823119
hill_climbing,sphere,119,7800,0.02621865273823119
hill_climbing,sphere,119,7900,0.02621865273823119
hill_climbing,sphere,119,8000,0.02621865273823119
hill_climbing,sphere,119,8100,0.02621865273823119
hill_climbing,sphere,119,8200,0.02621865273823119
hill_climbing,sphere,119,8300,0.02621865273823119
hill_climbing,sphere,119,8400,0.02621865273823119
hill_climbing,sphere,119,8500,0.02621865273823119
hill_climbing,sphere,119,8600,0.02621865273823119
hill_climbing,sphere,119,8700,0.02621865273823119
hill_climbing,sphere,119,8800,0.02621865273823119
hill_climbing,sphere,119,8900,0.02621865273823119
hill_climbing,sphere,119,9000,0.02621865273823119
hill_climbing,sphere,119,9100,0.02621865273823119
hill_climbing,sphere,119,9200,0.02621865273823119
hill_climbing,sphere,119,9300,0.02621865273823119
hill_climbing,sphere,119,9400,0.02621865273823119
hill_climbing,sphere,119,9500,0.02621865273823119
hill_climbing,sphere,119,9600,0.02621865273823119
hill_climbing,sphere,119,9700,0.02621865273823119
hill_climbing,sphere,119,9800,0.02621865273823119
hill_climbing,sphere,119,9900,0.02621865273823119
hill_climbing,sphere,119,10000,0.02621865273823119
hill_climbing,sphere,119,10100,0.02621865273823119
hill_climbing,sphere,119,10200,0.02621865273823119
hill_climbing,sphere,119,10300,0.02621865273823119
hill_climbing,sphere,119,10400,0.02621865273823119
hill_climbing,sphere,119,10500,0.02621865273823119
hill_climbing,sphere,119,10600,0.02621865273823119
hill_climbing,sphere,119,10700,0.02621865273823119
hill_climbing,sphere,119,10800,0.02621865273823119
hill_climbing,sphere,119,10900,0.02621865273823119
hill_climbing,sphere,119,11000,0.02621865273823119
hill_climbing,sphere,119,11100,0.02621865273823119
hill_climbing,sphere,119,11200,0.02621865273823119
hill_climbing,sphere,119,11300,0.02621865273823119
hill_climbing,sphere,119,11400,0.02621865273823119
hill_climbing,sphere,119,11500,0.02621865273823119
hill_climbing,sphere,119,11600,0.02621865273823119
hill_climbing,sphere,119,11700,0.02621865273823119
hill_climbing,sphere,119,11800,0.02621865273823119
hill_climbing,sphere,119,11900,0.02621865273823119
hill_climbing,sphere,119,12000,0.02621865273823119
hill_climbing,sphere,119,12100,0.02621865273823119
hill_climbing,sphere,119,12200,0.02621865273823119
hill_climbing,sphere,119,12300,0.02621865273823119
hill_climbing,sphere,119,12400,0.02621865273823119
hill_climbing,sphere,119,12500,0.02621865273823119
hill_climbing,sphere,119,12600,0.02621865273823119
hill_climbing,sphere,119,12700,0.02621865273823119
hill_climbing,sphere,119,12800,0.02621865273823119
hill_climbing,sphere,119,12900,0.02621865273823119
hill_climbing,sphere,119,13000,0.02621865273823119
hill_climbing,sphere,119,13100,0.02621865273823119
hill_climbing,sphere,119,13200,0.02621865273823119
hill_climbing,sphere,119,13300,0.02621865273823119
hill_climbing,sphere,119,13400,0.02621865273823119
hill_climbing,sphere,119,13500,0.02621865273823119
hill_climbing,sphere,119,13600,0.02621865273823119
hill_climbing,sphere,119,13700,0.02621865273823119
hill_climbing,sphere,119,13800,0.02621865273823119
hill_climbing,sphere,119,13900,0.02621865273823119
hill_climbing,sphere,119,14000,0.02621865273823119
hill_climbing,sphere,119,14100,0.02621865273823119
hill_climbing,sphere,119,14200,0.02621865273823119
hill_climbing,sphere,119,14300,0.02621865273823119
hill_climbing,sphere,119,14400,0.02621865273823119
hill_climbing,sphere,119,14500,0.02621865273823119
hill_climbing,sphere,119,14600,0.02621865273823119
hill_climbing,sphere,119,14700,0.02621865273823119
hill_climbing,sphere,119,14800,0.02621865273823119
hill_climbing,sphere,119,14900,0.02621865273823119
hill_climbing,sphere,119,15000,0.02621865273823119
hill_climbing,sphere,119,15100,0.02621865273823119
hill_climbing,sphere,119,15200,0.02621865273823119
hill_climbing,sphere,119,15300,0.02621865273823119
hill_climbing,sphere,119,15400,0.02621865273823119
hill_climbing,sphere,119,15500,0.02621865273823119
hill_climbing,sphere,119,15600,0.02621865273823119
hill_climbing,sphere,119,15700,0.02621865273823119
hill_climbing,sphere,119,15800,0.02621865273823119
hill_climbing,sphere,119,15900,0.02621865273823119
hill_climbing,sphere,119,16000,0.02621865273823119
hill_climbing,sphere,119,16100,0.02621865273823119
hill_climbing,sphere,119,16200,0.02621865273823119
hill_climbing,sphere,119,16300,0.02621865273823119
hill_climbing,sphere,119,16400,0.02621865273823119
hill_climbing,sphere,119,16500,0.02621865273823119
hill_climbing,sphere,119,16600,0.02621865273823119
hill_climbing,sphere,119,16700,0.02621865273823119
hill_climbing,sphere,119,16800,0.02621865273823119
hill_climbing,sphere,119,16900,0.02621865273823119
hill_climbing,sphere,119,17000,0.02621865273823119
hill_climbing,sphere,119,17100,0.02621865273823119
hill_climbing,sphere,119,17200,0.02621865273823119
hill_climbing,sphere,119,17300,0.02621865273823119
hill_climbing,sphere,119,17400,0.02621865273823119
hill_climbing,sphere,119,17500,0.02621865273823119
hill_climbing,sphere,119,17600,0.02621865273823119
hill_climbing,sphere,119,17700,0.02621865273823119
hill_climbing,sphere,119,17800,0.02621865273823119
hill_climbing,sphere,119,17900,0.02621865273823119
hill_climbing,sphere,119,18000,0.02621865273823119
hill_climbing,sphere,119,18100,0.02621865273823119
hill_climbing,sphere,119,18200,0.02621865273823119
hill_climbing,sphere,119,18300,0.02621865273823119
hill_climbing,sphere,119,18400,0.02621865273823119
hill_climbing,sphere,119,18500,0.02621865273823119
hill_climbing,sphere,119,18600,0.02621865273823119
hill_climbing,sphere,119,18700,0.02621865273823119
hill_climbing,sphere,119,18800,0.02621865273823119
hill_climbing,sphere,119,18900,0.02621865273823119
hill_climbing,sphere,119,19000,0.02621865273823119
hill_climbing,sphere,119,19100,0.02621865273823119
hill_climbing,sphere,119,19200,0.02621865273823119
hill_climbing,sphere,119,19300,0.02621865273823119
hill_climbing,sphere,119,19400,0.02621865273823119
hill_climbing,sphere,119,19500,0.02621865273823119
hill_climbing,sphere,119,19600,0.02621865273823119
hill_climbing,sphere,119,19700,0.02621865273823119
hill_climbing,sphere,119,19800,0.02621865273823119
hill_climbing,sphere,119,19900,0.02621865273823119
hill_climbing,sphere,119,20000,0.02621865273823119
