algorithm,benchmark,seed,evaluations,best_value
hill_climbing,rastrigin,100,100,145.37749275358868
hill_climbing,rastrigin,100,200,133.88715397766353
hill_climbing,rastrigin,100,300,133.88715397766353
hill_climbing,rastrigin,100,400,133.88715397766353
hill_climbing,rastrigin,100,500,133.88715397766353
hill_climbing,rastrigin,100,600,133.88715397766353
hill_climbing,rastrigin,100,700,107.952685537983
hill_climbing,rastrigin,100,800,107.952685537983
hill_climbing,rastrigin,100,900,107.952685537983
hill_climbing,rastrigin,100,1000,98.97180768324276
hill_climbing,rastrigin,100,1100,75.11478608841836
hill_climbing,rastrigin,100,1200,75.11478608841836
hill_climbing,rastrigin,100,1300,70.66971881503657
hill_climbing,rastrigin,100,1400,68.80176461506002
hill_climbing,rastrigin,100,1500,44.14206829278996
hill_climbing,rastrigin,100,1600,44.14206829278996
hill_climbing,rastrigin,100,1700,44.14206829278996
hill_climbing,rastrigin,100,1800,44.14206829278996
hill_climbing,rastrigin,100,1900,44.14206829278996
hill_climbing,rastrigin,100,2000,44.14206829278996
hill_climbing,rastrigin,100,2100,44.14206829278996
hill_climbing,rastrigin,100,2200,44.14206829278996
hill_climbing,rastrigin,100,2300,44.14206829278996
hill_climbing,rastrigin,100,2400,44.14206829278996
hill_climbing,rastrigin,100,2500,44.14206829278996
hill_climbing,rastrigin,100,2600,44.14206829278996
hill_climbing,rastrigin,100,2700,44.14206829278996
hill_climbing,rastrigin,100,2800,44.14206829278996
hill_climbing,rastrigin,100,2900,44.14206829278996
hill_climbing,rastrigin,100,3000,44.14206829278996
hill_climbing,rastrigin,100,3100,44.14206829278996
hill_climbing,rastrigin,100,3200,44.14206829278996
hill_climbing,rastrigin,100,3300,44.14206829278996
hill_climbing,rastrigin,100,3400,44.14206829278996
hill_climbing,rastrigin,100,3500,44.14206829278996
hill_climbing,rastrigin,100,3600,44.14206829278996
hill_climbing,rastrigin,100,3700,44.14206829278996
hill_climbing,rastrigin,100,3800,44.14206829278996
hill_climbing,rastrigin,100,3900,44.14206829278996
hill_climbing,rastrigin,100,4000,44.14206829278996
hill_climbing,rastrigin,100,4100,44.14206829278996
hill_climbing,rastrigin,100,4200,44.14206829278996
hill_climbing,rastrigin,100,4300,44.14206829278996
hill_climbing,rastrigin,100,4400,44.14206829278996
hill_climbing,rastrigin,100,4500,44.14206829278996
hill_climbing,rastrigin,100,4600,44.14206829278996
hill_climbing,rastrigin,100,4700,44.14206829278996
hill_climbing,rastrigin,100,4800,44.14206829278996
hill_climbing,rastrigin,100,4900,44.14206829278996
hill_climbing,rastrigin,100,5000,44.14206829278996
hill_climbing,rastrigin,100,5100,44.14206829278996
hill_climbing,rastrigin,100,5200,44.14206829278996
hill_climbing,rastrigin,100,5300,44.14206829278996
hill_climbing,rastrigin,100,5400,44.14206829278996
hill_climbing,rastrigin,100,5500,44.14206829278996
hill_climbing,rastrigin,100,5600,44.14206829278996
hill_climbing,rastrigin,100,5700,44.14206829278996
hill_climbing,rastrigin,100,5800,44.14206829278996
hill_climbing,rastrigin,100,5900,44.14206829278996
hill_climbing,rastrigin,100,6000,44.14206829278996
hill_climbing,rastrigin,100,6100,44.14206829278996
hill_climbing,rastrigin,100,6200,44.14206829278996
hill_climbing,rastrigin,100,6300,44.14206829278996
hill_climbing,rastrigin,100,6400,44.14206829278996
hill_climbing,rastrigin,100,6500,44.14206829278996
hill_climbing,rastrigin,100,6600,44.14206829278996
hill_climbing,rastrigin,100,6700,44.14206829278996
hill_climbing,rastrigin,100,6800,44.14206829278996
hill_climbing,rastrigin,100,6900,44.14206829278996
hill_climbing,rastrigin,100,7000,44.14206829278996
hill_climbing,rastrigin,100,7100,44.14206829278996
hill_climbing,rastrigin,100,7200,44.14206829278996
hill_climbing,rastrigin,100,7300,44.14206829278996
hill_climbing,rastrigin,100,7400,44.14206829278996
hill_climbing,rastrigin,100,7500,44.14206829278996
hill_climbing,rastrigin,100,7600,44.14206829278996
hill_climbing,rastrigin,100,7700,44.14206829278996
hill_climbing,rastrigin,100,7800,44.14206829278996
hill_climbing,rastrigin,100,7900,44.14206829278996
hill_climbing,rastrigin,100,8000,44.14206829278996
hill_climbing,rastrigin,100,8100,44.14206829278996
hill_climbing,rastrigin,100,8200,44.14206829278996
hill_climbing,rastrigin,100,8300,44.14206829278996
hill_climbing,rastrigin,100,8400,44.14206829278996
hill_climbing,rastrigin,100,8500,44.14206829278996
hill_climbing,rastrigin,100,8600,44.14206829278996
hill_climbing,rastrigin,100,8700,44.14206829278996
hill_climbing,rastrigin,100,8800,44.14206829278996
hill_climbing,rastrigin,100,8900,44.14206829278996
hill_climbing,rastrigin,100,9000,44.14206829278996
hill_climbing,rastrigin,100,9100,44.14206829278996
hill_climbing,rastrigin,100,9200,44.14206829278996
hill_climbing,rastrigin,100,9300,44.14206829278996
hill_climbing,rastrigin,100,9400,44.14206829278996
hill_climbing,rastrigin,100,9500,44.14206829278996
hill_climbing,rastrigin,100,9600,44.14206829278996
hill_climbing,rastrigin,100,9700,44.14206829278996
hill_climbing,rastrigin,100,9800,44.14206829278996
hill_climbing,rastrigin,100,9900,44.14206829278996
hill_climbing,rastrigin,100,10000,44.14206829278996
hill_climbing,rastrigin,100,10100,44.14206829278996
hill_climbing,rastrigin,100,10200,44.14206829278996
hill_climbing,rastrigin,100,10300,44.14206829278996
hill_climbing,rastrigin,100,10400,44.14206829278996
hill_climbing,rastrigin,100,10500,44.14206829278996
hill_climbing,rastrigin,100,10600,44.14206829278996
hill_climbing,rastrigin,100,10700,44.14206829278996
hill_climbing,rastrigin,100,10800,44.14206829278996
hill_climbing,rastrigin,100,10900,44.14206829278996
hill_climbing,rastrigin,100,11000,44.14206829278996
hill_climbing,rastrigin,100,11100,44.14206829278996
hill_climbing,rastrigin,100,11200,44.14206829278996
hill_climbing,rastrigin,100,11300,44.14206829278996
hill_climbing,rastrigin,100,11400,44.14206829278996
hill_climbing,rastrigin,100,11500,44.14206829278996
hill_climbing,rastrigin,100,11600,44.14206829278996
hill_climbing,rastrigin,100,11700,44.14206829278996
hill_climbing,rastrigin,100,11800,44.14206829278996
hill_climbing,rastrigin,100,11900,44.14206829278996
hill_climbing,rastrigin,100,12000,44.14206829278996
hill_climbing,rastrigin,100,12100,44.14206829278996
hill_climbing,rastrigin,100,12200,44.14206829278996
hill_climbing,rastrigin,100,12300,44.14206829278996
hill_climbing,rastrigin,100,12400,44.14206829278996
hill_climbing,rastrigin,100,12500,44.14206829278996
hill_climbing,rastrigin,100,12600,44.14206829278996
hill_climbing,rastrigin,100,12700,44.14206829278996
hill_climbing,rastrigin,100,12800,44.14206829278996
hill_climbing,rastrigin,100,12900,44.14206829278996
hill_climbing,rastrigin,100,13000,44.14206829278996
hill_climbing,rastrigin,100,13100,44.14206829278996
hill_climbing,rastrigin,100,13200,44.14206829278996
hill_climbing,rastrigin,100,13300,44.14206829278996
hill_climbing,rastrigin,100,13400,44.14206829278996
hill_climbing,rastrigin,100,13500,44.14206829278996
hill_climbing,rastrigin,100,13600,44.14206829278996
hill_climbing,rastrigin,100,13700,44.14206829278996
hill_climbing,rastrigin,100,13800,44.14206829278996
hill_climbing,rastrigin,100,13900,44.14206829278996
hill_climbing,rastrigin,100,14000,44.14206829278996
hill_climbing,rastrigin,100,14100,44.14206829278996
hill_climbing,rastrigin,100,14200,44.14206829278996
hill_climbing,rastrigin,100,14300,44.14206829278996
hill_climbing,rastrigin,100,14400,44.14206829278996
hill_climbing,rastrigin,100,14500,44.14206829278996
hill_climbing,rastrigin,100,14600,44.14206829278996
hill_climbing,rastrigin,100,14700,44.14206829278996
hill_climbing,rastrigin,100,14800,44.14206829278996
hill_climbing,rastrigin,100,14900,44.14206829278996
hill_climbing,rastrigin,100,15000,44.14206829278996
hill_climbing,rastrigin,100,15100,44.14206829278996
hill_climbing,rastrigin,100,15200,44.14206829278996
hill_climbing,rastrigin,100,15300,44.14206829278996
hill_climbing,rastrigin,100,15400,44.14206829278996
hill_climbing,rastrigin,100,15500,44.14206829278996
hill_climbing,rastrigin,100,15600,44.14206829278996
hill_climbing,rastrigin,100,15700,44.14206829278996
hill_climbing,rastrigin,100,15800,44.14206829278996
hill_climbing,rastrigin,100,15900,44.14206829278996
hill_climbing,rastrigin,100,16000,44.14206829278996
hill_climbing,rastrigin,100,16100,44.14206829278996
hill_climbing,rastrigin,100,16200,44.14206829278996
hill_climbing,rastrigin,100,16300,44.14206829278996
hill_climbing,rastrigin,100,16400,44.14206829278996
hill_climbing,rastrigin,100,16500,44.14206829278996
hill_climbing,rastrigin,100,16600,44.14206829278996
hill_climbing,rastrigin,100,16700,44.14206829278996
hill_climbing,rastrigin,100,16800,44.14206829278996
hill_climbing,rastrigin,100,16900,44.14206829278996
hill_climbing,rastrigin,100,17000,44.14206829278996
hill_climbing,rastrigin,100,17100,44.14206829278996
hill_climbing,rastrigin,100,17200,44.14206829278996
hill_climbing,rastrigin,100,17300,44.14206829278996
hill_climbing,rastrigin,100,17400,44.14206829278996
hill_climbing,rastrigin,100,17500,44.14206829278996
hill_climbing,rastrigin,100,17600,44.14206829278996
hill_climbing,rastrigin,100,17700,44.14206829278996
hill_climbing,rastrigin,100,17800,44.14206829278996
hill_climbing,rastrigin,100,17900,44.14206829278996
hill_climbing,rastrigin,100,18000,44.14206829278996
hill_climbing,rastrigin,100,18100,44.14206829278996
hill_climbing,rastrigin,100,18200,44.14206829278996
hill_climbing,rastrigin,100,18300,44.14206829278996
hill_climbing,rastrigin,100,18400,44.14206829278996
hill_climbing,rastrigin,100,18500,44.14206829278996
hill_climbing,rastrigin,100,18600,44.14206829278996
hill_climbing,rastrigin,100,18700,44.14206829278996
hill_climbing,rastrigin,100,18800,44.14206829278996
hill_climbing,rastrigin,100,18900,44.14206829278996
hill_climbing,rastrigin,100,19000,44.14206829278996
hill_climbing,rastrigin,100,19100,44.14206829278996
hill_climbing,rastrigin,100,19200,44.14206829278996
hill_climbing,rastrigin,100,19300,44.14206829278996
hill_climbing,rastrigin,100,19400,44.14206829278996
hill_climbing,rastrigin,100,19500,44.14206829278996
hill_climbing,rastrigin,100,19600,44.14206829278996
hill_climbing,rastrigin,100,19700,44.14206829278996
hill_climbing,rastrigin,100,19800,44.14206829278996
hill_climbing,rastrigin,100,19900,44.14206829278996
hill_climbing,rastrigin,100,20000,44.14206829278996
hill_climbing,rastrigin,101,100,125.73997174034469
hill_climbing,rastrigin,101,200,125.73997174034469
hill_climbing,rastrigin,101,300,125.73997174034469
hill_climbing,rastrigin,101,400,87.09945183310086
hill_climbing,rastrigin,101,500,72.93555467120541
hill_climbing,rastrigin,101,600,72.93555467120541
hill_climbing,rastrigin,101,700,70.00604987514721
hill_climbing,rastrigin,101,800,70.00604987514721
hill_climbing,rastrigin,101,900,70.00604987514721
hill_climbing,rastrigin,101,1000,70.00604987514721
hill_climbing,rastrigin,101,1100,70.00604987514721
hill_climbing,rastrigin,101,1200,70.00604987514721
hill_climbing,rastrigin,101,1300,70.00604987514721
hill_climbing,rastrigin,101,1400,70.00604987514721
hill_climbing,rastrigin,101,1500,70.00604987514721
hill_climbing,rastrigin,101,1600,70.00604987514721
hill_climbing,rastrigin,101,1700,70.00604987514721
hill_climbing,rastrigin,101,1800,70.00604987514721
hill_climbing,rastrigin,101,1900,70.00604987514721
hill_climbing,rastrigin,101,2000,69.30767211629802
hill_climbing,rastrigin,101,2100,69.30767211629802
hill_climbing,rastrigin,101,2200,69.30767211629802
hill_climbing,rastrigin,101,2300,69.30767211629802
hill_climbing,rastrigin,101,2400,69.30767211629802
hill_climbing,rastrigin,101,2500,69.30767211629802
hill_climbing,rastrigin,101,2600,69.30767211629802
hill_climbing,rastrigin,101,2700,69.30767211629802
hill_climbing,rastrigin,101,2800,69.30767211629802
hill_climbing,rastrigin,101,2900,69.30767211629802
hill_climbing,rastrigin,101,3000,69.30767211629802
hill_climbing,rastrigin,101,3100,69.30767211629802
hill_climbing,rastrigin,101,3200,69.30767211629802
hill_climbing,rastrigin,101,3300,69.30767211629802
hill_climbing,rastrigin,101,3400,69.30767211629802
hill_climbing,rastrigin,101,3500,69.30767211629802
hill_climbing,rastrigin,101,3600,69.30767211629802
hill_climbing,rastrigin,101,3700,69.30767211629802
hill_climbing,rastrigin,101,3800,69.30767211629802
hill_climbing,rastrigin,101,3900,69.30767211629802
hill_climbing,rastrigin,101,4000,69.30767211629802
hill_climbing,rastrigin,101,4100,69.30767211629802
hill_climbing,rastrigin,101,4200,69.30767211629802
hill_climbing,rastrigin,101,4300,69.30767211629802
hill_climbing,rastrigin,101,4400,69.30767211629802
hill_climbing,rastrigin,101,4500,69.30767211629802
hill_climbing,rastrigin,101,4600,69.30767211629802
hill_climbing,rastrigin,101,4700,69.30767211629802
hill_climbing,rastrigin,101,4800,69.30767211629802
hill_climbing,rastrigin,101,4900,69.30767211629802
hill_climbing,rastrigin,101,5000,69.30767211629802
hill_climbing,rastrigin,101,5100,69.30767211629802
hill_climbing,rastrigin,101,5200,69.30767211629802
hill_climbing,rastrigin,101,5300,69.30767211629802
hill_climbing,rastrigin,101,5400,69.30767211629802
hill_climbing,rastrigin,101,5500,69.30767211629802
hill_climbing,rastrigin,101,5600,69.30767211629802
hill_climbing,rastrigin,101,5700,69.30767211629802
hill_climbing,rastrigin,101,5800,69.30767211629802
hill_climbing,rastrigin,101,5900,69.30767211629802
hill_climbing,rastrigin,101,6000,69.30767211629802
hill_climbing,rastrigin,101,6100,69.30767211629802
hill_climbing,rastrigin,101,6200,69.30767211629802
hill_climbing,rastrigin,101,6300,69.30767211629802
hill_climbing,rastrigin,101,6400,69.30767211629802
hill_climbing,rastrigin,101,6500,69.30767211629802
hill_climbing,rastrigin,101,6600,69.30767211629802
hill_climbing,rastrigin,101,6700,69.30767211629802
hill_climbing,rastrigin,101,6800,69.30767211629802
hill_climbing,rastrigin,101,6900,69.30767211629802
hill_climbing,rastrigin,101,7000,69.30767211629802
hill_climbing,rastrigin,101,7100,69.30767211629802
hill_climbing,rastrigin,101,7200,69.30767211629802
hill_climbing,rastrigin,101,7300,69.30767211629802
hill_climbing,rastrigin,101,7400,69.30767211629802
hill_climbing,rastrigin,101,7500,69.30767211629802
hill_climbing,rastrigin,101,7600,69.30767211629802
hill_climbing,rastrigin,101,7700,69.30767211629802
hill_climbing,rastrigin,101,7800,69.30767211629802
hill_climbing,rastrigin,101,7900,65.4945133602903
hill_climbing,rastrigin,101,8000,65.4945133602903
hill_climbing,rastrigin,101,8100,61.595373553664636
hill_climbing,rastrigin,101,8200,36.64376546867853
hill_climbing,rastrigin,101,8300,36.64376546867853
hill_climbing,rastrigin,101,8400,36.64376546867853
hill_climbing,rastrigin,101,8500,36.64376546867853
hill_climbing,rastrigin,101,8600,36.64376546867853
hill_climbing,rastrigin,101,8700,36.64376546867853
hill_climbing,rastrigin,101,8800,36.64376546867853
hill_climbing,rastrigin,101,8900,36.64376546867853
hill_climbing,rastrigin,101,9000,36.64376546867853
hill_climbing,rastrigin,101,9100,36.64376546867853
hill_climbing,rastrigin,101,9200,36.64376546867853
hill_climbing,rastrigin,101,9300,36.64376546867853
hill_climbing,rastrigin,101,9400,36.64376546867853
hill_climbing,rastrigin,101,9500,36.64376546867853
hill_climbing,rastrigin,101,9600,36.64376546867853
hill_climbing,rastrigin,101,9700,36.64376546867853
hill_climbing,rastrigin,101,9800,36.64376546867853
hill_climbing,rastrigin,101,9900,36.64376546867853
hill_climbing,rastrigin,101,10000,36.64376546867853
hill_climbing,rastrigin,101,10100,36.64376546867853
hill_climbing,rastrigin,101,10200,36.64376546867853
hill_climbing,rastrigin,101,10300,36.64376546867853
hill_climbing,rastrigin,101,10400,36.64376546867853
hill_climbing,rastrigin,101,10500,36.64376546867853
hill_climbing,rastrigin,101,10600,36.64376546867853
hill_climbing,rastrigin,101,10700,36.64376546867853
hill_climbing,rastrigin,101,10800,36.64376546867853
hill_climbing,rastrigin,101,10900,36.64376546867853
hill_climbing,rastrigin,101,11000,36.64376546867853
hill_climbing,rastrigin,101,11100,36.64376546867853
hill_climbing,rastrigin,101,11200,36.64376546867853
hill_climbing,rastrigin,101,11300,36.64376546867853
hill_climbing,rastrigin,101,11400,36.64376546867853
hill_climbing,rastrigin,101,11500,36.64376546867853
hill_climbing,rastrigin,101,11600,36.64376546867853
hill_climbing,rastrigin,101,11700,36.64376546867853
hill_climbing,rastrigin,101,11800,36.64376546867853
hill_climbing,rastrigin,101,11900,36.64376546867853
hill_climbing,rastrigin,101,12000,36.64376546867853
hill_climbing,rastrigin,101,12100,36.64376546867853
hill_climbing,rastrigin,101,12200,36.64376546867853
hill_climbing,rastrigin,101,12300,36.64376546867853
hill_climbing,rastrigin,101,12400,36.64376546867853
hill_climbing,rastrigin,101,12500,36.64376546867853
hill_climbing,rastrigin,101,12600,36.64376546867853
hill_climbing,rastrigin,101,12700,36.64376546867853
hill_climbing,rastrigin,101,12800,36.64376546867853
hill_climbing,rastrigin,101,12900,36.64376546867853
hill_climbing,rastrigin,101,13000,36.64376546867853
hill_climbing,rastrigin,101,13100,36.64376546867853
hill_climbing,rastrigin,101,13200,36.64376546867853
hill_climbing,rastrigin,101,13300,36.64376546867853
hill_climbing,rastrigin,101,13400,36.64376546867853
hill_climbing,rastrigin,101,13500,36.64376546867853
hill_climbing,rastrigin,101,13600,36.64376546867853
hill_climbing,rastrigin,101,13700,36.64376546867853
hill_climbing,rastrigin,101,13800,36.64376546867853
hill_climbing,rastrigin,101,13900,36.64376546867853
hill_climbing,rastrigin,101,14000,36.64376546867853
hill_climbing,rastrigin,101,14100,36.64376546867853
hill_climbing,rastrigin,101,14200,36.64376546867853
hill_climbing,rastrigin,101,14300,36.64376546867853
hill_climbing,rastrigin,101,14400,36.64376546867853
hill_climbing,rastrigin,101,14500,36.64376546867853
hill_climbing,rastrigin,101,14600,36.64376546867853
hill_climbing,rastrigin,101,14700,36.64376546867853
hill_climbing,rastrigin,101,14800,36.64376546867853
hill_climbing,rastrigin,101,14900,36.64376546867853
hill_climbing,rastrigin,101,15000,36.64376546867853
hill_climbing,rastrigin,101,15100,36.64376546867853
hill_climbing,rastrigin,101,15200,36.64376546867853
hill_climbing,rastrigin,101,15300,36.64376546867853
hill_climbing,rastrigin,101,15400,36.64376546867853
hill_climbing,rastrigin,101,15500,36.64376546867853
hill_climbing,rastrigin,101,15600,36.64376546867853
hill_climbing,rastrigin,101,15700,36.64376546867853
hill_climbing,rastrigin,101,15800,36.64376546867853
hill_climbing,rastrigin,101,15900,36.64376546867853
hill_climbing,rastrigin,101,16000,36.64376546867853
hill_climbing,rastrigin,101,16100,36.64376546867853
hill_climbing,rastrigin,101,16200,36.64376546867853
hill_climbing,rastrigin,101,16300,36.64376546867853
hill_climbing,rastrigin,101,16400,36.64376546867853
hill_climbing,rastrigin,101,16500,36.64376546867853
hill_climbing,rastrigin,101,16600,36.64376546867853
hill_climbing,rastrigin,101,16700,36.64376546867853
hill_climbing,rastrigin,101,16800,36.64376546867853
hill_climbing,rastrigin,101,16900,36.64376546867853
hill_climbing,rastrigin,101,17000,36.64376546867853
hill_climbing,rastrigin,101,17100,36.64376546867853
hill_climbing,rastrigin,101,17200,36.64376546867853
hill_climbing,rastrigin,101,17300,36.64376546867853
hill_climbing,rastrigin,101,17400,36.64376546867853
hill_climbing,rastrigin,101,17500,36.64376546867853
hill_climbing,rastrigin,101,17600,36.64376546867853
hill_climbing,rastrigin,101,17700,36.64376546867853
hill_climbing,rastrigin,101,17800,36.64376546867853
hill_climbing,rastrigin,101,17900,36.64376546867853
hill_climbing,rastrigin,101,18000,36.64376546867853
hill_climbing,rastrigin,101,18100,36.64376546867853
hill_climbing,rastrigin,101,18200,36.64376546867853
hill_climbing,rastrigin,101,18300,36.64376546867853
hill_climbing,rastrigin,101,18400,36.64376546867853
hill_climbing,rastrigin,101,18500,36.64376546867853
hill_climbing,rastrigin,101,18600,36.64376546867853
hill_climbing,rastrigin,101,18700,36.64376546867853
hill_climbing,rastrigin,101,18800,36.64376546867853
hill_climbing,rastrigin,101,18900,36.64376546867853
hill_climbing,rastrigin,101,19000,36.64376546867853
hill_climbing,rastrigin,101,19100,36.64376546867853
hill_climbing,rastrigin,101,19200,36.64376546867853
hill_climbing,rastrigin,101,19300,36.64376546867853
hill_climbing,rastrigin,101,19400,36.64376546867853
hill_climbing,rastrigin,101,19500,36.64376546867853
hill_climbing,rastrigin,101,19600,36.64376546867853
hill_climbing,rastrigin,101,19700,36.64376546867853
hill_climbing,rastrigin,101,19800,36.64376546867853
hill_climbing,rastrigin,101,19900,36.64376546867853
hill_climbing,rastrigin,101,20000,36.64376546867853
hill_climbing,rastrigin,102,100,125.57991826711914
hill_climbing,rastrigin,102,200,125.57991826711914
hill_climbing,rastrigin,102,300,125.57991826711914
hill_climbing,rastrigin,102,400,125.57991826711914
hill_climbing,rastrigin,102,500,125.57991826711914
hill_climbing,rastrigin,102,600,113.04338408362025
hill_climbing,rastrigin,102,700,113.04338408362025
hill_climbing,rastrigin,102,800,113.04338408362025
hill_climbing,rastrigin,102,900,99.35900157455063
hill_climbing,rastrigin,102,1000,99.35900157455063
hill_climbing,rastrigin,102,1100,99.35900157455063
hill_climbing,rastrigin,102,1200,99.35900157455063
hill_climbing,rastrigin,102,1300,99.35900157455063
hill_climbing,rastrigin,102,1400,99.35900157455063
hill_climbing,rastrigin,102,1500,99.35900157455063
hill_climbing,rastrigin,102,1600,99.35900157455063
hill_climbing,rastrigin,102,1700,99.35900157455063
hill_climbing,rastrigin,102,1800,99.35900157455063
hill_climbing,rastrigin,102,1900,99.35900157455063
hill_climbing,rastrigin,102,2000,99.35900157455063
hill_climbing,rastrigin,102,2100,99.35900157455063
hill_climbing,rastrigin,102,2200,99.35900157455063
hill_climbing,rastrigin,102,2300,99.35900157455063
hill_climbing,rastrigin,102,2400,99.35900157455063
hill_climbing,rastrigin,102,2500,99.35900157455063
hill_climbing,rastrigin,102,2600,99.35900157455063
hill_climbing,rastrigin,102,2700,99.35900157455063
hill_climbing,rastrigin,102,2800,91.81910214674444
hill_climbing,rastrigin,102,2900,91.81910214674444
hill_climbing,rastrigin,102,3000,91.81910214674444
hill_climbing,rastrigin,102,3100,90.60391380550581
hill_climbing,rastrigin,102,3200,90.60391380550581
hill_climbing,rastrigin,102,3300,90.60391380550581
hill_climbing,rastrigin,102,3400,90.60391380550581
hill_climbing,rastrigin,102,3500,90.60391380550581
hill_climbing,rastrigin,102,3600,90.60391380550581
hill_climbing,rastrigin,102,3700,90.60391380550581
hill_climbing,rastrigin,102,3800,90.60391380550581
hill_climbing,rastrigin,102,3900,82.87155475453287
hill_climbing,rastrigin,102,4000,78.91477487634603
hill_climbing,rastrigin,102,4100,78.91477487634603
hill_climbing,rastrigin,102,4200,78.91477487634603
hill_climbing,rastrigin,102,4300,78.91477487634603
hill_climbing,rastrigin,102,4400,78.91477487634603
hill_climbing,rastrigin,102,4500,78.91477487634603
hill_climbing,rastrigin,102,4600,78.91477487634603
hill_climbing,rastrigin,102,4700,78.91477487634603
hill_climbing,rastrigin,102,4800,74.50301389764304
hill_climbing,rastrigin,102,4900,73.73639827096792
hill_climbing,rastrigin,102,5000,73.73639827096792
hill_climbing,rastrigin,102,5100,73.73639827096792
hill_climbing,rastrigin,102,5200,54.67501349820157
hill_climbing,rastrigin,102,5300,54.67501349820157
hill_climbing,rastrigin,102,5400,54.67501349820157
hill_climbing,rastrigin,102,5500,54.67501349820157
hill_climbing,rastrigin,102,5600,54.67501349820157
hill_climbing,rastrigin,102,5700,54.67501349820157
hill_climbing,rastrigin,102,5800,54.67501349820157
hill_climbing,rastrigin,102,5900,54.67501349820157
hill_climbing,rastrigin,102,6000,54.67501349820157
hill_climbing,rastrigin,102,6100,54.67501349820157
hill_climbing,rastrigin,102,6200,54.67501349820157
hill_climbing,rastrigin,102,6300,54.67501349820157
hill_climbing,rastrigin,102,6400,54.67501349820157
hill_climbing,rastrigin,102,6500,54.67501349820157
hill_climbing,rastrigin,102,6600,54.67501349820157
hill_climbing,rastrigin,102,6700,54.67501349820157
hill_climbing,rastrigin,102,6800,54.67501349820157
hill_climbing,rastrigin,102,6900,54.67501349820157
hill_climbing,rastrigin,102,7000,54.67501349820157
hill_climbing,rastrigin,102,7100,54.67501349820157
hill_climbing,rastrigin,102,7200,54.67501349820157
hill_climbing,rastrigin,102,7300,54.67501349820157
hill_climbing,rastrigin,102,7400,54.67501349820157
hill_climbing,rastrigin,102,7500,54.67501349820157
hill_climbing,rastrigin,102,7600,54.67501349820157
hill_climbing,rastrigin,102,7700,54.67501349820157
hill_climbing,rastrigin,102,7800,54.67501349820157
hill_climbing,rastrigin,102,7900,54.67501349820157
hill_climbing,rastrigin,102,8000,54.67501349820157
hill_climbing,rastrigin,102,8100,53.95940992500322
hill_climbing,rastrigin,102,8200,53.95940992500322
hill_climbing,rastrigin,102,8300,53.95940992500322
hill_climbing,rastrigin,102,8400,53.95940992500322
hill_climbing,rastrigin,102,8500,53.95940992500322
hill_climbing,rastrigin,102,8600,53.95940992500322
hill_climbing,rastrigin,102,8700,53.95940992500322
hill_climbing,rastrigin,102,8800,53.95940992500322
hill_climbing,rastrigin,102,8900,53.95940992500322
hill_climbing,rastrigin,102,9000,53.95940992500322
hill_climbing,rastrigin,102,9100,53.95940992500322
hill_climbing,rastrigin,102,9200,53.95940992500322
hill_climbing,rastrigin,102,9300,53.95940992500322
hill_climbing,rastrigin,102,9400,53.95940992500322
hill_climbing,rastrigin,102,9500,53.95940992500322
hill_climbing,rastrigin,102,9600,53.95940992500322
hill_climbing,rastrigin,102,9700,53.95940992500322
hill_climbing,rastrigin,102,9800,53.95940992500322
hill_climbing,rastrigin,102,9900,53.95940992500322
hill_climbing,rastrigin,102,10000,53.95940992500322
hill_climbing,rastrigin,102,10100,53.95940992500322
hill_climbing,rastrigin,102,10200,53.95940992500322
hill_climbing,rastrigin,102,10300,53.95940992500322
hill_climbing,rastrigin,102,10400,53.95940992500322
hill_climbing,rastrigin,102,10500,53.95940992500322
hill_climbing,rastrigin,102,10600,53.95940992500322
hill_climbing,rastrigin,102,10700,53.95940992500322
hill_climbing,rastrigin,102,10800,53.95940992500322
hill_climbing,rastrigin,102,10900,53.95940992500322
hill_climbing,rastrigin,102,11000,53.95940992500322
hill_climbing,rastrigin,102,11100,53.95940992500322
hill_climbing,rastrigin,102,11200,53.95940992500322
hill_climbing,rastrigin,102,11300,53.95940992500322
hill_climbing,rastrigin,102,11400,53.95940992500322
hill_climbing,rastrigin,102,11500,53.95940992500322
hill_climbing,rastrigin,102,11600,53.95940992500322
hill_climbing,rastrigin,102,11700,53.95940992500322
hill_climbing,rastrigin,102,11800,47.437693966901094
hill_climbing,rastrigin,102,11900,47.437693966901094
hill_climbing,rastrigin,102,12000,47.437693966901094
hill_climbing,rastrigin,102,12100,47.00842941359043
hill_climbing,rastrigin,102,12200,47.00842941359043
hill_climbing,rastrigin,102,12300,47.00842941359043
hill_climbing,rastrigin,102,12400,47.00842941359043
hill_climbing,rastrigin,102,12500,47.00842941359043
hill_climbing,rastrigin,102,12600,47.00842941359043
hill_climbing,rastrigin,102,12700,47.00842941359043
hill_climbing,rastrigin,102,12800,47.00842941359043
hill_climbing,rastrigin,102,12900,44.03769738044418
hill_climbing,rastrigin,102,13000,44.03769738044418
hill_climbing,rastrigin,102,13100,44.03769738044418
hill_climbing,rastrigin,102,13200,44.03769738044418
hill_climbing,rastrigin,102,13300,44.03769738044418
hill_climbing,rastrigin,102,13400,44.03769738044418
hill_climbing,rastrigin,102,13500,44.03769738044418
hill_climbing,rastrigin,102,13600,44.03769738044418
hill_climbing,rastrigin,102,13700,44.03769738044418
hill_climbing,rastrigin,102,13800,44.03769738044418
hill_climbing,rastrigin,102,13900,44.03769738044418
hill_climbing,rastrigin,102,14000,44.03769738044418
hill_climbing,rastrigin,102,14100,44.03769738044418
hill_climbing,rastrigin,102,14200,44.03769738044418
hill_climbing,rastrigin,102,14300,44.03769738044418
hill_climbing,rastrigin,102,14400,44.03769738044418
hill_climbing,rastrigin,102,14500,44.03769738044418
hill_climbing,rastrigin,102,14600,44.03769738044418
hill_climbing,rastrigin,102,14700,44.03769738044418
hill_climbing,rastrigin,102,14800,44.03769738044418
hill_climbing,rastrigin,102,14900,44.03769738044418
hill_climbing,rastrigin,102,15000,44.03769738044418
hill_climbing,rastrigin,102,15100,44.03769738044418
hill_climbing,rastrigin,102,15200,44.03769738044418
hill_climbing,rastrigin,102,15300,44.03769738044418
hill_climbing,rastrigin,102,15400,44.03769738044418
hill_climbing,rastrigin,102,15500,44.03769738044418
hill_climbing,rastrigin,102,15600,44.03769738044418
hill_climbing,rastrigin,102,15700,44.03769738044418
hill_climbing,rastrigin,102,15800,44.03769738044418
hill_climbing,rastrigin,102,15900,44.03769738044418
hill_climbing,rastrigin,102,16000,44.03769738044418
hill_climbing,rastrigin,102,16100,44.03769738044418
hill_climbing,rastrigin,102,16200,44.03769738044418
hill_climbing,rastrigin,102,16300,44.03769738044418
hill_climbing,rastrigin,102,16400,44.03769738044418
hill_climbing,rastrigin,102,16500,44.03769738044418
hill_climbing,rastrigin,102,16600,44.03769738044418
hill_climbing,rastrigin,102,16700,44.03769738044418
hill_climbing,rastrigin,102,16800,44.03769738044418
hill_climbing,rastrigin,102,16900,44.03769738044418
hill_climbing,rastrigin,102,17000,44.03769738044418
hill_climbing,rastrigin,102,17100,44.03769738044418
hill_climbing,rastrigin,102,17200,44.03769738044418
hill_climbing,rastrigin,102,17300,44.03769738044418
hill_climbing,rastrigin,102,17400,44.03769738044418
hill_climbing,rastrigin,102,17500,44.03769738044418
hill_climbing,rastrigin,102,17600,44.03769738044418
hill_climbing,rastrigin,102,17700,44.03769738044418
hill_climbing,rastrigin,102,17800,44.03769738044418
hill_climbing,rastrigin,102,17900,44.03769738044418
hill_climbing,rastrigin,102,18000,44.03769738044418
hill_climbing,rastrigin,102,18100,44.03769738044418
hill_climbing,rastrigin,102,18200,44.03769738044418
hill_climbing,rastrigin,102,18300,44.03769738044418
hill_climbing,rastrigin,102,18400,44.03769738044418
hill_climbing,rastrigin,102,18500,44.03769738044418
hill_climbing,rastrigin,102,18600,44.03769738044418
hill_climbing,rastrigin,102,18700,44.03769738044418
hill_climbing,rastrigin,102,18800,44.03769738044418
hill_climbing,rastrigin,102,18900,44.03769738044418
hill_climbing,rastrigin,102,19000,44.03769738044418
hill_climbing,rastrigin,102,19100,44.03769738044418
hill_climbing,rastrigin,102,19200,44.03769738044418
hill_climbing,rastrigin,102,19300,44.03769738044418
hill_climbing,rastrigin,102,19400,44.03769738044418
hill_climbing,rastrigin,102,19500,44.03769738044418
hill_climbing,rastrigin,102,19600,44.03769738044418
hill_climbing,rastrigin,102,19700,44.03769738044418
hill_climbing,rastrigin,102,19800,44.03769738044418
hill_climbing,rastrigin,102,19900,44.03769738044418
hill_climbing,rastrigin,102,20000,44.03769738044418
hill_climbing,rastrigin,103,100,122.54434072065153
hill_climbing,rastrigin,103,200,97.79566055677377
hill_climbing,rastrigin,103,300,72.50980214810608
hill_climbing,rastrigin,103,400,72.50980214810608
hill_climbing,rastrigin,103,500,72.50980214810608
hill_climbing,rastrigin,103,600,72.50980214810608
hill_climbing,rastrigin,103,700,72.50980214810608
hill_climbing,rastrigin,103,800,72.50980214810608
hill_climbing,rastrigin,103,900,72.50980214810608
hill_climbing,rastrigin,103,1000,72.50980214810608
hill_climbing,rastrigin,103,1100,72.50980214810608
hill_climbing,rastrigin,103,1200,72.50980214810608
hill_climbing,rastrigin,103,1300,72.50980214810608
hill_climbing,rastrigin,103,1400,72.50980214810608
hill_climbing,rastrigin,103,1500,72.50980214810608
hill_climbing,rastrigin,103,1600,72.50980214810608
hill_climbing,rastrigin,103,1700,72.50980214810608
hill_climbing,rastrigin,103,1800,72.50980214810608
hill_climbing,rastrigin,103,1900,72.50980214810608
hill_climbing,rastrigin,103,2000,72.50980214810608
hill_climbing,rastrigin,103,2100,72.50980214810608
hill_climbing,rastrigin,103,2200,72.50980214810608
hill_climbing,rastrigin,103,2300,72.50980214810608
hill_climbing,rastrigin,103,2400,72.50980214810608
hill_climbing,rastrigin,103,2500,72.50980214810608
hill_climbing,rastrigin,103,2600,72.50980214810608
hill_climbing,rastrigin,103,2700,72.50980214810608
hill_climbing,rastrigin,103,2800,72.50980214810608
hill_climbing,rastrigin,103,2900,72.50980214810608
hill_climbing,rastrigin,103,3000,72.50980214810608
hill_climbing,rastrigin,103,3100,54.68788548776055
hill_climbing,rastrigin,103,3200,54.68788548776055
hill_climbing,rastrigin,103,3300,54.68788548776055
hill_climbing,rastrigin,103,3400,54.68788548776055
hill_climbing,rastrigin,103,3500,54.68788548776055
hill_climbing,rastrigin,103,3600,54.68788548776055
hill_climbing,rastrigin,103,3700,54.68788548776055
hill_climbing,rastrigin,103,3800,54.68788548776055
hill_climbing,rastrigin,103,3900,54.68788548776055
hill_climbing,rastrigin,103,4000,54.68788548776055
hill_climbing,rastrigin,103,4100,54.68788548776055
hill_climbing,rastrigin,103,4200,54.68788548776055
hill_climbing,rastrigin,103,4300,54.68788548776055
hill_climbing,rastrigin,103,4400,54.68788548776055
hill_climbing,rastrigin,103,4500,54.68788548776055
hill_climbing,rastrigin,103,4600,54.68788548776055
hill_climbing,rastrigin,103,4700,54.68788548776055
hill_climbing,rastrigin,103,4800,54.68788548776055
hill_climbing,rastrigin,103,4900,54.68788548776055
hill_climbing,rastrigin,103,5000,54.68788548776055
hill_climbing,rastrigin,103,5100,54.68788548776055
hill_climbing,rastrigin,103,5200,54.68788548776055
hill_climbing,rastrigin,103,5300,54.68788548776055
hill_climbing,rastrigin,103,5400,54.68788548776055
hill_climbing,rastrigin,103,5500,54.68788548776055
hill_climbing,rastrigin,103,5600,54.68788548776055
hill_climbing,rastrigin,103,5700,54.68788548776055
hill_climbing,rastrigin,103,5800,54.68788548776055
hill_climbing,rastrigin,103,5900,54.68788548776055
hill_climbing,rastrigin,103,6000,54.68788548776055
hill_climbing,rastrigin,103,6100,54.68788548776055
hill_climbing,rastrigin,103,6200,54.68788548776055
hill_climbing,rastrigin,103,6300,54.68788548776055
hill_climbing,rastrigin,103,6400,54.68788548776055
hill_climbing,rastrigin,103,6500,54.68788548776055
hill_climbing,rastrigin,103,6600,54.68788548776055
hill_climbing,rastrigin,103,6700,54.68788548776055
hill_climbing,rastrigin,103,6800,54.68788548776055
hill_climbing,rastrigin,103,6900,54.68788548776055
hill_climbing,rastrigin,103,7000,54.68788548776055
hill_climbing,rastrigin,103,7100,54.68788548776055
hill_climbing,rastrigin,103,7200,54.68788548776055
hill_climbing,rastrigin,103,7300,54.68788548776055
hill_climbing,rastrigin,103,7400,54.68788548776055
hill_climbing,rastrigin,103,7500,54.68788548776055
hill_climbing,rastrigin,103,7600,54.68788548776055
hill_climbing,rastrigin,103,7700,54.68788548776055
hill_climbing,rastrigin,103,7800,54.68788548776055
hill_climbing,rastrigin,103,7900,54.68788548776055
hill_climbing,rastrigin,103,8000,54.68788548776055
hill_climbing,rastrigin,103,8100,54.68788548776055
hill_climbing,rastrigin,103,8200,54.68788548776055
hill_climbing,rastrigin,103,8300,54.68788548776055
hill_climbing,rastrigin,103,8400,54.68788548776055
hill_climbing,rastrigin,103,8500,54.68788548776055
hill_climbing,rastrigin,103,8600,54.68788548776055
hill_climbing,rastrigin,103,8700,54.68788548776055
hill_climbing,rastrigin,103,8800,54.68788548776055
hill_climbing,rastrigin,103,8900,54.68788548776055
hill_climbing,rastrigin,103,9000,54.68788548776055
hill_climbing,rastrigin,103,9100,54.68788548776055
hill_climbing,rastrigin,103,9200,54.68788548776055
hill_climbing,rastrigin,103,9300,54.68788548776055
hill_climbing,rastrigin,103,9400,54.68788548776055
hill_climbing,rastrigin,103,9500,54.68788548776055
hill_climbing,rastrigin,103,9600,54.68788548776055
hill_climbing,rastrigin,103,9700,54.68788548776055
hill_climbing,rastrigin,103,9800,54.68788548776055
hill_climbing,rastrigin,103,9900,54.68788548776055
hill_climbing,rastrigin,103,10000,54.68788548776055
hill_climbing,rastrigin,103,10100,54.68788548776055
hill_climbing,rastrigin,103,10200,54.68788548776055
hill_climbing,rastrigin,103,10300,54.68788548776055
hill_climbing,rastrigin,103,10400,54.68788548776055
hill_climbing,rastrigin,103,10500,54.68788548776055
hill_climbing,rastrigin,103,10600,54.68788548776055
hill_climbing,rastrigin,103,10700,54.68788548776055
hill_climbing,rastrigin,103,10800,54.68788548776055
hill_climbing,rastrigin,103,10900,54.68788548776055
hill_climbing,rastrigin,103,11000,54.68788548776055
hill_climbing,rastrigin,103,11100,54.68788548776055
hill_climbing,rastrigin,103,11200,54.68788548776055
hill_climbing,rastrigin,103,11300,54.68788548776055
hill_climbing,rastrigin,103,11400,54.68788548776055
hill_climbing,rastrigin,103,11500,54.68788548776055
hill_climbing,rastrigin,103,11600,54.68788548776055
hill_climbing,rastrigin,103,11700,54.68788548776055
hill_climbing,rastrigin,103,11800,54.68788548776055
hill_climbing,rastrigin,103,11900,54.68788548776055
hill_climbing,rastrigin,103,12000,54.68788548776055
hill_climbing,rastrigin,103,12100,54.68788548776055
hill_climbing,rastrigin,103,12200,54.68788548776055
hill_climbing,rastrigin,103,12300,54.68788548776055
hill_climbing,rastrigin,103,12400,54.68788548776055
hill_climbing,rastrigin,103,12500,54.68788548776055
hill_climbing,rastrigin,103,12600,54.68788548776055
hill_climbing,rastrigin,103,12700,54.68788548776055
hill_climbing,rastrigin,103,12800,54.68788548776055
hill_climbing,rastrigin,103,12900,54.68788548776055
hill_climbing,rastrigin,103,13000,54.68788548776055
hill_climbing,rastrigin,103,13100,54.68788548776055
hill_climbing,rastrigin,103,13200,54.68788548776055
hill_climbing,rastrigin,103,13300,54.68788548776055
hill_climbing,rastrigin,103,13400,54.68788548776055
hill_climbing,rastrigin,103,13500,54.68788548776055
hill_climbing,rastrigin,103,13600,54.68788548776055
hill_climbing,rastrigin,103,13700,54.68788548776055
hill_climbing,rastrigin,103,13800,54.68788548776055
hill_climbing,rastrigin,103,13900,54.68788548776055
hill_climbing,rastrigin,103,14000,54.68788548776055
hill_climbing,rastrigin,103,14100,54.68788548776055
hill_climbing,rastrigin,103,14200,54.68788548776055
hill_climbing,rastrigin,103,14300,54.68788548776055
hill_climbing,rastrigin,103,14400,54.68788548776055
hill_climbing,rastrigin,103,14500,54.68788548776055
hill_climbing,rastrigin,103,14600,54.68788548776055
hill_climbing,rastrigin,103,14700,54.68788548776055
hill_climbing,rastrigin,103,14800,54.68788548776055
hill_climbing,rastrigin,103,14900,54.68788548776055
hill_climbing,rastrigin,103,15000,54.68788548776055
hill_climbing,rastrigin,103,15100,54.68788548776055
hill_climbing,rastrigin,103,15200,54.68788548776055
hill_climbing,rastrigin,103,15300,54.68788548776055
hill_climbing,rastrigin,103,15400,54.68788548776055
hill_climbing,rastrigin,103,15500,54.68788548776055
hill_climbing,rastrigin,103,15600,54.68788548776055
hill_climbing,rastrigin,103,15700,54.68788548776055
hill_climbing,rastrigin,103,15800,54.68788548776055
hill_climbing,rastrigin,103,15900,54.68788548776055
hill_climbing,rastrigin,103,16000,54.68788548776055
hill_climbing,rastrigin,103,16100,54.68788548776055
hill_climbing,rastrigin,103,16200,54.68788548776055
hill_climbing,rastrigin,103,16300,54.68788548776055
hill_climbing,rastrigin,103,16400,54.68788548776055
hill_climbing,rastrigin,103,16500,54.68788548776055
hill_climbing,rastrigin,103,16600,54.68788548776055
hill_climbing,rastrigin,103,16700,54.68788548776055
hill_climbing,rastrigin,103,16800,54.68788548776055
hill_climbing,rastrigin,103,16900,54.68788548776055
hill_climbing,rastrigin,103,17000,54.68788548776055
hill_climbing,rastrigin,103,17100,54.68788548776055
hill_climbing,rastrigin,103,17200,54.68788548776055
hill_climbing,rastrigin,103,17300,54.68788548776055
hill_climbing,rastrigin,103,17400,54.68788548776055
hill_climbing,rastrigin,103,17500,54.68788548776055
hill_climbing,rastrigin,103,17600,54.68788548776055
hill_climbing,rastrigin,103,17700,54.68788548776055
hill_climbing,rastrigin,103,17800,54.68788548776055
hill_climbing,rastrigin,103,17900,54.68788548776055
hill_climbing,rastrigin,103,18000,54.68788548776055
hill_climbing,rastrigin,103,18100,54.68788548776055
hill_climbing,rastrigin,103,18200,54.68788548776055
hill_climbing,rastrigin,103,18300,54.68788548776055
hill_climbing,rastrigin,103,18400,54.68788548776055
hill_climbing,rastrigin,103,18500,54.68788548776055
hill_climbing,rastrigin,103,18600,54.68788548776055
hill_climbing,rastrigin,103,18700,54.68788548776055
hill_climbing,rastrigin,103,18800,54.68788548776055
hill_climbing,rastrigin,103,18900,54.68788548776055
hill_climbing,rastrigin,103,19000,54.68788548776055
hill_climbing,rastrigin,103,19100,54.68788548776055
hill_climbing,rastrigin,103,19200,54.68788548776055
hill_climbing,rastrigin,103,19300,54.68788548776055
hill_climbing,rastrigin,103,19400,54.68788548776055
hill_climbing,rastrigin,103,19500,54.68788548776055
hill_climbing,rastrigin,103,19600,54.68788548776055
hill_climbing,rastrigin,103,19700,54.68788548776055
hill_climbing,rastrigin,103,19800,54.68788548776055
hill_climbing,rastrigin,103,19900,54.68788548776055
hill_climbing,rastrigin,103,20000,54.68788548776055
hill_climbing,rastrigin,104,100,113.33569315181123
hill_climbing,rastrigin,104,200,111.37524275145842
hill_climbing,rastrigin,104,300,109.23901270378315
hill_climbing,rastrigin,104,400,109.23901270378315
hill_climbing,rastrigin,104,500,104.30435336301699
hill_climbing,rastrigin,104,600,104.30435336301699
hill_climbing,rastrigin,104,700,104.30435336301699
hill_climbing,rastrigin,104,800,104.30435336301699
hill_climbing,rastrigin,104,900,104.30435336301699
hill_climbing,rastrigin,104,1000,104.30435336301699
hill_climbing,rastrigin,104,1100,104.30435336301699
hill_climbing,rastrigin,104,1200,104.30435336301699
hill_climbing,rastrigin,104,1300,104.30435336301699
hill_climbing,rastrigin,104,1400,104.30435336301699
hill_climbing,rastrigin,104,1500,94.33528451478139
hill_climbing,rastrigin,104,1600,94.33528451478139
hill_climbing,rastrigin,104,1700,94.33528451478139
hill_climbing,rastrigin,104,1800,88.53299508392938
hill_climbing,rastrigin,104,1900,88.53299508392938
hill_climbing,rastrigin,104,2000,88.53299508392938
hill_climbing,rastrigin,104,2100,88.53299508392938
hill_climbing,rastrigin,104,2200,75.06918437455639
hill_climbing,rastrigin,104,2300,75.06918437455639
hill_climbing,rastrigin,104,2400,75.06918437455639
hill_climbing,rastrigin,104,2500,70.38024193133103
hill_climbing,rastrigin,104,2600,70.38024193133103
hill_climbing,rastrigin,104,2700,70.38024193133103
hill_climbing,rastrigin,104,2800,70.38024193133103
hill_climbing,rastrigin,104,2900,70.38024193133103
hill_climbing,rastrigin,104,3000,70.38024193133103
hill_climbing,rastrigin,104,3100,70.38024193133103
hill_climbing,rastrigin,104,3200,70.38024193133103
hill_climbing,rastrigin,104,3300,70.38024193133103
hill_climbing,rastrigin,104,3400,70.38024193133103
hill_climbing,rastrigin,104,3500,70.38024193133103
hill_climbing,rastrigin,104,3600,70.38024193133103
hill_climbing,rastrigin,104,3700,70.38024193133103
hill_climbing,rastrigin,104,3800,70.38024193133103
hill_climbing,rastrigin,104,3900,70.38024193133103
hill_climbing,rastrigin,104,4000,70.38024193133103
hill_climbing,rastrigin,104,4100,70.38024193133103
hill_climbing,rastrigin,104,4200,70.38024193133103
hill_climbing,rastrigin,104,4300,70.38024193133103
hill_climbing,rastrigin,104,4400,70.38024193133103
hill_climbing,rastrigin,104,4500,70.38024193133103
hill_climbing,rastrigin,104,4600,70.38024193133103
hill_climbing,rastrigin,104,4700,70.38024193133103
hill_climbing,rastrigin,104,4800,70.38024193133103
hill_climbing,rastrigin,104,4900,70.38024193133103
hill_climbing,rastrigin,104,5000,70.38024193133103
hill_climbing,rastrigin,104,5100,70.38024193133103
hill_climbing,rastrigin,104,5200,64.71390113244473
hill_climbing,rastrigin,104,5300,64.71390113244473
hill_climbing,rastrigin,104,5400,64.71390113244473
hill_climbing,rastrigin,104,5500,64.71390113244473
hill_climbing,rastrigin,104,5600,64.71390113244473
hill_climbing,rastrigin,104,5700,64.71390113244473
hill_climbing,rastrigin,104,5800,64.71390113244473
hill_climbing,rastrigin,104,5900,64.71390113244473
hill_climbing,rastrigin,104,6000,64.71390113244473
hill_climbing,rastrigin,104,6100,64.71390113244473
hill_climbing,rastrigin,104,6200,64.71390113244473
hill_climbing,rastrigin,104,6300,64.71390113244473
hill_climbing,rastrigin,104,6400,64.71390113244473
hill_climbing,rastrigin,104,6500,64.71390113244473
hill_climbing,rastrigin,104,6600,64.71390113244473
hill_climbing,rastrigin,104,6700,64.71390113244473
hill_climbing,rastrigin,104,6800,64.71390113244473
hill_climbing,rastrigin,104,6900,64.71390113244473
hill_climbing,rastrigin,104,7000,64.71390113244473
hill_climbing,rastrigin,104,7100,64.71390113244473
hill_climbing,rastrigin,104,7200,64.71390113244473
hill_climbing,rastrigin,104,7300,64.71390113244473
hill_climbing,rastrigin,104,7400,64.71390113244473
hill_climbing,rastrigin,104,7500,64.71390113244473
hill_climbing,rastrigin,104,7600,64.71390113244473
hill_climbing,rastrigin,104,7700,64.71390113244473
hill_climbing,rastrigin,104,7800,64.71390113244473
hill_climbing,rastrigin,104,7900,64.71390113244473
hill_climbing,rastrigin,104,8000,64.71390113244473
hill_climbing,rastrigin,104,8100,59.29823909506821
hill_climbing,rastrigin,104,8200,59.29823909506821
hill_climbing,rastrigin,104,8300,59.29823909506821
hill_climbing,rastrigin,104,8400,59.29823909506821
hill_climbing,rastrigin,104,8500,59.29823909506821
hill_climbing,rastrigin,104,8600,59.29823909506821
hill_climbing,rastrigin,104,8700,59.29823909506821
hill_climbing,rastrigin,104,8800,59.29823909506821
hill_climbing,rastrigin,104,8900,59.29823909506821
hill_climbing,rastrigin,104,9000,59.29823909506821
hill_climbing,rastrigin,104,9100,59.29823909506821
hill_climbing,rastrigin,104,9200,59.29823909506821
hill_climbing,rastrigin,104,9300,59.29823909506821
hill_climbing,rastrigin,104,9400,59.29823909506821
hill_climbing,rastrigin,104,9500,59.29823909506821
hill_climbing,rastrigin,104,9600,59.29823909506821
hill_climbing,rastrigin,104,9700,59.29823909506821
hill_climbing,rastrigin,104,9800,59.29823909506821
hill_climbing,rastrigin,104,9900,59.29823909506821
hill_climbing,rastrigin,104,10000,59.29823909506821
hill_climbing,rastrigin,104,10100,59.29823909506821
hill_climbing,rastrigin,104,10200,59.29823909506821
hill_climbing,rastrigin,104,10300,59.29823909506821
hill_climbing,rastrigin,104,10400,59.29823909506821
hill_climbing,rastrigin,104,10500,59.29823909506821
hill_climbing,rastrigin,104,10600,59.29823909506821
hill_climbing,rastrigin,104,10700,59.29823909506821
hill_climbing,rastrigin,104,10800,59.29823909506821
hill_climbing,rastrigin,104,10900,59.29823909506821
hill_climbing,rastrigin,104,11000,59.29823909506821
hill_climbing,rastrigin,104,11100,59.29823909506821
hill_climbing,rastrigin,104,11200,59.29823909506821
hill_climbing,rastrigin,104,11300,59.29823909506821
hill_climbing,rastrigin,104,11400,59.29823909506821
hill_climbing,rastrigin,104,11500,59.29823909506821
hill_climbing,rastrigin,104,11600,59.29823909506821
hill_climbing,rastrigin,104,11700,59.29823909506821
hill_climbing,rastrigin,104,11800,59.29823909506821
hill_climbing,rastrigin,104,11900,59.29823909506821
hill_climbing,rastrigin,104,12000,59.29823909506821
hill_climbing,rastrigin,104,12100,59.29823909506821
hill_climbing,rastrigin,104,12200,59.29823909506821
hill_climbing,rastrigin,104,12300,59.29823909506821
hill_climbing,rastrigin,104,12400,59.29823909506821
hill_climbing,rastrigin,104,12500,59.29823909506821
hill_climbing,rastrigin,104,12600,59.29823909506821
hill_climbing,rastrigin,104,12700,59.29823909506821
hill_climbing,rastrigin,104,12800,59.29823909506821
hill_climbing,rastrigin,104,12900,59.29823909506821
hill_climbing,rastrigin,104,13000,59.29823909506821
hill_climbing,rastrigin,104,13100,59.29823909506821
hill_climbing,rastrigin,104,13200,59.29823909506821
hill_climbing,rastrigin,104,13300,45.7276968509002
hill_climbing,rastrigin,104,13400,45.7276968509002
hill_climbing,rastrigin,104,13500,45.7276968509002
hill_climbing,rastrigin,104,13600,45.7276968509002
hill_climbing,rastrigin,104,13700,45.7276968509002
hill_climbing,rastrigin,104,13800,45.7276968509002
hill_climbing,rastrigin,104,13900,45.7276968509002
hill_climbing,rastrigin,104,14000,45.7276968509002
hill_climbing,rastrigin,104,14100,45.7276968509002
hill_climbing,rastrigin,104,14200,45.7276968509002
hill_climbing,rastrigin,104,14300,45.7276968509002
hill_climbing,rastrigin,104,14400,45.7276968509002
hill_climbing,rastrigin,104,14500,45.7276968509002
hill_climbing,rastrigin,104,14600,45.7276968509002
hill_climbing,rastrigin,104,14700,45.7276968509002
hill_climbing,rastrigin,104,14800,45.7276968509002
hill_climbing,rastrigin,104,14900,45.7276968509002
hill_climbing,rastrigin,104,15000,45.7276968509002
hill_climbing,rastrigin,104,15100,45.7276968509002
hill_climbing,rastrigin,104,15200,45.7276968509002
hill_climbing,rastrigin,104,15300,45.7276968509002
hill_climbing,rastrigin,104,15400,45.7276968509002
hill_climbing,rastrigin,104,15500,45.7276968509002
hill_climbing,rastrigin,104,15600,45.7276968509002
hill_climbing,rastrigin,104,15700,45.7276968509002
hill_climbing,rastrigin,104,15800,45.7276968509002
hill_climbing,rastrigin,104,15900,45.7276968509002
hill_climbing,rastrigin,104,16000,45.7276968509002
hill_climbing,rastrigin,104,16100,45.7276968509002
hill_climbing,rastrigin,104,16200,45.7276968509002
hill_climbing,rastrigin,104,16300,45.7276968509002
hill_climbing,rastrigin,104,16400,45.7276968509002
hill_climbing,rastrigin,104,16500,45.7276968509002
hill_climbing,rastrigin,104,16600,45.7276968509002
hill_climbing,rastrigin,104,16700,45.7276968509002
hill_climbing,rastrigin,104,16800,45.7276968509002
hill_climbing,rastrigin,104,16900,45.7276968509002
hill_climbing,rastrigin,104,17000,45.7276968509002
hill_climbing,rastrigin,104,17100,45.7276968509002
hill_climbing,rastrigin,104,17200,45.7276968509002
hill_climbing,rastrigin,104,17300,45.7276968509002
hill_climbing,rastrigin,104,17400,45.7276968509002
hill_climbing,rastrigin,104,17500,45.7276968509002
hill_climbing,rastrigin,104,17600,45.7276968509002
hill_climbing,rastrigin,104,17700,45.7276968509002
hill_climbing,rastrigin,104,17800,45.7276968509002
hill_climbing,rastrigin,104,17900,45.7276968509002
hill_climbing,rastrigin,104,18000,45.7276968509002
hill_climbing,rastrigin,104,18100,45.7276968509002
hill_climbing,rastrigin,104,18200,45.7276968509002
hill_climbing,rastrigin,104,18300,45.7276968509002
hill_climbing,rastrigin,104,18400,45.7276968509002
hill_climbing,rastrigin,104,18500,45.7276968509002
hill_climbing,rastrigin,104,18600,45.7276968509002
hill_climbing,rastrigin,104,18700,45.7276968509002
hill_climbing,rastrigin,104,18800,45.7276968509002
hill_climbing,rastrigin,104,18900,45.7276968509002
hill_climbing,rastrigin,104,19000,45.7276968509002
hill_climbing,rastrigin,104,19100,45.7276968509002
hill_climbing,rastrigin,104,19200,45.7276968509002
hill_climbing,rastrigin,104,19300,45.7276968509002
hill_climbing,rastrigin,104,19400,45.7276968509002
hill_climbing,rastrigin,104,19500,45.7276968509002
hill_climbing,rastrigin,104,19600,45.7276968509002
hill_climbing,rastrigin,104,19700,45.7276968509002
hill_climbing,rastrigin,104,19800,45.7276968509002
hill_climbing,rastrigin,104,19900,45.7276968509002
hill_climbing,rastrigin,104,20000,45.7276968509002
hill_climbing,rastrigin,105,100,112.25436507738954
hill_climbing,rastrigin,105,200,77.85796903631062
hill_climbing,rastrigin,105,300,77.85796903631062
hill_climbing,rastrigin,105,400,71.12118276374737
hill_climbing,rastrigin,105,500,71.12118276374737
hill_climbing,rastrigin,105,600,71.12118276374737
hill_climbing,rastrigin,105,700,71.12118276374737
hill_climbing,rastrigin,105,800,71.12118276374737
hill_climbing,rastrigin,105,900,71.12118276374737
hill_climbing,rastrigin,105,1000,71.12118276374737
hill_climbing,rastrigin,105,1100,71.12118276374737
hill_climbing,rastrigin,105,1200,71.12118276374737
hill_climbing,rastrigin,105,1300,71.12118276374737
hill_climbing,rastrigin,105,1400,71.12118276374737
hill_climbing,rastrigin,105,1500,71.12118276374737
hill_climbing,rastrigin,105,1600,71.12118276374737
hill_climbing,rastrigin,105,1700,71.12118276374737
hill_climbing,rastrigin,105,1800,71.12118276374737
hill_climbing,rastrigin,105,1900,71.12118276374737
hill_climbing,rastrigin,105,2000,71.12118276374737
hill_climbing,rastrigin,105,2100,71.12118276374737
hill_climbing,rastrigin,105,2200,71.12118276374737
hill_climbing,rastrigin,105,2300,71.12118276374737
hill_climbing,rastrigin,105,2400,71.12118276374737
hill_climbing,rastrigin,105,2500,71.12118276374737
hill_climbing,rastrigin,105,2600,71.12118276374737
hill_climbing,rastrigin,105,2700,71.12118276374737
hill_climbing,rastrigin,105,2800,71.12118276374737
hill_climbing,rastrigin,105,2900,71.12118276374737
hill_climbing,rastrigin,105,3000,71.12118276374737
hill_climbing,rastrigin,105,3100,71.12118276374737
hill_climbing,rastrigin,105,3200,71.12118276374737
hill_climbing,rastrigin,105,3300,71.12118276374737
hill_climbing,rastrigin,105,3400,71.12118276374737
hill_climbing,rastrigin,105,3500,71.12118276374737
hill_climbing,rastrigin,105,3600,71.12118276374737
hill_climbing,rastrigin,105,3700,71.12118276374737
hill_climbing,rastrigin,105,3800,71.12118276374737
hill_climbing,rastrigin,105,3900,71.12118276374737
hill_climbing,rastrigin,105,4000,71.12118276374737
hill_climbing,rastrigin,105,4100,71.12118276374737
hill_climbing,rastrigin,105,4200,71.12118276374737
hill_climbing,rastrigin,105,4300,71.12118276374737
hill_climbing,rastrigin,105,4400,71.12118276374737
hill_climbing,rastrigin,105,4500,71.12118276374737
hill_climbing,rastrigin,105,4600,71.12118276374737
hill_climbing,rastrigin,105,4700,71.12118276374737
hill_climbing,rastrigin,105,4800,71.12118276374737
hill_climbing,rastrigin,105,4900,71.12118276374737
hill_climbing,rastrigin,105,5000,71.12118276374737
hill_climbing,rastrigin,105,5100,71.12118276374737
hill_climbing,rastrigin,105,5200,71.12118276374737
hill_climbing,rastrigin,105,5300,71.12118276374737
hill_climbing,rastrigin,105,5400,71.12118276374737
hill_climbing,rastrigin,105,5500,71.12118276374737
hill_climbing,rastrigin,105,5600,71.12118276374737
hill_climbing,rastrigin,105,5700,71.12118276374737
hill_climbing,rastrigin,105,5800,71.12118276374737
hill_climbing,rastrigin,105,5900,71.12118276374737
hill_climbing,rastrigin,105,6000,71.12118276374737
hill_climbing,rastrigin,105,6100,71.12118276374737
hill_climbing,rastrigin,105,6200,71.12118276374737
hill_climbing,rastrigin,105,6300,71.12118276374737
hill_climbing,rastrigin,105,6400,71.12118276374737
hill_climbing,rastrigin,105,6500,71.12118276374737
hill_climbing,rastrigin,105,6600,71.12118276374737
hill_climbing,rastrigin,105,6700,71.12118276374737
hill_climbing,rastrigin,105,6800,71.12118276374737
hill_climbing,rastrigin,105,6900,71.12118276374737
hill_climbing,rastrigin,105,7000,71.12118276374737
hill_climbing,rastrigin,105,7100,71.12118276374737
hill_climbing,rastrigin,105,7200,71.12118276374737
hill_climbing,rastrigin,105,7300,71.12118276374737
hill_climbing,rastrigin,105,7400,71.12118276374737
hill_climbing,rastrigin,105,7500,71.12118276374737
hill_climbing,rastrigin,105,7600,71.12118276374737
hill_climbing,rastrigin,105,7700,71.12118276374737
hill_climbing,rastrigin,105,7800,71.12118276374737
hill_climbing,rastrigin,105,7900,71.12118276374737
hill_climbing,rastrigin,105,8000,71.12118276374737
hill_climbing,rastrigin,105,8100,71.12118276374737
hill_climbing,rastrigin,105,8200,71.12118276374737
hill_climbing,rastrigin,105,8300,71.12118276374737
hill_climbing,rastrigin,105,8400,71.12118276374737
hill_climbing,rastrigin,105,8500,71.12118276374737
hill_climbing,rastrigin,105,8600,71.12118276374737
hill_climbing,rastrigin,105,8700,71.12118276374737
hill_climbing,rastrigin,105,8800,71.12118276374737
hill_climbing,rastrigin,105,8900,71.12118276374737
hill_climbing,rastrigin,105,9000,71.12118276374737
hill_climbing,rastrigin,105,9100,71.12118276374737
hill_climbing,rastrigin,105,9200,71.12118276374737
hill_climbing,rastrigin,105,9300,71.12118276374737
hill_climbing,rastrigin,105,9400,71.12118276374737
hill_climbing,rastrigin,105,9500,71.12118276374737
hill_climbing,rastrigin,105,9600,71.12118276374737
hill_climbing,rastrigin,105,9700,71.12118276374737
hill_climbing,rastrigin,105,9800,71.12118276374737
hill_climbing,rastrigin,105,9900,71.12118276374737
hill_climbing,rastrigin,105,10000,71.12118276374737
hill_climbing,rastrigin,105,10100,71.12118276374737
hill_climbing,rastrigin,105,10200,71.12118276374737
hill_climbing,rastrigin,105,10300,71.12118276374737
hill_climbing,rastrigin,105,10400,71.12118276374737
hill_climbing,rastrigin,105,10500,71.12118276374737
hill_climbing,rastrigin,105,10600,71.12118276374737
hill_climbing,rastrigin,105,10700,65.51117547998669
hill_climbing,rastrigin,105,10800,65.51117547998669
hill_climbing,rastrigin,105,10900,65.51117547998669
hill_climbing,rastrigin,105,11000,50.693146018975064
hill_climbing,rastrigin,105,11100,50.693146018975064
hill_climbing,rastrigin,105,11200,50.693146018975064
hill_climbing,rastrigin,105,11300,47.658417439591254
hill_climbing,rastrigin,105,11400,47.658417439591254
hill_climbing,rastrigin,105,11500,47.658417439591254
hill_climbing,rastrigin,105,11600,47.658417439591254
hill_climbing,rastrigin,105,11700,38.31761564046435
hill_climbing,rastrigin,105,11800,38.31761564046435
hill_climbing,rastrigin,105,11900,38.31761564046435
hill_climbing,rastrigin,105,12000,38.31761564046435
hill_climbing,rastrigin,105,12100,38.31761564046435
hill_climbing,rastrigin,105,12200,38.31761564046435
hill_climbing,rastrigin,105,12300,38.31761564046435
hill_climbing,rastrigin,105,12400,38.31761564046435
hill_climbing,rastrigin,105,12500,38.31761564046435
hill_climbing,rastrigin,105,12600,38.31761564046435
hill_climbing,rastrigin,105,12700,38.31761564046435
hill_climbing,rastrigin,105,12800,38.31761564046435
hill_climbing,rastrigin,105,12900,38.31761564046435
hill_climbing,rastrigin,105,13000,38.31761564046435
hill_climbing,rastrigin,105,13100,38.31761564046435
hill_climbing,rastrigin,105,13200,38.31761564046435
hill_climbing,rastrigin,105,13300,38.31761564046435
hill_climbing,rastrigin,105,13400,38.31761564046435
hill_climbing,rastrigin,105,13500,38.31761564046435
hill_climbing,rastrigin,105,13600,38.31761564046435
hill_climbing,rastrigin,105,13700,38.31761564046435
hill_climbing,rastrigin,105,13800,38.31761564046435
hill_climbing,rastrigin,105,13900,38.31761564046435
hill_climbing,rastrigin,105,14000,38.31761564046435
hill_climbing,rastrigin,105,14100,38.31761564046435
hill_climbing,rastrigin,105,14200,38.31761564046435
hill_climbing,rastrigin,105,14300,38.31761564046435
hill_climbing,rastrigin,105,14400,38.31761564046435
hill_climbing,rastrigin,105,14500,38.31761564046435
hill_climbing,rastrigin,105,14600,38.31761564046435
hill_climbing,rastrigin,105,14700,38.31761564046435
hill_climbing,rastrigin,105,14800,38.31761564046435
hill_climbing,rastrigin,105,14900,38.31761564046435
hill_climbing,rastrigin,105,15000,38.31761564046435
hill_climbing,rastrigin,105,15100,38.31761564046435
hill_climbing,rastrigin,105,15200,38.31761564046435
hill_climbing,rastrigin,105,15300,38.31761564046435
hill_climbing,rastrigin,105,15400,38.31761564046435
hill_climbing,rastrigin,105,15500,38.31761564046435
hill_climbing,rastrigin,105,15600,38.31761564046435
hill_climbing,rastrigin,105,15700,38.31761564046435
hill_climbing,rastrigin,105,15800,38.31761564046435
hill_climbing,rastrigin,105,15900,38.31761564046435
hill_climbing,rastrigin,105,16000,38.31761564046435
hill_climbing,rastrigin,105,16100,38.31761564046435
hill_climbing,rastrigin,105,16200,38.31761564046435
hill_climbing,rastrigin,105,16300,38.31761564046435
hill_climbing,rastrigin,105,16400,38.31761564046435
hill_climbing,rastrigin,105,16500,38.31761564046435
hill_climbing,rastrigin,105,16600,38.31761564046435
hill_climbing,rastrigin,105,16700,38.31761564046435
hill_climbing,rastrigin,105,16800,38.31761564046435
hill_climbing,rastrigin,105,16900,38.31761564046435
hill_climbing,rastrigin,105,17000,38.31761564046435
hill_climbing,rastrigin,105,17100,38.31761564046435
hill_climbing,rastrigin,105,17200,38.31761564046435
hill_climbing,rastrigin,105,17300,38.31761564046435
hill_climbing,rastrigin,105,17400,38.31761564046435
hill_climbing,rastrigin,105,17500,38.31761564046435
hill_climbing,rastrigin,105,17600,38.31761564046435
hill_climbing,rastrigin,105,17700,38.31761564046435
hill_climbing,rastrigin,105,17800,38.31761564046435
hill_climbing,rastrigin,105,17900,38.31761564046435
hill_climbing,rastrigin,105,18000,38.31761564046435
hill_climbing,rastrigin,105,18100,38.31761564046435
hill_climbing,rastrigin,105,18200,38.31761564046435
hill_climbing,rastrigin,105,18300,38.31761564046435
hill_climbing,rastrigin,105,18400,38.31761564046435
hill_climbing,rastrigin,105,18500,38.31761564046435
hill_climbing,rastrigin,105,18600,38.31761564046435
hill_climbing,rastrigin,105,18700,38.31761564046435
hill_climbing,rastrigin,105,18800,38.31761564046435
hill_climbing,rastrigin,105,18900,38.31761564046435
hill_climbing,rastrigin,105,19000,38.31761564046435
hill_climbing,rastrigin,105,19100,38.31761564046435
hill_climbing,rastrigin,105,19200,38.31761564046435
hill_climbing,rastrigin,105,19300,38.31761564046435
hill_climbing,rastrigin,105,19400,38.31761564046435
hill_climbing,rastrigin,105,19500,38.31761564046435
hill_climbing,rastrigin,105,19600,38.31761564046435
hill_climbing,rastrigin,105,19700,38.31761564046435
hill_climbing,rastrigin,105,19800,38.31761564046435
hill_climbing,rastrigin,105,19900,38.31761564046435
hill_climbing,rastrigin,105,20000,38.31761564046435
hill_climbing,rastrigin,106,100,134.7194572089453
hill_climbing,rastrigin,106,200,134.7194572089453
hill_climbing,rastrigin,106,300,134.7194572089453
hill_climbing,rastrigin,106,400,134.7194572089453
hill_climbing,rastrigin,106,500,134.7194572089453
hill_climbing,rastrigin,106,600,132.09389098911078
hill_climbing,rastrigin,106,700,101.19937539120242
hill_climbing,rastrigin,106,800,101.19937539120242
hill_climbing,rastrigin,106,900,74.1178638305538
hill_climbing,rastrigin,106,1000,73.18635661048553
hill_climbing,rastrigin,106,1100,49.97386725843775
hill_climbing,rastrigin,106,1200,49.97386725843775
hill_climbing,rastrigin,106,1300,49.97386725843775
hill_climbing,rastrigin,106,1400,49.97386725843775
hill_climbing,rastrigin,106,1500,49.97386725843775
hill_climbing,rastrigin,106,1600,49.97386725843775
hill_climbing,rastrigin,106,1700,49.97386725843775
hill_climbing,rastrigin,106,1800,49.97386725843775
hill_climbing,rastrigin,106,1900,49.97386725843775
hill_climbing,rastrigin,106,2000,49.97386725843775
hill_climbing,rastrigin,106,2100,49.97386725843775
hill_climbing,rastrigin,106,2200,49.97386725843775
hill_climbing,rastrigin,106,2300,49.97386725843775
hill_climbing,rastrigin,106,2400,49.97386725843775
hill_climbing,rastrigin,106,2500,49.97386725843775
hill_climbing,rastrigin,106,2600,49.97386725843775
hill_climbing,rastrigin,106,2700,49.97386725843775
hill_climbing,rastrigin,106,2800,49.97386725843775
hill_climbing,rastrigin,106,2900,49.97386725843775
hill_climbing,rastrigin,106,3000,49.97386725843775
hill_climbing,rastrigin,106,3100,49.97386725843775
hill_climbing,rastrigin,106,3200,49.97386725843775
hill_climbing,rastrigin,106,3300,49.97386725843775
hill_climbing,rastrigin,106,3400,49.97386725843775
hill_climbing,rastrigin,106,3500,49.97386725843775
hill_climbing,rastrigin,106,3600,49.97386725843775
hill_climbing,rastrigin,106,3700,49.97386725843775
hill_climbing,rastrigin,106,3800,49.97386725843775
hill_climbing,rastrigin,106,3900,49.97386725843775
hill_climbing,rastrigin,106,4000,49.97386725843775
hill_climbing,rastrigin,106,4100,49.97386725843775
hill_climbing,rastrigin,106,4200,49.97386725843775
hill_climbing,rastrigin,106,4300,49.97386725843775
hill_climbing,rastrigin,106,4400,49.97386725843775
hill_climbing,rastrigin,106,4500,49.97386725843775
hill_climbing,rastrigin,106,4600,49.97386725843775
hill_climbing,rastrigin,106,4700,49.97386725843775
hill_climbing,rastrigin,106,4800,49.97386725843775
hill_climbing,rastrigin,106,4900,49.97386725843775
hill_climbing,rastrigin,106,5000,49.97386725843775
hill_climbing,rastrigin,106,5100,49.97386725843775
hill_climbing,rastrigin,106,5200,49.97386725843775
hill_climbing,rastrigin,106,5300,49.97386725843775
hill_climbing,rastrigin,106,5400,49.97386725843775
hill_climbing,rastrigin,106,5500,49.97386725843775
hill_climbing,rastrigin,106,5600,49.97386725843775
hill_climbing,rastrigin,106,5700,49.97386725843775
hill_climbing,rastrigin,106,5800,49.97386725843775
hill_climbing,rastrigin,106,5900,49.97386725843775
hill_climbing,rastrigin,106,6000,49.97386725843775
hill_climbing,rastrigin,106,6100,49.97386725843775
hill_climbing,rastrigin,106,6200,49.97386725843775
hill_climbing,rastrigin,106,6300,49.97386725843775
hill_climbing,rastrigin,106,6400,49.97386725843775
hill_climbing,rastrigin,106,6500,49.97386725843775
hill_climbing,rastrigin,106,6600,49.97386725843775
hill_climbing,rastrigin,106,6700,49.97386725843775
hill_climbing,rastrigin,106,6800,49.97386725843775
hill_climbing,rastrigin,106,6900,49.97386725843775
hill_climbing,rastrigin,106,7000,49.97386725843775
hill_climbing,rastrigin,106,7100,49.97386725843775
hill_climbing,rastrigin,106,7200,49.97386725843775
hill_climbing,rastrigin,106,7300,49.97386725843775
hill_climbing,rastrigin,106,7400,49.97386725843775
hill_climbing,rastrigin,106,7500,49.97386725843775
hill_climbing,rastrigin,106,7600,49.97386725843775
hill_climbing,rastrigin,106,7700,49.97386725843775
hill_climbing,rastrigin,106,7800,49.97386725843775
hill_climbing,rastrigin,106,7900,49.97386725843775
hill_climbing,rastrigin,106,8000,49.97386725843775
hill_climbing,rastrigin,106,8100,49.97386725843775
hill_climbing,rastrigin,106,8200,49.97386725843775
hill_climbing,rastrigin,106,8300,49.97386725843775
hill_climbing,rastrigin,106,8400,49.97386725843775
hill_climbing,rastrigin,106,8500,49.97386725843775
hill_climbing,rastrigin,106,8600,49.97386725843775
hill_climbing,rastrigin,106,8700,49.97386725843775
hill_climbing,rastrigin,106,8800,49.97386725843775
hill_climbing,rastrigin,106,8900,49.97386725843775
hill_climbing,rastrigin,106,9000,49.97386725843775
hill_climbing,rastrigin,106,9100,49.97386725843775
hill_climbing,rastrigin,106,9200,49.97386725843775
hill_climbing,rastrigin,106,9300,49.97386725843775
hill_climbing,rastrigin,106,9400,49.97386725843775
hill_climbing,rastrigin,106,9500,49.97386725843775
hill_climbing,rastrigin,106,9600,49.97386725843775
hill_climbing,rastrigin,106,9700,49.97386725843775
hill_climbing,rastrigin,106,9800,49.97386725843775
hill_climbing,rastrigin,106,9900,49.97386725843775
hill_climbing,rastrigin,106,10000,49.97386725843775
hill_climbing,rastrigin,106,10100,49.97386725843775
hill_climbing,rastrigin,106,10200,49.97386725843775
hill_climbing,rastrigin,106,10300,49.97386725843775
hill_climbing,rastrigin,106,10400,49.97386725843775
hill_climbing,rastrigin,106,10500,49.97386725843775
hill_climbing,rastrigin,106,10600,49.97386725843775
hill_climbing,rastrigin,106,10700,49.97386725843775
hill_climbing,rastrigin,106,10800,49.97386725843775
hill_climbing,rastrigin,106,10900,49.97386725843775
hill_climbing,rastrigin,106,11000,49.97386725843775
hill_climbing,rastrigin,106,11100,49.97386725843775
hill_climbing,rastrigin,106,11200,49.97386725843775
hill_climbing,rastrigin,106,11300,49.97386725843775
hill_climbing,rastrigin,106,11400,49.97386725843775
hill_climbing,rastrigin,106,11500,49.97386725843775
hill_climbing,rastrigin,106,11600,49.97386725843775
hill_climbing,rastrigin,106,11700,49.97386725843775
hill_climbing,rastrigin,106,11800,49.97386725843775
hill_climbing,rastrigin,106,11900,49.97386725843775
hill_climbing,rastrigin,106,12000,49.97386725843775
hill_climbing,rastrigin,106,12100,49.97386725843775
hill_climbing,rastrigin,106,12200,49.97386725843775
hill_climbing,rastrigin,106,12300,49.97386725843775
hill_climbing,rastrigin,106,12400,49.97386725843775
hill_climbing,rastrigin,106,12500,49.97386725843775
hill_climbing,rastrigin,106,12600,49.97386725843775
hill_climbing,rastrigin,106,12700,49.97386725843775
hill_climbing,rastrigin,106,12800,49.97386725843775
hill_climbing,rastrigin,106,12900,49.97386725843775
hill_climbing,rastrigin,106,13000,49.97386725843775
hill_climbing,rastrigin,106,13100,49.97386725843775
hill_climbing,rastrigin,106,13200,49.97386725843775
hill_climbing,rastrigin,106,13300,49.97386725843775
hill_climbing,rastrigin,106,13400,49.97386725843775
hill_climbing,rastrigin,106,13500,49.97386725843775
hill_climbing,rastrigin,106,13600,49.97386725843775
hill_climbing,rastrigin,106,13700,49.97386725843775
hill_climbing,rastrigin,106,13800,49.97386725843775
hill_climbing,rastrigin,106,13900,49.97386725843775
hill_climbing,rastrigin,106,14000,49.97386725843775
hill_climbing,rastrigin,106,14100,49.97386725843775
hill_climbing,rastrigin,106,14200,49.97386725843775
hill_climbing,rastrigin,106,14300,49.97386725843775
hill_climbing,rastrigin,106,14400,49.97386725843775
hill_climbing,rastrigin,106,14500,49.97386725843775
hill_climbing,rastrigin,106,14600,49.97386725843775
hill_climbing,rastrigin,106,14700,49.97386725843775
hill_climbing,rastrigin,106,14800,49.97386725843775
hill_climbing,rastrigin,106,14900,49.97386725843775
hill_climbing,rastrigin,106,15000,49.97386725843775
hill_climbing,rastrigin,106,15100,49.97386725843775
hill_climbing,rastrigin,106,15200,49.97386725843775
hill_climbing,rastrigin,106,15300,49.97386725843775
hill_climbing,rastrigin,106,15400,49.97386725843775
hill_climbing,rastrigin,106,15500,49.97386725843775
hill_climbing,rastrigin,106,15600,49.97386725843775
hill_climbing,rastrigin,106,15700,49.97386725843775
hill_climbing,rastrigin,106,15800,49.97386725843775
hill_climbing,rastrigin,106,15900,49.97386725843775
hill_climbing,rastrigin,106,16000,49.97386725843775
hill_climbing,rastrigin,106,16100,49.97386725843775
hill_climbing,rastrigin,106,16200,49.97386725843775
hill_climbing,rastrigin,106,16300,49.97386725843775
hill_climbing,rastrigin,106,16400,49.97386725843775
hill_climbing,rastrigin,106,16500,49.97386725843775
hill_climbing,rastrigin,106,16600,49.97386725843775
hill_climbing,rastrigin,106,16700,49.97386725843775
hill_climbing,rastrigin,106,16800,49.97386725843775
hill_climbing,rastrigin,106,16900,49.97386725843775
hill_climbing,rastrigin,106,17000,49.97386725843775
hill_climbing,rastrigin,106,17100,49.97386725843775
hill_climbing,rastrigin,106,17200,49.97386725843775
hill_climbing,rastrigin,106,17300,49.97386725843775
hill_climbing,rastrigin,106,17400,49.97386725843775
hill_climbing,rastrigin,106,17500,49.97386725843775
hill_climbing,rastrigin,106,17600,49.97386725843775
hill_climbing,rastrigin,106,17700,49.97386725843775
hill_climbing,rastrigin,106,17800,49.97386725843775
hill_climbing,rastrigin,106,17900,49.97386725843775
hill_climbing,rastrigin,106,18000,49.97386725843775
hill_climbing,rastrigin,106,18100,49.97386725843775
hill_climbing,rastrigin,106,18200,49.97386725843775
hill_climbing,rastrigin,106,18300,49.97386725843775
hill_climbing,rastrigin,106,18400,49.97386725843775
hill_climbing,rastrigin,106,18500,49.97386725843775
hill_climbing,rastrigin,106,18600,49.97386725843775
hill_climbing,rastrigin,106,18700,49.97386725843775
hill_climbing,rastrigin,106,18800,49.97386725843775
hill_climbing,rastrigin,106,18900,49.97386725843775
hill_climbing,rastrigin,106,19000,49.97386725843775
hill_climbing,rastrigin,106,19100,49.97386725843775
hill_climbing,rastrigin,106,19200,49.97386725843775
hill_climbing,rastrigin,106,19300,49.97386725843775
hill_climbing,rastrigin,106,19400,49.97386725843775
hill_climbing,rastrigin,106,19500,49.97386725843775
hill_climbing,rastrigin,106,19600,49.97386725843775
hill_climbing,rastrigin,106,19700,49.97386725843775
hill_climbing,rastrigin,106,19800,49.97386725843775
hill_climbing,rastrigin,106,19900,49.97386725843775
hill_climbing,rastrigin,106,20000,49.97386725843775
hill_climbing,rastrigin,107,100,98.55732963984528
hill_climbing,rastrigin,107,200,97.36035201847396
hill_climbing,rastrigin,107,300,97.22307744879521
hill_climbing,rastrigin,107,400,91.05377076543068
hill_climbing,rastrigin,107,500,91.05377076543068
hill_climbing,rastrigin,107,600,82.40749482509642
hill_climbing,rastrigin,107,700,82.40749482509642
hill_climbing,rastrigin,107,800,82.13120904184088
hill_climbing,rastrigin,107,900,82.13120904184088
hill_climbing,rastrigin,107,1000,74.41337092132659
hill_climbing,rastrigin,107,1100,63.78331152869419
hill_climbing,rastrigin,107,1200,63.78331152869419
hill_climbing,rastrigin,107,1300,63.78331152869419
hill_climbing,rastrigin,107,1400,63.78331152869419
hill_climbing,rastrigin,107,1500,63.78331152869419
hill_climbing,rastrigin,107,1600,63.78331152869419
hill_climbing,rastrigin,107,1700,63.78331152869419
hill_climbing,rastrigin,107,1800,63.78331152869419
hill_climbing,rastrigin,107,1900,63.78331152869419
hill_climbing,rastrigin,107,2000,63.78331152869419
hill_climbing,rastrigin,107,2100,63.78331152869419
hill_climbing,rastrigin,107,2200,63.78331152869419
hill_climbing,rastrigin,107,2300,63.78331152869419
hill_climbing,rastrigin,107,2400,63.78331152869419
hill_climbing,rastrigin,107,2500,63.78331152869419
hill_climbing,rastrigin,107,2600,63.78331152869419
hill_climbing,rastrigin,107,2700,63.78331152869419
hill_climbing,rastrigin,107,2800,63.78331152869419
hill_climbing,rastrigin,107,2900,63.78331152869419
hill_climbing,rastrigin,107,3000,63.78331152869419
hill_climbing,rastrigin,107,3100,63.78331152869419
hill_climbing,rastrigin,107,3200,63.78331152869419
hill_climbing,rastrigin,107,3300,63.78331152869419
hill_climbing,rastrigin,107,3400,63.78331152869419
hill_climbing,rastrigin,107,3500,63.78331152869419
hill_climbing,rastrigin,107,3600,63.78331152869419
hill_climbing,rastrigin,107,3700,63.78331152869419
hill_climbing,rastrigin,107,3800,63.78331152869419
hill_climbing,rastrigin,107,3900,63.78331152869419
hill_climbing,rastrigin,107,4000,63.78331152869419
hill_climbing,rastrigin,107,4100,63.78331152869419
hill_climbing,rastrigin,107,4200,63.78331152869419
hill_climbing,rastrigin,107,4300,63.78331152869419
hill_climbing,rastrigin,107,4400,63.78331152869419
hill_climbing,rastrigin,107,4500,63.78331152869419
hill_climbing,rastrigin,107,4600,63.78331152869419
hill_climbing,rastrigin,107,4700,63.78331152869419
hill_climbing,rastrigin,107,4800,63.78331152869419
hill_climbing,rastrigin,107,4900,63.78331152869419
hill_climbing,rastrigin,107,5000,63.78331152869419
hill_climbing,rastrigin,107,5100,63.78331152869419
hill_climbing,rastrigin,107,5200,63.78331152869419
hill_climbing,rastrigin,107,5300,63.78331152869419
hill_climbing,rastrigin,107,5400,63.78331152869419
hill_climbing,rastrigin,107,5500,63.78331152869419
hill_climbing,rastrigin,107,5600,63.78331152869419
hill_climbing,rastrigin,107,5700,63.78331152869419
hill_climbing,rastrigin,107,5800,63.78331152869419
hill_climbing,rastrigin,107,5900,63.78331152869419
hill_climbing,rastrigin,107,6000,63.78331152869419
hill_climbing,rastrigin,107,6100,63.78331152869419
hill_climbing,rastrigin,107,6200,63.78331152869419
hill_climbing,rastrigin,107,6300,63.78331152869419
hill_climbing,rastrigin,107,6400,63.78331152869419
hill_climbing,rastrigin,107,6500,63.78331152869419
hill_climbing,rastrigin,107,6600,63.78331152869419
hill_climbing,rastrigin,107,6700,63.78331152869419
hill_climbing,rastrigin,107,6800,63.78331152869419
hill_climbing,rastrigin,107,6900,63.78331152869419
hill_climbing,rastrigin,107,7000,63.78331152869419
hill_climbing,rastrigin,107,7100,63.78331152869419
hill_climbing,rastrigin,107,7200,63.78331152869419
hill_climbing,rastrigin,107,7300,63.78331152869419
hill_climbing,rastrigin,107,7400,63.78331152869419
hill_climbing,rastrigin,107,7500,63.78331152869419
hill_climbing,rastrigin,107,7600,63.78331152869419
hill_climbing,rastrigin,107,7700,63.78331152869419
hill_climbing,rastrigin,107,7800,63.78331152869419
hill_climbing,rastrigin,107,7900,63.78331152869419
hill_climbing,rastrigin,107,8000,63.78331152869419
hill_climbing,rastrigin,107,8100,63.78331152869419
hill_climbing,rastrigin,107,8200,63.78331152869419
hill_climbing,rastrigin,107,8300,63.78331152869419
hill_climbing,rastrigin,107,8400,63.78331152869419
hill_climbing,rastrigin,107,8500,63.78331152869419
hill_climbing,rastrigin,107,8600,63.78331152869419
hill_climbing,rastrigin,107,8700,63.78331152869419
hill_climbing,rastrigin,107,8800,63.78331152869419
hill_climbing,rastrigin,107,8900,63.78331152869419
hill_climbing,rastrigin,107,9000,63.78331152869419
hill_climbing,rastrigin,107,9100,63.78331152869419
hill_climbing,rastrigin,107,9200,63.78331152869419
hill_climbing,rastrigin,107,9300,63.78331152869419
hill_climbing,rastrigin,107,9400,63.78331152869419
hill_climbing,rastrigin,107,9500,63.78331152869419
hill_climbing,rastrigin,107,9600,63.78331152869419
hill_climbing,rastrigin,107,9700,63.78331152869419
hill_climbing,rastrigin,107,9800,63.78331152869419
hill_climbing,rastrigin,107,9900,63.78331152869419
hill_climbing,rastrigin,107,10000,63.78331152869419
hill_climbing,rastrigin,107,10100,63.78331152869419
hill_climbing,rastrigin,107,10200,63.78331152869419
hill_climbing,rastrigin,107,10300,63.78331152869419
hill_climbing,rastrigin,107,10400,63.78331152869419
hill_climbing,rastrigin,107,10500,63.78331152869419
hill_climbing,rastrigin,107,10600,63.78331152869419
hill_climbing,rastrigin,107,10700,63.78331152869419
hill_climbing,rastrigin,107,10800,63.78331152869419
hill_climbing,rastrigin,107,10900,63.78331152869419
hill_climbing,rastrigin,107,11000,63.78331152869419
hill_climbing,rastrigin,107,11100,63.78331152869419
hill_climbing,rastrigin,107,11200,63.78331152869419
hill_climbing,rastrigin,107,11300,63.78331152869419
hill_climbing,rastrigin,107,11400,63.78331152869419
hill_climbing,rastrigin,107,11500,63.78331152869419
hill_climbing,rastrigin,107,11600,63.78331152869419
hill_climbing,rastrigin,107,11700,63.78331152869419
hill_climbing,rastrigin,107,11800,63.78331152869419
hill_climbing,rastrigin,107,11900,63.78331152869419
hill_climbing,rastrigin,107,12000,63.78331152869419
hill_climbing,rastrigin,107,12100,63.78331152869419
hill_climbing,rastrigin,107,12200,63.78331152869419
hill_climbing,rastrigin,107,12300,63.78331152869419
hill_climbing,rastrigin,107,12400,63.78331152869419
hill_climbing,rastrigin,107,12500,63.78331152869419
hill_climbing,rastrigin,107,12600,63.78331152869419
hill_climbing,rastrigin,107,12700,63.78331152869419
hill_climbing,rastrigin,107,12800,63.78331152869419
hill_climbing,rastrigin,107,12900,63.78331152869419
hill_climbing,rastrigin,107,13000,63.78331152869419
hill_climbing,rastrigin,107,13100,63.78331152869419
hill_climbing,rastrigin,107,13200,63.78331152869419
hill_climbing,rastrigin,107,13300,63.78331152869419
hill_climbing,rastrigin,107,13400,63.78331152869419
hill_climbing,rastrigin,107,13500,63.78331152869419
hill_climbing,rastrigin,107,13600,63.78331152869419
hill_climbing,rastrigin,107,13700,63.78331152869419
hill_climbing,rastrigin,107,13800,63.78331152869419
hill_climbing,rastrigin,107,13900,63.78331152869419
hill_climbing,rastrigin,107,14000,63.78331152869419
hill_climbing,rastrigin,107,14100,63.78331152869419
hill_climbing,rastrigin,107,14200,63.78331152869419
hill_climbing,rastrigin,107,14300,63.78331152869419
hill_climbing,rastrigin,107,14400,63.78331152869419
hill_climbing,rastrigin,107,14500,63.78331152869419
hill_climbing,rastrigin,107,14600,63.78331152869419
hill_climbing,rastrigin,107,14700,63.78331152869419
hill_climbing,rastrigin,107,14800,63.78331152869419
hill_climbing,rastrigin,107,14900,63.78331152869419
hill_climbing,rastrigin,107,15000,63.78331152869419
hill_climbing,rastrigin,107,15100,63.78331152869419
hill_climbing,rastrigin,107,15200,63.78331152869419
hill_climbing,rastrigin,107,15300,63.78331152869419
hill_climbing,rastrigin,107,15400,63.78331152869419
hill_climbing,rastrigin,107,15500,63.78331152869419
hill_climbing,rastrigin,107,15600,63.78331152869419
hill_climbing,rastrigin,107,15700,63.78331152869419
hill_climbing,rastrigin,107,15800,63.78331152869419
hill_climbing,rastrigin,107,15900,63.78331152869419
hill_climbing,rastrigin,107,16000,63.78331152869419
hill_climbing,rastrigin,107,16100,63.78331152869419
hill_climbing,rastrigin,107,16200,63.78331152869419
hill_climbing,rastrigin,107,16300,63.78331152869419
hill_climbing,rastrigin,107,16400,63.78331152869419
hill_climbing,rastrigin,107,16500,63.78331152869419
hill_climbing,rastrigin,107,16600,63.78331152869419
hill_climbing,rastrigin,107,16700,63.78331152869419
hill_climbing,rastrigin,107,16800,63.78331152869419
hill_climbing,rastrigin,107,16900,63.78331152869419
hill_climbing,rastrigin,107,17000,63.78331152869419
hill_climbing,rastrigin,107,17100,63.78331152869419
hill_climbing,rastrigin,107,17200,63.78331152869419
hill_climbing,rastrigin,107,17300,63.78331152869419
hill_climbing,rastrigin,107,17400,63.78331152869419
hill_climbing,rastrigin,107,17500,63.78331152869419
hill_climbing,rastrigin,107,17600,63.78331152869419
hill_climbing,rastrigin,107,17700,63.78331152869419
hill_climbing,rastrigin,107,17800,63.78331152869419
hill_climbing,rastrigin,107,17900,63.78331152869419
hill_climbing,rastrigin,107,18000,63.78331152869419
hill_climbing,rastrigin,107,18100,63.78331152869419
hill_climbing,rastrigin,107,18200,63.78331152869419
hill_climbing,rastrigin,107,18300,63.78331152869419
hill_climbing,rastrigin,107,18400,63.78331152869419
hill_climbing,rastrigin,107,18500,63.78331152869419
hill_climbing,rastrigin,107,18600,63.78331152869419
hill_climbing,rastrigin,107,18700,63.78331152869419
hill_climbing,rastrigin,107,18800,63.78331152869419
hill_climbing,rastrigin,107,18900,63.78331152869419
hill_climbing,rastrigin,107,19000,63.78331152869419
hill_climbing,rastrigin,107,19100,63.78331152869419
hill_climbing,rastrigin,107,19200,63.78331152869419
hill_climbing,rastrigin,107,19300,63.78331152869419
hill_climbing,rastrigin,107,19400,63.78331152869419
hill_climbing,rastrigin,107,19500,63.78331152869419
hill_climbing,rastrigin,107,19600,63.78331152869419
hill_climbing,rastrigin,107,19700,63.78331152869419
hill_climbing,rastrigin,107,19800,63.78331152869419
hill_climbing,rastrigin,107,19900,63.78331152869419
hill_climbing,rastrigin,107,20000,63.78331152869419
hill_climbing,rastrigin,108,100,97.73486480456253
hill_climbing,rastrigin,108,200,85.23856116224495
hill_climbing,rastrigin,108,300,82.42308408245808
hill_climbing,rastrigin,108,400,82.42308408245808
hill_climbing,rastrigin,108,500,78.0428142410427
hill_climbing,rastrigin,108,600,78.0428142410427
hill_climbing,rastrigin,108,700,70.46841382445746
hill_climbing,rastrigin,108,800,70.46841382445746
hill_climbing,rastrigin,108,900,70.46841382445746
hill_climbing,rastrigin,108,1000,70.46841382445746
hill_climbing,rastrigin,108,1100,50.592455765047944
hill_climbing,rastrigin,108,1200,50.592455765047944
hill_climbing,rastrigin,108,1300,50.592455765047944
hill_climbing,rastrigin,108,1400,50.592455765047944
hill_climbing,rastrigin,108,1500,50.592455765047944
hill_climbing,rastrigin,108,1600,44.10116816238539
hill_climbing,rastrigin,108,1700,44.10116816238539
hill_climbing,rastrigin,108,1800,44.10116816238539
hill_climbing,rastrigin,108,1900,44.10116816238539
hill_climbing,rastrigin,108,2000,44.10116816238539
hill_climbing,rastrigin,108,2100,44.10116816238539
hill_climbing,rastrigin,108,2200,44.10116816238539
hill_climbing,rastrigin,108,2300,44.10116816238539
hill_climbing,rastrigin,108,2400,44.10116816238539
hill_climbing,rastrigin,108,2500,44.10116816238539
hill_climbing,rastrigin,108,2600,44.10116816238539
hill_climbing,rastrigin,108,2700,44.10116816238539
hill_climbing,rastrigin,108,2800,44.10116816238539
hill_climbing,rastrigin,108,2900,44.10116816238539
hill_climbing,rastrigin,108,3000,44.10116816238539
hill_climbing,rastrigin,108,3100,44.10116816238539
hill_climbing,rastrigin,108,3200,44.10116816238539
hill_climbing,rastrigin,108,3300,44.10116816238539
hill_climbing,rastrigin,108,3400,44.10116816238539
hill_climbing,rastrigin,108,3500,44.10116816238539
hill_climbing,rastrigin,108,3600,44.10116816238539
hill_climbing,rastrigin,108,3700,44.10116816238539
hill_climbing,rastrigin,108,3800,44.10116816238539
hill_climbing,rastrigin,108,3900,44.10116816238539
hill_climbing,rastrigin,108,4000,44.10116816238539
hill_climbing,rastrigin,108,4100,44.10116816238539
hill_climbing,rastrigin,108,4200,44.10116816238539
hill_climbing,rastrigin,108,4300,44.10116816238539
hill_climbing,rastrigin,108,4400,44.10116816238539
hill_climbing,rastrigin,108,4500,44.10116816238539
hill_climbing,rastrigin,108,4600,44.10116816238539
hill_climbing,rastrigin,108,4700,44.10116816238539
hill_climbing,rastrigin,108,4800,44.10116816238539
hill_climbing,rastrigin,108,4900,44.10116816238539
hill_climbing,rastrigin,108,5000,44.10116816238539
hill_climbing,rastrigin,108,5100,44.10116816238539
hill_climbing,rastrigin,108,5200,44.10116816238539
hill_climbing,rastrigin,108,5300,44.10116816238539
hill_climbing,rastrigin,108,5400,44.10116816238539
hill_climbing,rastrigin,108,5500,44.10116816238539
hill_climbing,rastrigin,108,5600,44.10116816238539
hill_climbing,rastrigin,108,5700,44.10116816238539
hill_climbing,rastrigin,108,5800,44.10116816238539
hill_climbing,rastrigin,108,5900,44.10116816238539
hill_climbing,rastrigin,108,6000,44.10116816238539
hill_climbing,rastrigin,108,6100,44.10116816238539
hill_climbing,rastrigin,108,6200,44.10116816238539
hill_climbing,rastrigin,108,6300,44.10116816238539
hill_climbing,rastrigin,108,6400,44.10116816238539
hill_climbing,rastrigin,108,6500,44.10116816238539
hill_climbing,rastrigin,108,6600,44.10116816238539
hill_climbing,rastrigin,108,6700,44.10116816238539
hill_climbing,rastrigin,108,6800,44.10116816238539
hill_climbing,rastrigin,108,6900,44.10116816238539
hill_climbing,rastrigin,108,7000,44.10116816238539
hill_climbing,rastrigin,108,7100,44.10116816238539
hill_climbing,rastrigin,108,7200,44.10116816238539
hill_climbing,rastrigin,108,7300,44.10116816238539
hill_climbing,rastrigin,108,7400,44.10116816238539
hill_climbing,rastrigin,108,7500,44.10116816238539
hill_climbing,rastrigin,108,7600,44.10116816238539
hill_climbing,rastrigin,108,7700,44.10116816238539
hill_climbing,rastrigin,108,7800,44.10116816238539
hill_climbing,rastrigin,108,7900,44.10116816238539
hill_climbing,rastrigin,108,8000,44.10116816238539
hill_climbing,rastrigin,108,8100,44.10116816238539
hill_climbing,rastrigin,108,8200,44.10116816238539
hill_climbing,rastrigin,108,8300,44.10116816238539
hill_climbing,rastrigin,108,8400,44.10116816238539
hill_climbing,rastrigin,108,8500,44.10116816238539
hill_climbing,rastrigin,108,8600,44.10116816238539
hill_climbing,rastrigin,108,8700,44.10116816238539
hill_climbing,rastrigin,108,8800,44.10116816238539
hill_climbing,rastrigin,108,8900,44.10116816238539
hill_climbing,rastrigin,108,9000,44.10116816238539
hill_climbing,rastrigin,108,9100,44.10116816238539
hill_climbing,rastrigin,108,9200,44.10116816238539
hill_climbing,rastrigin,108,9300,44.10116816238539
hill_climbing,rastrigin,108,9400,44.10116816238539
hill_climbing,rastrigin,108,9500,44.10116816238539
hill_climbing,rastrigin,108,9600,44.10116816238539
hill_climbing,rastrigin,108,9700,44.10116816238539
hill_climbing,rastrigin,108,9800,44.10116816238539
hill_climbing,rastrigin,108,9900,44.10116816238539
hill_climbing,rastrigin,108,10000,44.10116816238539
hill_climbing,rastrigin,108,10100,44.10116816238539
hill_climbing,rastrigin,108,10200,44.10116816238539
hill_climbing,rastrigin,108,10300,44.10116816238539
hill_climbing,rastrigin,108,10400,44.10116816238539
hill_climbing,rastrigin,108,10500,44.10116816238539
hill_climbing,rastrigin,108,10600,44.10116816238539
hill_climbing,rastrigin,108,10700,44.10116816238539
hill_climbing,rastrigin,108,10800,44.10116816238539
hill_climbing,rastrigin,108,10900,44.10116816238539
hill_climbing,rastrigin,108,11000,44.10116816238539
hill_climbing,rastrigin,108,11100,44.10116816238539
hill_climbing,rastrigin,108,11200,44.10116816238539
hill_climbing,rastrigin,108,11300,44.10116816238539
hill_climbing,rastrigin,108,11400,44.10116816238539
hill_climbing,rastrigin,108,11500,44.10116816238539
hill_climbing,rastrigin,108,11600,44.10116816238539
hill_climbing,rastrigin,108,11700,44.10116816238539
hill_climbing,rastrigin,108,11800,44.10116816238539
hill_climbing,rastrigin,108,11900,44.10116816238539
hill_climbing,rastrigin,108,12000,44.10116816238539
hill_climbing,rastrigin,108,12100,44.10116816238539
hill_climbing,rastrigin,108,12200,44.10116816238539
hill_climbing,rastrigin,108,12300,44.10116816238539
hill_climbing,rastrigin,108,12400,44.10116816238539
hill_climbing,rastrigin,108,12500,44.10116816238539
hill_climbing,rastrigin,108,12600,44.10116816238539
hill_climbing,rastrigin,108,12700,44.10116816238539
hill_climbing,rastrigin,108,12800,44.10116816238539
hill_climbing,rastrigin,108,12900,44.10116816238539
hill_climbing,rastrigin,108,13000,44.10116816238539
hill_climbing,rastrigin,108,13100,44.10116816238539
hill_climbing,rastrigin,108,13200,44.10116816238539
hill_climbing,rastrigin,108,13300,44.10116816238539
hill_climbing,rastrigin,108,13400,44.10116816238539
hill_climbing,rastrigin,108,13500,44.10116816238539
hill_climbing,rastrigin,108,13600,44.10116816238539
hill_climbing,rastrigin,108,13700,44.10116816238539
hill_climbing,rastrigin,108,13800,44.10116816238539
hill_climbing,rastrigin,108,13900,44.10116816238539
hill_climbing,rastrigin,108,14000,44.10116816238539
hill_climbing,rastrigin,108,14100,44.10116816238539
hill_climbing,rastrigin,108,14200,44.10116816238539
hill_climbing,rastrigin,108,14300,44.10116816238539
hill_climbing,rastrigin,108,14400,44.10116816238539
hill_climbing,rastrigin,108,14500,44.10116816238539
hill_climbing,rastrigin,108,14600,44.10116816238539
hill_climbing,rastrigin,108,14700,44.10116816238539
hill_climbing,rastrigin,108,14800,44.10116816238539
hill_climbing,rastrigin,108,14900,44.10116816238539
hill_climbing,rastrigin,108,15000,44.10116816238539
hill_climbing,rastrigin,108,15100,44.10116816238539
hill_climbing,rastrigin,108,15200,44.10116816238539
hill_climbing,rastrigin,108,15300,44.10116816238539
hill_climbing,rastrigin,108,15400,44.10116816238539
hill_climbing,rastrigin,108,15500,44.10116816238539
hill_climbing,rastrigin,108,15600,44.10116816238539
hill_climbing,rastrigin,108,15700,44.10116816238539
hill_climbing,rastrigin,108,15800,44.10116816238539
hill_climbing,rastrigin,108,15900,44.10116816238539
hill_climbing,rastrigin,108,16000,44.10116816238539
hill_climbing,rastrigin,108,16100,44.10116816238539
hill_climbing,rastrigin,108,16200,44.10116816238539
hill_climbing,rastrigin,108,16300,44.10116816238539
hill_climbing,rastrigin,108,16400,44.10116816238539
hill_climbing,rastrigin,108,16500,44.10116816238539
hill_climbing,rastrigin,108,16600,44.10116816238539
hill_climbing,rastrigin,108,16700,44.10116816238539
hill_climbing,rastrigin,108,16800,44.10116816238539
hill_climbing,rastrigin,108,16900,44.10116816238539
hill_climbing,rastrigin,108,17000,44.10116816238539
hill_climbing,rastrigin,108,17100,44.10116816238539
hill_climbing,rastrigin,108,17200,44.10116816238539
hill_climbing,rastrigin,108,17300,44.10116816238539
hill_climbing,rastrigin,108,17400,44.10116816238539
hill_climbing,rastrigin,108,17500,44.10116816238539
hill_climbing,rastrigin,108,17600,44.10116816238539
hill_climbing,rastrigin,108,17700,44.10116816238539
hill_climbing,rastrigin,108,17800,44.10116816238539
hill_climbing,rastrigin,108,17900,44.10116816238539
hill_climbing,rastrigin,108,18000,44.10116816238539
hill_climbing,rastrigin,108,18100,44.10116816238539
hill_climbing,rastrigin,108,18200,44.10116816238539
hill_climbing,rastrigin,108,18300,44.10116816238539
hill_climbing,rastrigin,108,18400,44.10116816238539
hill_climbing,rastrigin,108,18500,44.10116816238539
hill_climbing,rastrigin,108,18600,44.10116816238539
hill_climbing,rastrigin,108,18700,44.10116816238539
hill_climbing,rastrigin,108,18800,44.10116816238539
hill_climbing,rastrigin,108,18900,44.10116816238539
hill_climbing,rastrigin,108,19000,44.10116816238539
hill_climbing,rastrigin,108,19100,44.10116816238539
hill_climbing,rastrigin,108,19200,44.10116816238539
hill_climbing,rastrigin,108,19300,44.10116816238539
hill_climbing,rastrigin,108,19400,44.10116816238539
hill_climbing,rastrigin,108,19500,44.10116816238539
hill_climbing,rastrigin,108,19600,44.10116816238539
hill_climbing,rastrigin,108,19700,44.10116816238539
hill_climbing,rastrigin,108,19800,44.10116816238539
hill_climbing,rastrigin,108,19900,44.10116816238539
hill_climbing,rastrigin,108,20000,44.10116816238539
hill_climbing,rastrigin,109,100,135.83601533649139
hill_climbing,rastrigin,109,200,102.35073260278953
hill_climbing,rastrigin,109,300,77.09978125745181
hill_climbing,rastrigin,109,400,77.09978125745181
hill_climbing,rastrigin,109,500,77.09978125745181
hill_climbing,rastrigin,109,600,77.09978125745181
hill_climbing,rastrigin,109,700,77.09978125745181
hill_climbing,rastrigin,109,800,69.53481040845587
hill_climbing,rastrigin,109,900,69.53481040845587
hill_climbing,rastrigin,109,1000,69.53481040845587
hill_climbing,rastrigin,109,1100,69.53481040845587
hill_climbing,rastrigin,109,1200,69.53481040845587
hill_climbing,rastrigin,109,1300,69.53481040845587
hill_climbing,rastrigin,109,1400,69.53481040845587
hill_climbing,rastrigin,109,1500,69.53481040845587
hill_climbing,rastrigin,109,1600,69.53481040845587
hill_climbing,rastrigin,109,1700,69.53481040845587
hill_climbing,rastrigin,109,1800,69.53481040845587
hill_climbing,rastrigin,109,1900,69.53481040845587
hill_climbing,rastrigin,109,2000,69.53481040845587
hill_climbing,rastrigin,109,2100,69.53481040845587
hill_climbing,rastrigin,109,2200,69.53481040845587
hill_climbing,rastrigin,109,2300,69.53481040845587
hill_climbing,rastrigin,109,2400,69.53481040845587
hill_climbing,rastrigin,109,2500,69.53481040845587
hill_climbing,rastrigin,109,2600,69.53481040845587
hill_climbing,rastrigin,109,2700,69.53481040845587
hill_climbing,rastrigin,109,2800,69.53481040845587
hill_climbing,rastrigin,109,2900,69.53481040845587
hill_climbing,rastrigin,109,3000,69.53481040845587
hill_climbing,rastrigin,109,3100,69.53481040845587
hill_climbing,rastrigin,109,3200,69.53481040845587
hill_climbing,rastrigin,109,3300,69.53481040845587
hill_climbing,rastrigin,109,3400,69.53481040845587
hill_climbing,rastrigin,109,3500,69.53481040845587
hill_climbing,rastrigin,109,3600,69.53481040845587
hill_climbing,rastrigin,109,3700,69.53481040845587
hill_climbing,rastrigin,109,3800,63.04704990432844
hill_climbing,rastrigin,109,3900,63.04704990432844
hill_climbing,rastrigin,109,4000,63.04704990432844
hill_climbing,rastrigin,109,4100,63.04704990432844
hill_climbing,rastrigin,109,4200,63.04704990432844
hill_climbing,rastrigin,109,4300,63.04704990432844
hill_climbing,rastrigin,109,4400,63.04704990432844
hill_climbing,rastrigin,109,4500,63.04704990432844
hill_climbing,rastrigin,109,4600,63.04704990432844
hill_climbing,rastrigin,109,4700,63.04704990432844
hill_climbing,rastrigin,109,4800,63.04704990432844
hill_climbing,rastrigin,109,4900,63.04704990432844
hill_climbing,rastrigin,109,5000,63.04704990432844
hill_climbing,rastrigin,109,5100,63.04704990432844
hill_climbing,rastrigin,109,5200,63.04704990432844
hill_climbing,rastrigin,109,5300,63.04704990432844
hill_climbing,rastrigin,109,5400,63.04704990432844
hill_climbing,rastrigin,109,5500,63.04704990432844
hill_climbing,rastrigin,109,5600,63.04704990432844
hill_climbing,rastrigin,109,5700,63.04704990432844
hill_climbing,rastrigin,109,5800,63.04704990432844
hill_climbing,rastrigin,109,5900,63.04704990432844
hill_climbing,rastrigin,109,6000,63.04704990432844
hill_climbing,rastrigin,109,6100,63.04704990432844
hill_climbing,rastrigin,109,6200,63.04704990432844
hill_climbing,rastrigin,109,6300,63.04704990432844
hill_climbing,rastrigin,109,6400,63.04704990432844
hill_climbing,rastrigin,109,6500,63.04704990432844
hill_climbing,rastrigin,109,6600,63.04704990432844
hill_climbing,rastrigin,109,6700,63.04704990432844
hill_climbing,rastrigin,109,6800,63.04704990432844
hill_climbing,rastrigin,109,6900,63.04704990432844
hill_climbing,rastrigin,109,7000,63.04704990432844
hill_climbing,rastrigin,109,7100,63.04704990432844
hill_climbing,rastrigin,109,7200,63.04704990432844
hill_climbing,rastrigin,109,7300,63.04704990432844
hill_climbing,rastrigin,109,7400,63.04704990432844
hill_climbing,rastrigin,109,7500,63.04704990432844
hill_climbing,rastrigin,109,7600,63.04704990432844
hill_climbing,rastrigin,109,7700,61.30979265600014
hill_climbing,rastrigin,109,7800,61.30979265600014
hill_climbing,rastrigin,109,7900,61.30979265600014
hill_climbing,rastrigin,109,8000,61.30979265600014
hill_climbing,rastrigin,109,8100,61.30979265600014
hill_climbing,rastrigin,109,8200,61.30979265600014
hill_climbing,rastrigin,109,8300,61.30979265600014
hill_climbing,rastrigin,109,8400,61.30979265600014
hill_climbing,rastrigin,109,8500,61.30979265600014
hill_climbing,rastrigin,109,8600,61.30979265600014
hill_climbing,rastrigin,109,8700,61.30979265600014
hill_climbing,rastrigin,109,8800,61.30979265600014
hill_climbing,rastrigin,109,8900,61.30979265600014
hill_climbing,rastrigin,109,9000,61.30979265600014
hill_climbing,rastrigin,109,9100,61.30979265600014
hill_climbing,rastrigin,109,9200,61.30979265600014
hill_climbing,rastrigin,109,9300,61.30979265600014
hill_climbing,rastrigin,109,9400,61.30979265600014
hill_climbing,rastrigin,109,9500,61.30979265600014
hill_climbing,rastrigin,109,9600,61.30979265600014
hill_climbing,rastrigin,109,9700,61.30979265600014
hill_climbing,rastrigin,109,9800,61.30979265600014
hill_climbing,rastrigin,109,9900,61.30979265600014
hill_climbing,rastrigin,109,10000,61.30979265600014
hill_climbing,rastrigin,109,10100,61.30979265600014
hill_climbing,rastrigin,109,10200,61.30979265600014
hill_climbing,rastrigin,109,10300,61.30979265600014
hill_climbing,rastrigin,109,10400,61.30979265600014
hill_climbing,rastrigin,109,10500,61.30979265600014
hill_climbing,rastrigin,109,10600,61.30979265600014
hill_climbing,rastrigin,109,10700,61.30979265600014
hill_climbing,rastrigin,109,10800,61.30979265600014
hill_climbing,rastrigin,109,10900,61.30979265600014
hill_climbing,rastrigin,109,11000,61.30979265600014
hill_climbing,rastrigin,109,11100,61.30979265600014
hill_climbing,rastrigin,109,11200,61.30979265600014
hill_climbing,rastrigin,109,11300,61.30979265600014
hill_climbing,rastrigin,109,11400,61.30979265600014
hill_climbing,rastrigin,109,11500,61.30979265600014
hill_climbing,rastrigin,109,11600,61.30979265600014
hill_climbing,rastrigin,109,11700,61.30979265600014
hill_climbing,rastrigin,109,11800,61.30979265600014
hill_climbing,rastrigin,109,11900,61.30979265600014
hill_climbing,rastrigin,109,12000,61.30979265600014
hill_climbing,rastrigin,109,12100,61.30979265600014
hill_climbing,rastrigin,109,12200,61.30979265600014
hill_climbing,rastrigin,109,12300,61.30979265600014
hill_climbing,rastrigin,109,12400,61.30979265600014
hill_climbing,rastrigin,109,12500,61.30979265600014
hill_climbing,rastrigin,109,12600,61.30979265600014
hill_climbing,rastrigin,109,12700,61.30979265600014
hill_climbing,rastrigin,109,12800,61.30979265600014
hill_climbing,rastrigin,109,12900,61.30979265600014
hill_climbing,rastrigin,109,13000,61.30979265600014
hill_climbing,rastrigin,109,13100,61.30979265600014
hill_climbing,rastrigin,109,13200,61.30979265600014
hill_climbing,rastrigin,109,13300,61.30979265600014
hill_climbing,rastrigin,109,13400,61.30979265600014
hill_climbing,rastrigin,109,13500,61.30979265600014
hill_climbing,rastrigin,109,13600,61.30979265600014
hill_climbing,rastrigin,109,13700,61.30979265600014
hill_climbing,rastrigin,109,13800,61.30979265600014
hill_climbing,rastrigin,109,13900,61.30979265600014
hill_climbing,rastrigin,109,14000,61.30979265600014
hill_climbing,rastrigin,109,14100,61.30979265600014
hill_climbing,rastrigin,109,14200,61.30979265600014
hill_climbing,rastrigin,109,14300,61.30979265600014
hill_climbing,rastrigin,109,14400,61.30979265600014
hill_climbing,rastrigin,109,14500,61.30979265600014
hill_climbing,rastrigin,109,14600,61.30979265600014
hill_climbing,rastrigin,109,14700,61.30979265600014
hill_climbing,rastrigin,109,14800,61.30979265600014
hill_climbing,rastrigin,109,14900,61.30979265600014
hill_climbing,rastrigin,109,15000,61.30979265600014
hill_climbing,rastrigin,109,15100,61.30979265600014
hill_climbing,rastrigin,109,15200,61.30979265600014
hill_climbing,rastrigin,109,15300,61.30979265600014
hill_climbing,rastrigin,109,15400,61.30979265600014
hill_climbing,rastrigin,109,15500,61.30979265600014
hill_climbing,rastrigin,109,15600,61.30979265600014
hill_climbing,rastrigin,109,15700,61.30979265600014
hill_climbing,rastrigin,109,15800,61.30979265600014
hill_climbing,rastrigin,109,15900,61.30979265600014
hill_climbing,rastrigin,109,16000,61.30979265600014
hill_climbing,rastrigin,109,16100,61.30979265600014
hill_climbing,rastrigin,109,16200,61.30979265600014
hill_climbing,rastrigin,109,16300,61.30979265600014
hill_climbing,rastrigin,109,16400,61.30979265600014
hill_climbing,rastrigin,109,16500,61.30979265600014
hill_climbing,rastrigin,109,16600,61.30979265600014
hill_climbing,rastrigin,109,16700,61.30979265600014
hill_climbing,rastrigin,109,16800,61.30979265600014
hill_climbing,rastrigin,109,16900,61.30979265600014
hill_climbing,rastrigin,109,17000,61.30979265600014
hill_climbing,rastrigin,109,17100,61.30979265600014
hill_climbing,rastrigin,109,17200,61.30979265600014
hill_climbing,rastrigin,109,17300,61.30979265600014
hill_climbing,rastrigin,109,17400,61.30979265600014
hill_climbing,rastrigin,109,17500,61.30979265600014
hill_climbing,rastrigin,109,17600,61.30979265600014
hill_climbing,rastrigin,109,17700,61.30979265600014
hill_climbing,rastrigin,109,17800,61.30979265600014
hill_climbing,rastrigin,109,17900,61.30979265600014
hill_climbing,rastrigin,109,18000,61.30979265600014
hill_climbing,rastrigin,109,18100,61.30979265600014
hill_climbing,rastrigin,109,18200,61.30979265600014
hill_climbing,rastrigin,109,18300,61.30979265600014
hill_climbing,rastrigin,109,18400,61.30979265600014
hill_climbing,rastrigin,109,18500,61.30979265600014
hill_climbing,rastrigin,109,18600,61.30979265600014
hill_climbing,rastrigin,109,18700,61.30979265600014
hill_climbing,rastrigin,109,18800,61.30979265600014
hill_climbing,rastrigin,109,18900,61.30979265600014
hill_climbing,rastrigin,109,19000,61.30979265600014
hill_climbing,rastrigin,109,19100,61.30979265600014
hill_climbing,rastrigin,109,19200,61.30979265600014
hill_climbing,rastrigin,109,19300,61.30979265600014
hill_climbing,rastrigin,109,19400,61.30979265600014
hill_climbing,rastrigin,109,19500,61.30979265600014
hill_climbing,rastrigin,109,19600,61.30979265600014
hill_climbing,rastrigin,109,19700,61.30979265600014
hill_climbing,rastrigin,109,19800,61.30979265600014
hill_climbing,rastrigin,109,19900,61.30979265600014
hill_climbing,rastrigin,109,20000,61.30979265600014
hill_climbing,rastrigin,110,100,124.71474800119177
hill_climbing,rastrigin,110,200,102.57728955665694
hill_climbing,rastrigin,110,300,89.49714578430206
hill_climbing,rastrigin,110,400,89.00253252331045
hill_climbing,rastrigin,110,500,67.78480896474399
hill_climbing,rastrigin,110,600,67.78480896474399
hill_climbing,rastrigin,110,700,67.78480896474399
hill_climbing,rastrigin,110,800,67.78480896474399
hill_climbing,rastrigin,110,900,43.725180535767386
hill_climbing,rastrigin,110,1000,43.725180535767386
hill_climbing,rastrigin,110,1100,43.725180535767386
hill_climbing,rastrigin,110,1200,43.725180535767386
hill_climbing,rastrigin,110,1300,43.725180535767386
hill_climbing,rastrigin,110,1400,43.725180535767386
hill_climbing,rastrigin,110,1500,43.725180535767386
hill_climbing,rastrigin,110,1600,43.725180535767386
hill_climbing,rastrigin,110,1700,43.725180535767386
hill_climbing,rastrigin,110,1800,43.725180535767386
hill_climbing,rastrigin,110,1900,43.725180535767386
hill_climbing,rastrigin,110,2000,43.725180535767386
hill_climbing,rastrigin,110,2100,43.725180535767386
hill_climbing,rastrigin,110,2200,43.725180535767386
hill_climbing,rastrigin,110,2300,43.725180535767386
hill_climbing,rastrigin,110,2400,43.725180535767386
hill_climbing,rastrigin,110,2500,43.725180535767386
hill_climbing,rastrigin,110,2600,43.725180535767386
hill_climbing,rastrigin,110,2700,43.725180535767386
hill_climbing,rastrigin,110,2800,43.725180535767386
hill_climbing,rastrigin,110,2900,43.725180535767386
hill_climbing,rastrigin,110,3000,43.725180535767386
hill_climbing,rastrigin,110,3100,43.725180535767386
hill_climbing,rastrigin,110,3200,43.725180535767386
hill_climbing,rastrigin,110,3300,43.725180535767386
hill_climbing,rastrigin,110,3400,43.725180535767386
hill_climbing,rastrigin,110,3500,43.725180535767386
hill_climbing,rastrigin,110,3600,43.725180535767386
hill_climbing,rastrigin,110,3700,43.725180535767386
hill_climbing,rastrigin,110,3800,43.725180535767386
hill_climbing,rastrigin,110,3900,43.725180535767386
hill_climbing,rastrigin,110,4000,43.725180535767386
hill_climbing,rastrigin,110,4100,43.725180535767386
hill_climbing,rastrigin,110,4200,43.725180535767386
hill_climbing,rastrigin,110,4300,43.725180535767386
hill_climbing,rastrigin,110,4400,43.725180535767386
hill_climbing,rastrigin,110,4500,43.725180535767386
hill_climbing,rastrigin,110,4600,43.725180535767386
hill_climbing,rastrigin,110,4700,43.725180535767386
hill_climbing,rastrigin,110,4800,43.725180535767386
hill_climbing,rastrigin,110,4900,43.725180535767386
hill_climbing,rastrigin,110,5000,43.725180535767386
hill_climbing,rastrigin,110,5100,43.725180535767386
hill_climbing,rastrigin,110,5200,43.725180535767386
hill_climbing,rastrigin,110,5300,43.725180535767386
hill_climbing,rastrigin,110,5400,43.725180535767386
hill_climbing,rastrigin,110,5500,43.725180535767386
hill_climbing,rastrigin,110,5600,43.725180535767386
hill_climbing,rastrigin,110,5700,43.725180535767386
hill_climbing,rastrigin,110,5800,43.725180535767386
hill_climbing,rastrigin,110,5900,43.725180535767386
hill_climbing,rastrigin,110,6000,43.725180535767386
hill_climbing,rastrigin,110,6100,43.725180535767386
hill_climbing,rastrigin,110,6200,43.725180535767386
hill_climbing,rastrigin,110,6300,43.725180535767386
hill_climbing,rastrigin,110,6400,43.725180535767386
hill_climbing,rastrigin,110,6500,43.725180535767386
hill_climbing,rastrigin,110,6600,43.725180535767386
hill_climbing,rastrigin,110,6700,43.725180535767386
hill_climbing,rastrigin,110,6800,43.725180535767386
hill_climbing,rastrigin,110,6900,43.725180535767386
hill_climbing,rastrigin,110,7000,43.725180535767386
hill_climbing,rastrigin,110,7100,43.725180535767386
hill_climbing,rastrigin,110,7200,43.725180535767386
hill_climbing,rastrigin,110,7300,43.725180535767386
hill_climbing,rastrigin,110,7400,43.725180535767386
hill_climbing,rastrigin,110,7500,43.725180535767386
hill_climbing,rastrigin,110,7600,43.725180535767386
hill_climbing,rastrigin,110,7700,43.725180535767386
hill_climbing,rastrigin,110,7800,43.725180535767386
hill_climbing,rastrigin,110,7900,43.725180535767386
hill_climbing,rastrigin,110,8000,43.725180535767386
hill_climbing,rastrigin,110,8100,43.725180535767386
hill_climbing,rastrigin,110,8200,43.725180535767386
hill_climbing,rastrigin,110,8300,43.725180535767386
hill_climbing,rastrigin,110,8400,43.725180535767386
hill_climbing,rastrigin,110,8500,43.725180535767386
hill_climbing,rastrigin,110,8600,43.725180535767386
hill_climbing,rastrigin,110,8700,43.725180535767386
hill_climbing,rastrigin,110,8800,43.725180535767386
hill_climbing,rastrigin,110,8900,43.725180535767386
hill_climbing,rastrigin,110,9000,43.725180535767386
hill_climbing,rastrigin,110,9100,43.725180535767386
hill_climbing,rastrigin,110,9200,43.725180535767386
hill_climbing,rastrigin,110,9300,43.725180535767386
hill_climbing,rastrigin,110,9400,43.725180535767386
hill_climbing,rastrigin,110,9500,43.725180535767386
hill_climbing,rastrigin,110,9600,43.725180535767386
hill_climbing,rastrigin,110,9700,43.725180535767386
hill_climbing,rastrigin,110,9800,43.725180535767386
hill_climbing,rastrigin,110,9900,43.725180535767386
hill_climbing,rastrigin,110,10000,43.725180535767386
hill_climbing,rastrigin,110,10100,43.725180535767386
hill_climbing,rastrigin,110,10200,43.725180535767386
hill_climbing,rastrigin,110,10300,43.725180535767386
hill_climbing,rastrigin,110,10400,43.725180535767386
hill_climbing,rastrigin,110,10500,43.725180535767386
hill_climbing,rastrigin,110,10600,43.725180535767386
hill_climbing,rastrigin,110,10700,43.725180535767386
hill_climbing,rastrigin,110,10800,43.725180535767386
hill_climbing,rastrigin,110,10900,43.725180535767386
hill_climbing,rastrigin,110,11000,43.725180535767386
hill_climbing,rastrigin,110,11100,43.725180535767386
hill_climbing,rastrigin,110,11200,43.725180535767386
hill_climbing,rastrigin,110,11300,43.725180535767386
hill_climbing,rastrigin,110,11400,43.725180535767386
hill_climbing,rastrigin,110,11500,43.725180535767386
hill_climbing,rastrigin,110,11600,43.725180535767386
hill_climbing,rastrigin,110,11700,43.725180535767386
hill_climbing,rastrigin,110,11800,43.725180535767386
hill_climbing,rastrigin,110,11900,43.725180535767386
hill_climbing,rastrigin,110,12000,43.725180535767386
hill_climbing,rastrigin,110,12100,43.725180535767386
hill_climbing,rastrigin,110,12200,43.725180535767386
hill_climbing,rastrigin,110,12300,43.725180535767386
hill_climbing,rastrigin,110,12400,43.725180535767386
hill_climbing,rastrigin,110,12500,43.725180535767386
hill_climbing,rastrigin,110,12600,43.725180535767386
hill_climbing,rastrigin,110,12700,43.725180535767386
hill_climbing,rastrigin,110,12800,43.725180535767386
hill_climbing,rastrigin,110,12900,43.725180535767386
hill_climbing,rastrigin,110,13000,43.725180535767386
hill_climbing,rastrigin,110,13100,43.725180535767386
hill_climbing,rastrigin,110,13200,43.725180535767386
hill_climbing,rastrigin,110,13300,43.725180535767386
hill_climbing,rastrigin,110,13400,43.725180535767386
hill_climbing,rastrigin,110,13500,43.725180535767386
hill_climbing,rastrigin,110,13600,43.725180535767386
hill_climbing,rastrigin,110,13700,43.725180535767386
hill_climbing,rastrigin,110,13800,43.725180535767386
hill_climbing,rastrigin,110,13900,43.725180535767386
hill_climbing,rastrigin,110,14000,43.725180535767386
hill_climbing,rastrigin,110,14100,43.725180535767386
hill_climbing,rastrigin,110,14200,43.725180535767386
hill_climbing,rastrigin,110,14300,43.725180535767386
hill_climbing,rastrigin,110,14400,43.725180535767386
hill_climbing,rastrigin,110,14500,43.725180535767386
hill_climbing,rastrigin,110,14600,43.725180535767386
hill_climbing,rastrigin,110,14700,43.725180535767386
hill_climbing,rastrigin,110,14800,43.725180535767386
hill_climbing,rastrigin,110,14900,43.725180535767386
hill_climbing,rastrigin,110,15000,43.725180535767386
hill_climbing,rastrigin,110,15100,43.725180535767386
hill_climbing,rastrigin,110,15200,43.725180535767386
hill_climbing,rastrigin,110,15300,43.725180535767386
hill_climbing,rastrigin,110,15400,43.725180535767386
hill_climbing,rastrigin,110,15500,43.725180535767386
hill_climbing,rastrigin,110,15600,43.725180535767386
hill_climbing,rastrigin,110,15700,43.725180535767386
hill_climbing,rastrigin,110,15800,43.725180535767386
hill_climbing,rastrigin,110,15900,43.725180535767386
hill_climbing,rastrigin,110,16000,43.725180535767386
hill_climbing,rastrigin,110,16100,43.725180535767386
hill_climbing,rastrigin,110,16200,43.725180535767386
hill_climbing,rastrigin,110,16300,43.725180535767386
hill_climbing,rastrigin,110,16400,43.725180535767386
hill_climbing,rastrigin,110,16500,43.725180535767386
hill_climbing,rastrigin,110,16600,43.725180535767386
hill_climbing,rastrigin,110,16700,43.725180535767386
hill_climbing,rastrigin,110,16800,43.725180535767386
hill_climbing,rastrigin,110,16900,43.725180535767386
hill_climbing,rastrigin,110,17000,43.725180535767386
hill_climbing,rastrigin,110,17100,43.725180535767386
hill_climbing,rastrigin,110,17200,43.725180535767386
hill_climbing,rastrigin,110,17300,43.725180535767386
hill_climbing,rastrigin,110,17400,43.725180535767386
hill_climbing,rastrigin,110,17500,43.725180535767386
hill_climbing,rastrigin,110,17600,43.725180535767386
hill_climbing,rastrigin,110,17700,43.725180535767386
hill_climbing,rastrigin,110,17800,43.725180535767386
hill_climbing,rastrigin,110,17900,43.725180535767386
hill_climbing,rastrigin,110,18000,43.725180535767386
hill_climbing,rastrigin,110,18100,43.725180535767386
hill_climbing,rastrigin,110,18200,43.725180535767386
hill_climbing,rastrigin,110,18300,43.725180535767386
hill_climbing,rastrigin,110,18400,43.725180535767386
hill_climbing,rastrigin,110,18500,43.725180535767386
hill_climbing,rastrigin,110,18600,43.725180535767386
hill_climbing,rastrigin,110,18700,43.725180535767386
hill_climbing,rastrigin,110,18800,43.725180535767386
hill_climbing,rastrigin,110,18900,43.725180535767386
hill_climbing,rastrigin,110,19000,43.725180535767386
hill_climbing,rastrigin,110,19100,43.725180535767386
hill_climbing,rastrigin,110,19200,43.725180535767386
hill_climbing,rastrigin,110,19300,43.725180535767386
hill_climbing,rastrigin,110,19400,43.725180535767386
hill_climbing,rastrigin,110,19500,43.725180535767386
hill_climbing,rastrigin,110,19600,43.725180535767386
hill_climbing,rastrigin,110,19700,43.725180535767386
hill_climbing,rastrigin,110,19800,43.725180535767386
hill_climbing,rastrigin,110,19900,43.725180535767386
hill_climbing,rastrigin,110,20000,43.725180535767386
hill_climbing,rastrigin,111,100,134.19783433815513
hill_climbing,rastrigin,111,200,86.78512157043565
hill_climbing,rastrigin,111,300,86.78512157043565
hill_climbing,rastrigin,111,400,86.78512157043565
hill_climbing,rastrigin,111,500,86.78512157043565
hill_climbing,rastrigin,111,600,86.78512157043565
hill_climbing,rastrigin,111,700,86.78512157043565
hill_climbing,rastrigin,111,800,86.78512157043565
hill_climbing,rastrigin,111,900,86.78512157043565
hill_climbing,rastrigin,111,1000,86.78512157043565
hill_climbing,rastrigin,111,1100,86.78512157043565
hill_climbing,rastrigin,111,1200,86.78512157043565
hill_climbing,rastrigin,111,1300,86.78512157043565
hill_climbing,rastrigin,111,1400,86.78512157043565
hill_climbing,rastrigin,111,1500,86.78512157043565
hill_climbing,rastrigin,111,1600,83.01387533191883
hill_climbing,rastrigin,111,1700,82.92545801345088
hill_climbing,rastrigin,111,1800,82.92545801345088
hill_climbing,rastrigin,111,1900,82.92545801345088
hill_climbing,rastrigin,111,2000,68.95185880725724
hill_climbing,rastrigin,111,2100,63.42596067225914
hill_climbing,rastrigin,111,2200,63.42596067225914
hill_climbing,rastrigin,111,2300,63.42596067225914
hill_climbing,rastrigin,111,2400,63.42596067225914
hill_climbing,rastrigin,111,2500,61.57064948905173
hill_climbing,rastrigin,111,2600,61.57064948905173
hill_climbing,rastrigin,111,2700,61.57064948905173
hill_climbing,rastrigin,111,2800,61.57064948905173
hill_climbing,rastrigin,111,2900,61.57064948905173
hill_climbing,rastrigin,111,3000,61.57064948905173
hill_climbing,rastrigin,111,3100,61.57064948905173
hill_climbing,rastrigin,111,3200,61.57064948905173
hill_climbing,rastrigin,111,3300,61.57064948905173
hill_climbing,rastrigin,111,3400,61.57064948905173
hill_climbing,rastrigin,111,3500,61.57064948905173
hill_climbing,rastrigin,111,3600,61.57064948905173
hill_climbing,rastrigin,111,3700,61.57064948905173
hill_climbing,rastrigin,111,3800,61.57064948905173
hill_climbing,rastrigin,111,3900,61.57064948905173
hill_climbing,rastrigin,111,4000,61.57064948905173
hill_climbing,rastrigin,111,4100,61.57064948905173
hill_climbing,rastrigin,111,4200,61.57064948905173
hill_climbing,rastrigin,111,4300,61.57064948905173
hill_climbing,rastrigin,111,4400,61.57064948905173
hill_climbing,rastrigin,111,4500,61.57064948905173
hill_climbing,rastrigin,111,4600,61.57064948905173
hill_climbing,rastrigin,111,4700,61.57064948905173
hill_climbing,rastrigin,111,4800,61.57064948905173
hill_climbing,rastrigin,111,4900,61.57064948905173
hill_climbing,rastrigin,111,5000,61.57064948905173
hill_climbing,rastrigin,111,5100,61.57064948905173
hill_climbing,rastrigin,111,5200,61.57064948905173
hill_climbing,rastrigin,111,5300,61.57064948905173
hill_climbing,rastrigin,111,5400,61.57064948905173
hill_climbing,rastrigin,111,5500,61.57064948905173
hill_climbing,rastrigin,111,5600,61.57064948905173
hill_climbing,rastrigin,111,5700,55.63857034301536
hill_climbing,rastrigin,111,5800,55.63857034301536
hill_climbing,rastrigin,111,5900,55.63857034301536
hill_climbing,rastrigin,111,6000,55.63857034301536
hill_climbing,rastrigin,111,6100,55.63857034301536
hill_climbing,rastrigin,111,6200,55.63857034301536
hill_climbing,rastrigin,111,6300,55.63857034301536
hill_climbing,rastrigin,111,6400,55.63857034301536
hill_climbing,rastrigin,111,6500,55.63857034301536
hill_climbing,rastrigin,111,6600,55.63857034301536
hill_climbing,rastrigin,111,6700,55.63857034301536
hill_climbing,rastrigin,111,6800,55.63857034301536
hill_climbing,rastrigin,111,6900,55.63857034301536
hill_climbing,rastrigin,111,7000,55.63857034301536
hill_climbing,rastrigin,111,7100,55.63857034301536
hill_climbing,rastrigin,111,7200,55.63857034301536
hill_climbing,rastrigin,111,7300,55.63857034301536
hill_climbing,rastrigin,111,7400,55.63857034301536
hill_climbing,rastrigin,111,7500,55.63857034301536
hill_climbing,rastrigin,111,7600,55.63857034301536
hill_climbing,rastrigin,111,7700,55.63857034301536
hill_climbing,rastrigin,111,7800,55.63857034301536
hill_climbing,rastrigin,111,7900,55.63857034301536
hill_climbing,rastrigin,111,8000,55.63857034301536
hill_climbing,rastrigin,111,8100,55.63857034301536
hill_climbing,rastrigin,111,8200,55.63857034301536
hill_climbing,rastrigin,111,8300,55.63857034301536
hill_climbing,rastrigin,111,8400,55.63857034301536
hill_climbing,rastrigin,111,8500,55.63857034301536
hill_climbing,rastrigin,111,8600,55.63857034301536
hill_climbing,rastrigin,111,8700,55.63857034301536
hill_climbing,rastrigin,111,8800,55.63857034301536
hill_climbing,rastrigin,111,8900,55.63857034301536
hill_climbing,rastrigin,111,9000,55.63857034301536
hill_climbing,rastrigin,111,9100,55.63857034301536
hill_climbing,rastrigin,111,9200,55.63857034301536
hill_climbing,rastrigin,111,9300,55.63857034301536
hill_climbing,rastrigin,111,9400,55.63857034301536
hill_climbing,rastrigin,111,9500,55.63857034301536
hill_climbing,rastrigin,111,9600,55.63857034301536
hill_climbing,rastrigin,111,9700,55.63857034301536
hill_climbing,rastrigin,111,9800,55.63857034301536
hill_climbing,rastrigin,111,9900,55.63857034301536
hill_climbing,rastrigin,111,10000,55.63857034301536
hill_climbing,rastrigin,111,10100,55.63857034301536
hill_climbing,rastrigin,111,10200,55.63857034301536
hill_climbing,rastrigin,111,10300,55.63857034301536
hill_climbing,rastrigin,111,10400,55.63857034301536
hill_climbing,rastrigin,111,10500,55.63857034301536
hill_climbing,rastrigin,111,10600,55.63857034301536
hill_climbing,rastrigin,111,10700,55.63857034301536
hill_climbing,rastrigin,111,10800,55.63857034301536
hill_climbing,rastrigin,111,10900,55.63857034301536
hill_climbing,rastrigin,111,11000,55.63857034301536
hill_climbing,rastrigin,111,11100,55.63857034301536
hill_climbing,rastrigin,111,11200,55.63857034301536
hill_climbing,rastrigin,111,11300,55.63857034301536
hill_climbing,rastrigin,111,11400,55.63857034301536
hill_climbing,rastrigin,111,11500,55.63857034301536
hill_climbing,rastrigin,111,11600,55.63857034301536
hill_climbing,rastrigin,111,11700,55.63857034301536
hill_climbing,rastrigin,111,11800,55.63857034301536
hill_climbing,rastrigin,111,11900,55.63857034301536
hill_climbing,rastrigin,111,12000,55.63857034301536
hill_climbing,rastrigin,111,12100,55.63857034301536
hill_climbing,rastrigin,111,12200,55.63857034301536
hill_climbing,rastrigin,111,12300,55.63857034301536
hill_climbing,rastrigin,111,12400,55.63857034301536
hill_climbing,rastrigin,111,12500,55.63857034301536
hill_climbing,rastrigin,111,12600,55.63857034301536
hill_climbing,rastrigin,111,12700,55.63857034301536
hill_climbing,rastrigin,111,12800,55.63857034301536
hill_climbing,rastrigin,111,12900,55.63857034301536
hill_climbing,rastrigin,111,13000,55.63857034301536
hill_climbing,rastrigin,111,13100,55.63857034301536
hill_climbing,rastrigin,111,13200,55.63857034301536
hill_climbing,rastrigin,111,13300,55.63857034301536
hill_climbing,rastrigin,111,13400,55.63857034301536
hill_climbing,rastrigin,111,13500,55.63857034301536
hill_climbing,rastrigin,111,13600,55.63857034301536
hill_climbing,rastrigin,111,13700,55.63857034301536
hill_climbing,rastrigin,111,13800,55.63857034301536
hill_climbing,rastrigin,111,13900,55.63857034301536
hill_climbing,rastrigin,111,14000,55.63857034301536
hill_climbing,rastrigin,111,14100,55.63857034301536
hill_climbing,rastrigin,111,14200,55.63857034301536
hill_climbing,rastrigin,111,14300,55.63857034301536
hill_climbing,rastrigin,111,14400,55.63857034301536
hill_climbing,rastrigin,111,14500,53.41850651689891
hill_climbing,rastrigin,111,14600,53.41850651689891
hill_climbing,rastrigin,111,14700,53.41850651689891
hill_climbing,rastrigin,111,14800,53.41850651689891
hill_climbing,rastrigin,111,14900,53.41850651689891
hill_climbing,rastrigin,111,15000,53.41850651689891
hill_climbing,rastrigin,111,15100,53.41850651689891
hill_climbing,rastrigin,111,15200,53.41850651689891
hill_climbing,rastrigin,111,15300,53.41850651689891
hill_climbing,rastrigin,111,15400,53.41850651689891
hill_climbing,rastrigin,111,15500,53.41850651689891
hill_climbing,rastrigin,111,15600,53.41850651689891
hill_climbing,rastrigin,111,15700,53.41850651689891
hill_climbing,rastrigin,111,15800,53.41850651689891
hill_climbing,rastrigin,111,15900,53.41850651689891
hill_climbing,rastrigin,111,16000,53.41850651689891
hill_climbing,rastrigin,111,16100,53.41850651689891
hill_climbing,rastrigin,111,16200,53.41850651689891
hill_climbing,rastrigin,111,16300,53.41850651689891
hill_climbing,rastrigin,111,16400,53.41850651689891
hill_climbing,rastrigin,111,16500,53.41850651689891
hill_climbing,rastrigin,111,16600,53.41850651689891
hill_climbing,rastrigin,111,16700,53.41850651689891
hill_climbing,rastrigin,111,16800,53.41850651689891
hill_climbing,rastrigin,111,16900,53.41850651689891
hill_climbing,rastrigin,111,17000,53.41850651689891
hill_climbing,rastrigin,111,17100,53.41850651689891
hill_climbing,rastrigin,111,17200,53.41850651689891
hill_climbing,rastrigin,111,17300,53.41850651689891
hill_climbing,rastrigin,111,17400,53.41850651689891
hill_climbing,rastrigin,111,17500,53.41850651689891
hill_climbing,rastrigin,111,17600,53.41850651689891
hill_climbing,rastrigin,111,17700,53.41850651689891
hill_climbing,rastrigin,111,17800,53.41850651689891
hill_climbing,rastrigin,111,17900,53.41850651689891
hill_climbing,rastrigin,111,18000,53.41850651689891
hill_climbing,rastrigin,111,18100,53.41850651689891
hill_climbing,rastrigin,111,18200,53.41850651689891
hill_climbing,rastrigin,111,18300,53.41850651689891
hill_climbing,rastrigin,111,18400,48.88330112313281
hill_climbing,rastrigin,111,18500,48.88330112313281
hill_climbing,rastrigin,111,18600,48.88330112313281
hill_climbing,rastrigin,111,18700,48.88330112313281
hill_climbing,rastrigin,111,18800,48.88330112313281
hill_climbing,rastrigin,111,18900,48.88330112313281
hill_climbing,rastrigin,111,19000,48.88330112313281
hill_climbing,rastrigin,111,19100,48.88330112313281
hill_climbing,rastrigin,111,19200,48.88330112313281
hill_climbing,rastrigin,111,19300,48.88330112313281
hill_climbing,rastrigin,111,19400,48.88330112313281
hill_climbing,rastrigin,111,19500,48.88330112313281
hill_climbing,rastrigin,111,19600,48.88330112313281
hill_climbing,rastrigin,111,19700,48.88330112313281
hill_climbing,rastrigin,111,19800,48.88330112313281
hill_climbing,rastrigin,111,19900,48.88330112313281
hill_climbing,rastrigin,111,20000,48.88330112313281
hill_climbing,rastrigin,112,100,117.60125347373676
hill_climbing,rastrigin,112,200,90.45397859714193
hill_climbing,rastrigin,112,300,90.45397859714193
hill_climbing,rastrigin,112,400,90.45397859714193
hill_climbing,rastrigin,112,500,90.45397859714193
hill_climbing,rastrigin,112,600,90.45397859714193
hill_climbing,rastrigin,112,700,90.45397859714193
hill_climbing,rastrigin,112,800,90.45397859714193
hill_climbing,rastrigin,112,900,90.45397859714193
hill_climbing,rastrigin,112,1000,85.28542910770777
hill_climbing,rastrigin,112,1100,64.60759518887355
hill_climbing,rastrigin,112,1200,64.60759518887355
hill_climbing,rastrigin,112,1300,64.55031717082801
hill_climbing,rastrigin,112,1400,64.55031717082801
hill_climbing,rastrigin,112,1500,64.55031717082801
hill_climbing,rastrigin,112,1600,64.55031717082801
hill_climbing,rastrigin,112,1700,64.05866613390782
hill_climbing,rastrigin,112,1800,64.05866613390782
hill_climbing,rastrigin,112,1900,64.05866613390782
hill_climbing,rastrigin,112,2000,64.05866613390782
hill_climbing,rastrigin,112,2100,64.05866613390782
hill_climbing,rastrigin,112,2200,64.05866613390782
hill_climbing,rastrigin,112,2300,64.05866613390782
hill_climbing,rastrigin,112,2400,64.05866613390782
hill_climbing,rastrigin,112,2500,64.05866613390782
hill_climbing,rastrigin,112,2600,64.05866613390782
hill_climbing,rastrigin,112,2700,64.05866613390782
hill_climbing,rastrigin,112,2800,64.05866613390782
hill_climbing,rastrigin,112,2900,64.05866613390782
hill_climbing,rastrigin,112,3000,64.05866613390782
hill_climbing,rastrigin,112,3100,64.05866613390782
hill_climbing,rastrigin,112,3200,64.05866613390782
hill_climbing,rastrigin,112,3300,64.05866613390782
hill_climbing,rastrigin,112,3400,64.05866613390782
hill_climbing,rastrigin,112,3500,64.05866613390782
hill_climbing,rastrigin,112,3600,64.05866613390782
hill_climbing,rastrigin,112,3700,64.05866613390782
hill_climbing,rastrigin,112,3800,64.05866613390782
hill_climbing,rastrigin,112,3900,64.05866613390782
hill_climbing,rastrigin,112,4000,64.05866613390782
hill_climbing,rastrigin,112,4100,64.05866613390782
hill_climbing,rastrigin,112,4200,64.05866613390782
hill_climbing,rastrigin,112,4300,64.05866613390782
hill_climbing,rastrigin,112,4400,64.05866613390782
hill_climbing,rastrigin,112,4500,64.05866613390782
hill_climbing,rastrigin,112,4600,64.05866613390782
hill_climbing,rastrigin,112,4700,64.05866613390782
hill_climbing,rastrigin,112,4800,64.05866613390782
hill_climbing,rastrigin,112,4900,64.05866613390782
hill_climbing,rastrigin,112,5000,64.05866613390782
hill_climbing,rastrigin,112,5100,64.05866613390782
hill_climbing,rastrigin,112,5200,64.05866613390782
hill_climbing,rastrigin,112,5300,64.05866613390782
hill_climbing,rastrigin,112,5400,64.05866613390782
hill_climbing,rastrigin,112,5500,64.05866613390782
hill_climbing,rastrigin,112,5600,64.05866613390782
hill_climbing,rastrigin,112,5700,64.05866613390782
hill_climbing,rastrigin,112,5800,64.05866613390782
hill_climbing,rastrigin,112,5900,64.05866613390782
hill_climbing,rastrigin,112,6000,64.05866613390782
hill_climbing,rastrigin,112,6100,64.05866613390782
hill_climbing,rastrigin,112,6200,64.05866613390782
hill_climbing,rastrigin,112,6300,64.05866613390782
hill_climbing,rastrigin,112,6400,64.05866613390782
hill_climbing,rastrigin,112,6500,64.05866613390782
hill_climbing,rastrigin,112,6600,64.05866613390782
hill_climbing,rastrigin,112,6700,64.05866613390782
hill_climbing,rastrigin,112,6800,64.05866613390782
hill_climbing,rastrigin,112,6900,64.05866613390782
hill_climbing,rastrigin,112,7000,64.05866613390782
hill_climbing,rastrigin,112,7100,64.05866613390782
hill_climbing,rastrigin,112,7200,64.05866613390782
hill_climbing,rastrigin,112,7300,64.05866613390782
hill_climbing,rastrigin,112,7400,64.05866613390782
hill_climbing,rastrigin,112,7500,64.05866613390782
hill_climbing,rastrigin,112,7600,64.05866613390782
hill_climbing,rastrigin,112,7700,64.05866613390782
hill_climbing,rastrigin,112,7800,64.05866613390782
hill_climbing,rastrigin,112,7900,64.05866613390782
hill_climbing,rastrigin,112,8000,64.05866613390782
hill_climbing,rastrigin,112,8100,64.05866613390782
hill_climbing,rastrigin,112,8200,64.05866613390782
hill_climbing,rastrigin,112,8300,64.05866613390782
hill_climbing,rastrigin,112,8400,64.05866613390782
hill_climbing,rastrigin,112,8500,64.05866613390782
hill_climbing,rastrigin,112,8600,64.05866613390782
hill_climbing,rastrigin,112,8700,64.05866613390782
hill_climbing,rastrigin,112,8800,64.05866613390782
hill_climbing,rastrigin,112,8900,64.05866613390782
hill_climbing,rastrigin,112,9000,64.05866613390782
hill_climbing,rastrigin,112,9100,64.05866613390782
hill_climbing,rastrigin,112,9200,64.05866613390782
hill_climbing,rastrigin,112,9300,64.05866613390782
hill_climbing,rastrigin,112,9400,64.05866613390782
hill_climbing,rastrigin,112,9500,64.05866613390782
hill_climbing,rastrigin,112,9600,64.05866613390782
hill_climbing,rastrigin,112,9700,64.05866613390782
hill_climbing,rastrigin,112,9800,64.05866613390782
hill_climbing,rastrigin,112,9900,64.05866613390782
hill_climbing,rastrigin,112,10000,64.05866613390782
hill_climbing,rastrigin,112,10100,64.05866613390782
hill_climbing,rastrigin,112,10200,64.05866613390782
hill_climbing,rastrigin,112,10300,64.05866613390782
hill_climbing,rastrigin,112,10400,64.05866613390782
hill_climbing,rastrigin,112,10500,64.05866613390782
hill_climbing,rastrigin,112,10600,64.05866613390782
hill_climbing,rastrigin,112,10700,64.05866613390782
hill_climbing,rastrigin,112,10800,64.05866613390782
hill_climbing,rastrigin,112,10900,64.05866613390782
hill_climbing,rastrigin,112,11000,64.05866613390782
hill_climbing,rastrigin,112,11100,64.05866613390782
hill_climbing,rastrigin,112,11200,64.05866613390782
hill_climbing,rastrigin,112,11300,64.05866613390782
hill_climbing,rastrigin,112,11400,64.05866613390782
hill_climbing,rastrigin,112,11500,64.05866613390782
hill_climbing,rastrigin,112,11600,64.05866613390782
hill_climbing,rastrigin,112,11700,64.05866613390782
hill_climbing,rastrigin,112,11800,64.05866613390782
hill_climbing,rastrigin,112,11900,64.05866613390782
hill_climbing,rastrigin,112,12000,64.05866613390782
hill_climbing,rastrigin,112,12100,64.05866613390782
hill_climbing,rastrigin,112,12200,64.05866613390782
hill_climbing,rastrigin,112,12300,64.05866613390782
hill_climbing,rastrigin,112,12400,64.05866613390782
hill_climbing,rastrigin,112,12500,64.05866613390782
hill_climbing,rastrigin,112,12600,64.05866613390782
hill_climbing,rastrigin,112,12700,64.05866613390782
hill_climbing,rastrigin,112,12800,64.05866613390782
hill_climbing,rastrigin,112,12900,64.05866613390782
hill_climbing,rastrigin,112,13000,64.05866613390782
hill_climbing,rastrigin,112,13100,64.05866613390782
hill_climbing,rastrigin,112,13200,64.05866613390782
hill_climbing,rastrigin,112,13300,64.05866613390782
hill_climbing,rastrigin,112,13400,64.05866613390782
hill_climbing,rastrigin,112,13500,64.05866613390782
hill_climbing,rastrigin,112,13600,64.05866613390782
hill_climbing,rastrigin,112,13700,64.05866613390782
hill_climbing,rastrigin,112,13800,64.05866613390782
hill_climbing,rastrigin,112,13900,64.05866613390782
hill_climbing,rastrigin,112,14000,64.05866613390782
hill_climbing,rastrigin,112,14100,64.05866613390782
hill_climbing,rastrigin,112,14200,64.05866613390782
hill_climbing,rastrigin,112,14300,64.05866613390782
hill_climbing,rastrigin,112,14400,64.05866613390782
hill_climbing,rastrigin,112,14500,64.05866613390782
hill_climbing,rastrigin,112,14600,64.05866613390782
hill_climbing,rastrigin,112,14700,64.05866613390782
hill_climbing,rastrigin,112,14800,64.05866613390782
hill_climbing,rastrigin,112,14900,64.05866613390782
hill_climbing,rastrigin,112,15000,64.05866613390782
hill_climbing,rastrigin,112,15100,64.05866613390782
hill_climbing,rastrigin,112,15200,64.05866613390782
hill_climbing,rastrigin,112,15300,64.05866613390782
hill_climbing,rastrigin,112,15400,64.05866613390782
hill_climbing,rastrigin,112,15500,64.05866613390782
hill_climbing,rastrigin,112,15600,64.05866613390782
hill_climbing,rastrigin,112,15700,64.05866613390782
hill_climbing,rastrigin,112,15800,64.05866613390782
hill_climbing,rastrigin,112,15900,64.05866613390782
hill_climbing,rastrigin,112,16000,64.05866613390782
hill_climbing,rastrigin,112,16100,64.05866613390782
hill_climbing,rastrigin,112,16200,64.05866613390782
hill_climbing,rastrigin,112,16300,64.05866613390782
hill_climbing,rastrigin,112,16400,64.05866613390782
hill_climbing,rastrigin,112,16500,64.05866613390782
hill_climbing,rastrigin,112,16600,64.05866613390782
hill_climbing,rastrigin,112,16700,64.05866613390782
hill_climbing,rastrigin,112,16800,64.05866613390782
hill_climbing,rastrigin,112,16900,64.05866613390782
hill_climbing,rastrigin,112,17000,64.05866613390782
hill_climbing,rastrigin,112,17100,64.05866613390782
hill_climbing,rastrigin,112,17200,64.05866613390782
hill_climbing,rastrigin,112,17300,64.05866613390782
hill_climbing,rastrigin,112,17400,64.05866613390782
hill_climbing,rastrigin,112,17500,64.05866613390782
hill_climbing,rastrigin,112,17600,64.05866613390782
hill_climbing,rastrigin,112,17700,64.05866613390782
hill_climbing,rastrigin,112,17800,64.05866613390782
hill_climbing,rastrigin,112,17900,64.05866613390782
hill_climbing,rastrigin,112,18000,64.05866613390782
hill_climbing,rastrigin,112,18100,64.05866613390782
hill_climbing,rastrigin,112,18200,64.05866613390782
hill_climbing,rastrigin,112,18300,64.05866613390782
hill_climbing,rastrigin,112,18400,64.05866613390782
hill_climbing,rastrigin,112,18500,64.05866613390782
hill_climbing,rastrigin,112,18600,64.05866613390782
hill_climbing,rastrigin,112,18700,64.05866613390782
hill_climbing,rastrigin,112,18800,64.05866613390782
hill_climbing,rastrigin,112,18900,64.05866613390782
hill_climbing,rastrigin,112,19000,64.05866613390782
hill_climbing,rastrigin,112,19100,64.05866613390782
hill_climbing,rastrigin,112,19200,64.05866613390782
hill_climbing,rastrigin,112,19300,64.05866613390782
hill_climbing,rastrigin,112,19400,64.05866613390782
hill_climbing,rastrigin,112,19500,64.05866613390782
hill_climbing,rastrigin,112,19600,64.05866613390782
hill_climbing,rastrigin,112,19700,64.05866613390782
hill_climbing,rastrigin,112,19800,64.05866613390782
hill_climbing,rastrigin,112,19900,64.05866613390782
hill_climbing,rastrigin,112,20000,64.05866613390782
hill_climbing,rastrigin,113,100,86.54085034916253
hill_climbing,rastrigin,113,200,84.27857889082654
hill_climbing,rastrigin,113,300,73.17521967013154
hill_climbing,rastrigin,113,400,56.79681160128846
hill_climbing,rastrigin,113,500,56.79681160128846
hill_climbing,rastrigin,113,600,54.51536675090804
hill_climbing,rastrigin,113,700,54.51536675090804
hill_climbing,rastrigin,113,800,54.51536675090804
hill_climbing,rastrigin,113,900,54.51536675090804
hill_climbing,rastrigin,113,1000,54.51536675090804
hill_climbing,rastrigin,113,1100,54.51536675090804
hill_climbing,rastrigin,113,1200,54.51536675090804
hill_climbing,rastrigin,113,1300,54.51536675090804
hill_climbing,rastrigin,113,1400,54.51536675090804
hill_climbing,rastrigin,113,1500,54.51536675090804
hill_climbing,rastrigin,113,1600,54.51536675090804
hill_climbing,rastrigin,113,1700,54.51536675090804
hill_climbing,rastrigin,113,1800,54.51536675090804
hill_climbing,rastrigin,113,1900,54.51536675090804
hill_climbing,rastrigin,113,2000,54.51536675090804
hill_climbing,rastrigin,113,2100,54.51536675090804
hill_climbing,rastrigin,113,2200,54.51536675090804
hill_climbing,rastrigin,113,2300,54.51536675090804
hill_climbing,rastrigin,113,2400,54.51536675090804
hill_climbing,rastrigin,113,2500,54.51536675090804
hill_climbing,rastrigin,113,2600,54.51536675090804
hill_climbing,rastrigin,113,2700,54.51536675090804
hill_climbing,rastrigin,113,2800,54.51536675090804
hill_climbing,rastrigin,113,2900,54.51536675090804
hill_climbing,rastrigin,113,3000,54.51536675090804
hill_climbing,rastrigin,113,3100,54.51536675090804
hill_climbing,rastrigin,113,3200,54.51536675090804
hill_climbing,rastrigin,113,3300,54.51536675090804
hill_climbing,rastrigin,113,3400,54.51536675090804
hill_climbing,rastrigin,113,3500,54.51536675090804
hill_climbing,rastrigin,113,3600,54.51536675090804
hill_climbing,rastrigin,113,3700,54.51536675090804
hill_climbing,rastrigin,113,3800,54.51536675090804
hill_climbing,rastrigin,113,3900,54.51536675090804
hill_climbing,rastrigin,113,4000,54.51536675090804
hill_climbing,rastrigin,113,4100,54.51536675090804
hill_climbing,rastrigin,113,4200,54.51536675090804
hill_climbing,rastrigin,113,4300,54.51536675090804
hill_climbing,rastrigin,113,4400,54.51536675090804
hill_climbing,rastrigin,113,4500,54.51536675090804
hill_climbing,rastrigin,113,4600,54.51536675090804
hill_climbing,rastrigin,113,4700,54.51536675090804
hill_climbing,rastrigin,113,4800,54.51536675090804
hill_climbing,rastrigin,113,4900,54.51536675090804
hill_climbing,rastrigin,113,5000,54.51536675090804
hill_climbing,rastrigin,113,5100,54.51536675090804
hill_climbing,rastrigin,113,5200,54.51536675090804
hill_climbing,rastrigin,113,5300,54.51536675090804
hill_climbing,rastrigin,113,5400,54.51536675090804
hill_climbing,rastrigin,113,5500,54.51536675090804
hill_climbing,rastrigin,113,5600,54.51536675090804
hill_climbing,rastrigin,113,5700,54.51536675090804
hill_climbing,rastrigin,113,5800,54.51536675090804
hill_climbing,rastrigin,113,5900,54.51536675090804
hill_climbing,rastrigin,113,6000,54.51536675090804
hill_climbing,rastrigin,113,6100,54.51536675090804
hill_climbing,rastrigin,113,6200,54.51536675090804
hill_climbing,rastrigin,113,6300,54.51536675090804
hill_climbing,rastrigin,113,6400,54.51536675090804
hill_climbing,rastrigin,113,6500,54.51536675090804
hill_climbing,rastrigin,113,6600,54.51536675090804
hill_climbing,rastrigin,113,6700,54.51536675090804
hill_climbing,rastrigin,113,6800,54.51536675090804
hill_climbing,rastrigin,113,6900,54.51536675090804
hill_climbing,rastrigin,113,7000,54.51536675090804
hill_climbing,rastrigin,113,7100,54.51536675090804
hill_climbing,rastrigin,113,7200,54.51536675090804
hill_climbing,rastrigin,113,7300,54.51536675090804
hill_climbing,rastrigin,113,7400,54.51536675090804
hill_climbing,rastrigin,113,7500,54.51536675090804
hill_climbing,rastrigin,113,7600,54.51536675090804
hill_climbing,rastrigin,113,7700,54.51536675090804
hill_climbing,rastrigin,113,7800,54.51536675090804
hill_climbing,rastrigin,113,7900,54.51536675090804
hill_climbing,rastrigin,113,8000,54.51536675090804
hill_climbing,rastrigin,113,8100,54.51536675090804
hill_climbing,rastrigin,113,8200,54.51536675090804
hill_climbing,rastrigin,113,8300,54.51536675090804
hill_climbing,rastrigin,113,8400,54.51536675090804
hill_climbing,rastrigin,113,8500,54.51536675090804
hill_climbing,rastrigin,113,8600,54.51536675090804
hill_climbing,rastrigin,113,8700,54.51536675090804
hill_climbing,rastrigin,113,8800,54.51536675090804
hill_climbing,rastrigin,113,8900,54.51536675090804
hill_climbing,rastrigin,113,9000,54.51536675090804
hill_climbing,rastrigin,113,9100,54.51536675090804
hill_climbing,rastrigin,113,9200,54.51536675090804
hill_climbing,rastrigin,113,9300,54.51536675090804
hill_climbing,rastrigin,113,9400,54.51536675090804
hill_climbing,rastrigin,113,9500,54.51536675090804
hill_climbing,rastrigin,113,9600,54.51536675090804
hill_climbing,rastrigin,113,9700,54.51536675090804
hill_climbing,rastrigin,113,9800,54.51536675090804
hill_climbing,rastrigin,113,9900,54.51536675090804
hill_climbing,rastrigin,113,10000,54.51536675090804
hill_climbing,rastrigin,113,10100,54.51536675090804
hill_climbing,rastrigin,113,10200,54.51536675090804
hill_climbing,rastrigin,113,10300,54.51536675090804
hill_climbing,rastrigin,113,10400,54.51536675090804
hill_climbing,rastrigin,113,10500,54.51536675090804
hill_climbing,rastrigin,113,10600,54.51536675090804
hill_climbing,rastrigin,113,10700,54.51536675090804
hill_climbing,rastrigin,113,10800,54.51536675090804
hill_climbing,rastrigin,113,10900,54.51536675090804
hill_climbing,rastrigin,113,11000,54.51536675090804
hill_climbing,rastrigin,113,11100,54.51536675090804
hill_climbing,rastrigin,113,11200,54.51536675090804
hill_climbing,rastrigin,113,11300,54.51536675090804
hill_climbing,rastrigin,113,11400,54.51536675090804
hill_climbing,rastrigin,113,11500,54.51536675090804
hill_climbing,rastrigin,113,11600,54.51536675090804
hill_climbing,rastrigin,113,11700,54.51536675090804
hill_climbing,rastrigin,113,11800,54.51536675090804
hill_climbing,rastrigin,113,11900,54.51536675090804
hill_climbing,rastrigin,113,12000,54.51536675090804
hill_climbing,rastrigin,113,12100,54.51536675090804
hill_climbing,rastrigin,113,12200,54.51536675090804
hill_climbing,rastrigin,113,12300,54.51536675090804
hill_climbing,rastrigin,113,12400,54.51536675090804
hill_climbing,rastrigin,113,12500,54.51536675090804
hill_climbing,rastrigin,113,12600,54.51536675090804
hill_climbing,rastrigin,113,12700,54.51536675090804
hill_climbing,rastrigin,113,12800,54.51536675090804
hill_climbing,rastrigin,113,12900,54.51536675090804
hill_climbing,rastrigin,113,13000,54.51536675090804
hill_climbing,rastrigin,113,13100,54.51536675090804
hill_climbing,rastrigin,113,13200,54.51536675090804
hill_climbing,rastrigin,113,13300,54.51536675090804
hill_climbing,rastrigin,113,13400,54.51536675090804
hill_climbing,rastrigin,113,13500,54.51536675090804
hill_climbing,rastrigin,113,13600,54.51536675090804
hill_climbing,rastrigin,113,13700,54.51536675090804
hill_climbing,rastrigin,113,13800,54.51536675090804
hill_climbing,rastrigin,113,13900,54.51536675090804
hill_climbing,rastrigin,113,14000,54.51536675090804
hill_climbing,rastrigin,113,14100,54.51536675090804
hill_climbing,rastrigin,113,14200,54.51536675090804
hill_climbing,rastrigin,113,14300,54.51536675090804
hill_climbing,rastrigin,113,14400,54.51536675090804
hill_climbing,rastrigin,113,14500,54.51536675090804
hill_climbing,rastrigin,113,14600,54.51536675090804
hill_climbing,rastrigin,113,14700,54.51536675090804
hill_climbing,rastrigin,113,14800,54.51536675090804
hill_climbing,rastrigin,113,14900,54.51536675090804
hill_climbing,rastrigin,113,15000,54.51536675090804
hill_climbing,rastrigin,113,15100,54.51536675090804
hill_climbing,rastrigin,113,15200,54.51536675090804
hill_climbing,rastrigin,113,15300,54.51536675090804
hill_climbing,rastrigin,113,15400,54.51536675090804
hill_climbing,rastrigin,113,15500,54.51536675090804
hill_climbing,rastrigin,113,15600,54.51536675090804
hill_climbing,rastrigin,113,15700,54.51536675090804
hill_climbing,rastrigin,113,15800,54.51536675090804
hill_climbing,rastrigin,113,15900,54.51536675090804
hill_climbing,rastrigin,113,16000,54.51536675090804
hill_climbing,rastrigin,113,16100,54.51536675090804
hill_climbing,rastrigin,113,16200,54.51536675090804
hill_climbing,rastrigin,113,16300,54.51536675090804
hill_climbing,rastrigin,113,16400,54.51536675090804
hill_climbing,rastrigin,113,16500,54.51536675090804
hill_climbing,rastrigin,113,16600,54.51536675090804
hill_climbing,rastrigin,113,16700,54.51536675090804
hill_climbing,rastrigin,113,16800,54.51536675090804
hill_climbing,rastrigin,113,16900,53.37309005505502
hill_climbing,rastrigin,113,17000,53.37309005505502
hill_climbing,rastrigin,113,17100,53.37309005505502
hill_climbing,rastrigin,113,17200,53.37309005505502
hill_climbing,rastrigin,113,17300,53.37309005505502
hill_climbing,rastrigin,113,17400,53.37309005505502
hill_climbing,rastrigin,113,17500,53.37309005505502
hill_climbing,rastrigin,113,17600,53.37309005505502
hill_climbing,rastrigin,113,17700,53.37309005505502
hill_climbing,rastrigin,113,17800,53.37309005505502
hill_climbing,rastrigin,113,17900,53.37309005505502
hill_climbing,rastrigin,113,18000,53.37309005505502
hill_climbing,rastrigin,113,18100,53.37309005505502
hill_climbing,rastrigin,113,18200,53.37309005505502
hill_climbing,rastrigin,113,18300,53.37309005505502
hill_climbing,rastrigin,113,18400,53.37309005505502
hill_climbing,rastrigin,113,18500,53.37309005505502
hill_climbing,rastrigin,113,18600,53.37309005505502
hill_climbing,rastrigin,113,18700,53.37309005505502
hill_climbing,rastrigin,113,18800,53.37309005505502
hill_climbing,rastrigin,113,18900,53.37309005505502
hill_climbing,rastrigin,113,19000,53.37309005505502
hill_climbing,rastrigin,113,19100,53.37309005505502
hill_climbing,rastrigin,113,19200,53.37309005505502
hill_climbing,rastrigin,113,19300,53.37309005505502
hill_climbing,rastrigin,113,19400,53.37309005505502
hill_climbing,rastrigin,113,19500,53.37309005505502
hill_climbing,rastrigin,113,19600,53.37309005505502
hill_climbing,rastrigin,113,19700,53.37309005505502
hill_climbing,rastrigin,113,19800,53.37309005505502
hill_climbing,rastrigin,113,19900,53.37309005505502
hill_climbing,rastrigin,113,20000,53.37309005505502
hill_climbing,rastrigin,114,100,104.04810247191372
hill_climbing,rastrigin,114,200,84.5467303200744
hill_climbing,rastrigin,114,300,60.145717664448625
hill_climbing,rastrigin,114,400,60.145717664448625
hill_climbing,rastrigin,114,500,60.145717664448625
hill_climbing,rastrigin,114,600,60.145717664448625
hill_climbing,rastrigin,114,700,60.145717664448625
hill_climbing,rastrigin,114,800,60.145717664448625
hill_climbing,rastrigin,114,900,60.145717664448625
hill_climbing,rastrigin,114,1000,60.145717664448625
hill_climbing,rastrigin,114,1100,60.145717664448625
hill_climbing,rastrigin,114,1200,60.145717664448625
hill_climbing,rastrigin,114,1300,60.145717664448625
hill_climbing,rastrigin,114,1400,60.145717664448625
hill_climbing,rastrigin,114,1500,60.145717664448625
hill_climbing,rastrigin,114,1600,60.145717664448625
hill_climbing,rastrigin,114,1700,60.145717664448625
hill_climbing,rastrigin,114,1800,60.145717664448625
hill_climbing,rastrigin,114,1900,60.145717664448625
hill_climbing,rastrigin,114,2000,60.145717664448625
hill_climbing,rastrigin,114,2100,60.145717664448625
hill_climbing,rastrigin,114,2200,60.145717664448625
hill_climbing,rastrigin,114,2300,60.145717664448625
hill_climbing,rastrigin,114,2400,60.145717664448625
hill_climbing,rastrigin,114,2500,60.145717664448625
hill_climbing,rastrigin,114,2600,60.145717664448625
hill_climbing,rastrigin,114,2700,60.145717664448625
hill_climbing,rastrigin,114,2800,60.145717664448625
hill_climbing,rastrigin,114,2900,60.145717664448625
hill_climbing,rastrigin,114,3000,60.145717664448625
hill_climbing,rastrigin,114,3100,60.145717664448625
hill_climbing,rastrigin,114,3200,60.145717664448625
hill_climbing,rastrigin,114,3300,60.145717664448625
hill_climbing,rastrigin,114,3400,60.145717664448625
hill_climbing,rastrigin,114,3500,60.145717664448625
hill_climbing,rastrigin,114,3600,60.145717664448625
hill_climbing,rastrigin,114,3700,60.145717664448625
hill_climbing,rastrigin,114,3800,60.145717664448625
hill_climbing,rastrigin,114,3900,60.145717664448625
hill_climbing,rastrigin,114,4000,60.145717664448625
hill_climbing,rastrigin,114,4100,60.145717664448625
hill_climbing,rastrigin,114,4200,60.145717664448625
hill_climbing,rastrigin,114,4300,60.145717664448625
hill_climbing,rastrigin,114,4400,60.145717664448625
hill_climbing,rastrigin,114,4500,60.145717664448625
hill_climbing,rastrigin,114,4600,60.145717664448625
hill_climbing,rastrigin,114,4700,60.145717664448625
hill_climbing,rastrigin,114,4800,60.145717664448625
hill_climbing,rastrigin,114,4900,60.145717664448625
hill_climbing,rastrigin,114,5000,60.145717664448625
hill_climbing,rastrigin,114,5100,60.145717664448625
hill_climbing,rastrigin,114,5200,60.145717664448625
hill_climbing,rastrigin,114,5300,60.145717664448625
hill_climbing,rastrigin,114,5400,60.145717664448625
hill_climbing,rastrigin,114,5500,60.145717664448625
hill_climbing,rastrigin,114,5600,60.145717664448625
hill_climbing,rastrigin,114,5700,60.145717664448625
hill_climbing,rastrigin,114,5800,60.145717664448625
hill_climbing,rastrigin,114,5900,60.145717664448625
hill_climbing,rastrigin,114,6000,60.145717664448625
hill_climbing,rastrigin,114,6100,60.145717664448625
hill_climbing,rastrigin,114,6200,60.145717664448625
hill_climbing,rastrigin,114,6300,60.145717664448625
hill_climbing,rastrigin,114,6400,60.145717664448625
hill_climbing,rastrigin,114,6500,60.145717664448625
hill_climbing,rastrigin,114,6600,60.145717664448625
hill_climbing,rastrigin,114,6700,60.145717664448625
hill_climbing,rastrigin,114,6800,60.145717664448625
hill_climbing,rastrigin,114,6900,60.145717664448625
hill_climbing,rastrigin,114,7000,60.145717664448625
hill_climbing,rastrigin,114,7100,60.145717664448625
hill_climbing,rastrigin,114,7200,60.145717664448625
hill_climbing,rastrigin,114,7300,60.145717664448625
hill_climbing,rastrigin,114,7400,60.145717664448625
hill_climbing,rastrigin,114,7500,60.145717664448625
hill_climbing,rastrigin,114,7600,60.145717664448625
hill_climbing,rastrigin,114,7700,60.145717664448625
hill_climbing,rastrigin,114,7800,60.145717664448625
hill_climbing,rastrigin,114,7900,60.145717664448625
hill_climbing,rastrigin,114,8000,60.145717664448625
hill_climbing,rastrigin,114,8100,60.145717664448625
hill_climbing,rastrigin,114,8200,60.145717664448625
hill_climbing,rastrigin,114,8300,60.145717664448625
hill_climbing,rastrigin,114,8400,60.145717664448625
hill_climbing,rastrigin,114,8500,60.145717664448625
hill_climbing,rastrigin,114,8600,60.145717664448625
hill_climbing,rastrigin,114,8700,60.145717664448625
hill_climbing,rastrigin,114,8800,60.145717664448625
hill_climbing,rastrigin,114,8900,60.145717664448625
hill_climbing,rastrigin,114,9000,60.145717664448625
hill_climbing,rastrigin,114,9100,60.145717664448625
hill_climbing,rastrigin,114,9200,55.68011695438592
hill_climbing,rastrigin,114,9300,55.68011695438592
hill_climbing,rastrigin,114,9400,55.68011695438592
hill_climbing,rastrigin,114,9500,55.68011695438592
hill_climbing,rastrigin,114,9600,55.68011695438592
hill_climbing,rastrigin,114,9700,55.68011695438592
hill_climbing,rastrigin,114,9800,55.68011695438592
hill_climbing,rastrigin,114,9900,55.68011695438592
hill_climbing,rastrigin,114,10000,55.68011695438592
hill_climbing,rastrigin,114,10100,55.68011695438592
hill_climbing,rastrigin,114,10200,55.68011695438592
hill_climbing,rastrigin,114,10300,55.68011695438592
hill_climbing,rastrigin,114,10400,55.68011695438592
hill_climbing,rastrigin,114,10500,55.68011695438592
hill_climbing,rastrigin,114,10600,55.68011695438592
hill_climbing,rastrigin,114,10700,55.68011695438592
hill_climbing,rastrigin,114,10800,55.68011695438592
hill_climbing,rastrigin,114,10900,55.68011695438592
hill_climbing,rastrigin,114,11000,55.68011695438592
hill_climbing,rastrigin,114,11100,55.68011695438592
hill_climbing,rastrigin,114,11200,55.68011695438592
hill_climbing,rastrigin,114,11300,55.68011695438592
hill_climbing,rastrigin,114,11400,55.68011695438592
hill_climbing,rastrigin,114,11500,55.68011695438592
hill_climbing,rastrigin,114,11600,55.68011695438592
hill_climbing,rastrigin,114,11700,55.68011695438592
hill_climbing,rastrigin,114,11800,55.68011695438592
hill_climbing,rastrigin,114,11900,55.68011695438592
hill_climbing,rastrigin,114,12000,55.68011695438592
hill_climbing,rastrigin,114,12100,55.68011695438592
hill_climbing,rastrigin,114,12200,55.68011695438592
hill_climbing,rastrigin,114,12300,55.68011695438592
hill_climbing,rastrigin,114,12400,55.68011695438592
hill_climbing,rastrigin,114,12500,55.68011695438592
hill_climbing,rastrigin,114,12600,55.68011695438592
hill_climbing,rastrigin,114,12700,55.68011695438592
hill_climbing,rastrigin,114,12800,55.68011695438592
hill_climbing,rastrigin,114,12900,55.68011695438592
hill_climbing,rastrigin,114,13000,55.68011695438592
hill_climbing,rastrigin,114,13100,55.68011695438592
hill_climbing,rastrigin,114,13200,55.68011695438592
hill_climbing,rastrigin,114,13300,55.68011695438592
hill_climbing,rastrigin,114,13400,55.68011695438592
hill_climbing,rastrigin,114,13500,55.68011695438592
hill_climbing,rastrigin,114,13600,55.68011695438592
hill_climbing,rastrigin,114,13700,55.68011695438592
hill_climbing,rastrigin,114,13800,55.68011695438592
hill_climbing,rastrigin,114,13900,55.68011695438592
hill_climbing,rastrigin,114,14000,55.68011695438592
hill_climbing,rastrigin,114,14100,55.68011695438592
hill_climbing,rastrigin,114,14200,55.68011695438592
hill_climbing,rastrigin,114,14300,55.68011695438592
hill_climbing,rastrigin,114,14400,55.68011695438592
hill_climbing,rastrigin,114,14500,55.68011695438592
hill_climbing,rastrigin,114,14600,55.68011695438592
hill_climbing,rastrigin,114,14700,55.68011695438592
hill_climbing,rastrigin,114,14800,55.68011695438592
hill_climbing,rastrigin,114,14900,55.68011695438592
hill_climbing,rastrigin,114,15000,55.68011695438592
hill_climbing,rastrigin,114,15100,55.68011695438592
hill_climbing,rastrigin,114,15200,55.68011695438592
hill_climbing,rastrigin,114,15300,55.68011695438592
hill_climbing,rastrigin,114,15400,55.68011695438592
hill_climbing,rastrigin,114,15500,55.68011695438592
hill_climbing,rastrigin,114,15600,55.68011695438592
hill_climbing,rastrigin,114,15700,55.68011695438592
hill_climbing,rastrigin,114,15800,55.68011695438592
hill_climbing,rastrigin,114,15900,55.68011695438592
hill_climbing,rastrigin,114,16000,55.68011695438592
hill_climbing,rastrigin,114,16100,55.68011695438592
hill_climbing,rastrigin,114,16200,55.68011695438592
hill_climbing,rastrigin,114,16300,55.68011695438592
hill_climbing,rastrigin,114,16400,55.68011695438592
hill_climbing,rastrigin,114,16500,43.069763064088306
hill_climbing,rastrigin,114,16600,43.069763064088306
hill_climbing,rastrigin,114,16700,43.069763064088306
hill_climbing,rastrigin,114,16800,43.069763064088306
hill_climbing,rastrigin,114,16900,43.069763064088306
hill_climbing,rastrigin,114,17000,43.069763064088306
hill_climbing,rastrigin,114,17100,43.069763064088306
hill_climbing,rastrigin,114,17200,43.069763064088306
hill_climbing,rastrigin,114,17300,43.069763064088306
hill_climbing,rastrigin,114,17400,43.069763064088306
hill_climbing,rastrigin,114,17500,43.069763064088306
hill_climbing,rastrigin,114,17600,43.069763064088306
hill_climbing,rastrigin,114,17700,43.069763064088306
hill_climbing,rastrigin,114,17800,43.069763064088306
hill_climbing,rastrigin,114,17900,43.069763064088306
hill_climbing,rastrigin,114,18000,43.069763064088306
hill_climbing,rastrigin,114,18100,43.069763064088306
hill_climbing,rastrigin,114,18200,43.069763064088306
hill_climbing,rastrigin,114,18300,43.069763064088306
hill_climbing,rastrigin,114,18400,43.069763064088306
hill_climbing,rastrigin,114,18500,43.069763064088306
hill_climbing,rastrigin,114,18600,43.069763064088306
hill_climbing,rastrigin,114,18700,43.069763064088306
hill_climbing,rastrigin,114,18800,43.069763064088306
hill_climbing,rastrigin,114,18900,43.069763064088306
hill_climbing,rastrigin,114,19000,43.069763064088306
hill_climbing,rastrigin,114,19100,43.069763064088306
hill_climbing,rastrigin,114,19200,43.069763064088306
hill_climbing,rastrigin,114,19300,43.069763064088306
hill_climbing,rastrigin,114,19400,43.069763064088306
hill_climbing,rastrigin,114,19500,43.069763064088306
hill_climbing,rastrigin,114,19600,43.069763064088306
hill_climbing,rastrigin,114,19700,43.069763064088306
hill_climbing,rastrigin,114,19800,43.069763064088306
hill_climbing,rastrigin,114,19900,43.069763064088306
hill_climbing,rastrigin,114,20000,43.069763064088306
hill_climbing,rastrigin,115,100,117.03221399482483
hill_climbing,rastrigin,115,200,117.03221399482483
hill_climbing,rastrigin,115,300,117.03221399482483
hill_climbing,rastrigin,115,400,110.21257199922549
hill_climbing,rastrigin,115,500,91.88869713972458
hill_climbing,rastrigin,115,600,91.88869713972458
hill_climbing,rastrigin,115,700,91.88869713972458
hill_climbing,rastrigin,115,800,91.88869713972458
hill_climbing,rastrigin,115,900,91.88869713972458
hill_climbing,rastrigin,115,1000,89.23074875282173
hill_climbing,rastrigin,115,1100,81.4873916701755
hill_climbing,rastrigin,115,1200,74.76706576393062
hill_climbing,rastrigin,115,1300,66.09592878722455
hill_climbing,rastrigin,115,1400,66.09592878722455
hill_climbing,rastrigin,115,1500,66.09592878722455
hill_climbing,rastrigin,115,1600,66.09592878722455
hill_climbing,rastrigin,115,1700,57.36714490851681
hill_climbing,rastrigin,115,1800,57.36714490851681
hill_climbing,rastrigin,115,1900,57.36714490851681
hill_climbing,rastrigin,115,2000,57.36714490851681
hill_climbing,rastrigin,115,2100,57.36714490851681
hill_climbing,rastrigin,115,2200,57.36714490851681
hill_climbing,rastrigin,115,2300,57.36714490851681
hill_climbing,rastrigin,115,2400,57.36714490851681
hill_climbing,rastrigin,115,2500,57.36714490851681
hill_climbing,rastrigin,115,2600,57.36714490851681
hill_climbing,rastrigin,115,2700,57.36714490851681
hill_climbing,rastrigin,115,2800,57.36714490851681
hill_climbing,rastrigin,115,2900,57.36714490851681
hill_climbing,rastrigin,115,3000,57.36714490851681
hill_climbing,rastrigin,115,3100,57.36714490851681
hill_climbing,rastrigin,115,3200,57.36714490851681
hill_climbing,rastrigin,115,3300,57.36714490851681
hill_climbing,rastrigin,115,3400,57.36714490851681
hill_climbing,rastrigin,115,3500,57.36714490851681
hill_climbing,rastrigin,115,3600,57.36714490851681
hill_climbing,rastrigin,115,3700,57.36714490851681
hill_climbing,rastrigin,115,3800,57.36714490851681
hill_climbing,rastrigin,115,3900,57.36714490851681
hill_climbing,rastrigin,115,4000,57.36714490851681
hill_climbing,rastrigin,115,4100,57.36714490851681
hill_climbing,rastrigin,115,4200,57.36714490851681
hill_climbing,rastrigin,115,4300,57.36714490851681
hill_climbing,rastrigin,115,4400,57.36714490851681
hill_climbing,rastrigin,115,4500,57.36714490851681
hill_climbing,rastrigin,115,4600,57.36714490851681
hill_climbing,rastrigin,115,4700,57.36714490851681
hill_climbing,rastrigin,115,4800,57.36714490851681
hill_climbing,rastrigin,115,4900,57.36714490851681
hill_climbing,rastrigin,115,5000,57.36714490851681
hill_climbing,rastrigin,115,5100,57.36714490851681
hill_climbing,rastrigin,115,5200,57.36714490851681
hill_climbing,rastrigin,115,5300,57.36714490851681
hill_climbing,rastrigin,115,5400,57.36714490851681
hill_climbing,rastrigin,115,5500,57.36714490851681
hill_climbing,rastrigin,115,5600,57.36714490851681
hill_climbing,rastrigin,115,5700,57.36714490851681
hill_climbing,rastrigin,115,5800,57.36714490851681
hill_climbing,rastrigin,115,5900,57.36714490851681
hill_climbing,rastrigin,115,6000,57.36714490851681
hill_climbing,rastrigin,115,6100,57.36714490851681
hill_climbing,rastrigin,115,6200,57.36714490851681
hill_climbing,rastrigin,115,6300,57.36714490851681
hill_climbing,rastrigin,115,6400,57.36714490851681
hill_climbing,rastrigin,115,6500,57.36714490851681
hill_climbing,rastrigin,115,6600,57.36714490851681
hill_climbing,rastrigin,115,6700,57.36714490851681
hill_climbing,rastrigin,115,6800,57.36714490851681
hill_climbing,rastrigin,115,6900,57.36714490851681
hill_climbing,rastrigin,115,7000,57.36714490851681
hill_climbing,rastrigin,115,7100,57.36714490851681
hill_climbing,rastrigin,115,7200,57.36714490851681
hill_climbing,rastrigin,115,7300,57.36714490851681
hill_climbing,rastrigin,115,7400,57.36714490851681
hill_climbing,rastrigin,115,7500,55.59011780740979
hill_climbing,rastrigin,115,7600,55.59011780740979
hill_climbing,rastrigin,115,7700,55.59011780740979
hill_climbing,rastrigin,115,7800,55.59011780740979
hill_climbing,rastrigin,115,7900,55.59011780740979
hill_climbing,rastrigin,115,8000,55.59011780740979
hill_climbing,rastrigin,115,8100,55.59011780740979
hill_climbing,rastrigin,115,8200,55.59011780740979
hill_climbing,rastrigin,115,8300,55.59011780740979
hill_climbing,rastrigin,115,8400,55.59011780740979
hill_climbing,rastrigin,115,8500,55.59011780740979
hill_climbing,rastrigin,115,8600,55.59011780740979
hill_climbing,rastrigin,115,8700,55.59011780740979
hill_climbing,rastrigin,115,8800,55.59011780740979
hill_climbing,rastrigin,115,8900,55.59011780740979
hill_climbing,rastrigin,115,9000,55.59011780740979
hill_climbing,rastrigin,115,9100,55.59011780740979
hill_climbing,rastrigin,115,9200,55.59011780740979
hill_climbing,rastrigin,115,9300,55.59011780740979
hill_climbing,rastrigin,115,9400,55.59011780740979
hill_climbing,rastrigin,115,9500,55.59011780740979
hill_climbing,rastrigin,115,9600,55.59011780740979
hill_climbing,rastrigin,115,9700,55.59011780740979
hill_climbing,rastrigin,115,9800,55.59011780740979
hill_climbing,rastrigin,115,9900,55.59011780740979
hill_climbing,rastrigin,115,10000,55.59011780740979
hill_climbing,rastrigin,115,10100,50.554813762117284
hill_climbing,rastrigin,115,10200,50.554813762117284
hill_climbing,rastrigin,115,10300,50.554813762117284
hill_climbing,rastrigin,115,10400,50.554813762117284
hill_climbing,rastrigin,115,10500,47.480547246661054
hill_climbing,rastrigin,115,10600,47.480547246661054
hill_climbing,rastrigin,115,10700,47.480547246661054
hill_climbing,rastrigin,115,10800,47.480547246661054
hill_climbing,rastrigin,115,10900,47.480547246661054
hill_climbing,rastrigin,115,11000,47.480547246661054
hill_climbing,rastrigin,115,11100,47.480547246661054
hill_climbing,rastrigin,115,11200,47.480547246661054
hill_climbing,rastrigin,115,11300,47.480547246661054
hill_climbing,rastrigin,115,11400,47.480547246661054
hill_climbing,rastrigin,115,11500,47.480547246661054
hill_climbing,rastrigin,115,11600,47.480547246661054
hill_climbing,rastrigin,115,11700,47.480547246661054
hill_climbing,rastrigin,115,11800,47.480547246661054
hill_climbing,rastrigin,115,11900,47.480547246661054
hill_climbing,rastrigin,115,12000,47.480547246661054
hill_climbing,rastrigin,115,12100,47.480547246661054
hill_climbing,rastrigin,115,12200,47.480547246661054
hill_climbing,rastrigin,115,12300,47.480547246661054
hill_climbing,rastrigin,115,12400,47.480547246661054
hill_climbing,rastrigin,115,12500,47.480547246661054
hill_climbing,rastrigin,115,12600,47.480547246661054
hill_climbing,rastrigin,115,12700,47.480547246661054
hill_climbing,rastrigin,115,12800,47.480547246661054
hill_climbing,rastrigin,115,12900,47.480547246661054
hill_climbing,rastrigin,115,13000,47.480547246661054
hill_climbing,rastrigin,115,13100,47.480547246661054
hill_climbing,rastrigin,115,13200,47.480547246661054
hill_climbing,rastrigin,115,13300,47.480547246661054
hill_climbing,rastrigin,115,13400,47.480547246661054
hill_climbing,rastrigin,115,13500,47.480547246661054
hill_climbing,rastrigin,115,13600,47.480547246661054
hill_climbing,rastrigin,115,13700,47.480547246661054
hill_climbing,rastrigin,115,13800,47.480547246661054
hill_climbing,rastrigin,115,13900,47.480547246661054
hill_climbing,rastrigin,115,14000,47.480547246661054
hill_climbing,rastrigin,115,14100,47.480547246661054
hill_climbing,rastrigin,115,14200,47.480547246661054
hill_climbing,rastrigin,115,14300,47.480547246661054
hill_climbing,rastrigin,115,14400,47.480547246661054
hill_climbing,rastrigin,115,14500,47.480547246661054
hill_climbing,rastrigin,115,14600,47.480547246661054
hill_climbing,rastrigin,115,14700,47.480547246661054
hill_climbing,rastrigin,115,14800,47.480547246661054
hill_climbing,rastrigin,115,14900,47.480547246661054
hill_climbing,rastrigin,115,15000,47.480547246661054
hill_climbing,rastrigin,115,15100,47.480547246661054
hill_climbing,rastrigin,115,15200,47.480547246661054
hill_climbing,rastrigin,115,15300,47.480547246661054
hill_climbing,rastrigin,115,15400,47.480547246661054
hill_climbing,rastrigin,115,15500,47.480547246661054
hill_climbing,rastrigin,115,15600,47.480547246661054
hill_climbing,rastrigin,115,15700,47.480547246661054
hill_climbing,rastrigin,115,15800,47.480547246661054
hill_climbing,rastrigin,115,15900,47.480547246661054
hill_climbing,rastrigin,115,16000,47.480547246661054
hill_climbing,rastrigin,115,16100,47.480547246661054
hill_climbing,rastrigin,115,16200,47.480547246661054
hill_climbing,rastrigin,115,16300,47.480547246661054
hill_climbing,rastrigin,115,16400,47.480547246661054
hill_climbing,rastrigin,115,16500,47.480547246661054
hill_climbing,rastrigin,115,16600,47.480547246661054
hill_climbing,rastrigin,115,16700,47.480547246661054
hill_climbing,rastrigin,115,16800,47.480547246661054
hill_climbing,rastrigin,115,16900,47.480547246661054
hill_climbing,rastrigin,115,17000,47.480547246661054
hill_climbing,rastrigin,115,17100,47.480547246661054
hill_climbing,rastrigin,115,17200,47.480547246661054
hill_climbing,rastrigin,115,17300,47.480547246661054
hill_climbing,rastrigin,115,17400,47.480547246661054
hill_climbing,rastrigin,115,17500,47.480547246661054
hill_climbing,rastrigin,115,17600,47.480547246661054
hill_climbing,rastrigin,115,17700,47.480547246661054
hill_climbing,rastrigin,115,17800,47.480547246661054
hill_climbing,rastrigin,115,17900,47.480547246661054
hill_climbing,rastrigin,115,18000,47.480547246661054
hill_climbing,rastrigin,115,18100,47.480547246661054
hill_climbing,rastrigin,115,18200,47.480547246661054
hill_climbing,rastrigin,115,18300,47.480547246661054
hill_climbing,rastrigin,115,18400,47.480547246661054
hill_climbing,rastrigin,115,18500,47.480547246661054
hill_climbing,rastrigin,115,18600,47.480547246661054
hill_climbing,rastrigin,115,18700,47.480547246661054
hill_climbing,rastrigin,115,18800,47.480547246661054
hill_climbing,rastrigin,115,18900,47.480547246661054
hill_climbing,rastrigin,115,19000,47.480547246661054
hill_climbing,rastrigin,115,19100,47.480547246661054
hill_climbing,rastrigin,115,19200,47.480547246661054
hill_climbing,rastrigin,115,19300,47.480547246661054
hill_climbing,rastrigin,115,19400,47.480547246661054
hill_climbing,rastrigin,115,19500,47.480547246661054
hill_climbing,rastrigin,115,19600,47.480547246661054
hill_climbing,rastrigin,115,19700,47.480547246661054
hill_climbing,rastrigin,115,19800,47.480547246661054
hill_climbing,rastrigin,115,19900,47.480547246661054
hill_climbing,rastrigin,115,20000,47.480547246661054
hill_climbing,rastrigin,116,100,97.83098227885166
hill_climbing,rastrigin,116,200,74.33050046270617
hill_climbing,rastrigin,116,300,74.33050046270617
hill_climbing,rastrigin,116,400,74.33050046270617
hill_climbing,rastrigin,116,500,74.33050046270617
hill_climbing,rastrigin,116,600,74.33050046270617
hill_climbing,rastrigin,116,700,74.33050046270617
hill_climbing,rastrigin,116,800,74.33050046270617
hill_climbing,rastrigin,116,900,74.33050046270617
hill_climbing,rastrigin,116,1000,74.33050046270617
hill_climbing,rastrigin,116,1100,74.33050046270617
hill_climbing,rastrigin,116,1200,74.33050046270617
hill_climbing,rastrigin,116,1300,74.33050046270617
hill_climbing,rastrigin,116,1400,74.33050046270617
hill_climbing,rastrigin,116,1500,74.33050046270617
hill_climbing,rastrigin,116,1600,74.33050046270617
hill_climbing,rastrigin,116,1700,74.33050046270617
hill_climbing,rastrigin,116,1800,74.33050046270617
hill_climbing,rastrigin,116,1900,74.33050046270617
hill_climbing,rastrigin,116,2000,74.33050046270617
hill_climbing,rastrigin,116,2100,74.33050046270617
hill_climbing,rastrigin,116,2200,74.33050046270617
hill_climbing,rastrigin,116,2300,72.71997352007537
hill_climbing,rastrigin,116,2400,72.71997352007537
hill_climbing,rastrigin,116,2500,72.71997352007537
hill_climbing,rastrigin,116,2600,70.15303443154474
hill_climbing,rastrigin,116,2700,70.15303443154474
hill_climbing,rastrigin,116,2800,61.81831845891849
hill_climbing,rastrigin,116,2900,61.81831845891849
hill_climbing,rastrigin,116,3000,61.81831845891849
hill_climbing,rastrigin,116,3100,61.81831845891849
hill_climbing,rastrigin,116,3200,61.81831845891849
hill_climbing,rastrigin,116,3300,61.81831845891849
hill_climbing,rastrigin,116,3400,61.81831845891849
hill_climbing,rastrigin,116,3500,61.81831845891849
hill_climbing,rastrigin,116,3600,61.81831845891849
hill_climbing,rastrigin,116,3700,61.81831845891849
hill_climbing,rastrigin,116,3800,61.81831845891849
hill_climbing,rastrigin,116,3900,61.81831845891849
hill_climbing,rastrigin,116,4000,61.81831845891849
hill_climbing,rastrigin,116,4100,61.81831845891849
hill_climbing,rastrigin,116,4200,61.81831845891849
hill_climbing,rastrigin,116,4300,61.81831845891849
hill_climbing,rastrigin,116,4400,61.81831845891849
hill_climbing,rastrigin,116,4500,61.81831845891849
hill_climbing,rastrigin,116,4600,61.81831845891849
hill_climbing,rastrigin,116,4700,61.81831845891849
hill_climbing,rastrigin,116,4800,61.81831845891849
hill_climbing,rastrigin,116,4900,61.81831845891849
hill_climbing,rastrigin,116,5000,61.81831845891849
hill_climbing,rastrigin,116,5100,61.81831845891849
hill_climbing,rastrigin,116,5200,61.81831845891849
hill_climbing,rastrigin,116,5300,61.81831845891849
hill_climbing,rastrigin,116,5400,61.81831845891849
hill_climbing,rastrigin,116,5500,61.81831845891849
hill_climbing,rastrigin,116,5600,61.81831845891849
hill_climbing,rastrigin,116,5700,61.81831845891849
hill_climbing,rastrigin,116,5800,61.81831845891849
hill_climbing,rastrigin,116,5900,61.81831845891849
hill_climbing,rastrigin,116,6000,61.81831845891849
hill_climbing,rastrigin,116,6100,61.81831845891849
hill_climbing,rastrigin,116,6200,61.81831845891849
hill_climbing,rastrigin,116,6300,61.81831845891849
hill_climbing,rastrigin,116,6400,61.81831845891849
hill_climbing,rastrigin,116,6500,61.81831845891849
hill_climbing,rastrigin,116,6600,61.81831845891849
hill_climbing,rastrigin,116,6700,61.81831845891849
hill_climbing,rastrigin,116,6800,61.81831845891849
hill_climbing,rastrigin,116,6900,61.81831845891849
hill_climbing,rastrigin,116,7000,61.81831845891849
hill_climbing,rastrigin,116,7100,61.81831845891849
hill_climbing,rastrigin,116,7200,61.81831845891849
hill_climbing,rastrigin,116,7300,61.81831845891849
hill_climbing,rastrigin,116,7400,61.81831845891849
hill_climbing,rastrigin,116,7500,61.81831845891849
hill_climbing,rastrigin,116,7600,61.81831845891849
hill_climbing,rastrigin,116,7700,61.81831845891849
hill_climbing,rastrigin,116,7800,61.81831845891849
hill_climbing,rastrigin,116,7900,61.81831845891849
hill_climbing,rastrigin,116,8000,61.81831845891849
hill_climbing,rastrigin,116,8100,61.81831845891849
hill_climbing,rastrigin,116,8200,61.81831845891849
hill_climbing,rastrigin,116,8300,61.81831845891849
hill_climbing,rastrigin,116,8400,61.81831845891849
hill_climbing,rastrigin,116,8500,61.81831845891849
hill_climbing,rastrigin,116,8600,61.81831845891849
hill_climbing,rastrigin,116,8700,61.81831845891849
hill_climbing,rastrigin,116,8800,61.81831845891849
hill_climbing,rastrigin,116,8900,61.81831845891849
hill_climbing,rastrigin,116,9000,61.81831845891849
hill_climbing,rastrigin,116,9100,61.81831845891849
hill_climbing,rastrigin,116,9200,61.81831845891849
hill_climbing,rastrigin,116,9300,61.81831845891849
hill_climbing,rastrigin,116,9400,61.81831845891849
hill_climbing,rastrigin,116,9500,61.81831845891849
hill_climbing,rastrigin,116,9600,61.81831845891849
hill_climbing,rastrigin,116,9700,61.81831845891849
hill_climbing,rastrigin,116,9800,61.81831845891849
hill_climbing,rastrigin,116,9900,61.81831845891849
hill_climbing,rastrigin,116,10000,61.81831845891849
hill_climbing,rastrigin,116,10100,61.81831845891849
hill_climbing,rastrigin,116,10200,61.81831845891849
hill_climbing,rastrigin,116,10300,61.81831845891849
hill_climbing,rastrigin,116,10400,61.81831845891849
hill_climbing,rastrigin,116,10500,61.81831845891849
hill_climbing,rastrigin,116,10600,61.81831845891849
hill_climbing,rastrigin,116,10700,61.81831845891849
hill_climbing,rastrigin,116,10800,61.81831845891849
hill_climbing,rastrigin,116,10900,61.81831845891849
hill_climbing,rastrigin,116,11000,61.81831845891849
hill_climbing,rastrigin,116,11100,61.81831845891849
hill_climbing,rastrigin,116,11200,61.81831845891849
hill_climbing,rastrigin,116,11300,61.81831845891849
hill_climbing,rastrigin,116,11400,61.81831845891849
hill_climbing,rastrigin,116,11500,61.81831845891849
hill_climbing,rastrigin,116,11600,61.81831845891849
hill_climbing,rastrigin,116,11700,61.81831845891849
hill_climbing,rastrigin,116,11800,61.81831845891849
hill_climbing,rastrigin,116,11900,61.81831845891849
hill_climbing,rastrigin,116,12000,61.81831845891849
hill_climbing,rastrigin,116,12100,61.81831845891849
hill_climbing,rastrigin,116,12200,61.81831845891849
hill_climbing,rastrigin,116,12300,61.81831845891849
hill_climbing,rastrigin,116,12400,61.81831845891849
hill_climbing,rastrigin,116,12500,61.81831845891849
hill_climbing,rastrigin,116,12600,61.81831845891849
hill_climbing,rastrigin,116,12700,61.81831845891849
hill_climbing,rastrigin,116,12800,61.81831845891849
hill_climbing,rastrigin,116,12900,61.81831845891849
hill_climbing,rastrigin,116,13000,61.81831845891849
hill_climbing,rastrigin,116,13100,61.81831845891849
hill_climbing,rastrigin,116,13200,61.81831845891849
hill_climbing,rastrigin,116,13300,61.81831845891849
hill_climbing,rastrigin,116,13400,61.81831845891849
hill_climbing,rastrigin,116,13500,61.81831845891849
hill_climbing,rastrigin,116,13600,61.81831845891849
hill_climbing,rastrigin,116,13700,61.81831845891849
hill_climbing,rastrigin,116,13800,61.81831845891849
hill_climbing,rastrigin,116,13900,61.81831845891849
hill_climbing,rastrigin,116,14000,61.81831845891849
hill_climbing,rastrigin,116,14100,61.81831845891849
hill_climbing,rastrigin,116,14200,61.81831845891849
hill_climbing,rastrigin,116,14300,61.81831845891849
hill_climbing,rastrigin,116,14400,61.81831845891849
hill_climbing,rastrigin,116,14500,61.81831845891849
hill_climbing,rastrigin,116,14600,61.81831845891849
hill_climbing,rastrigin,116,14700,61.81831845891849
hill_climbing,rastrigin,116,14800,61.81831845891849
hill_climbing,rastrigin,116,14900,61.81831845891849
hill_climbing,rastrigin,116,15000,61.81831845891849
hill_climbing,rastrigin,116,15100,61.81831845891849
hill_climbing,rastrigin,116,15200,61.81831845891849
hill_climbing,rastrigin,116,15300,61.81831845891849
hill_climbing,rastrigin,116,15400,61.81831845891849
hill_climbing,rastrigin,116,15500,61.81831845891849
hill_climbing,rastrigin,116,15600,61.81831845891849
hill_climbing,rastrigin,116,15700,61.81831845891849
hill_climbing,rastrigin,116,15800,61.81831845891849
hill_climbing,rastrigin,116,15900,61.81831845891849
hill_climbing,rastrigin,116,16000,61.81831845891849
hill_climbing,rastrigin,116,16100,61.81831845891849
hill_climbing,rastrigin,116,16200,61.81831845891849
hill_climbing,rastrigin,116,16300,61.81831845891849
hill_climbing,rastrigin,116,16400,61.81831845891849
hill_climbing,rastrigin,116,16500,61.81831845891849
hill_climbing,rastrigin,116,16600,61.81831845891849
hill_climbing,rastrigin,116,16700,61.81831845891849
hill_climbing,rastrigin,116,16800,61.81831845891849
hill_climbing,rastrigin,116,16900,61.81831845891849
hill_climbing,rastrigin,116,17000,61.81831845891849
hill_climbing,rastrigin,116,17100,61.81831845891849
hill_climbing,rastrigin,116,17200,61.81831845891849
hill_climbing,rastrigin,116,17300,61.81831845891849
hill_climbing,rastrigin,116,17400,61.81831845891849
hill_climbing,rastrigin,116,17500,61.81831845891849
hill_climbing,rastrigin,116,17600,61.81831845891849
hill_climbing,rastrigin,116,17700,61.81831845891849
hill_climbing,rastrigin,116,17800,61.81831845891849
hill_climbing,rastrigin,116,17900,61.81831845891849
hill_climbing,rastrigin,116,18000,61.81831845891849
hill_climbing,rastrigin,116,18100,61.81831845891849
hill_climbing,rastrigin,116,18200,56.913499464529394
hill_climbing,rastrigin,116,18300,56.913499464529394
hill_climbing,rastrigin,116,18400,56.913499464529394
hill_climbing,rastrigin,116,18500,56.913499464529394
hill_climbing,rastrigin,116,18600,56.913499464529394
hill_climbing,rastrigin,116,18700,56.913499464529394
hill_climbing,rastrigin,116,18800,56.913499464529394
hill_climbing,rastrigin,116,18900,56.913499464529394
hill_climbing,rastrigin,116,19000,56.913499464529394
hill_climbing,rastrigin,116,19100,56.913499464529394
hill_climbing,rastrigin,116,19200,56.913499464529394
hill_climbing,rastrigin,116,19300,56.913499464529394
hill_climbing,rastrigin,116,19400,56.913499464529394
hill_climbing,rastrigin,116,19500,56.913499464529394
hill_climbing,rastrigin,116,19600,56.913499464529394
hill_climbing,rastrigin,116,19700,56.913499464529394
hill_climbing,rastrigin,116,19800,56.913499464529394
hill_climbing,rastrigin,116,19900,56.913499464529394
hill_climbing,rastrigin,116,20000,56.913499464529394
hill_climbing,rastrigin,117,100,93.20451128784609
hill_climbing,rastrigin,117,200,85.19552580655271
hill_climbing,rastrigin,117,300,85.19552580655271
hill_climbing,rastrigin,117,400,85.19552580655271
hill_climbing,rastrigin,117,500,85.19552580655271
hill_climbing,rastrigin,117,600,85.19552580655271
hill_climbing,rastrigin,117,700,73.44605322258016
hill_climbing,rastrigin,117,800,59.8177606886996
hill_climbing,rastrigin,117,900,59.8177606886996
hill_climbing,rastrigin,117,1000,59.8177606886996
hill_climbing,rastrigin,117,1100,53.9691694603417
hill_climbing,rastrigin,117,1200,50.387128614957724
hill_climbing,rastrigin,117,1300,50.387128614957724
hill_climbing,rastrigin,117,1400,50.387128614957724
hill_climbing,rastrigin,117,1500,50.387128614957724
hill_climbing,rastrigin,117,1600,50.387128614957724
hill_climbing,rastrigin,117,1700,50.387128614957724
hill_climbing,rastrigin,117,1800,50.387128614957724
hill_climbing,rastrigin,117,1900,50.387128614957724
hill_climbing,rastrigin,117,2000,50.387128614957724
hill_climbing,rastrigin,117,2100,50.387128614957724
hill_climbing,rastrigin,117,2200,50.387128614957724
hill_climbing,rastrigin,117,2300,50.387128614957724
hill_climbing,rastrigin,117,2400,50.387128614957724
hill_climbing,rastrigin,117,2500,50.387128614957724
hill_climbing,rastrigin,117,2600,50.387128614957724
hill_climbing,rastrigin,117,2700,50.387128614957724
hill_climbing,rastrigin,117,2800,50.387128614957724
hill_climbing,rastrigin,117,2900,50.387128614957724
hill_climbing,rastrigin,117,3000,50.387128614957724
hill_climbing,rastrigin,117,3100,50.387128614957724
hill_climbing,rastrigin,117,3200,50.387128614957724
hill_climbing,rastrigin,117,3300,50.387128614957724
hill_climbing,rastrigin,117,3400,50.387128614957724
hill_climbing,rastrigin,117,3500,50.387128614957724
hill_climbing,rastrigin,117,3600,50.387128614957724
hill_climbing,rastrigin,117,3700,50.387128614957724
hill_climbing,rastrigin,117,3800,50.387128614957724
hill_climbing,rastrigin,117,3900,50.387128614957724
hill_climbing,rastrigin,117,4000,50.387128614957724
hill_climbing,rastrigin,117,4100,50.387128614957724
hill_climbing,rastrigin,117,4200,50.387128614957724
hill_climbing,rastrigin,117,4300,50.387128614957724
hill_climbing,rastrigin,117,4400,50.387128614957724
hill_climbing,rastrigin,117,4500,50.387128614957724
hill_climbing,rastrigin,117,4600,50.387128614957724
hill_climbing,rastrigin,117,4700,50.387128614957724
hill_climbing,rastrigin,117,4800,50.387128614957724
hill_climbing,rastrigin,117,4900,50.387128614957724
hill_climbing,rastrigin,117,5000,50.387128614957724
hill_climbing,rastrigin,117,5100,50.387128614957724
hill_climbing,rastrigin,117,5200,50.387128614957724
hill_climbing,rastrigin,117,5300,50.387128614957724
hill_climbing,rastrigin,117,5400,50.387128614957724
hill_climbing,rastrigin,117,5500,50.387128614957724
hill_climbing,rastrigin,117,5600,50.387128614957724
hill_climbing,rastrigin,117,5700,50.387128614957724
hill_climbing,rastrigin,117,5800,50.387128614957724
hill_climbing,rastrigin,117,5900,50.387128614957724
hill_climbing,rastrigin,117,6000,50.387128614957724
hill_climbing,rastrigin,117,6100,50.387128614957724
hill_climbing,rastrigin,117,6200,50.387128614957724
hill_climbing,rastrigin,117,6300,50.387128614957724
hill_climbing,rastrigin,117,6400,50.387128614957724
hill_climbing,rastrigin,117,6500,50.387128614957724
hill_climbing,rastrigin,117,6600,50.387128614957724
hill_climbing,rastrigin,117,6700,50.387128614957724
hill_climbing,rastrigin,117,6800,50.387128614957724
hill_climbing,rastrigin,117,6900,50.387128614957724
hill_climbing,rastrigin,117,7000,50.387128614957724
hill_climbing,rastrigin,117,7100,50.387128614957724
hill_climbing,rastrigin,117,7200,50.387128614957724
hill_climbing,rastrigin,117,7300,50.387128614957724
hill_climbing,rastrigin,117,7400,50.387128614957724
hill_climbing,rastrigin,117,7500,50.387128614957724
hill_climbing,rastrigin,117,7600,50.387128614957724
hill_climbing,rastrigin,117,7700,50.387128614957724
hill_climbing,rastrigin,117,7800,50.387128614957724
hill_climbing,rastrigin,117,7900,50.387128614957724
hill_climbing,rastrigin,117,8000,50.387128614957724
hill_climbing,rastrigin,117,8100,50.387128614957724
hill_climbing,rastrigin,117,8200,50.387128614957724
hill_climbing,rastrigin,117,8300,50.387128614957724
hill_climbing,rastrigin,117,8400,50.387128614957724
hill_climbing,rastrigin,117,8500,50.387128614957724
hill_climbing,rastrigin,117,8600,50.387128614957724
hill_climbing,rastrigin,117,8700,50.387128614957724
hill_climbing,rastrigin,117,8800,50.387128614957724
hill_climbing,rastrigin,117,8900,50.387128614957724
hill_climbing,rastrigin,117,9000,50.387128614957724
hill_climbing,rastrigin,117,9100,50.387128614957724
hill_climbing,rastrigin,117,9200,50.387128614957724
hill_climbing,rastrigin,117,9300,50.387128614957724
hill_climbing,rastrigin,117,9400,50.387128614957724
hill_climbing,rastrigin,117,9500,50.387128614957724
hill_climbing,rastrigin,117,9600,50.387128614957724
hill_climbing,rastrigin,117,9700,50.387128614957724
hill_climbing,rastrigin,117,9800,50.387128614957724
hill_climbing,rastrigin,117,9900,50.387128614957724
hill_climbing,rastrigin,117,10000,50.387128614957724
hill_climbing,rastrigin,117,10100,50.387128614957724
hill_climbing,rastrigin,117,10200,50.387128614957724
hill_climbing,rastrigin,117,10300,50.387128614957724
hill_climbing,rastrigin,117,10400,50.387128614957724
hill_climbing,rastrigin,117,10500,50.387128614957724
hill_climbing,rastrigin,117,10600,50.387128614957724
hill_climbing,rastrigin,117,10700,50.387128614957724
hill_climbing,rastrigin,117,10800,50.387128614957724
hill_climbing,rastrigin,117,10900,50.387128614957724
hill_climbing,rastrigin,117,11000,50.387128614957724
hill_climbing,rastrigin,117,11100,50.387128614957724
hill_climbing,rastrigin,117,11200,50.387128614957724
hill_climbing,rastrigin,117,11300,50.387128614957724
hill_climbing,rastrigin,117,11400,50.387128614957724
hill_climbing,rastrigin,117,11500,50.387128614957724
hill_climbing,rastrigin,117,11600,50.387128614957724
hill_climbing,rastrigin,117,11700,50.387128614957724
hill_climbing,rastrigin,117,11800,50.387128614957724
hill_climbing,rastrigin,117,11900,50.387128614957724
hill_climbing,rastrigin,117,12000,50.387128614957724
hill_climbing,rastrigin,117,12100,50.387128614957724
hill_climbing,rastrigin,117,12200,50.387128614957724
hill_climbing,rastrigin,117,12300,50.387128614957724
hill_climbing,rastrigin,117,12400,50.387128614957724
hill_climbing,rastrigin,117,12500,50.387128614957724
hill_climbing,rastrigin,117,12600,50.387128614957724
hill_climbing,rastrigin,117,12700,50.387128614957724
hill_climbing,rastrigin,117,12800,50.387128614957724
hill_climbing,rastrigin,117,12900,50.387128614957724
hill_climbing,rastrigin,117,13000,50.387128614957724
hill_climbing,rastrigin,117,13100,50.387128614957724
hill_climbing,rastrigin,117,13200,50.387128614957724
hill_climbing,rastrigin,117,13300,50.387128614957724
hill_climbing,rastrigin,117,13400,50.387128614957724
hill_climbing,rastrigin,117,13500,50.387128614957724
hill_climbing,rastrigin,117,13600,50.387128614957724
hill_climbing,rastrigin,117,13700,50.387128614957724
hill_climbing,rastrigin,117,13800,50.387128614957724
hill_climbing,rastrigin,117,13900,50.387128614957724
hill_climbing,rastrigin,117,14000,50.387128614957724
hill_climbing,rastrigin,117,14100,50.387128614957724
hill_climbing,rastrigin,117,14200,50.387128614957724
hill_climbing,rastrigin,117,14300,50.387128614957724
hill_climbing,rastrigin,117,14400,50.387128614957724
hill_climbing,rastrigin,117,14500,50.387128614957724
hill_climbing,rastrigin,117,14600,50.387128614957724
hill_climbing,rastrigin,117,14700,50.387128614957724
hill_climbing,rastrigin,117,14800,50.387128614957724
hill_climbing,rastrigin,117,14900,50.387128614957724
hill_climbing,rastrigin,117,15000,50.387128614957724
hill_climbing,rastrigin,117,15100,50.387128614957724
hill_climbing,rastrigin,117,15200,50.387128614957724
hill_climbing,rastrigin,117,15300,50.387128614957724
hill_climbing,rastrigin,117,15400,50.387128614957724
hill_climbing,rastrigin,117,15500,50.387128614957724
hill_climbing,rastrigin,117,15600,50.387128614957724
hill_climbing,rastrigin,117,15700,50.387128614957724
hill_climbing,rastrigin,117,15800,50.387128614957724
hill_climbing,rastrigin,117,15900,50.387128614957724
hill_climbing,rastrigin,117,16000,50.387128614957724
hill_climbing,rastrigin,117,16100,50.387128614957724
hill_climbing,rastrigin,117,16200,50.387128614957724
hill_climbing,rastrigin,117,16300,50.387128614957724
hill_climbing,rastrigin,117,16400,50.387128614957724
hill_climbing,rastrigin,117,16500,50.387128614957724
hill_climbing,rastrigin,117,16600,50.387128614957724
hill_climbing,rastrigin,117,16700,50.387128614957724
hill_climbing,rastrigin,117,16800,50.387128614957724
hill_climbing,rastrigin,117,16900,50.387128614957724
hill_climbing,rastrigin,117,17000,50.387128614957724
hill_climbing,rastrigin,117,17100,50.387128614957724
hill_climbing,rastrigin,117,17200,50.387128614957724
hill_climbing,rastrigin,117,17300,50.387128614957724
hill_climbing,rastrigin,117,17400,50.387128614957724
hill_climbing,rastrigin,117,17500,50.387128614957724
hill_climbing,rastrigin,117,17600,50.387128614957724
hill_climbing,rastrigin,117,17700,50.387128614957724
hill_climbing,rastrigin,117,17800,50.387128614957724
hill_climbing,rastrigin,117,17900,50.387128614957724
hill_climbing,rastrigin,117,18000,50.387128614957724
hill_climbing,rastrigin,117,18100,50.387128614957724
hill_climbing,rastrigin,117,18200,50.387128614957724
hill_climbing,rastrigin,117,18300,50.387128614957724
hill_climbing,rastrigin,117,18400,50.387128614957724
hill_climbing,rastrigin,117,18500,50.387128614957724
hill_climbing,rastrigin,117,18600,50.387128614957724
hill_climbing,rastrigin,117,18700,50.387128614957724
hill_climbing,rastrigin,117,18800,50.387128614957724
hill_climbing,rastrigin,117,18900,50.387128614957724
hill_climbing,rastrigin,117,19000,50.387128614957724
hill_climbing,rastrigin,117,19100,50.387128614957724
hill_climbing,rastrigin,117,19200,50.387128614957724
hill_climbing,rastrigin,117,19300,50.387128614957724
hill_climbing,rastrigin,117,19400,50.387128614957724
hill_climbing,rastrigin,117,19500,50.387128614957724
hill_climbing,rastrigin,117,19600,50.387128614957724
hill_climbing,rastrigin,117,19700,50.387128614957724
hill_climbing,rastrigin,117,19800,50.387128614957724
hill_climbing,rastrigin,117,19900,50.387128614957724
hill_climbing,rastrigin,117,20000,50.387128614957724
hill_climbing,rastrigin,118,100,146.62893551247117
hill_climbing,rastrigin,118,200,105.5093020326216
hill_climbing,rastrigin,118,300,99.24687202782458
hill_climbing,rastrigin,118,400,81.13249003890446
hill_climbing,rastrigin,118,500,81.13249003890446
hill_climbing,rastrigin,118,600,77.70808664722482
hill_climbing,rastrigin,118,700,67.8669614913971
hill_climbing,rastrigin,118,800,67.8669614913971
hill_climbing,rastrigin,118,900,67.8669614913971
hill_climbing,rastrigin,118,1000,67.8669614913971
hill_climbing,rastrigin,118,1100,58.3090833018293
hill_climbing,rastrigin,118,1200,58.3090833018293
hill_climbing,rastrigin,118,1300,58.3090833018293
hill_climbing,rastrigin,118,1400,58.3090833018293
hill_climbing,rastrigin,118,1500,58.3090833018293
hill_climbing,rastrigin,118,1600,58.3090833018293
hill_climbing,rastrigin,118,1700,58.3090833018293
hill_climbing,rastrigin,118,1800,58.3090833018293
hill_climbing,rastrigin,118,1900,58.3090833018293
hill_climbing,rastrigin,118,2000,58.3090833018293
hill_climbing,rastrigin,118,2100,58.3090833018293
hill_climbing,rastrigin,118,2200,58.3090833018293
hill_climbing,rastrigin,118,2300,58.3090833018293
hill_climbing,rastrigin,118,2400,58.3090833018293
hill_climbing,rastrigin,118,2500,58.3090833018293
hill_climbing,rastrigin,118,2600,58.3090833018293
hill_climbing,rastrigin,118,2700,58.3090833018293
hill_climbing,rastrigin,118,2800,58.3090833018293
hill_climbing,rastrigin,118,2900,58.3090833018293
hill_climbing,rastrigin,118,3000,58.3090833018293
hill_climbing,rastrigin,118,3100,58.3090833018293
hill_climbing,rastrigin,118,3200,58.3090833018293
hill_climbing,rastrigin,118,3300,58.3090833018293
hill_climbing,rastrigin,118,3400,58.3090833018293
hill_climbing,rastrigin,118,3500,58.3090833018293
hill_climbing,rastrigin,118,3600,58.3090833018293
hill_climbing,rastrigin,118,3700,58.3090833018293
hill_climbing,rastrigin,118,3800,58.3090833018293
hill_climbing,rastrigin,118,3900,58.3090833018293
hill_climbing,rastrigin,118,4000,58.3090833018293
hill_climbing,rastrigin,118,4100,58.3090833018293
hill_climbing,rastrigin,118,4200,58.3090833018293
hill_climbing,rastrigin,118,4300,58.3090833018293
hill_climbing,rastrigin,118,4400,58.3090833018293
hill_climbing,rastrigin,118,4500,58.3090833018293
hill_climbing,rastrigin,118,4600,58.3090833018293
hill_climbing,rastrigin,118,4700,58.3090833018293
hill_climbing,rastrigin,118,4800,58.3090833018293
hill_climbing,rastrigin,118,4900,58.3090833018293
hill_climbing,rastrigin,118,5000,58.3090833018293
hill_climbing,rastrigin,118,5100,58.3090833018293
hill_climbing,rastrigin,118,5200,58.3090833018293
hill_climbing,rastrigin,118,5300,58.3090833018293
hill_climbing,rastrigin,118,5400,58.3090833018293
hill_climbing,rastrigin,118,5500,58.3090833018293
hill_climbing,rastrigin,118,5600,58.3090833018293
hill_climbing,rastrigin,118,5700,58.3090833018293
hill_climbing,rastrigin,118,5800,58.3090833018293
hill_climbing,rastrigin,118,5900,58.3090833018293
hill_climbing,rastrigin,118,6000,58.3090833018293
hill_climbing,rastrigin,118,6100,58.3090833018293
hill_climbing,rastrigin,118,6200,58.3090833018293
hill_climbing,rastrigin,118,6300,58.3090833018293
hill_climbing,rastrigin,118,6400,58.3090833018293
hill_climbing,rastrigin,118,6500,58.3090833018293
hill_climbing,rastrigin,118,6600,58.3090833018293
hill_climbing,rastrigin,118,6700,58.3090833018293
hill_climbing,rastrigin,118,6800,58.3090833018293
hill_climbing,rastrigin,118,6900,58.3090833018293
hill_climbing,rastrigin,118,7000,58.3090833018293
hill_climbing,rastrigin,118,7100,58.3090833018293
hill_climbing,rastrigin,118,7200,58.3090833018293
hill_climbing,rastrigin,118,7300,58.3090833018293
hill_climbing,rastrigin,118,7400,58.3090833018293
hill_climbing,rastrigin,118,7500,58.3090833018293
hill_climbing,rastrigin,118,7600,58.3090833018293
hill_climbing,rastrigin,118,7700,51.58513921066371
hill_climbing,rastrigin,118,7800,51.58513921066371
hill_climbing,rastrigin,118,7900,51.58513921066371
hill_climbing,rastrigin,118,8000,51.58513921066371
hill_climbing,rastrigin,118,8100,51.58513921066371
hill_climbing,rastrigin,118,8200,51.58513921066371
hill_climbing,rastrigin,118,8300,51.58513921066371
hill_climbing,rastrigin,118,8400,51.58513921066371
hill_climbing,rastrigin,118,8500,51.58513921066371
hill_climbing,rastrigin,118,8600,51.58513921066371
hill_climbing,rastrigin,118,8700,51.58513921066371
hill_climbing,rastrigin,118,8800,51.58513921066371
hill_climbing,rastrigin,118,8900,51.58513921066371
hill_climbing,rastrigin,118,9000,51.58513921066371
hill_climbing,rastrigin,118,9100,51.58513921066371
hill_climbing,rastrigin,118,9200,51.58513921066371
hill_climbing,rastrigin,118,9300,51.58513921066371
hill_climbing,rastrigin,118,9400,51.58513921066371
hill_climbing,rastrigin,118,9500,51.58513921066371
hill_climbing,rastrigin,118,9600,51.58513921066371
hill_climbing,rastrigin,118,9700,51.58513921066371
hill_climbing,rastrigin,118,9800,51.58513921066371
hill_climbing,rastrigin,118,9900,51.58513921066371
hill_climbing,rastrigin,118,10000,51.58513921066371
hill_climbing,rastrigin,118,10100,51.58513921066371
hill_climbing,rastrigin,118,10200,51.58513921066371
hill_climbing,rastrigin,118,10300,51.58513921066371
hill_climbing,rastrigin,118,10400,51.58513921066371
hill_climbing,rastrigin,118,10500,51.58513921066371
hill_climbing,rastrigin,118,10600,51.58513921066371
hill_climbing,rastrigin,118,10700,51.58513921066371
hill_climbing,rastrigin,118,10800,51.58513921066371
hill_climbing,rastrigin,118,10900,51.58513921066371
hill_climbing,rastrigin,118,11000,51.58513921066371
hill_climbing,rastrigin,118,11100,51.58513921066371
hill_climbing,rastrigin,118,11200,51.58513921066371
hill_climbing,rastrigin,118,11300,51.58513921066371
hill_climbing,rastrigin,118,11400,51.58513921066371
hill_climbing,rastrigin,118,11500,51.58513921066371
hill_climbing,rastrigin,118,11600,51.58513921066371
hill_climbing,rastrigin,118,11700,51.58513921066371
hill_climbing,rastrigin,118,11800,51.58513921066371
hill_climbing,rastrigin,118,11900,51.58513921066371
hill_climbing,rastrigin,118,12000,51.58513921066371
hill_climbing,rastrigin,118,12100,51.58513921066371
hill_climbing,rastrigin,118,12200,51.58513921066371
hill_climbing,rastrigin,118,12300,51.58513921066371
hill_climbing,rastrigin,118,12400,51.58513921066371
hill_climbing,rastrigin,118,12500,51.58513921066371
hill_climbing,rastrigin,118,12600,51.58513921066371
hill_climbing,rastrigin,118,12700,51.58513921066371
hill_climbing,rastrigin,118,12800,51.58513921066371
hill_climbing,rastrigin,118,12900,51.58513921066371
hill_climbing,rastrigin,118,13000,51.58513921066371
hill_climbing,rastrigin,118,13100,51.58513921066371
hill_climbing,rastrigin,118,13200,51.58513921066371
hill_climbing,rastrigin,118,13300,51.58513921066371
hill_climbing,rastrigin,118,13400,51.58513921066371
hill_climbing,rastrigin,118,13500,51.58513921066371
hill_climbing,rastrigin,118,13600,51.58513921066371
hill_climbing,rastrigin,118,13700,51.58513921066371
hill_climbing,rastrigin,118,13800,51.58513921066371
hill_climbing,rastrigin,118,13900,51.58513921066371
hill_climbing,rastrigin,118,14000,51.58513921066371
hill_climbing,rastrigin,118,14100,51.58513921066371
hill_climbing,rastrigin,118,14200,51.58513921066371
hill_climbing,rastrigin,118,14300,51.58513921066371
hill_climbing,rastrigin,118,14400,51.58513921066371
hill_climbing,rastrigin,118,14500,51.58513921066371
hill_climbing,rastrigin,118,14600,51.58513921066371
hill_climbing,rastrigin,118,14700,51.58513921066371
hill_climbing,rastrigin,118,14800,51.58513921066371
hill_climbing,rastrigin,118,14900,51.58513921066371
hill_climbing,rastrigin,118,15000,51.58513921066371
hill_climbing,rastrigin,118,15100,51.58513921066371
hill_climbing,rastrigin,118,15200,51.58513921066371
hill_climbing,rastrigin,118,15300,51.58513921066371
hill_climbing,rastrigin,118,15400,51.58513921066371
hill_climbing,rastrigin,118,15500,51.58513921066371
hill_climbing,rastrigin,118,15600,51.58513921066371
hill_climbing,rastrigin,118,15700,51.58513921066371
hill_climbing,rastrigin,118,15800,51.58513921066371
hill_climbing,rastrigin,118,15900,51.58513921066371
hill_climbing,rastrigin,118,16000,51.58513921066371
hill_climbing,rastrigin,118,16100,51.58513921066371
hill_climbing,rastrigin,118,16200,51.58513921066371
hill_climbing,rastrigin,118,16300,51.58513921066371
hill_climbing,rastrigin,118,16400,51.58513921066371
hill_climbing,rastrigin,118,16500,51.58513921066371
hill_climbing,rastrigin,118,16600,51.58513921066371
hill_climbing,rastrigin,118,16700,51.58513921066371
hill_climbing,rastrigin,118,16800,51.58513921066371
hill_climbing,rastrigin,118,16900,51.58513921066371
hill_climbing,rastrigin,118,17000,51.58513921066371
hill_climbing,rastrigin,118,17100,51.58513921066371
hill_climbing,rastrigin,118,17200,51.58513921066371
hill_climbing,rastrigin,118,17300,51.58513921066371
hill_climbing,rastrigin,118,17400,51.58513921066371
hill_climbing,rastrigin,118,17500,51.58513921066371
hill_climbing,rastrigin,118,17600,51.58513921066371
hill_climbing,rastrigin,118,17700,51.58513921066371
hill_climbing,rastrigin,118,17800,51.58513921066371
hill_climbing,rastrigin,118,17900,51.58513921066371
hill_climbing,rastrigin,118,18000,51.58513921066371
hill_climbing,rastrigin,118,18100,51.58513921066371
hill_climbing,rastrigin,118,18200,51.58513921066371
hill_climbing,rastrigin,118,18300,51.58513921066371
hill_climbing,rastrigin,118,18400,51.58513921066371
hill_climbing,rastrigin,118,18500,51.58513921066371
hill_climbing,rastrigin,118,18600,51.58513921066371
hill_climbing,rastrigin,118,18700,51.58513921066371
hill_climbing,rastrigin,118,18800,51.58513921066371
hill_climbing,rastrigin,118,18900,51.58513921066371
hill_climbing,rastrigin,118,19000,51.58513921066371
hill_climbing,rastrigin,118,19100,51.58513921066371
hill_climbing,rastrigin,118,19200,51.58513921066371
hill_climbing,rastrigin,118,19300,51.58513921066371
hill_climbing,rastrigin,118,19400,51.58513921066371
hill_climbing,rastrigin,118,19500,51.58513921066371
hill_climbing,rastrigin,118,19600,51.58513921066371
hill_climbing,rastrigin,118,19700,51.58513921066371
hill_climbing,rastrigin,118,19800,51.58513921066371
hill_climbing,rastrigin,118,19900,45.76666712336535
hill_climbing,rastrigin,118,20000,45.76666712336535
hill_climbing,rastrigin,119,100,152.84991598694964
hill_climbing,rastrigin,119,200,125.0680943386392
hill_climbing,rastrigin,119,300,99.58139144558385
hill_climbing,rastrigin,119,400,92.24502271238286
hill_climbing,rastrigin,119,500,92.24502271238286
hill_climbing,rastrigin,119,600,92.15601161545247
hill_climbing,rastrigin,119,700,92.15601161545247
hill_climbing,rastrigin,119,800,83.51773768921514
hill_climbing,rastrigin,119,900,82.8763902465924
hill_climbing,rastrigin,119,1000,82.8763902465924
hill_climbing,rastrigin,119,1100,82.8763902465924
hill_climbing,rastrigin,119,1200,82.8763902465924
hill_climbing,rastrigin,119,1300,70.78319965341716
hill_climbing,rastrigin,119,1400,70.78319965341716
hill_climbing,rastrigin,119,1500,70.04793169840765
hill_climbing,rastrigin,119,1600,70.04793169840765
hill_climbing,rastrigin,119,1700,70.04793169840765
hill_climbing,rastrigin,119,1800,70.04793169840765
hill_climbing,rastrigin,119,1900,70.04793169840765
hill_climbing,rastrigin,119,2000,70.04793169840765
hill_climbing,rastrigin,119,2100,70.04793169840765
hill_climbing,rastrigin,119,2200,70.04793169840765
hill_climbing,rastrigin,119,2300,70.04793169840765
hill_climbing,rastrigin,119,2400,64.15186024019769
hill_climbing,rastrigin,119,2500,64.15186024019769
hill_climbing,rastrigin,119,2600,64.15186024019769
hill_climbing,rastrigin,119,2700,64.15186024019769
hill_climbing,rastrigin,119,2800,64.15186024019769
hill_climbing,rastrigin,119,2900,64.15186024019769
hill_climbing,rastrigin,119,3000,64.15186024019769
hill_climbing,rastrigin,119,3100,64.15186024019769
hill_climbing,rastrigin,119,3200,64.15186024019769
hill_climbing,rastrigin,119,3300,64.15186024019769
hill_climbing,rastrigin,119,3400,64.15186024019769
hill_climbing,rastrigin,119,3500,64.15186024019769
hill_climbing,rastrigin,119,3600,64.15186024019769
hill_climbing,rastrigin,119,3700,64.15186024019769
hill_climbing,rastrigin,119,3800,64.15186024019769
hill_climbing,rastrigin,119,3900,64.15186024019769
hill_climbing,rastrigin,119,4000,64.15186024019769
hill_climbing,rastrigin,119,4100,64.15186024019769
hill_climbing,rastrigin,119,4200,64.15186024019769
hill_climbing,rastrigin,119,4300,64.15186024019769
hill_climbing,rastrigin,119,4400,64.15186024019769
hill_climbing,rastrigin,119,4500,64.15186024019769
hill_climbing,rastrigin,119,4600,64.15186024019769
hill_climbing,rastrigin,119,4700,64.15186024019769
hill_climbing,rastrigin,119,4800,64.15186024019769
hill_climbing,rastrigin,119,4900,64.15186024019769
hill_climbing,rastrigin,119,5000,64.15186024019769
hill_climbing,rastrigin,119,5100,64.15186024019769
hill_climbing,rastrigin,119,5200,64.15186024019769
hill_climbing,rastrigin,119,5300,64.15186024019769
hill_climbing,rastrigin,119,5400,64.15186024019769
hill_climbing,rastrigin,119,5500,64.15186024019769
hill_climbing,rastrigin,119,5600,64.15186024019769
hill_climbing,rastrigin,119,5700,64.15186024019769
hill_climbing,rastrigin,119,5800,64.15186024019769
hill_climbing,rastrigin,119,5900,64.15186024019769
hill_climbing,rastrigin,119,6000,64.15186024019769
hill_climbing,rastrigin,119,6100,64.15186024019769
hill_climbing,rastrigin,119,6200,64.15186024019769
hill_climbing,rastrigin,119,6300,64.15186024019769
hill_climbing,rastrigin,119,6400,64.15186024019769
hill_climbing,rastrigin,119,6500,64.15186024019769
hill_climbing,rastrigin,119,6600,64.15186024019769
hill_climbing,rastrigin,119,6700,64.15186024019769
hill_climbing,rastrigin,119,6800,64.15186024019769
hill_climbing,rastrigin,119,6900,64.15186024019769
hill_climbing,rastrigin,119,7000,64.15186024019769
hill_climbing,rastrigin,119,7100,64.15186024019769
hill_climbing,rastrigin,119,7200,64.15186024019769
hill_climbing,rastrigin,119,7300,64.15186024019769
hill_climbing,rastrigin,119,7400,64.15186024019769
hill_climbing,rastrigin,119,7500,64.15186024019769
hill_climbing,rastrigin,119,7600,64.15186024019769
hill_climbing,rastrigin,119,7700,64.15186024019769
hill_climbing,rastrigin,119,7800,64.15186024019769
hill_climbing,rastrigin,119,7900,64.15186024019769
hill_climbing,rastrigin,119,8000,64.15186024019769
hill_climbing,rastrigin,119,8100,64.15186024019769
hill_climbing,rastrigin,119,8200,64.15186024019769
hill_climbing,rastrigin,119,8300,64.15186024019769
hill_climbing,rastrigin,119,8400,64.15186024019769
hill_climbing,rastrigin,119,8500,64.15186024019769
hill_climbing,rastrigin,119,8600,64.15186024019769
hill_climbing,rastrigin,119,8700,64.15186024019769
hill_climbing,rastrigin,119,8800,64.15186024019769
hill_climbing,rastrigin,119,8900,64.15186024019769
hill_climbing,rastrigin,119,9000,64.15186024019769
hill_climbing,rastrigin,119,9100,64.15186024019769
hill_climbing,rastrigin,119,9200,64.15186024019769
hill_climbing,rastrigin,119,9300,64.15186024019769
hill_climbing,rastrigin,119,9400,64.15186024019769
hill_climbing,rastrigin,119,9500,64.15186024019769
hill_climbing,rastrigin,119,9600,64.15186024019769
hill_climbing,rastrigin,119,9700,64.15186024019769
hill_climbing,rastrigin,119,9800,64.15186024019769
hill_climbing,rastrigin,119,9900,64.15186024019769
hill_climbing,rastrigin,119,10000,64.15186024019769
hill_climbing,rastrigin,119,10100,64.15186024019769
hill_climbing,rastrigin,119,10200,64.15186024019769
hill_climbing,rastrigin,119,10300,64.15186024019769
hill_climbing,rastrigin,119,10400,64.15186024019769
hill_climbing,rastrigin,119,10500,64.15186024019769
hill_climbing,rastrigin,119,10600,64.15186024019769
hill_climbing,rastrigin,119,10700,64.15186024019769
hill_climbing,rastrigin,119,10800,64.15186024019769
hill_climbing,rastrigin,119,10900,64.15186024019769
hill_climbing,rastrigin,119,11000,64.15186024019769
hill_climbing,rastrigin,119,11100,64.15186024019769
hill_climbing,rastrigin,119,11200,64.15186024019769
hill_climbing,rastrigin,119,11300,64.15186024019769
hill_climbing,rastrigin,119,11400,64.15186024019769
hill_climbing,rastrigin,119,11500,64.15186024019769
hill_climbing,rastrigin,119,11600,64.15186024019769
hill_climbing,rastrigin,119,11700,64.15186024019769
hill_climbing,rastrigin,119,11800,64.15186024019769
hill_climbing,rastrigin,119,11900,64.15186024019769
hill_climbing,rastrigin,119,12000,63.819328179142985
hill_climbing,rastrigin,119,12100,63.819328179142985
hill_climbing,rastrigin,119,12200,63.819328179142985
hill_climbing,rastrigin,119,12300,52.68358159282773
hill_climbing,rastrigin,119,12400,52.68358159282773
hill_climbing,rastrigin,119,12500,52.68358159282773
hill_climbing,rastrigin,119,12600,52.68358159282773
hill_climbing,rastrigin,119,12700,52.68358159282773
hill_climbing,rastrigin,119,12800,52.68358159282773
hill_climbing,rastrigin,119,12900,52.68358159282773
hill_climbing,rastrigin,119,13000,52.68358159282773
hill_climbing,rastrigin,119,13100,52.68358159282773
hill_climbing,rastrigin,119,13200,52.68358159282773
hill_climbing,rastrigin,119,13300,52.68358159282773
hill_climbing,rastrigin,119,13400,52.68358159282773
hill_climbing,rastrigin,119,13500,52.68358159282773
hill_climbing,rastrigin,119,13600,52.68358159282773
hill_climbing,rastrigin,119,13700,52.68358159282773
hill_climbing,rastrigin,119,13800,52.68358159282773
hill_climbing,rastrigin,119,13900,52.68358159282773
hill_climbing,rastrigin,119,14000,52.68358159282773
hill_climbing,rastrigin,119,14100,52.68358159282773
hill_climbing,rastrigin,119,14200,52.68358159282773
hill_climbing,rastrigin,119,14300,52.68358159282773
hill_climbing,rastrigin,119,14400,52.68358159282773
hill_climbing,rastrigin,119,14500,52.68358159282773
hill_climbing,rastrigin,119,14600,52.68358159282773
hill_climbing,rastrigin,119,14700,52.68358159282773
hill_climbing,rastrigin,119,14800,52.68358159282773
hill_climbing,rastrigin,119,14900,52.68358159282773
hill_climbing,rastrigin,119,15000,52.68358159282773
hill_climbing,rastrigin,119,15100,52.68358159282773
hill_climbing,rastrigin,119,15200,52.68358159282773
hill_climbing,rastrigin,119,15300,52.68358159282773
hill_climbing,rastrigin,119,15400,52.68358159282773
hill_climbing,rastrigin,119,15500,52.68358159282773
hill_climbing,rastrigin,119,15600,52.68358159282773
hill_climbing,rastrigin,119,15700,52.68358159282773
hill_climbing,rastrigin,119,15800,52.68358159282773
hill_climbing,rastrigin,119,15900,52.68358159282773
hill_climbing,rastrigin,119,16000,52.68358159282773
hill_climbing,rastrigin,119,16100,52.68358159282773
hill_climbing,rastrigin,119,16200,52.68358159282773
hill_climbing,rastrigin,119,16300,52.68358159282773
hill_climbing,rastrigin,119,16400,52.68358159282773
hill_climbing,rastrigin,119,16500,52.68358159282773
hill_climbing,rastrigin,119,16600,52.68358159282773
hill_climbing,rastrigin,119,16700,52.68358159282773
hill_climbing,rastrigin,119,16800,52.68358159282773
hill_climbing,rastrigin,119,16900,52.68358159282773
hill_climbing,rastrigin,119,17000,52.68358159282773
hill_climbing,rastrigin,119,17100,52.68358159282773
hill_climbing,rastrigin,119,17200,52.68358159282773
hill_climbing,rastrigin,119,17300,52.68358159282773
hill_climbing,rastrigin,119,17400,52.68358159282773
hill_climbing,rastrigin,119,17500,52.68358159282773
hill_climbing,rastrigin,119,17600,52.68358159282773
hill_climbing,rastrigin,119,17700,52.68358159282773
hill_climbing,rastrigin,119,17800,52.68358159282773
hill_climbing,rastrigin,119,17900,52.68358159282773
hill_climbing,rastrigin,119,18000,52.68358159282773
hill_climbing,rastrigin,119,18100,52.68358159282773
hill_climbing,rastrigin,119,18200,49.77765970610047
hill_climbing,rastrigin,119,18300,49.77765970610047
hill_climbing,rastrigin,119,18400,49.77765970610047
hill_climbing,rastrigin,119,18500,49.77765970610047
hill_climbing,rastrigin,119,18600,49.77765970610047
hill_climbing,rastrigin,119,18700,49.77765970610047
hill_climbing,rastrigin,119,18800,49.77765970610047
hill_climbing,rastrigin,119,18900,49.77765970610047
hill_climbing,rastrigin,119,19000,49.77765970610047
hill_climbing,rastrigin,119,19100,49.77765970610047
hill_climbing,rastrigin,119,19200,49.77765970610047
hill_climbing,rastrigin,119,19300,49.77765970610047
hill_climbing,rastrigin,119,19400,49.77765970610047
hill_climbing,rastrigin,119,19500,49.77765970610047
hill_climbing,rastrigin,119,19600,49.77765970610047
hill_climbing,rastrigin,119,19700,49.77765970610047
hill_climbing,rastrigin,119,19800,49.77765970610047
hill_climbing,rastrigin,119,19900,49.77765970610047
hill_climbing,rastrigin,119,20000,49.77765970610047
