algorithm,benchmark,seed,evaluations,best_value
hill_climbing,rosenbrock,100,100,169894.2386160156
hill_climbing,rosenbrock,100,200,4590.911189438799
hill_climbing,rosenbrock,100,300,93.08814211351809
hill_climbing,rosenbrock,100,400,60.498229285839095
hill_climbing,rosenbrock,100,500,39.18172389711525
hill_climbing,rosenbrock,100,600,37.36212746123795
hill_climbing,rosenbrock,100,700,29.847815056204276
hill_climbing,rosenbrock,100,800,29.847815056204276
hill_climbing,rosenbrock,100,900,23.983392085903997
hill_climbing,rosenbrock,100,1000,23.983392085903997
hill_climbing,rosenbrock,100,1100,21.116112419058368
hill_climbing,rosenbrock,100,1200,21.116112419058368
hill_climbing,rosenbrock,100,1300,21.116112419058368
hill_climbing,rosenbrock,100,1400,21.116112419058368
hill_climbing,rosenbrock,100,1500,21.116112419058368
hill_climbing,rosenbrock,100,1600,21.116112419058368
hill_climbing,rosenbrock,100,1700,21.116112419058368
hill_climbing,rosenbrock,100,1800,21.116112419058368
hill_climbing,rosenbrock,100,1900,21.116112419058368
hill_climbing,rosenbrock,100,2000,21.116112419058368
hill_climbing,rosenbrock,100,2100,21.116112419058368
hill_climbing,rosenbrock,100,2200,21.116112419058368
hill_climbing,rosenbrock,100,2300,21.116112419058368
hill_climbing,rosenbrock,100,2400,21.116112419058368
hill_climbing,rosenbrock,100,2500,21.116112419058368
hill_climbing,rosenbrock,100,2600,21.116112419058368
hill_climbing,rosenbrock,100,2700,21.116112419058368
hill_climbing,rosenbrock,100,2800,21.116112419058368
hill_climbing,rosenbrock,100,2900,17.48435160748874
hill_climbing,rosenbrock,100,3000,17.48435160748874
hill_climbing,rosenbrock,100,3100,17.48435160748874
hill_climbing,rosenbrock,100,3200,17.48435160748874
hill_climbing,rosenbrock,100,3300,17.48435160748874
hill_climbing,rosenbrock,100,3400,17.48435160748874
hill_climbing,rosenbrock,100,3500,17.48435160748874
hill_climbing,rosenbrock,100,3600,17.48435160748874
hill_climbing,rosenbrock,100,3700,17.48435160748874
hill_climbing,rosenbrock,100,3800,17.48435160748874
hill_climbing,rosenbrock,100,3900,17.48435160748874
hill_climbing,rosenbrock,100,4000,17.48435160748874
hill_climbing,rosenbrock,100,4100,17.48435160748874
hill_climbing,rosenbrock,100,4200,17.48435160748874
hill_climbing,rosenbrock,100,4300,17.48435160748874
hill_climbing,rosenbrock,100,4400,17.48435160748874
hill_climbing,rosenbrock,100,4500,17.48435160748874
hill_climbing,rosenbrock,100,4600,17.48435160748874
hill_climbing,rosenbrock,100,4700,17.48435160748874
hill_climbing,rosenbrock,100,4800,17.48435160748874
hill_climbing,rosenbrock,100,4900,17.48435160748874
hill_climbing,rosenbrock,100,5000,17.48435160748874
hill_climbing,rosenbrock,100,5100,17.48435160748874
hill_climbing,rosenbrock,100,5200,17.48435160748874
hill_climbing,rosenbrock,100,5300,17.48435160748874
hill_climbing,rosenbrock,100,5400,17.48435160748874
hill_climbing,rosenbrock,100,5500,17.48435160748874
hill_climbing,rosenbrock,100,5600,17.48435160748874
hill_climbing,rosenbrock,100,5700,17.48435160748874
hill_climbing,rosenbrock,100,5800,17.48435160748874
hill_climbing,rosenbrock,100,5900,17.48435160748874
hill_climbing,rosenbrock,100,6000,11.979751352212185
hill_climbing,rosenbrock,100,6100,11.979751352212185
hill_climbing,rosenbrock,100,6200,11.979751352212185
hill_climbing,rosenbrock,100,6300,11.979751352212185
hill_climbing,rosenbrock,100,6400,11.979751352212185
hill_climbing,rosenbrock,100,6500,11.979751352212185
hill_climbing,rosenbrock,100,6600,11.979751352212185
hill_climbing,rosenbrock,100,6700,11.979751352212185
hill_climbing,rosenbrock,100,6800,11.979751352212185
hill_climbing,rosenbrock,100,6900,11.979751352212185
hill_climbing,rosenbrock,100,7000,11.979751352212185
hill_climbing,rosenbrock,100,7100,11.979751352212185
hill_climbing,rosenbrock,100,7200,11.979751352212185
hill_climbing,rosenbrock,100,7300,11.979751352212185
hill_climbing,rosenbrock,100,7400,11.979751352212185
hill_climbing,rosenbrock,100,7500,11.979751352212185
hill_climbing,rosenbrock,100,7600,11.979751352212185
hill_climbing,rosenbrock,100,7700,11.979751352212185
hill_climbing,rosenbrock,100,7800,11.979751352212185
hill_climbing,rosenbrock,100,7900,11.979751352212185
hill_climbing,rosenbrock,100,8000,11.979751352212185
hill_climbing,rosenbrock,100,8100,11.979751352212185
hill_climbing,rosenbrock,100,8200,11.979751352212185
hill_climbing,rosenbrock,100,8300,11.979751352212185
hill_climbing,rosenbrock,100,8400,11.979751352212185
hill_climbing,rosenbrock,100,8500,11.979751352212185
hill_climbing,rosenbrock,100,8600,11.979751352212185
hill_climbing,rosenbrock,100,8700,11.979751352212185
hill_climbing,rosenbrock,100,8800,11.979751352212185
hill_climbing,rosenbrock,100,8900,11.979751352212185
hill_climbing,rosenbrock,100,9000,11.979751352212185
hill_climbing,rosenbrock,100,9100,11.979751352212185
hill_climbing,rosenbrock,100,9200,11.979751352212185
hill_climbing,rosenbrock,100,9300,11.979751352212185
hill_climbing,rosenbrock,100,9400,11.979751352212185
hill_climbing,rosenbrock,100,9500,11.979751352212185
hill_climbing,rosenbrock,100,9600,11.979751352212185
hill_climbing,rosenbrock,100,9700,11.979751352212185
hill_climbing,rosenbrock,100,9800,11.979751352212185
hill_climbing,rosenbrock,100,9900,11.979751352212185
hill_climbing,rosenbrock,100,10000,11.979751352212185
hill_climbing,rosenbrock,100,10100,11.979751352212185
hill_climbing,rosenbrock,100,10200,11.979751352212185
hill_climbing,rosenbrock,100,10300,11.979751352212185
hill_climbing,rosenbrock,100,10400,11.979751352212185
hill_climbing,rosenbrock,100,10500,11.979751352212185
hill_climbing,rosenbrock,100,10600,11.979751352212185
hill_climbing,rosenbrock,100,10700,11.979751352212185
hill_climbing,rosenbrock,100,10800,11.979751352212185
hill_climbing,rosenbrock,100,10900,11.979751352212185
hill_climbing,rosenbrock,100,11000,11.979751352212185
hill_climbing,rosenbrock,100,11100,11.979751352212185
hill_climbing,rosenbrock,100,11200,11.979751352212185
hill_climbing,rosenbrock,100,11300,11.979751352212185
hill_climbing,rosenbrock,100,11400,11.979751352212185
hill_climbing,rosenbrock,100,11500,11.979751352212185
hill_climbing,rosenbrock,100,11600,11.979751352212185
hill_climbing,rosenbrock,100,11700,11.979751352212185
hill_climbing,rosenbrock,100,11800,11.979751352212185
hill_climbing,rosenbrock,100,11900,11.979751352212185
hill_climbing,rosenbrock,100,12000,11.979751352212185
hill_climbing,rosenbrock,100,12100,11.979751352212185
hill_climbing,rosenbrock,100,12200,11.979751352212185
hill_climbing,rosenbrock,100,12300,11.979751352212185
hill_climbing,rosenbrock,100,12400,11.979751352212185
hill_climbing,rosenbrock,100,12500,11.979751352212185
hill_climbing,rosenbrock,100,12600,11.979751352212185
hill_climbing,rosenbrock,100,12700,11.979751352212185
hill_climbing,rosenbrock,100,12800,11.979751352212185
hill_climbing,rosenbrock,100,12900,11.979751352212185
hill_climbing,rosenbrock,100,13000,11.979751352212185
hill_climbing,rosenbrock,100,13100,11.979751352212185
hill_climbing,rosenbrock,100,13200,11.979751352212185
hill_climbing,rosenbrock,100,13300,11.979751352212185
hill_climbing,rosenbrock,100,13400,11.979751352212185
hill_climbing,rosenbrock,100,13500,11.979751352212185
hill_climbing,rosenbrock,100,13600,11.979751352212185
hill_climbing,rosenbrock,100,13700,11.979751352212185
hill_climbing,rosenbrock,100,13800,11.979751352212185
hill_climbing,rosenbrock,100,13900,11.979751352212185
hill_climbing,rosenbrock,100,14000,11.979751352212185
hill_climbing,rosenbrock,100,14100,11.979751352212185
hill_climbing,rosenbrock,100,14200,11.979751352212185
hill_climbing,rosenbrock,100,14300,11.979751352212185
hill_climbing,rosenbrock,100,14400,11.979751352212185
hill_climbing,rosenbrock,100,14500,11.979751352212185
hill_climbing,rosenbrock,100,14600,11.979751352212185
hill_climbing,rosenbrock,100,14700,11.979751352212185
hill_climbing,rosenbrock,100,14800,11.979751352212185
hill_climbing,rosenbrock,100,14900,11.979751352212185
hill_climbing,rosenbrock,100,15000,11.979751352212185
hill_climbing,rosenbrock,100,15100,11.979751352212185
hill_climbing,rosenbrock,100,15200,11.979751352212185
hill_climbing,rosenbrock,100,15300,11.979751352212185
hill_climbing,rosenbrock,100,15400,11.979751352212185
hill_climbing,rosenbrock,100,15500,11.979751352212185
hill_climbing,rosenbrock,100,15600,11.979751352212185
hill_climbing,rosenbrock,100,15700,11.979751352212185
hill_climbing,rosenbrock,100,15800,11.979751352212185
hill_climbing,rosenbrock,100,15900,11.979751352212185
hill_climbing,rosenbrock,100,16000,11.979751352212185
hill_climbing,rosenbrock,100,16100,11.979751352212185
hill_climbing,rosenbrock,100,16200,11.979751352212185
hill_climbing,rosenbrock,100,16300,11.979751352212185
hill_climbing,rosenbrock,100,16400,11.979751352212185
hill_climbing,rosenbrock,100,16500,11.979751352212185
hill_climbing,rosenbrock,100,16600,11.979751352212185
hill_climbing,rosenbrock,100,16700,11.979751352212185
hill_climbing,rosenbrock,100,16800,11.979751352212185
hill_climbing,rosenbrock,100,16900,11.979751352212185
hill_climbing,rosenbrock,100,17000,11.979751352212185
hill_climbing,rosenbrock,100,17100,11.979751352212185
hill_climbing,rosenbrock,100,17200,11.979751352212185
hill_climbing,rosenbrock,100,17300,11.979751352212185
hill_climbing,rosenbrock,100,17400,11.979751352212185
hill_climbing,rosenbrock,100,17500,11.979751352212185
hill_climbing,rosenbrock,100,17600,11.979751352212185
hill_climbing,rosenbrock,100,17700,11.979751352212185
hill_climbing,rosenbrock,100,17800,11.979751352212185
hill_climbing,rosenbrock,100,17900,11.979751352212185
hill_climbing,rosenbrock,100,18000,11.979751352212185
hill_climbing,rosenbrock,100,18100,11.979751352212185
hill_climbing,rosenbrock,100,18200,11.979751352212185
hill_climbing,rosenbrock,100,18300,11.979751352212185
hill_climbing,rosenbrock,100,18400,11.979751352212185
hill_climbing,rosenbrock,100,18500,11.979751352212185
hill_climbing,rosenbrock,100,18600,11.979751352212185
hill_climbing,rosenbrock,100,18700,11.979751352212185
hill_climbing,rosenbrock,100,18800,11.979751352212185
hill_climbing,rosenbrock,100,18900,11.979751352212185
hill_climbing,rosenbrock,100,19000,11.979751352212185
hill_climbing,rosenbrock,100,19100,11.979751352212185
hill_climbing,rosenbrock,100,19200,11.979751352212185
hill_climbing,rosenbrock,100,19300,11.979751352212185
hill_climbing,rosenbrock,100,19400,11.979751352212185
hill_climbing,rosenbrock,100,19500,11.979751352212185
hill_climbing,rosenbrock,100,19600,11.979751352212185
hill_climbing,rosenbrock,100,19700,11.979751352212185
hill_climbing,rosenbrock,100,19800,11.979751352212185
hill_climbing,rosenbrock,100,19900,11.979751352212185
hill_climbing,rosenbrock,100,20000,11.979751352212185
hill_climbing,rosenbrock,101,100,42061.03096009546
hill_climbing,rosenbrock,101,200,644.3353584342038
hill_climbing,rosenbrock,101,300,109.80296568332281
hill_climbing,rosenbrock,101,400,26.097702361846757
hill_climbing,rosenbrock,101,500,26.097702361846757
hill_climbing,rosenbrock,101,600,26.097702361846757
hill_climbing,rosenbrock,101,700,19.073941580148897
hill_climbing,rosenbrock,101,800,19.073941580148897
hill_climbing,rosenbrock,101,900,19.073941580148897
hill_climbing,rosenbrock,101,1000,19.073941580148897
hill_climbing,rosenbrock,101,1100,19.073941580148897
hill_climbing,rosenbrock,101,1200,19.073941580148897
hill_climbing,rosenbrock,101,1300,19.073941580148897
hill_climbing,rosenbrock,101,1400,19.073941580148897
hill_climbing,rosenbrock,101,1500,19.073941580148897
hill_climbing,rosenbrock,101,1600,19.073941580148897
hill_climbing,rosenbrock,101,1700,19.073941580148897
hill_climbing,rosenbrock,101,1800,19.073941580148897
hill_climbing,rosenbrock,101,1900,19.073941580148897
hill_climbing,rosenbrock,101,2000,19.073941580148897
hill_climbing,rosenbrock,101,2100,19.073941580148897
hill_climbing,rosenbrock,101,2200,19.073941580148897
hill_climbing,rosenbrock,101,2300,19.073941580148897
hill_climbing,rosenbrock,101,2400,19.073941580148897
hill_climbing,rosenbrock,101,2500,19.073941580148897
hill_climbing,rosenbrock,101,2600,19.073941580148897
hill_climbing,rosenbrock,101,2700,19.073941580148897
hill_climbing,rosenbrock,101,2800,19.073941580148897
hill_climbing,rosenbrock,101,2900,19.073941580148897
hill_climbing,rosenbrock,101,3000,19.073941580148897
hill_climbing,rosenbrock,101,3100,19.073941580148897
hill_climbing,rosenbrock,101,3200,19.073941580148897
hill_climbing,rosenbrock,101,3300,19.073941580148897
hill_climbing,rosenbrock,101,3400,19.073941580148897
hill_climbing,rosenbrock,101,3500,19.073941580148897
hill_climbing,rosenbrock,101,3600,19.073941580148897
hill_climbing,rosenbrock,101,3700,19.073941580148897
hill_climbing,rosenbrock,101,3800,19.073941580148897
hill_climbing,rosenbrock,101,3900,19.073941580148897
hill_climbing,rosenbrock,101,4000,19.073941580148897
hill_climbing,rosenbrock,101,4100,19.073941580148897
hill_climbing,rosenbrock,101,4200,19.073941580148897
hill_climbing,rosenbrock,101,4300,19.073941580148897
hill_climbing,rosenbrock,101,4400,19.073941580148897
hill_climbing,rosenbrock,101,4500,19.073941580148897
hill_climbing,rosenbrock,101,4600,19.073941580148897
hill_climbing,rosenbrock,101,4700,19.073941580148897
hill_climbing,rosenbrock,101,4800,19.073941580148897
hill_climbing,rosenbrock,101,4900,19.073941580148897
hill_climbing,rosenbrock,101,5000,19.073941580148897
hill_climbing,rosenbrock,101,5100,19.073941580148897
hill_climbing,rosenbrock,101,5200,19.073941580148897
hill_climbing,rosenbrock,101,5300,19.073941580148897
hill_climbing,rosenbrock,101,5400,19.073941580148897
hill_climbing,rosenbrock,101,5500,19.073941580148897
hill_climbing,rosenbrock,101,5600,19.073941580148897
hill_climbing,rosenbrock,101,5700,19.073941580148897
hill_climbing,rosenbrock,101,5800,19.073941580148897
hill_climbing,rosenbrock,101,5900,19.073941580148897
hill_climbing,rosenbrock,101,6000,19.073941580148897
hill_climbing,rosenbrock,101,6100,19.073941580148897
hill_climbing,rosenbrock,101,6200,19.073941580148897
hill_climbing,rosenbrock,101,6300,19.073941580148897
hill_climbing,rosenbrock,101,6400,19.073941580148897
hill_climbing,rosenbrock,101,6500,19.073941580148897
hill_climbing,rosenbrock,101,6600,19.073941580148897
hill_climbing,rosenbrock,101,6700,19.073941580148897
hill_climbing,rosenbrock,101,6800,19.073941580148897
hill_climbing,rosenbrock,101,6900,19.073941580148897
hill_climbing,rosenbrock,101,7000,19.073941580148897
hill_climbing,rosenbrock,101,7100,19.073941580148897
hill_climbing,rosenbrock,101,7200,19.073941580148897
hill_climbing,rosenbrock,101,7300,19.073941580148897
hill_climbing,rosenbrock,101,7400,19.073941580148897
hill_climbing,rosenbrock,101,7500,19.073941580148897
hill_climbing,rosenbrock,101,7600,19.073941580148897
hill_climbing,rosenbrock,101,7700,19.073941580148897
hill_climbing,rosenbrock,101,7800,19.073941580148897
hill_climbing,rosenbrock,101,7900,19.073941580148897
hill_climbing,rosenbrock,101,8000,19.073941580148897
hill_climbing,rosenbrock,101,8100,19.073941580148897
hill_climbing,rosenbrock,101,8200,19.073941580148897
hill_climbing,rosenbrock,101,8300,19.073941580148897
hill_climbing,rosenbrock,101,8400,19.073941580148897
hill_climbing,rosenbrock,101,8500,19.073941580148897
hill_climbing,rosenbrock,101,8600,19.073941580148897
hill_climbing,rosenbrock,101,8700,19.073941580148897
hill_climbing,rosenbrock,101,8800,19.073941580148897
hill_climbing,rosenbrock,101,8900,19.073941580148897
hill_climbing,rosenbrock,101,9000,19.073941580148897
hill_climbing,rosenbrock,101,9100,19.073941580148897
hill_climbing,rosenbrock,101,9200,19.073941580148897
hill_climbing,rosenbrock,101,9300,19.073941580148897
hill_climbing,rosenbrock,101,9400,19.073941580148897
hill_climbing,rosenbrock,101,9500,19.073941580148897
hill_climbing,rosenbrock,101,9600,19.073941580148897
hill_climbing,rosenbrock,101,9700,19.073941580148897
hill_climbing,rosenbrock,101,9800,19.073941580148897
hill_climbing,rosenbrock,101,9900,19.073941580148897
hill_climbing,rosenbrock,101,10000,19.073941580148897
hill_climbing,rosenbrock,101,10100,19.073941580148897
hill_climbing,rosenbrock,101,10200,19.073941580148897
hill_climbing,rosenbrock,101,10300,19.073941580148897
hill_climbing,rosenbrock,101,10400,19.073941580148897
hill_climbing,rosenbrock,101,10500,19.073941580148897
hill_climbing,rosenbrock,101,10600,19.073941580148897
hill_climbing,rosenbrock,101,10700,19.073941580148897
hill_climbing,rosenbrock,101,10800,19.073941580148897
hill_climbing,rosenbrock,101,10900,19.073941580148897
hill_climbing,rosenbrock,101,11000,19.073941580148897
hill_climbing,rosenbrock,101,11100,19.073941580148897
hill_climbing,rosenbrock,101,11200,19.073941580148897
hill_climbing,rosenbrock,101,11300,19.073941580148897
hill_climbing,rosenbrock,101,11400,19.073941580148897
hill_climbing,rosenbrock,101,11500,19.073941580148897
hill_climbing,rosenbrock,101,11600,19.073941580148897
hill_climbing,rosenbrock,101,11700,19.073941580148897
hill_climbing,rosenbrock,101,11800,19.073941580148897
hill_climbing,rosenbrock,101,11900,19.073941580148897
hill_climbing,rosenbrock,101,12000,19.073941580148897
hill_climbing,rosenbrock,101,12100,19.073941580148897
hill_climbing,rosenbrock,101,12200,19.073941580148897
hill_climbing,rosenbrock,101,12300,19.073941580148897
hill_climbing,rosenbrock,101,12400,19.073941580148897
hill_climbing,rosenbrock,101,12500,19.073941580148897
hill_climbing,rosenbrock,101,12600,19.073941580148897
hill_climbing,rosenbrock,101,12700,19.073941580148897
hill_climbing,rosenbrock,101,12800,19.073941580148897
hill_climbing,rosenbrock,101,12900,19.073941580148897
hill_climbing,rosenbrock,101,13000,19.073941580148897
hill_climbing,rosenbrock,101,13100,19.073941580148897
hill_climbing,rosenbrock,101,13200,19.073941580148897
hill_climbing,rosenbrock,101,13300,19.073941580148897
hill_climbing,rosenbrock,101,13400,19.073941580148897
hill_climbing,rosenbrock,101,13500,19.073941580148897
hill_climbing,rosenbrock,101,13600,19.073941580148897
hill_climbing,rosenbrock,101,13700,19.073941580148897
hill_climbing,rosenbrock,101,13800,19.073941580148897
hill_climbing,rosenbrock,101,13900,19.073941580148897
hill_climbing,rosenbrock,101,14000,19.073941580148897
hill_climbing,rosenbrock,101,14100,19.073941580148897
hill_climbing,rosenbrock,101,14200,19.073941580148897
hill_climbing,rosenbrock,101,14300,19.073941580148897
hill_climbing,rosenbrock,101,14400,19.073941580148897
hill_climbing,rosenbrock,101,14500,19.073941580148897
hill_climbing,rosenbrock,101,14600,19.073941580148897
hill_climbing,rosenbrock,101,14700,19.073941580148897
hill_climbing,rosenbrock,101,14800,19.073941580148897
hill_climbing,rosenbrock,101,14900,19.073941580148897
hill_climbing,rosenbrock,101,15000,19.073941580148897
hill_climbing,rosenbrock,101,15100,19.073941580148897
hill_climbing,rosenbrock,101,15200,19.073941580148897
hill_climbing,rosenbrock,101,15300,19.073941580148897
hill_climbing,rosenbrock,101,15400,19.073941580148897
hill_climbing,rosenbrock,101,15500,19.073941580148897
hill_climbing,rosenbrock,101,15600,19.073941580148897
hill_climbing,rosenbrock,101,15700,19.073941580148897
hill_climbing,rosenbrock,101,15800,19.073941580148897
hill_climbing,rosenbrock,101,15900,19.073941580148897
hill_climbing,rosenbrock,101,16000,19.073941580148897
hill_climbing,rosenbrock,101,16100,19.073941580148897
hill_climbing,rosenbrock,101,16200,19.073941580148897
hill_climbing,rosenbrock,101,16300,19.073941580148897
hill_climbing,rosenbrock,101,16400,19.073941580148897
hill_climbing,rosenbrock,101,16500,19.073941580148897
hill_climbing,rosenbrock,101,16600,19.073941580148897
hill_climbing,rosenbrock,101,16700,19.073941580148897
hill_climbing,rosenbrock,101,16800,19.073941580148897
hill_climbing,rosenbrock,101,16900,19.073941580148897
hill_climbing,rosenbrock,101,17000,19.073941580148897
hill_climbing,rosenbrock,101,17100,19.073941580148897
hill_climbing,rosenbrock,101,17200,19.073941580148897
hill_climbing,rosenbrock,101,17300,19.073941580148897
hill_climbing,rosenbrock,101,17400,19.073941580148897
hill_climbing,rosenbrock,101,17500,19.073941580148897
hill_climbing,rosenbrock,101,17600,19.073941580148897
hill_climbing,rosenbrock,101,17700,19.073941580148897
hill_climbing,rosenbrock,101,17800,19.073941580148897
hill_climbing,rosenbrock,101,17900,19.073941580148897
hill_climbing,rosenbrock,101,18000,19.073941580148897
hill_climbing,rosenbrock,101,18100,19.073941580148897
hill_climbing,rosenbrock,101,18200,19.073941580148897
hill_climbing,rosenbrock,101,18300,19.073941580148897
hill_climbing,rosenbrock,101,18400,19.073941580148897
hill_climbing,rosenbrock,101,18500,19.073941580148897
hill_climbing,rosenbrock,101,18600,19.073941580148897
hill_climbing,rosenbrock,101,18700,19.073941580148897
hill_climbing,rosenbrock,101,18800,19.073941580148897
hill_climbing,rosenbrock,101,18900,19.073941580148897
hill_climbing,rosenbrock,101,19000,19.073941580148897
hill_climbing,rosenbrock,101,19100,19.073941580148897
hill_climbing,rosenbrock,101,19200,19.073941580148897
hill_climbing,rosenbrock,101,19300,19.073941580148897
hill_climbing,rosenbrock,101,19400,19.073941580148897
hill_climbing,rosenbrock,101,19500,19.073941580148897
hill_climbing,rosenbrock,101,19600,19.073941580148897
hill_climbing,rosenbrock,101,19700,19.073941580148897
hill_climbing,rosenbrock,101,19800,19.073941580148897
hill_climbing,rosenbrock,101,19900,19.073941580148897
hill_climbing,rosenbrock,101,20000,19.073941580148897
hill_climbing,rosenbrock,102,100,23768.14882393561
hill_climbing,rosenbrock,102,200,239.77388923651486
hill_climbing,rosenbrock,102,300,40.183999679767446
hill_climbing,rosenbrock,102,400,33.33652014680814
hill_climbing,rosenbrock,102,500,33.33652014680814
hill_climbing,rosenbrock,102,600,33.33652014680814
hill_climbing,rosenbrock,102,700,33.33652014680814
hill_climbing,rosenbrock,102,800,22.122417638144803
hill_climbing,rosenbrock,102,900,22.122417638144803
hill_climbing,rosenbrock,102,1000,22.122417638144803
hill_climbing,rosenbrock,102,1100,22.122417638144803
hill_climbing,rosenbrock,102,1200,22.122417638144803
hill_climbing,rosenbrock,102,1300,22.122417638144803
hill_climbing,rosenbrock,102,1400,22.122417638144803
hill_climbing,rosenbrock,102,1500,22.122417638144803
hill_climbing,rosenbrock,102,1600,22.122417638144803
hill_climbing,rosenbrock,102,1700,22.122417638144803
hill_climbing,rosenbrock,102,1800,22.122417638144803
hill_climbing,rosenbrock,102,1900,22.122417638144803
hill_climbing,rosenbrock,102,2000,22.122417638144803
hill_climbing,rosenbrock,102,2100,22.122417638144803
hill_climbing,rosenbrock,102,2200,22.122417638144803
hill_climbing,rosenbrock,102,2300,22.122417638144803
hill_climbing,rosenbrock,102,2400,22.122417638144803
hill_climbing,rosenbrock,102,2500,22.122417638144803
hill_climbing,rosenbrock,102,2600,22.122417638144803
hill_climbing,rosenbrock,102,2700,22.122417638144803
hill_climbing,rosenbrock,102,2800,22.122417638144803
hill_climbing,rosenbrock,102,2900,22.122417638144803
hill_climbing,rosenbrock,102,3000,22.122417638144803
hill_climbing,rosenbrock,102,3100,22.122417638144803
hill_climbing,rosenbrock,102,3200,22.122417638144803
hill_climbing,rosenbrock,102,3300,22.122417638144803
hill_climbing,rosenbrock,102,3400,22.122417638144803
hill_climbing,rosenbrock,102,3500,22.122417638144803
hill_climbing,rosenbrock,102,3600,22.122417638144803
hill_climbing,rosenbrock,102,3700,22.122417638144803
hill_climbing,rosenbrock,102,3800,22.122417638144803
hill_climbing,rosenbrock,102,3900,22.122417638144803
hill_climbing,rosenbrock,102,4000,22.122417638144803
hill_climbing,rosenbrock,102,4100,22.122417638144803
hill_climbing,rosenbrock,102,4200,22.122417638144803
hill_climbing,rosenbrock,102,4300,22.122417638144803
hill_climbing,rosenbrock,102,4400,22.122417638144803
hill_climbing,rosenbrock,102,4500,22.122417638144803
hill_climbing,rosenbrock,102,4600,22.122417638144803
hill_climbing,rosenbrock,102,4700,22.122417638144803
hill_climbing,rosenbrock,102,4800,22.122417638144803
hill_climbing,rosenbrock,102,4900,22.122417638144803
hill_climbing,rosenbrock,102,5000,22.122417638144803
hill_climbing,rosenbrock,102,5100,22.122417638144803
hill_climbing,rosenbrock,102,5200,22.122417638144803
hill_climbing,rosenbrock,102,5300,22.122417638144803
hill_climbing,rosenbrock,102,5400,22.122417638144803
hill_climbing,rosenbrock,102,5500,22.122417638144803
hill_climbing,rosenbrock,102,5600,22.122417638144803
hill_climbing,rosenbrock,102,5700,22.122417638144803
hill_climbing,rosenbrock,102,5800,22.122417638144803
hill_climbing,rosenbrock,102,5900,22.122417638144803
hill_climbing,rosenbrock,102,6000,22.122417638144803
hill_climbing,rosenbrock,102,6100,22.122417638144803
hill_climbing,rosenbrock,102,6200,22.122417638144803
hill_climbing,rosenbrock,102,6300,22.122417638144803
hill_climbing,rosenbrock,102,6400,22.122417638144803
hill_climbing,rosenbrock,102,6500,22.122417638144803
hill_climbing,rosenbrock,102,6600,22.122417638144803
hill_climbing,rosenbrock,102,6700,22.122417638144803
hill_climbing,rosenbrock,102,6800,22.122417638144803
hill_climbing,rosenbrock,102,6900,22.122417638144803
hill_climbing,rosenbrock,102,7000,22.122417638144803
hill_climbing,rosenbrock,102,7100,22.122417638144803
hill_climbing,rosenbrock,102,7200,22.122417638144803
hill_climbing,rosenbrock,102,7300,22.122417638144803
hill_climbing,rosenbrock,102,7400,22.122417638144803
hill_climbing,rosenbrock,102,7500,22.122417638144803
hill_climbing,rosenbrock,102,7600,22.122417638144803
hill_climbing,rosenbrock,102,7700,22.122417638144803
hill_climbing,rosenbrock,102,7800,22.122417638144803
hill_climbing,rosenbrock,102,7900,22.122417638144803
hill_climbing,rosenbrock,102,8000,22.122417638144803
hill_climbing,rosenbrock,102,8100,22.122417638144803
hill_climbing,rosenbrock,102,8200,22.122417638144803
hill_climbing,rosenbrock,102,8300,22.122417638144803
hill_climbing,rosenbrock,102,8400,22.122417638144803
hill_climbing,rosenbrock,102,8500,22.122417638144803
hill_climbing,rosenbrock,102,8600,22.122417638144803
hill_climbing,rosenbrock,102,8700,22.122417638144803
hill_climbing,rosenbrock,102,8800,22.122417638144803
hill_climbing,rosenbrock,102,8900,22.122417638144803
hill_climbing,rosenbrock,102,9000,22.122417638144803
hill_climbing,rosenbrock,102,9100,22.122417638144803
hill_climbing,rosenbrock,102,9200,22.122417638144803
hill_climbing,rosenbrock,102,9300,22.122417638144803
hill_climbing,rosenbrock,102,9400,22.122417638144803
hill_climbing,rosenbrock,102,9500,22.122417638144803
hill_climbing,rosenbrock,102,9600,22.122417638144803
hill_climbing,rosenbrock,102,9700,22.122417638144803
hill_climbing,rosenbrock,102,9800,22.122417638144803
hill_climbing,rosenbrock,102,9900,22.122417638144803
hill_climbing,rosenbrock,102,10000,22.122417638144803
hill_climbing,rosenbrock,102,10100,22.122417638144803
hill_climbing,rosenbrock,102,10200,22.122417638144803
hill_climbing,rosenbrock,102,10300,22.122417638144803
hill_climbing,rosenbrock,102,10400,22.122417638144803
hill_climbing,rosenbrock,102,10500,22.122417638144803
hill_climbing,rosenbrock,102,10600,22.122417638144803
hill_climbing,rosenbrock,102,10700,22.122417638144803
hill_climbing,rosenbrock,102,10800,22.122417638144803
hill_climbing,rosenbrock,102,10900,22.122417638144803
hill_climbing,rosenbrock,102,11000,22.122417638144803
hill_climbing,rosenbrock,102,11100,22.122417638144803
hill_climbing,rosenbrock,102,11200,22.122417638144803
hill_climbing,rosenbrock,102,11300,22.122417638144803
hill_climbing,rosenbrock,102,11400,22.122417638144803
hill_climbing,rosenbrock,102,11500,22.122417638144803
hill_climbing,rosenbrock,102,11600,22.122417638144803
hill_climbing,rosenbrock,102,11700,22.122417638144803
hill_climbing,rosenbrock,102,11800,22.122417638144803
hill_climbing,rosenbrock,102,11900,22.122417638144803
hill_climbing,rosenbrock,102,12000,22.122417638144803
hill_climbing,rosenbrock,102,12100,22.122417638144803
hill_climbing,rosenbrock,102,12200,22.122417638144803
hill_climbing,rosenbrock,102,12300,22.122417638144803
hill_climbing,rosenbrock,102,12400,22.122417638144803
hill_climbing,rosenbrock,102,12500,22.122417638144803
hill_climbing,rosenbrock,102,12600,22.122417638144803
hill_climbing,rosenbrock,102,12700,22.122417638144803
hill_climbing,rosenbrock,102,12800,22.122417638144803
hill_climbing,rosenbrock,102,12900,22.122417638144803
hill_climbing,rosenbrock,102,13000,22.122417638144803
hill_climbing,rosenbrock,102,13100,22.122417638144803
hill_climbing,rosenbrock,102,13200,22.122417638144803
hill_climbing,rosenbrock,102,13300,22.122417638144803
hill_climbing,rosenbrock,102,13400,22.122417638144803
hill_climbing,rosenbrock,102,13500,22.122417638144803
hill_climbing,rosenbrock,102,13600,22.122417638144803
hill_climbing,rosenbrock,102,13700,22.122417638144803
hill_climbing,rosenbrock,102,13800,22.122417638144803
hill_climbing,rosenbrock,102,13900,22.122417638144803
hill_climbing,rosenbrock,102,14000,22.122417638144803
hill_climbing,rosenbrock,102,14100,22.122417638144803
hill_climbing,rosenbrock,102,14200,22.122417638144803
hill_climbing,rosenbrock,102,14300,22.122417638144803
hill_climbing,rosenbrock,102,14400,22.122417638144803
hill_climbing,rosenbrock,102,14500,22.122417638144803
hill_climbing,rosenbrock,102,14600,22.122417638144803
hill_climbing,rosenbrock,102,14700,22.122417638144803
hill_climbing,rosenbrock,102,14800,22.122417638144803
hill_climbing,rosenbrock,102,14900,22.122417638144803
hill_climbing,rosenbrock,102,15000,22.122417638144803
hill_climbing,rosenbrock,102,15100,22.122417638144803
hill_climbing,rosenbrock,102,15200,22.122417638144803
hill_climbing,rosenbrock,102,15300,21.04190551777857
hill_climbing,rosenbrock,102,15400,21.04190551777857
hill_climbing,rosenbrock,102,15500,21.04190551777857
hill_climbing,rosenbrock,102,15600,21.04190551777857
hill_climbing,rosenbrock,102,15700,21.04190551777857
hill_climbing,rosenbrock,102,15800,21.04190551777857
hill_climbing,rosenbrock,102,15900,21.04190551777857
hill_climbing,rosenbrock,102,16000,21.04190551777857
hill_climbing,rosenbrock,102,16100,21.04190551777857
hill_climbing,rosenbrock,102,16200,21.04190551777857
hill_climbing,rosenbrock,102,16300,21.04190551777857
hill_climbing,rosenbrock,102,16400,21.04190551777857
hill_climbing,rosenbrock,102,16500,21.04190551777857
hill_climbing,rosenbrock,102,16600,21.04190551777857
hill_climbing,rosenbrock,102,16700,21.04190551777857
hill_climbing,rosenbrock,102,16800,21.04190551777857
hill_climbing,rosenbrock,102,16900,21.04190551777857
hill_climbing,rosenbrock,102,17000,21.04190551777857
hill_climbing,rosenbrock,102,17100,21.04190551777857
hill_climbing,rosenbrock,102,17200,21.04190551777857
hill_climbing,rosenbrock,102,17300,21.04190551777857
hill_climbing,rosenbrock,102,17400,21.04190551777857
hill_climbing,rosenbrock,102,17500,21.04190551777857
hill_climbing,rosenbrock,102,17600,21.04190551777857
hill_climbing,rosenbrock,102,17700,21.04190551777857
hill_climbing,rosenbrock,102,17800,21.04190551777857
hill_climbing,rosenbrock,102,17900,21.04190551777857
hill_climbing,rosenbrock,102,18000,21.04190551777857
hill_climbing,rosenbrock,102,18100,21.04190551777857
hill_climbing,rosenbrock,102,18200,21.04190551777857
hill_climbing,rosenbrock,102,18300,21.04190551777857
hill_climbing,rosenbrock,102,18400,21.04190551777857
hill_climbing,rosenbrock,102,18500,21.04190551777857
hill_climbing,rosenbrock,102,18600,21.04190551777857
hill_climbing,rosenbrock,102,18700,21.04190551777857
hill_climbing,rosenbrock,102,18800,21.04190551777857
hill_climbing,rosenbrock,102,18900,21.04190551777857
hill_climbing,rosenbrock,102,19000,21.04190551777857
hill_climbing,rosenbrock,102,19100,21.04190551777857
hill_climbing,rosenbrock,102,19200,21.04190551777857
hill_climbing,rosenbrock,102,19300,21.04190551777857
hill_climbing,rosenbrock,102,19400,21.04190551777857
hill_climbing,rosenbrock,102,19500,21.04190551777857
hill_climbing,rosenbrock,102,19600,21.04190551777857
hill_climbing,rosenbrock,102,19700,21.04190551777857
hill_climbing,rosenbrock,102,19800,21.04190551777857
hill_climbing,rosenbrock,102,19900,21.04190551777857
hill_climbing,rosenbrock,102,20000,21.04190551777857
hill_climbing,rosenbrock,103,100,22891.608189099094
hill_climbing,rosenbrock,103,200,190.57795166084028
hill_climbing,rosenbrock,103,300,116.4730706905416
hill_climbing,rosenbrock,103,400,116.4730706905416
hill_climbing,rosenbrock,103,500,103.71362716665318
hill_climbing,rosenbrock,103,600,103.71362716665318
hill_climbing,rosenbrock,103,700,103.71362716665318
hill_climbing,rosenbrock,103,800,97.95846133188716
hill_climbing,rosenbrock,103,900,93.98632677405325
hill_climbing,rosenbrock,103,1000,93.98632677405325
hill_climbing,rosenbrock,103,1100,93.98632677405325
hill_climbing,rosenbrock,103,1200,90.75577419470997
hill_climbing,rosenbrock,103,1300,89.55988565311452
hill_climbing,rosenbrock,103,1400,88.26168445042275
hill_climbing,rosenbrock,103,1500,47.26282070825408
hill_climbing,rosenbrock,103,1600,45.92434266988761
hill_climbing,rosenbrock,103,1700,45.92434266988761
hill_climbing,rosenbrock,103,1800,45.92434266988761
hill_climbing,rosenbrock,103,1900,45.92434266988761
hill_climbing,rosenbrock,103,2000,45.92434266988761
hill_climbing,rosenbrock,103,2100,45.92434266988761
hill_climbing,rosenbrock,103,2200,45.92434266988761
hill_climbing,rosenbrock,103,2300,45.92434266988761
hill_climbing,rosenbrock,103,2400,45.92434266988761
hill_climbing,rosenbrock,103,2500,45.92434266988761
hill_climbing,rosenbrock,103,2600,45.92434266988761
hill_climbing,rosenbrock,103,2700,45.92434266988761
hill_climbing,rosenbrock,103,2800,45.92434266988761
hill_climbing,rosenbrock,103,2900,45.92434266988761
hill_climbing,rosenbrock,103,3000,45.92434266988761
hill_climbing,rosenbrock,103,3100,45.92434266988761
hill_climbing,rosenbrock,103,3200,45.92434266988761
hill_climbing,rosenbrock,103,3300,45.92434266988761
hill_climbing,rosenbrock,103,3400,45.92434266988761
hill_climbing,rosenbrock,103,3500,45.92434266988761
hill_climbing,rosenbrock,103,3600,45.92434266988761
hill_climbing,rosenbrock,103,3700,45.92434266988761
hill_climbing,rosenbrock,103,3800,45.92434266988761
hill_climbing,rosenbrock,103,3900,45.92434266988761
hill_climbing,rosenbrock,103,4000,45.92434266988761
hill_climbing,rosenbrock,103,4100,45.92434266988761
hill_climbing,rosenbrock,103,4200,45.92434266988761
hill_climbing,rosenbrock,103,4300,45.92434266988761
hill_climbing,rosenbrock,103,4400,45.92434266988761
hill_climbing,rosenbrock,103,4500,45.92434266988761
hill_climbing,rosenbrock,103,4600,45.92434266988761
hill_climbing,rosenbrock,103,4700,45.92434266988761
hill_climbing,rosenbrock,103,4800,45.92434266988761
hill_climbing,rosenbrock,103,4900,45.92434266988761
hill_climbing,rosenbrock,103,5000,45.92434266988761
hill_climbing,rosenbrock,103,5100,45.92434266988761
hill_climbing,rosenbrock,103,5200,41.263683216002825
hill_climbing,rosenbrock,103,5300,39.78596330473609
hill_climbing,rosenbrock,103,5400,39.78596330473609
hill_climbing,rosenbrock,103,5500,39.78596330473609
hill_climbing,rosenbrock,103,5600,19.73550974752565
hill_climbing,rosenbrock,103,5700,18.999471484365007
hill_climbing,rosenbrock,103,5800,18.999471484365007
hill_climbing,rosenbrock,103,5900,18.999471484365007
hill_climbing,rosenbrock,103,6000,18.999471484365007
hill_climbing,rosenbrock,103,6100,18.999471484365007
hill_climbing,rosenbrock,103,6200,18.999471484365007
hill_climbing,rosenbrock,103,6300,18.999471484365007
hill_climbing,rosenbrock,103,6400,18.999471484365007
hill_climbing,rosenbrock,103,6500,18.999471484365007
hill_climbing,rosenbrock,103,6600,18.999471484365007
hill_climbing,rosenbrock,103,6700,18.999471484365007
hill_climbing,rosenbrock,103,6800,18.999471484365007
hill_climbing,rosenbrock,103,6900,18.999471484365007
hill_climbing,rosenbrock,103,7000,18.999471484365007
hill_climbing,rosenbrock,103,7100,18.999471484365007
hill_climbing,rosenbrock,103,7200,18.999471484365007
hill_climbing,rosenbrock,103,7300,18.999471484365007
hill_climbing,rosenbrock,103,7400,18.999471484365007
hill_climbing,rosenbrock,103,7500,18.999471484365007
hill_climbing,rosenbrock,103,7600,18.999471484365007
hill_climbing,rosenbrock,103,7700,18.999471484365007
hill_climbing,rosenbrock,103,7800,18.999471484365007
hill_climbing,rosenbrock,103,7900,18.999471484365007
hill_climbing,rosenbrock,103,8000,18.999471484365007
hill_climbing,rosenbrock,103,8100,18.999471484365007
hill_climbing,rosenbrock,103,8200,18.999471484365007
hill_climbing,rosenbrock,103,8300,18.999471484365007
hill_climbing,rosenbrock,103,8400,18.999471484365007
hill_climbing,rosenbrock,103,8500,18.999471484365007
hill_climbing,rosenbrock,103,8600,18.999471484365007
hill_climbing,rosenbrock,103,8700,18.999471484365007
hill_climbing,rosenbrock,103,8800,18.999471484365007
hill_climbing,rosenbrock,103,8900,18.999471484365007
hill_climbing,rosenbrock,103,9000,18.999471484365007
hill_climbing,rosenbrock,103,9100,18.999471484365007
hill_climbing,rosenbrock,103,9200,18.999471484365007
hill_climbing,rosenbrock,103,9300,18.999471484365007
hill_climbing,rosenbrock,103,9400,18.999471484365007
hill_climbing,rosenbrock,103,9500,18.999471484365007
hill_climbing,rosenbrock,103,9600,18.999471484365007
hill_climbing,rosenbrock,103,9700,18.999471484365007
hill_climbing,rosenbrock,103,9800,18.999471484365007
hill_climbing,rosenbrock,103,9900,18.999471484365007
hill_climbing,rosenbrock,103,10000,18.999471484365007
hill_climbing,rosenbrock,103,10100,18.999471484365007
hill_climbing,rosenbrock,103,10200,18.999471484365007
hill_climbing,rosenbrock,103,10300,18.999471484365007
hill_climbing,rosenbrock,103,10400,18.999471484365007
hill_climbing,rosenbrock,103,10500,18.999471484365007
hill_climbing,rosenbrock,103,10600,18.999471484365007
hill_climbing,rosenbrock,103,10700,18.999471484365007
hill_climbing,rosenbrock,103,10800,18.999471484365007
hill_climbing,rosenbrock,103,10900,18.999471484365007
hill_climbing,rosenbrock,103,11000,18.999471484365007
hill_climbing,rosenbrock,103,11100,18.999471484365007
hill_climbing,rosenbrock,103,11200,18.999471484365007
hill_climbing,rosenbrock,103,11300,18.999471484365007
hill_climbing,rosenbrock,103,11400,18.999471484365007
hill_climbing,rosenbrock,103,11500,18.999471484365007
hill_climbing,rosenbrock,103,11600,18.999471484365007
hill_climbing,rosenbrock,103,11700,18.999471484365007
hill_climbing,rosenbrock,103,11800,18.999471484365007
hill_climbing,rosenbrock,103,11900,18.999471484365007
hill_climbing,rosenbrock,103,12000,18.999471484365007
hill_climbing,rosenbrock,103,12100,18.999471484365007
hill_climbing,rosenbrock,103,12200,18.999471484365007
hill_climbing,rosenbrock,103,12300,18.999471484365007
hill_climbing,rosenbrock,103,12400,18.999471484365007
hill_climbing,rosenbrock,103,12500,18.999471484365007
hill_climbing,rosenbrock,103,12600,18.999471484365007
hill_climbing,rosenbrock,103,12700,18.999471484365007
hill_climbing,rosenbrock,103,12800,18.999471484365007
hill_climbing,rosenbrock,103,12900,18.999471484365007
hill_climbing,rosenbrock,103,13000,18.999471484365007
hill_climbing,rosenbrock,103,13100,18.999471484365007
hill_climbing,rosenbrock,103,13200,18.999471484365007
hill_climbing,rosenbrock,103,13300,18.999471484365007
hill_climbing,rosenbrock,103,13400,18.999471484365007
hill_climbing,rosenbrock,103,13500,18.999471484365007
hill_climbing,rosenbrock,103,13600,18.999471484365007
hill_climbing,rosenbrock,103,13700,18.999471484365007
hill_climbing,rosenbrock,103,13800,18.999471484365007
hill_climbing,rosenbrock,103,13900,18.999471484365007
hill_climbing,rosenbrock,103,14000,18.999471484365007
hill_climbing,rosenbrock,103,14100,18.999471484365007
hill_climbing,rosenbrock,103,14200,18.999471484365007
hill_climbing,rosenbrock,103,14300,18.999471484365007
hill_climbing,rosenbrock,103,14400,18.999471484365007
hill_climbing,rosenbrock,103,14500,18.999471484365007
hill_climbing,rosenbrock,103,14600,18.999471484365007
hill_climbing,rosenbrock,103,14700,18.999471484365007
hill_climbing,rosenbrock,103,14800,18.999471484365007
hill_climbing,rosenbrock,103,14900,18.999471484365007
hill_climbing,rosenbrock,103,15000,18.999471484365007
hill_climbing,rosenbrock,103,15100,18.999471484365007
hill_climbing,rosenbrock,103,15200,18.999471484365007
hill_climbing,rosenbrock,103,15300,18.999471484365007
hill_climbing,rosenbrock,103,15400,18.999471484365007
hill_climbing,rosenbrock,103,15500,18.999471484365007
hill_climbing,rosenbrock,103,15600,18.999471484365007
hill_climbing,rosenbrock,103,15700,18.999471484365007
hill_climbing,rosenbrock,103,15800,18.999471484365007
hill_climbing,rosenbrock,103,15900,18.999471484365007
hill_climbing,rosenbrock,103,16000,18.999471484365007
hill_climbing,rosenbrock,103,16100,18.999471484365007
hill_climbing,rosenbrock,103,16200,18.999471484365007
hill_climbing,rosenbrock,103,16300,18.999471484365007
hill_climbing,rosenbrock,103,16400,18.999471484365007
hill_climbing,rosenbrock,103,16500,18.999471484365007
hill_climbing,rosenbrock,103,16600,18.999471484365007
hill_climbing,rosenbrock,103,16700,18.999471484365007
hill_climbing,rosenbrock,103,16800,18.999471484365007
hill_climbing,rosenbrock,103,16900,18.999471484365007
hill_climbing,rosenbrock,103,17000,18.999471484365007
hill_climbing,rosenbrock,103,17100,18.999471484365007
hill_climbing,rosenbrock,103,17200,18.999471484365007
hill_climbing,rosenbrock,103,17300,18.999471484365007
hill_climbing,rosenbrock,103,17400,18.999471484365007
hill_climbing,rosenbrock,103,17500,18.999471484365007
hill_climbing,rosenbrock,103,17600,18.999471484365007
hill_climbing,rosenbrock,103,17700,18.999471484365007
hill_climbing,rosenbrock,103,17800,18.999471484365007
hill_climbing,rosenbrock,103,17900,18.999471484365007
hill_climbing,rosenbrock,103,18000,18.999471484365007
hill_climbing,rosenbrock,103,18100,18.999471484365007
hill_climbing,rosenbrock,103,18200,18.999471484365007
hill_climbing,rosenbrock,103,18300,18.999471484365007
hill_climbing,rosenbrock,103,18400,18.999471484365007
hill_climbing,rosenbrock,103,18500,18.999471484365007
hill_climbing,rosenbrock,103,18600,18.999471484365007
hill_climbing,rosenbrock,103,18700,18.999471484365007
hill_climbing,rosenbrock,103,18800,18.999471484365007
hill_climbing,rosenbrock,103,18900,18.999471484365007
hill_climbing,rosenbrock,103,19000,18.999471484365007
hill_climbing,rosenbrock,103,19100,18.999471484365007
hill_climbing,rosenbrock,103,19200,18.999471484365007
hill_climbing,rosenbrock,103,19300,18.999471484365007
hill_climbing,rosenbrock,103,19400,18.999471484365007
hill_climbing,rosenbrock,103,19500,18.999471484365007
hill_climbing,rosenbrock,103,19600,18.999471484365007
hill_climbing,rosenbrock,103,19700,18.999471484365007
hill_climbing,rosenbrock,103,19800,18.999471484365007
hill_climbing,rosenbrock,103,19900,18.999471484365007
hill_climbing,rosenbrock,103,20000,18.999471484365007
hill_climbing,rosenbrock,104,100,3288.970005901698
hill_climbing,rosenbrock,104,200,164.6938120403018
hill_climbing,rosenbrock,104,300,159.79962936736607
hill_climbing,rosenbrock,104,400,146.73896831802054
hill_climbing,rosenbrock,104,500,143.9894917984032
hill_climbing,rosenbrock,104,600,143.9894917984032
hill_climbing,rosenbrock,104,700,143.9894917984032
hill_climbing,rosenbrock,104,800,135.0114165711426
hill_climbing,rosenbrock,104,900,135.0114165711426
hill_climbing,rosenbrock,104,1000,135.0114165711426
hill_climbing,rosenbrock,104,1100,135.0114165711426
hill_climbing,rosenbrock,104,1200,122.17847359805685
hill_climbing,rosenbrock,104,1300,122.17847359805685
hill_climbing,rosenbrock,104,1400,122.17847359805685
hill_climbing,rosenbrock,104,1500,122.17847359805685
hill_climbing,rosenbrock,104,1600,122.17847359805685
hill_climbing,rosenbrock,104,1700,122.17847359805685
hill_climbing,rosenbrock,104,1800,122.17847359805685
hill_climbing,rosenbrock,104,1900,122.17847359805685
hill_climbing,rosenbrock,104,2000,122.17847359805685
hill_climbing,rosenbrock,104,2100,122.17847359805685
hill_climbing,rosenbrock,104,2200,122.17847359805685
hill_climbing,rosenbrock,104,2300,122.17847359805685
hill_climbing,rosenbrock,104,2400,122.17847359805685
hill_climbing,rosenbrock,104,2500,122.17847359805685
hill_climbing,rosenbrock,104,2600,122.17847359805685
hill_climbing,rosenbrock,104,2700,122.17847359805685
hill_climbing,rosenbrock,104,2800,122.17847359805685
hill_climbing,rosenbrock,104,2900,122.17847359805685
hill_climbing,rosenbrock,104,3000,95.8846791587173
hill_climbing,rosenbrock,104,3100,76.64231578916764
hill_climbing,rosenbrock,104,3200,60.90439070259813
hill_climbing,rosenbrock,104,3300,47.51143723659257
hill_climbing,rosenbrock,104,3400,47.51143723659257
hill_climbing,rosenbrock,104,3500,47.51143723659257
hill_climbing,rosenbrock,104,3600,47.51143723659257
hill_climbing,rosenbrock,104,3700,35.21076080096837
hill_climbing,rosenbrock,104,3800,32.08247238350325
hill_climbing,rosenbrock,104,3900,23.85178628494778
hill_climbing,rosenbrock,104,4000,20.885596729501696
hill_climbing,rosenbrock,104,4100,20.885596729501696
hill_climbing,rosenbrock,104,4200,20.885596729501696
hill_climbing,rosenbrock,104,4300,20.885596729501696
hill_climbing,rosenbrock,104,4400,20.885596729501696
hill_climbing,rosenbrock,104,4500,20.885596729501696
hill_climbing,rosenbrock,104,4600,20.885596729501696
hill_climbing,rosenbrock,104,4700,20.885596729501696
hill_climbing,rosenbrock,104,4800,20.885596729501696
hill_climbing,rosenbrock,104,4900,20.885596729501696
hill_climbing,rosenbrock,104,5000,20.885596729501696
hill_climbing,rosenbrock,104,5100,20.885596729501696
hill_climbing,rosenbrock,104,5200,20.885596729501696
hill_climbing,rosenbrock,104,5300,20.885596729501696
hill_climbing,rosenbrock,104,5400,20.885596729501696
hill_climbing,rosenbrock,104,5500,20.885596729501696
hill_climbing,rosenbrock,104,5600,20.885596729501696
hill_climbing,rosenbrock,104,5700,20.885596729501696
hill_climbing,rosenbrock,104,5800,20.885596729501696
hill_climbing,rosenbrock,104,5900,20.885596729501696
hill_climbing,rosenbrock,104,6000,20.885596729501696
hill_climbing,rosenbrock,104,6100,20.885596729501696
hill_climbing,rosenbrock,104,6200,20.885596729501696
hill_climbing,rosenbrock,104,6300,20.885596729501696
hill_climbing,rosenbrock,104,6400,20.885596729501696
hill_climbing,rosenbrock,104,6500,20.885596729501696
hill_climbing,rosenbrock,104,6600,20.885596729501696
hill_climbing,rosenbrock,104,6700,20.885596729501696
hill_climbing,rosenbrock,104,6800,20.885596729501696
hill_climbing,rosenbrock,104,6900,20.885596729501696
hill_climbing,rosenbrock,104,7000,20.885596729501696
hill_climbing,rosenbrock,104,7100,20.885596729501696
hill_climbing,rosenbrock,104,7200,20.885596729501696
hill_climbing,rosenbrock,104,7300,20.885596729501696
hill_climbing,rosenbrock,104,7400,20.885596729501696
hill_climbing,rosenbrock,104,7500,20.885596729501696
hill_climbing,rosenbrock,104,7600,20.885596729501696
hill_climbing,rosenbrock,104,7700,20.885596729501696
hill_climbing,rosenbrock,104,7800,20.885596729501696
hill_climbing,rosenbrock,104,7900,20.885596729501696
hill_climbing,rosenbrock,104,8000,19.930915421602357
hill_climbing,rosenbrock,104,8100,19.930915421602357
hill_climbing,rosenbrock,104,8200,19.930915421602357
hill_climbing,rosenbrock,104,8300,19.930915421602357
hill_climbing,rosenbrock,104,8400,19.930915421602357
hill_climbing,rosenbrock,104,8500,19.930915421602357
hill_climbing,rosenbrock,104,8600,19.930915421602357
hill_climbing,rosenbrock,104,8700,19.930915421602357
hill_climbing,rosenbrock,104,8800,19.930915421602357
hill_climbing,rosenbrock,104,8900,19.930915421602357
hill_climbing,rosenbrock,104,9000,19.930915421602357
hill_climbing,rosenbrock,104,9100,19.930915421602357
hill_climbing,rosenbrock,104,9200,19.930915421602357
hill_climbing,rosenbrock,104,9300,19.930915421602357
hill_climbing,rosenbrock,104,9400,19.930915421602357
hill_climbing,rosenbrock,104,9500,19.930915421602357
hill_climbing,rosenbrock,104,9600,19.930915421602357
hill_climbing,rosenbrock,104,9700,19.930915421602357
hill_climbing,rosenbrock,104,9800,19.930915421602357
hill_climbing,rosenbrock,104,9900,19.930915421602357
hill_climbing,rosenbrock,104,10000,19.930915421602357
hill_climbing,rosenbrock,104,10100,19.930915421602357
hill_climbing,rosenbrock,104,10200,19.930915421602357
hill_climbing,rosenbrock,104,10300,19.930915421602357
hill_climbing,rosenbrock,104,10400,19.930915421602357
hill_climbing,rosenbrock,104,10500,19.930915421602357
hill_climbing,rosenbrock,104,10600,19.930915421602357
hill_climbing,rosenbrock,104,10700,19.930915421602357
hill_climbing,rosenbrock,104,10800,19.930915421602357
hill_climbing,rosenbrock,104,10900,19.930915421602357
hill_climbing,rosenbrock,104,11000,19.930915421602357
hill_climbing,rosenbrock,104,11100,19.930915421602357
hill_climbing,rosenbrock,104,11200,19.930915421602357
hill_climbing,rosenbrock,104,11300,19.930915421602357
hill_climbing,rosenbrock,104,11400,19.930915421602357
hill_climbing,rosenbrock,104,11500,19.930915421602357
hill_climbing,rosenbrock,104,11600,19.930915421602357
hill_climbing,rosenbrock,104,11700,19.930915421602357
hill_climbing,rosenbrock,104,11800,19.930915421602357
hill_climbing,rosenbrock,104,11900,19.930915421602357
hill_climbing,rosenbrock,104,12000,19.930915421602357
hill_climbing,rosenbrock,104,12100,19.930915421602357
hill_climbing,rosenbrock,104,12200,19.930915421602357
hill_climbing,rosenbrock,104,12300,19.930915421602357
hill_climbing,rosenbrock,104,12400,19.930915421602357
hill_climbing,rosenbrock,104,12500,19.930915421602357
hill_climbing,rosenbrock,104,12600,19.930915421602357
hill_climbing,rosenbrock,104,12700,19.930915421602357
hill_climbing,rosenbrock,104,12800,19.930915421602357
hill_climbing,rosenbrock,104,12900,19.930915421602357
hill_climbing,rosenbrock,104,13000,19.930915421602357
hill_climbing,rosenbrock,104,13100,19.930915421602357
hill_climbing,rosenbrock,104,13200,19.930915421602357
hill_climbing,rosenbrock,104,13300,19.930915421602357
hill_climbing,rosenbrock,104,13400,19.930915421602357
hill_climbing,rosenbrock,104,13500,19.930915421602357
hill_climbing,rosenbrock,104,13600,19.930915421602357
hill_climbing,rosenbrock,104,13700,19.930915421602357
hill_climbing,rosenbrock,104,13800,19.930915421602357
hill_climbing,rosenbrock,104,13900,19.930915421602357
hill_climbing,rosenbrock,104,14000,19.930915421602357
hill_climbing,rosenbrock,104,14100,19.930915421602357
hill_climbing,rosenbrock,104,14200,19.930915421602357
hill_climbing,rosenbrock,104,14300,19.930915421602357
hill_climbing,rosenbrock,104,14400,19.930915421602357
hill_climbing,rosenbrock,104,14500,19.930915421602357
hill_climbing,rosenbrock,104,14600,19.930915421602357
hill_climbing,rosenbrock,104,14700,17.93868206249112
hill_climbing,rosenbrock,104,14800,17.93868206249112
hill_climbing,rosenbrock,104,14900,17.93868206249112
hill_climbing,rosenbrock,104,15000,17.93868206249112
hill_climbing,rosenbrock,104,15100,17.93868206249112
hill_climbing,rosenbrock,104,15200,17.93868206249112
hill_climbing,rosenbrock,104,15300,17.93868206249112
hill_climbing,rosenbrock,104,15400,17.93868206249112
hill_climbing,rosenbrock,104,15500,17.93868206249112
hill_climbing,rosenbrock,104,15600,17.93868206249112
hill_climbing,rosenbrock,104,15700,17.93868206249112
hill_climbing,rosenbrock,104,15800,17.93868206249112
hill_climbing,rosenbrock,104,15900,17.93868206249112
hill_climbing,rosenbrock,104,16000,17.93868206249112
hill_climbing,rosenbrock,104,16100,17.93868206249112
hill_climbing,rosenbrock,104,16200,17.93868206249112
hill_climbing,rosenbrock,104,16300,17.93868206249112
hill_climbing,rosenbrock,104,16400,17.93868206249112
hill_climbing,rosenbrock,104,16500,17.93868206249112
hill_climbing,rosenbrock,104,16600,17.93868206249112
hill_climbing,rosenbrock,104,16700,17.93868206249112
hill_climbing,rosenbrock,104,16800,17.93868206249112
hill_climbing,rosenbrock,104,16900,17.93868206249112
hill_climbing,rosenbrock,104,17000,17.93868206249112
hill_climbing,rosenbrock,104,17100,17.93868206249112
hill_climbing,rosenbrock,104,17200,17.93868206249112
hill_climbing,rosenbrock,104,17300,17.93868206249112
hill_climbing,rosenbrock,104,17400,17.93868206249112
hill_climbing,rosenbrock,104,17500,17.93868206249112
hill_climbing,rosenbrock,104,17600,17.93868206249112
hill_climbing,rosenbrock,104,17700,17.93868206249112
hill_climbing,rosenbrock,104,17800,17.93868206249112
hill_climbing,rosenbrock,104,17900,17.93868206249112
hill_climbing,rosenbrock,104,18000,17.93868206249112
hill_climbing,rosenbrock,104,18100,17.93868206249112
hill_climbing,rosenbrock,104,18200,17.93868206249112
hill_climbing,rosenbrock,104,18300,17.93868206249112
hill_climbing,rosenbrock,104,18400,17.93868206249112
hill_climbing,rosenbrock,104,18500,17.93868206249112
hill_climbing,rosenbrock,104,18600,17.93868206249112
hill_climbing,rosenbrock,104,18700,17.93868206249112
hill_climbing,rosenbrock,104,18800,17.93868206249112
hill_climbing,rosenbrock,104,18900,17.93868206249112
hill_climbing,rosenbrock,104,19000,17.93868206249112
hill_climbing,rosenbrock,104,19100,17.93868206249112
hill_climbing,rosenbrock,104,19200,17.93868206249112
hill_climbing,rosenbrock,104,19300,17.93868206249112
hill_climbing,rosenbrock,104,19400,17.93868206249112
hill_climbing,rosenbrock,104,19500,17.93868206249112
hill_climbing,rosenbrock,104,19600,17.93868206249112
hill_climbing,rosenbrock,104,19700,17.93868206249112
hill_climbing,rosenbrock,104,19800,17.93868206249112
hill_climbing,rosenbrock,104,19900,17.93868206249112
hill_climbing,rosenbrock,104,20000,17.93868206249112
hill_climbing,rosenbrock,105,100,13611.286331315237
hill_climbing,rosenbrock,105,200,255.09840225039574
hill_climbing,rosenbrock,105,300,187.8294135562708
hill_climbing,rosenbrock,105,400,103.49031500698631
hill_climbing,rosenbrock,105,500,92.53511825814708
hill_climbing,rosenbrock,105,600,90.83670421176897
hill_climbing,rosenbrock,105,700,74.08764985603214
hill_climbing,rosenbrock,105,800,74.08764985603214
hill_climbing,rosenbrock,105,900,46.24733179819112
hill_climbing,rosenbrock,105,1000,43.302096411855956
hill_climbing,rosenbrock,105,1100,29.685912187716102
hill_climbing,rosenbrock,105,1200,26.81460428261343
hill_climbing,rosenbrock,105,1300,26.81460428261343
hill_climbing,rosenbrock,105,1400,26.81460428261343
hill_climbing,rosenbrock,105,1500,26.81460428261343
hill_climbing,rosenbrock,105,1600,25.923894044733895
hill_climbing,rosenbrock,105,1700,25.923894044733895
hill_climbing,rosenbrock,105,1800,25.923894044733895
hill_climbing,rosenbrock,105,1900,25.30741518853335
hill_climbing,rosenbrock,105,2000,25.30741518853335
hill_climbing,rosenbrock,105,2100,25.30741518853335
hill_climbing,rosenbrock,105,2200,25.30741518853335
hill_climbing,rosenbrock,105,2300,25.30741518853335
hill_climbing,rosenbrock,105,2400,25.30741518853335
hill_climbing,rosenbrock,105,2500,25.30741518853335
hill_climbing,rosenbrock,105,2600,25.30741518853335
hill_climbing,rosenbrock,105,2700,25.30741518853335
hill_climbing,rosenbrock,105,2800,25.30741518853335
hill_climbing,rosenbrock,105,2900,25.30741518853335
hill_climbing,rosenbrock,105,3000,25.30741518853335
hill_climbing,rosenbrock,105,3100,25.30741518853335
hill_climbing,rosenbrock,105,3200,25.30741518853335
hill_climbing,rosenbrock,105,3300,25.30741518853335
hill_climbing,rosenbrock,105,3400,25.30741518853335
hill_climbing,rosenbrock,105,3500,25.30741518853335
hill_climbing,rosenbrock,105,3600,25.30741518853335
hill_climbing,rosenbrock,105,3700,25.30741518853335
hill_climbing,rosenbrock,105,3800,25.30741518853335
hill_climbing,rosenbrock,105,3900,25.30741518853335
hill_climbing,rosenbrock,105,4000,25.30741518853335
hill_climbing,rosenbrock,105,4100,25.30741518853335
hill_climbing,rosenbrock,105,4200,25.30741518853335
hill_climbing,rosenbrock,105,4300,25.30741518853335
hill_climbing,rosenbrock,105,4400,25.30741518853335
hill_climbing,rosenbrock,105,4500,25.30741518853335
hill_climbing,rosenbrock,105,4600,25.30741518853335
hill_climbing,rosenbrock,105,4700,25.30741518853335
hill_climbing,rosenbrock,105,4800,25.30741518853335
hill_climbing,rosenbrock,105,4900,25.30741518853335
hill_climbing,rosenbrock,105,5000,25.30741518853335
hill_climbing,rosenbrock,105,5100,25.30741518853335
hill_climbing,rosenbrock,105,5200,25.30741518853335
hill_climbing,rosenbrock,105,5300,25.30741518853335
hill_climbing,rosenbrock,105,5400,25.30741518853335
hill_climbing,rosenbrock,105,5500,20.504922025841285
hill_climbing,rosenbrock,105,5600,20.504922025841285
hill_climbing,rosenbrock,105,5700,20.504922025841285
hill_climbing,rosenbrock,105,5800,20.504922025841285
hill_climbing,rosenbrock,105,5900,20.504922025841285
hill_climbing,rosenbrock,105,6000,20.504922025841285
hill_climbing,rosenbrock,105,6100,20.504922025841285
hill_climbing,rosenbrock,105,6200,20.504922025841285
hill_climbing,rosenbrock,105,6300,20.504922025841285
hill_climbing,rosenbrock,105,6400,20.504922025841285
hill_climbing,rosenbrock,105,6500,20.504922025841285
hill_climbing,rosenbrock,105,6600,20.504922025841285
hill_climbing,rosenbrock,105,6700,20.504922025841285
hill_climbing,rosenbrock,105,6800,20.504922025841285
hill_climbing,rosenbrock,105,6900,20.504922025841285
hill_climbing,rosenbrock,105,7000,20.504922025841285
hill_climbing,rosenbrock,105,7100,20.504922025841285
hill_climbing,rosenbrock,105,7200,20.504922025841285
hill_climbing,rosenbrock,105,7300,20.504922025841285
hill_climbing,rosenbrock,105,7400,20.504922025841285
hill_climbing,rosenbrock,105,7500,20.504922025841285
hill_climbing,rosenbrock,105,7600,20.504922025841285
hill_climbing,rosenbrock,105,7700,20.504922025841285
hill_climbing,rosenbrock,105,7800,20.504922025841285
hill_climbing,rosenbrock,105,7900,20.504922025841285
hill_climbing,rosenbrock,105,8000,20.504922025841285
hill_climbing,rosenbrock,105,8100,20.504922025841285
hill_climbing,rosenbrock,105,8200,20.504922025841285
hill_climbing,rosenbrock,105,8300,20.504922025841285
hill_climbing,rosenbrock,105,8400,20.504922025841285
hill_climbing,rosenbrock,105,8500,20.504922025841285
hill_climbing,rosenbrock,105,8600,20.504922025841285
hill_climbing,rosenbrock,105,8700,20.504922025841285
hill_climbing,rosenbrock,105,8800,20.504922025841285
hill_climbing,rosenbrock,105,8900,20.504922025841285
hill_climbing,rosenbrock,105,9000,20.504922025841285
hill_climbing,rosenbrock,105,9100,20.504922025841285
hill_climbing,rosenbrock,105,9200,20.504922025841285
hill_climbing,rosenbrock,105,9300,20.504922025841285
hill_climbing,rosenbrock,105,9400,20.504922025841285
hill_climbing,rosenbrock,105,9500,20.504922025841285
hill_climbing,rosenbrock,105,9600,20.504922025841285
hill_climbing,rosenbrock,105,9700,20.504922025841285
hill_climbing,rosenbrock,105,9800,20.504922025841285
hill_climbing,rosenbrock,105,9900,20.504922025841285
hill_climbing,rosenbrock,105,10000,20.504922025841285
hill_climbing,rosenbrock,105,10100,20.504922025841285
hill_climbing,rosenbrock,105,10200,20.504922025841285
hill_climbing,rosenbrock,105,10300,20.504922025841285
hill_climbing,rosenbrock,105,10400,20.504922025841285
hill_climbing,rosenbrock,105,10500,20.504922025841285
hill_climbing,rosenbrock,105,10600,20.504922025841285
hill_climbing,rosenbrock,105,10700,20.504922025841285
hill_climbing,rosenbrock,105,10800,20.504922025841285
hill_climbing,rosenbrock,105,10900,20.504922025841285
hill_climbing,rosenbrock,105,11000,20.504922025841285
hill_climbing,rosenbrock,105,11100,20.504922025841285
hill_climbing,rosenbrock,105,11200,20.504922025841285
hill_climbing,rosenbrock,105,11300,20.504922025841285
hill_climbing,rosenbrock,105,11400,20.504922025841285
hill_climbing,rosenbrock,105,11500,20.504922025841285
hill_climbing,rosenbrock,105,11600,20.504922025841285
hill_climbing,rosenbrock,105,11700,20.504922025841285
hill_climbing,rosenbrock,105,11800,20.504922025841285
hill_climbing,rosenbrock,105,11900,20.504922025841285
hill_climbing,rosenbrock,105,12000,20.504922025841285
hill_climbing,rosenbrock,105,12100,20.504922025841285
hill_climbing,rosenbrock,105,12200,20.504922025841285
hill_climbing,rosenbrock,105,12300,20.504922025841285
hill_climbing,rosenbrock,105,12400,20.504922025841285
hill_climbing,rosenbrock,105,12500,20.504922025841285
hill_climbing,rosenbrock,105,12600,20.504922025841285
hill_climbing,rosenbrock,105,12700,20.504922025841285
hill_climbing,rosenbrock,105,12800,20.504922025841285
hill_climbing,rosenbrock,105,12900,20.504922025841285
hill_climbing,rosenbrock,105,13000,20.504922025841285
hill_climbing,rosenbrock,105,13100,20.504922025841285
hill_climbing,rosenbrock,105,13200,20.504922025841285
hill_climbing,rosenbrock,105,13300,20.504922025841285
hill_climbing,rosenbrock,105,13400,20.504922025841285
hill_climbing,rosenbrock,105,13500,19.29044169792003
hill_climbing,rosenbrock,105,13600,19.29044169792003
hill_climbing,rosenbrock,105,13700,19.29044169792003
hill_climbing,rosenbrock,105,13800,19.29044169792003
hill_climbing,rosenbrock,105,13900,19.29044169792003
hill_climbing,rosenbrock,105,14000,19.29044169792003
hill_climbing,rosenbrock,105,14100,19.29044169792003
hill_climbing,rosenbrock,105,14200,19.29044169792003
hill_climbing,rosenbrock,105,14300,19.29044169792003
hill_climbing,rosenbrock,105,14400,19.29044169792003
hill_climbing,rosenbrock,105,14500,19.29044169792003
hill_climbing,rosenbrock,105,14600,19.29044169792003
hill_climbing,rosenbrock,105,14700,19.29044169792003
hill_climbing,rosenbrock,105,14800,19.29044169792003
hill_climbing,rosenbrock,105,14900,19.29044169792003
hill_climbing,rosenbrock,105,15000,19.29044169792003
hill_climbing,rosenbrock,105,15100,19.29044169792003
hill_climbing,rosenbrock,105,15200,19.29044169792003
hill_climbing,rosenbrock,105,15300,19.29044169792003
hill_climbing,rosenbrock,105,15400,19.29044169792003
hill_climbing,rosenbrock,105,15500,19.29044169792003
hill_climbing,rosenbrock,105,15600,19.29044169792003
hill_climbing,rosenbrock,105,15700,19.29044169792003
hill_climbing,rosenbrock,105,15800,19.29044169792003
hill_climbing,rosenbrock,105,15900,19.29044169792003
hill_climbing,rosenbrock,105,16000,19.29044169792003
hill_climbing,rosenbrock,105,16100,19.29044169792003
hill_climbing,rosenbrock,105,16200,19.29044169792003
hill_climbing,rosenbrock,105,16300,18.840348572184823
hill_climbing,rosenbrock,105,16400,18.840348572184823
hill_climbing,rosenbrock,105,16500,18.840348572184823
hill_climbing,rosenbrock,105,16600,18.840348572184823
hill_climbing,rosenbrock,105,16700,18.840348572184823
hill_climbing,rosenbrock,105,16800,18.840348572184823
hill_climbing,rosenbrock,105,16900,18.840348572184823
hill_climbing,rosenbrock,105,17000,18.840348572184823
hill_climbing,rosenbrock,105,17100,18.840348572184823
hill_climbing,rosenbrock,105,17200,18.840348572184823
hill_climbing,rosenbrock,105,17300,18.840348572184823
hill_climbing,rosenbrock,105,17400,18.840348572184823
hill_climbing,rosenbrock,105,17500,18.840348572184823
hill_climbing,rosenbrock,105,17600,18.840348572184823
hill_climbing,rosenbrock,105,17700,18.840348572184823
hill_climbing,rosenbrock,105,17800,18.840348572184823
hill_climbing,rosenbrock,105,17900,18.840348572184823
hill_climbing,rosenbrock,105,18000,18.840348572184823
hill_climbing,rosenbrock,105,18100,18.840348572184823
hill_climbing,rosenbrock,105,18200,18.840348572184823
hill_climbing,rosenbrock,105,18300,18.840348572184823
hill_climbing,rosenbrock,105,18400,18.840348572184823
hill_climbing,rosenbrock,105,18500,18.840348572184823
hill_climbing,rosenbrock,105,18600,18.840348572184823
hill_climbing,rosenbrock,105,18700,18.840348572184823
hill_climbing,rosenbrock,105,18800,18.840348572184823
hill_climbing,rosenbrock,105,18900,18.840348572184823
hill_climbing,rosenbrock,105,19000,18.840348572184823
hill_climbing,rosenbrock,105,19100,18.840348572184823
hill_climbing,rosenbrock,105,19200,18.840348572184823
hill_climbing,rosenbrock,105,19300,18.840348572184823
hill_climbing,rosenbrock,105,19400,18.840348572184823
hill_climbing,rosenbrock,105,19500,18.840348572184823
hill_climbing,rosenbrock,105,19600,18.840348572184823
hill_climbing,rosenbrock,105,19700,18.840348572184823
hill_climbing,rosenbrock,105,19800,18.840348572184823
hill_climbing,rosenbrock,105,19900,18.840348572184823
hill_climbing,rosenbrock,105,20000,18.840348572184823
hill_climbing,rosenbrock,106,100,31335.13230396045
hill_climbing,rosenbrock,106,200,1571.3584506845145
hill_climbing,rosenbrock,106,300,69.7503949991262
hill_climbing,rosenbrock,106,400,60.40825284780003
hill_climbing,rosenbrock,106,500,41.96281419098072
hill_climbing,rosenbrock,106,600,23.34520454672383
hill_climbing,rosenbrock,106,700,23.34520454672383
hill_climbing,rosenbrock,106,800,23.34520454672383
hill_climbing,rosenbrock,106,900,23.34520454672383
hill_climbing,rosenbrock,106,1000,23.34520454672383
hill_climbing,rosenbrock,106,1100,23.34520454672383
hill_climbing,rosenbrock,106,1200,23.34520454672383
hill_climbing,rosenbrock,106,1300,23.34520454672383
hill_climbing,rosenbrock,106,1400,23.34520454672383
hill_climbing,rosenbrock,106,1500,23.34520454672383
hill_climbing,rosenbrock,106,1600,23.34520454672383
hill_climbing,rosenbrock,106,1700,23.34520454672383
hill_climbing,rosenbrock,106,1800,23.34520454672383
hill_climbing,rosenbrock,106,1900,23.34520454672383
hill_climbing,rosenbrock,106,2000,23.34520454672383
hill_climbing,rosenbrock,106,2100,23.34520454672383
hill_climbing,rosenbrock,106,2200,23.34520454672383
hill_climbing,rosenbrock,106,2300,23.34520454672383
hill_climbing,rosenbrock,106,2400,23.34520454672383
hill_climbing,rosenbrock,106,2500,23.34520454672383
hill_climbing,rosenbrock,106,2600,23.34520454672383
hill_climbing,rosenbrock,106,2700,23.34520454672383
hill_climbing,rosenbrock,106,2800,23.34520454672383
hill_climbing,rosenbrock,106,2900,23.34520454672383
hill_climbing,rosenbrock,106,3000,23.34520454672383
hill_climbing,rosenbrock,106,3100,23.34520454672383
hill_climbing,rosenbrock,106,3200,23.34520454672383
hill_climbing,rosenbrock,106,3300,23.34520454672383
hill_climbing,rosenbrock,106,3400,23.34520454672383
hill_climbing,rosenbrock,106,3500,23.34520454672383
hill_climbing,rosenbrock,106,3600,23.34520454672383
hill_climbing,rosenbrock,106,3700,23.34520454672383
hill_climbing,rosenbrock,106,3800,23.34520454672383
hill_climbing,rosenbrock,106,3900,23.34520454672383
hill_climbing,rosenbrock,106,4000,23.34520454672383
hill_climbing,rosenbrock,106,4100,23.34520454672383
hill_climbing,rosenbrock,106,4200,18.935236419988634
hill_climbing,rosenbrock,106,4300,18.935236419988634
hill_climbing,rosenbrock,106,4400,18.935236419988634
hill_climbing,rosenbrock,106,4500,18.935236419988634
hill_climbing,rosenbrock,106,4600,18.935236419988634
hill_climbing,rosenbrock,106,4700,18.935236419988634
hill_climbing,rosenbrock,106,4800,18.935236419988634
hill_climbing,rosenbrock,106,4900,18.935236419988634
hill_climbing,rosenbrock,106,5000,18.935236419988634
hill_climbing,rosenbrock,106,5100,18.935236419988634
hill_climbing,rosenbrock,106,5200,18.935236419988634
hill_climbing,rosenbrock,106,5300,18.935236419988634
hill_climbing,rosenbrock,106,5400,18.935236419988634
hill_climbing,rosenbrock,106,5500,18.935236419988634
hill_climbing,rosenbrock,106,5600,18.935236419988634
hill_climbing,rosenbrock,106,5700,18.935236419988634
hill_climbing,rosenbrock,106,5800,18.935236419988634
hill_climbing,rosenbrock,106,5900,16.399385405474113
hill_climbing,rosenbrock,106,6000,16.399385405474113
hill_climbing,rosenbrock,106,6100,16.399385405474113
hill_climbing,rosenbrock,106,6200,16.399385405474113
hill_climbing,rosenbrock,106,6300,16.399385405474113
hill_climbing,rosenbrock,106,6400,16.399385405474113
hill_climbing,rosenbrock,106,6500,16.399385405474113
hill_climbing,rosenbrock,106,6600,16.399385405474113
hill_climbing,rosenbrock,106,6700,16.399385405474113
hill_climbing,rosenbrock,106,6800,16.399385405474113
hill_climbing,rosenbrock,106,6900,16.399385405474113
hill_climbing,rosenbrock,106,7000,16.399385405474113
hill_climbing,rosenbrock,106,7100,16.399385405474113
hill_climbing,rosenbrock,106,7200,16.399385405474113
hill_climbing,rosenbrock,106,7300,16.399385405474113
hill_climbing,rosenbrock,106,7400,16.399385405474113
hill_climbing,rosenbrock,106,7500,16.399385405474113
hill_climbing,rosenbrock,106,7600,16.399385405474113
hill_climbing,rosenbrock,106,7700,16.399385405474113
hill_climbing,rosenbrock,106,7800,16.399385405474113
hill_climbing,rosenbrock,106,7900,16.399385405474113
hill_climbing,rosenbrock,106,8000,16.399385405474113
hill_climbing,rosenbrock,106,8100,16.399385405474113
hill_climbing,rosenbrock,106,8200,16.399385405474113
hill_climbing,rosenbrock,106,8300,16.399385405474113
hill_climbing,rosenbrock,106,8400,16.399385405474113
hill_climbing,rosenbrock,106,8500,16.399385405474113
hill_climbing,rosenbrock,106,8600,16.399385405474113
hill_climbing,rosenbrock,106,8700,16.399385405474113
hill_climbing,rosenbrock,106,8800,16.399385405474113
hill_climbing,rosenbrock,106,8900,16.399385405474113
hill_climbing,rosenbrock,106,9000,16.399385405474113
hill_climbing,rosenbrock,106,9100,16.399385405474113
hill_climbing,rosenbrock,106,9200,16.399385405474113
hill_climbing,rosenbrock,106,9300,16.399385405474113
hill_climbing,rosenbrock,106,9400,16.399385405474113
hill_climbing,rosenbrock,106,9500,16.399385405474113
hill_climbing,rosenbrock,106,9600,16.399385405474113
hill_climbing,rosenbrock,106,9700,16.399385405474113
hill_climbing,rosenbrock,106,9800,16.399385405474113
hill_climbing,rosenbrock,106,9900,16.399385405474113
hill_climbing,rosenbrock,106,10000,16.399385405474113
hill_climbing,rosenbrock,106,10100,16.399385405474113
hill_climbing,rosenbrock,106,10200,16.399385405474113
hill_climbing,rosenbrock,106,10300,16.399385405474113
hill_climbing,rosenbrock,106,10400,16.399385405474113
hill_climbing,rosenbrock,106,10500,16.399385405474113
hill_climbing,rosenbrock,106,10600,16.399385405474113
hill_climbing,rosenbrock,106,10700,16.399385405474113
hill_climbing,rosenbrock,106,10800,16.399385405474113
hill_climbing,rosenbrock,106,10900,16.399385405474113
hill_climbing,rosenbrock,106,11000,16.399385405474113
hill_climbing,rosenbrock,106,11100,16.399385405474113
hill_climbing,rosenbrock,106,11200,16.399385405474113
hill_climbing,rosenbrock,106,11300,16.399385405474113
hill_climbing,rosenbrock,106,11400,16.399385405474113
hill_climbing,rosenbrock,106,11500,16.399385405474113
hill_climbing,rosenbrock,106,11600,16.399385405474113
hill_climbing,rosenbrock,106,11700,16.399385405474113
hill_climbing,rosenbrock,106,11800,16.399385405474113
hill_climbing,rosenbrock,106,11900,16.399385405474113
hill_climbing,rosenbrock,106,12000,16.399385405474113
hill_climbing,rosenbrock,106,12100,16.399385405474113
hill_climbing,rosenbrock,106,12200,16.399385405474113
hill_climbing,rosenbrock,106,12300,16.399385405474113
hill_climbing,rosenbrock,106,12400,16.399385405474113
hill_climbing,rosenbrock,106,12500,16.399385405474113
hill_climbing,rosenbrock,106,12600,16.399385405474113
hill_climbing,rosenbrock,106,12700,16.399385405474113
hill_climbing,rosenbrock,106,12800,16.399385405474113
hill_climbing,rosenbrock,106,12900,16.399385405474113
hill_climbing,rosenbrock,106,13000,16.399385405474113
hill_climbing,rosenbrock,106,13100,16.399385405474113
hill_climbing,rosenbrock,106,13200,16.399385405474113
hill_climbing,rosenbrock,106,13300,16.399385405474113
hill_climbing,rosenbrock,106,13400,16.399385405474113
hill_climbing,rosenbrock,106,13500,16.399385405474113
hill_climbing,rosenbrock,106,13600,16.399385405474113
hill_climbing,rosenbrock,106,13700,16.399385405474113
hill_climbing,rosenbrock,106,13800,16.399385405474113
hill_climbing,rosenbrock,106,13900,16.399385405474113
hill_climbing,rosenbrock,106,14000,16.399385405474113
hill_climbing,rosenbrock,106,14100,16.399385405474113
hill_climbing,rosenbrock,106,14200,16.399385405474113
hill_climbing,rosenbrock,106,14300,16.399385405474113
hill_climbing,rosenbrock,106,14400,16.399385405474113
hill_climbing,rosenbrock,106,14500,16.399385405474113
hill_climbing,rosenbrock,106,14600,16.399385405474113
hill_climbing,rosenbrock,106,14700,16.399385405474113
hill_climbing,rosenbrock,106,14800,16.399385405474113
hill_climbing,rosenbrock,106,14900,16.399385405474113
hill_climbing,rosenbrock,106,15000,16.399385405474113
hill_climbing,rosenbrock,106,15100,16.399385405474113
hill_climbing,rosenbrock,106,15200,16.399385405474113
hill_climbing,rosenbrock,106,15300,16.399385405474113
hill_climbing,rosenbrock,106,15400,16.399385405474113
hill_climbing,rosenbrock,106,15500,16.399385405474113
hill_climbing,rosenbrock,106,15600,16.399385405474113
hill_climbing,rosenbrock,106,15700,16.399385405474113
hill_climbing,rosenbrock,106,15800,16.399385405474113
hill_climbing,rosenbrock,106,15900,16.399385405474113
hill_climbing,rosenbrock,106,16000,16.399385405474113
hill_climbing,rosenbrock,106,16100,16.399385405474113
hill_climbing,rosenbrock,106,16200,16.399385405474113
hill_climbing,rosenbrock,106,16300,16.399385405474113
hill_climbing,rosenbrock,106,16400,16.399385405474113
hill_climbing,rosenbrock,106,16500,16.399385405474113
hill_climbing,rosenbrock,106,16600,16.399385405474113
hill_climbing,rosenbrock,106,16700,16.399385405474113
hill_climbing,rosenbrock,106,16800,16.399385405474113
hill_climbing,rosenbrock,106,16900,16.399385405474113
hill_climbing,rosenbrock,106,17000,16.399385405474113
hill_climbing,rosenbrock,106,17100,16.399385405474113
hill_climbing,rosenbrock,106,17200,16.399385405474113
hill_climbing,rosenbrock,106,17300,16.399385405474113
hill_climbing,rosenbrock,106,17400,16.399385405474113
hill_climbing,rosenbrock,106,17500,16.399385405474113
hill_climbing,rosenbrock,106,17600,16.399385405474113
hill_climbing,rosenbrock,106,17700,16.399385405474113
hill_climbing,rosenbrock,106,17800,16.399385405474113
hill_climbing,rosenbrock,106,17900,16.399385405474113
hill_climbing,rosenbrock,106,18000,16.399385405474113
hill_climbing,rosenbrock,106,18100,16.399385405474113
hill_climbing,rosenbrock,106,18200,16.399385405474113
hill_climbing,rosenbrock,106,18300,16.399385405474113
hill_climbing,rosenbrock,106,18400,16.399385405474113
hill_climbing,rosenbrock,106,18500,16.399385405474113
hill_climbing,rosenbrock,106,18600,16.399385405474113
hill_climbing,rosenbrock,106,18700,16.399385405474113
hill_climbing,rosenbrock,106,18800,16.399385405474113
hill_climbing,rosenbrock,106,18900,16.399385405474113
hill_climbing,rosenbrock,106,19000,16.399385405474113
hill_climbing,rosenbrock,106,19100,16.399385405474113
hill_climbing,rosenbrock,106,19200,16.399385405474113
hill_climbing,rosenbrock,106,19300,16.399385405474113
hill_climbing,rosenbrock,106,19400,16.399385405474113
hill_climbing,rosenbrock,106,19500,16.399385405474113
hill_climbing,rosenbrock,106,19600,16.399385405474113
hill_climbing,rosenbrock,106,19700,16.399385405474113
hill_climbing,rosenbrock,106,19800,16.399385405474113
hill_climbing,rosenbrock,106,19900,16.399385405474113
hill_climbing,rosenbrock,106,20000,16.399385405474113
hill_climbing,rosenbrock,107,100,82158.13911283901
hill_climbing,rosenbrock,107,200,1549.5422320507637
hill_climbing,rosenbrock,107,300,772.694544389326
hill_climbing,rosenbrock,107,400,610.4584867557498
hill_climbing,rosenbrock,107,500,610.4584867557498
hill_climbing,rosenbrock,107,600,610.4584867557498
hill_climbing,rosenbrock,107,700,526.1201737472642
hill_climbing,rosenbrock,107,800,526.1201737472642
hill_climbing,rosenbrock,107,900,446.4102563176052
hill_climbing,rosenbrock,107,1000,334.26282073177
hill_climbing,rosenbrock,107,1100,101.67851527341527
hill_climbing,rosenbrock,107,1200,62.03010387294262
hill_climbing,rosenbrock,107,1300,62.03010387294262
hill_climbing,rosenbrock,107,1400,37.548642777661655
hill_climbing,rosenbrock,107,1500,37.548642777661655
hill_climbing,rosenbrock,107,1600,37.548642777661655
hill_climbing,rosenbrock,107,1700,37.548642777661655
hill_climbing,rosenbrock,107,1800,37.548642777661655
hill_climbing,rosenbrock,107,1900,37.548642777661655
hill_climbing,rosenbrock,107,2000,37.548642777661655
hill_climbing,rosenbrock,107,2100,37.548642777661655
hill_climbing,rosenbrock,107,2200,37.548642777661655
hill_climbing,rosenbrock,107,2300,37.548642777661655
hill_climbing,rosenbrock,107,2400,13.157178850539394
hill_climbing,rosenbrock,107,2500,13.157178850539394
hill_climbing,rosenbrock,107,2600,13.157178850539394
hill_climbing,rosenbrock,107,2700,13.157178850539394
hill_climbing,rosenbrock,107,2800,13.157178850539394
hill_climbing,rosenbrock,107,2900,13.157178850539394
hill_climbing,rosenbrock,107,3000,13.157178850539394
hill_climbing,rosenbrock,107,3100,13.157178850539394
hill_climbing,rosenbrock,107,3200,13.157178850539394
hill_climbing,rosenbrock,107,3300,13.157178850539394
hill_climbing,rosenbrock,107,3400,13.157178850539394
hill_climbing,rosenbrock,107,3500,13.157178850539394
hill_climbing,rosenbrock,107,3600,13.157178850539394
hill_climbing,rosenbrock,107,3700,13.157178850539394
hill_climbing,rosenbrock,107,3800,13.157178850539394
hill_climbing,rosenbrock,107,3900,13.157178850539394
hill_climbing,rosenbrock,107,4000,13.157178850539394
hill_climbing,rosenbrock,107,4100,13.157178850539394
hill_climbing,rosenbrock,107,4200,13.157178850539394
hill_climbing,rosenbrock,107,4300,13.157178850539394
hill_climbing,rosenbrock,107,4400,13.157178850539394
hill_climbing,rosenbrock,107,4500,13.157178850539394
hill_climbing,rosenbrock,107,4600,13.157178850539394
hill_climbing,rosenbrock,107,4700,13.157178850539394
hill_climbing,rosenbrock,107,4800,13.157178850539394
hill_climbing,rosenbrock,107,4900,13.157178850539394
hill_climbing,rosenbrock,107,5000,13.157178850539394
hill_climbing,rosenbrock,107,5100,13.157178850539394
hill_climbing,rosenbrock,107,5200,13.157178850539394
hill_climbing,rosenbrock,107,5300,13.157178850539394
hill_climbing,rosenbrock,107,5400,13.157178850539394
hill_climbing,rosenbrock,107,5500,13.157178850539394
hill_climbing,rosenbrock,107,5600,13.157178850539394
hill_climbing,rosenbrock,107,5700,13.157178850539394
hill_climbing,rosenbrock,107,5800,13.157178850539394
hill_climbing,rosenbrock,107,5900,13.157178850539394
hill_climbing,rosenbrock,107,6000,13.157178850539394
hill_climbing,rosenbrock,107,6100,13.157178850539394
hill_climbing,rosenbrock,107,6200,13.157178850539394
hill_climbing,rosenbrock,107,6300,13.157178850539394
hill_climbing,rosenbrock,107,6400,13.157178850539394
hill_climbing,rosenbrock,107,6500,13.157178850539394
hill_climbing,rosenbrock,107,6600,13.157178850539394
hill_climbing,rosenbrock,107,6700,13.157178850539394
hill_climbing,rosenbrock,107,6800,13.157178850539394
hill_climbing,rosenbrock,107,6900,13.157178850539394
hill_climbing,rosenbrock,107,7000,13.157178850539394
hill_climbing,rosenbrock,107,7100,13.157178850539394
hill_climbing,rosenbrock,107,7200,13.157178850539394
hill_climbing,rosenbrock,107,7300,13.157178850539394
hill_climbing,rosenbrock,107,7400,13.157178850539394
hill_climbing,rosenbrock,107,7500,13.157178850539394
hill_climbing,rosenbrock,107,7600,13.157178850539394
hill_climbing,rosenbrock,107,7700,13.157178850539394
hill_climbing,rosenbrock,107,7800,13.157178850539394
hill_climbing,rosenbrock,107,7900,13.157178850539394
hill_climbing,rosenbrock,107,8000,13.157178850539394
hill_climbing,rosenbrock,107,8100,13.157178850539394
hill_climbing,rosenbrock,107,8200,13.157178850539394
hill_climbing,rosenbrock,107,8300,13.157178850539394
hill_climbing,rosenbrock,107,8400,13.157178850539394
hill_climbing,rosenbrock,107,8500,13.157178850539394
hill_climbing,rosenbrock,107,8600,13.157178850539394
hill_climbing,rosenbrock,107,8700,13.157178850539394
hill_climbing,rosenbrock,107,8800,13.157178850539394
hill_climbing,rosenbrock,107,8900,13.157178850539394
hill_climbing,rosenbrock,107,9000,13.157178850539394
hill_climbing,rosenbrock,107,9100,13.157178850539394
hill_climbing,rosenbrock,107,9200,13.157178850539394
hill_climbing,rosenbrock,107,9300,13.157178850539394
hill_climbing,rosenbrock,107,9400,13.157178850539394
hill_climbing,rosenbrock,107,9500,13.157178850539394
hill_climbing,rosenbrock,107,9600,13.157178850539394
hill_climbing,rosenbrock,107,9700,13.157178850539394
hill_climbing,rosenbrock,107,9800,13.157178850539394
hill_climbing,rosenbrock,107,9900,13.157178850539394
hill_climbing,rosenbrock,107,10000,13.157178850539394
hill_climbing,rosenbrock,107,10100,13.157178850539394
hill_climbing,rosenbrock,107,10200,13.157178850539394
hill_climbing,rosenbrock,107,10300,13.157178850539394
hill_climbing,rosenbrock,107,10400,13.157178850539394
hill_climbing,rosenbrock,107,10500,13.157178850539394
hill_climbing,rosenbrock,107,10600,13.157178850539394
hill_climbing,rosenbrock,107,10700,13.157178850539394
hill_climbing,rosenbrock,107,10800,13.157178850539394
hill_climbing,rosenbrock,107,10900,13.157178850539394
hill_climbing,rosenbrock,107,11000,13.157178850539394
hill_climbing,rosenbrock,107,11100,13.157178850539394
hill_climbing,rosenbrock,107,11200,13.157178850539394
hill_climbing,rosenbrock,107,11300,13.157178850539394
hill_climbing,rosenbrock,107,11400,13.157178850539394
hill_climbing,rosenbrock,107,11500,13.157178850539394
hill_climbing,rosenbrock,107,11600,13.157178850539394
hill_climbing,rosenbrock,107,11700,13.157178850539394
hill_climbing,rosenbrock,107,11800,13.157178850539394
hill_climbing,rosenbrock,107,11900,13.157178850539394
hill_climbing,rosenbrock,107,12000,13.157178850539394
hill_climbing,rosenbrock,107,12100,13.157178850539394
hill_climbing,rosenbrock,107,12200,13.157178850539394
hill_climbing,rosenbrock,107,12300,13.157178850539394
hill_climbing,rosenbrock,107,12400,13.157178850539394
hill_climbing,rosenbrock,107,12500,13.157178850539394
hill_climbing,rosenbrock,107,12600,13.157178850539394
hill_climbing,rosenbrock,107,12700,13.157178850539394
hill_climbing,rosenbrock,107,12800,13.157178850539394
hill_climbing,rosenbrock,107,12900,13.157178850539394
hill_climbing,rosenbrock,107,13000,13.157178850539394
hill_climbing,rosenbrock,107,13100,13.157178850539394
hill_climbing,rosenbrock,107,13200,13.157178850539394
hill_climbing,rosenbrock,107,13300,13.157178850539394
hill_climbing,rosenbrock,107,13400,13.157178850539394
hill_climbing,rosenbrock,107,13500,13.157178850539394
hill_climbing,rosenbrock,107,13600,13.157178850539394
hill_climbing,rosenbrock,107,13700,13.157178850539394
hill_climbing,rosenbrock,107,13800,13.157178850539394
hill_climbing,rosenbrock,107,13900,13.157178850539394
hill_climbing,rosenbrock,107,14000,13.157178850539394
hill_climbing,rosenbrock,107,14100,13.157178850539394
hill_climbing,rosenbrock,107,14200,13.157178850539394
hill_climbing,rosenbrock,107,14300,13.157178850539394
hill_climbing,rosenbrock,107,14400,13.157178850539394
hill_climbing,rosenbrock,107,14500,13.157178850539394
hill_climbing,rosenbrock,107,14600,13.157178850539394
hill_climbing,rosenbrock,107,14700,13.157178850539394
hill_climbing,rosenbrock,107,14800,13.157178850539394
hill_climbing,rosenbrock,107,14900,13.157178850539394
hill_climbing,rosenbrock,107,15000,13.157178850539394
hill_climbing,rosenbrock,107,15100,13.157178850539394
hill_climbing,rosenbrock,107,15200,13.157178850539394
hill_climbing,rosenbrock,107,15300,13.157178850539394
hill_climbing,rosenbrock,107,15400,13.157178850539394
hill_climbing,rosenbrock,107,15500,13.157178850539394
hill_climbing,rosenbrock,107,15600,13.157178850539394
hill_climbing,rosenbrock,107,15700,13.157178850539394
hill_climbing,rosenbrock,107,15800,13.157178850539394
hill_climbing,rosenbrock,107,15900,13.157178850539394
hill_climbing,rosenbrock,107,16000,13.157178850539394
hill_climbing,rosenbrock,107,16100,13.157178850539394
hill_climbing,rosenbrock,107,16200,13.157178850539394
hill_climbing,rosenbrock,107,16300,13.157178850539394
hill_climbing,rosenbrock,107,16400,13.157178850539394
hill_climbing,rosenbrock,107,16500,13.157178850539394
hill_climbing,rosenbrock,107,16600,13.157178850539394
hill_climbing,rosenbrock,107,16700,13.157178850539394
hill_climbing,rosenbrock,107,16800,13.157178850539394
hill_climbing,rosenbrock,107,16900,13.157178850539394
hill_climbing,rosenbrock,107,17000,13.157178850539394
hill_climbing,rosenbrock,107,17100,13.157178850539394
hill_climbing,rosenbrock,107,17200,13.157178850539394
hill_climbing,rosenbrock,107,17300,13.157178850539394
hill_climbing,rosenbrock,107,17400,13.157178850539394
hill_climbing,rosenbrock,107,17500,13.157178850539394
hill_climbing,rosenbrock,107,17600,13.157178850539394
hill_climbing,rosenbrock,107,17700,13.157178850539394
hill_climbing,rosenbrock,107,17800,13.157178850539394
hill_climbing,rosenbrock,107,17900,13.157178850539394
hill_climbing,rosenbrock,107,18000,13.157178850539394
hill_climbing,rosenbrock,107,18100,13.157178850539394
hill_climbing,rosenbrock,107,18200,13.157178850539394
hill_climbing,rosenbrock,107,18300,13.157178850539394
hill_climbing,rosenbrock,107,18400,13.157178850539394
hill_climbing,rosenbrock,107,18500,13.157178850539394
hill_climbing,rosenbrock,107,18600,13.157178850539394
hill_climbing,rosenbrock,107,18700,13.157178850539394
hill_climbing,rosenbrock,107,18800,13.157178850539394
hill_climbing,rosenbrock,107,18900,13.157178850539394
hill_climbing,rosenbrock,107,19000,13.157178850539394
hill_climbing,rosenbrock,107,19100,13.157178850539394
hill_climbing,rosenbrock,107,19200,13.157178850539394
hill_climbing,rosenbrock,107,19300,13.157178850539394
hill_climbing,rosenbrock,107,19400,13.157178850539394
hill_climbing,rosenbrock,107,19500,13.157178850539394
hill_climbing,rosenbrock,107,19600,13.157178850539394
hill_climbing,rosenbrock,107,19700,13.157178850539394
hill_climbing,rosenbrock,107,19800,13.157178850539394
hill_climbing,rosenbrock,107,19900,13.157178850539394
hill_climbing,rosenbrock,107,20000,13.157178850539394
hill_climbing,rosenbrock,108,100,423.0985346823084
hill_climbing,rosenbrock,108,200,136.79086053377557
hill_climbing,rosenbrock,108,300,136.03335304376228
hill_climbing,rosenbrock,108,400,98.30156731453559
hill_climbing,rosenbrock,108,500,98.30156731453559
hill_climbing,rosenbrock,108,600,98.30156731453559
hill_climbing,rosenbrock,108,700,96.38229163699921
hill_climbing,rosenbrock,108,800,95.32370329003606
hill_climbing,rosenbrock,108,900,83.92829044424218
hill_climbing,rosenbrock,108,1000,83.92829044424218
hill_climbing,rosenbrock,108,1100,82.83019969051333
hill_climbing,rosenbrock,108,1200,82.83019969051333
hill_climbing,rosenbrock,108,1300,82.83019969051333
hill_climbing,rosenbrock,108,1400,82.83019969051333
hill_climbing,rosenbrock,108,1500,82.83019969051333
hill_climbing,rosenbrock,108,1600,82.83019969051333
hill_climbing,rosenbrock,108,1700,82.83019969051333
hill_climbing,rosenbrock,108,1800,82.83019969051333
hill_climbing,rosenbrock,108,1900,82.83019969051333
hill_climbing,rosenbrock,108,2000,82.83019969051333
hill_climbing,rosenbrock,108,2100,82.83019969051333
hill_climbing,rosenbrock,108,2200,82.83019969051333
hill_climbing,rosenbrock,108,2300,82.83019969051333
hill_climbing,rosenbrock,108,2400,82.83019969051333
hill_climbing,rosenbrock,108,2500,82.83019969051333
hill_climbing,rosenbrock,108,2600,82.83019969051333
hill_climbing,rosenbrock,108,2700,82.83019969051333
hill_climbing,rosenbrock,108,2800,82.83019969051333
hill_climbing,rosenbrock,108,2900,82.83019969051333
hill_climbing,rosenbrock,108,3000,82.83019969051333
hill_climbing,rosenbrock,108,3100,82.83019969051333
hill_climbing,rosenbrock,108,3200,82.83019969051333
hill_climbing,rosenbrock,108,3300,82.83019969051333
hill_climbing,rosenbrock,108,3400,82.83019969051333
hill_climbing,rosenbrock,108,3500,82.83019969051333
hill_climbing,rosenbrock,108,3600,82.83019969051333
hill_climbing,rosenbrock,108,3700,82.83019969051333
hill_climbing,rosenbrock,108,3800,82.83019969051333
hill_climbing,rosenbrock,108,3900,82.83019969051333
hill_climbing,rosenbrock,108,4000,82.83019969051333
hill_climbing,rosenbrock,108,4100,82.83019969051333
hill_climbing,rosenbrock,108,4200,82.83019969051333
hill_climbing,rosenbrock,108,4300,82.83019969051333
hill_climbing,rosenbrock,108,4400,82.83019969051333
hill_climbing,rosenbrock,108,4500,82.83019969051333
hill_climbing,rosenbrock,108,4600,82.83019969051333
hill_climbing,rosenbrock,108,4700,82.83019969051333
hill_climbing,rosenbrock,108,4800,82.83019969051333
hill_climbing,rosenbrock,108,4900,82.83019969051333
hill_climbing,rosenbrock,108,5000,82.83019969051333
hill_climbing,rosenbrock,108,5100,82.83019969051333
hill_climbing,rosenbrock,108,5200,82.83019969051333
hill_climbing,rosenbrock,108,5300,82.83019969051333
hill_climbing,rosenbrock,108,5400,82.83019969051333
hill_climbing,rosenbrock,108,5500,82.83019969051333
hill_climbing,rosenbrock,108,5600,82.83019969051333
hill_climbing,rosenbrock,108,5700,82.83019969051333
hill_climbing,rosenbrock,108,5800,82.83019969051333
hill_climbing,rosenbrock,108,5900,82.83019969051333
hill_climbing,rosenbrock,108,6000,82.83019969051333
hill_climbing,rosenbrock,108,6100,82.83019969051333
hill_climbing,rosenbrock,108,6200,82.83019969051333
hill_climbing,rosenbrock,108,6300,82.83019969051333
hill_climbing,rosenbrock,108,6400,82.83019969051333
hill_climbing,rosenbrock,108,6500,82.83019969051333
hill_climbing,rosenbrock,108,6600,33.58421509368454
hill_climbing,rosenbrock,108,6700,33.58421509368454
hill_climbing,rosenbrock,108,6800,30.072818350745372
hill_climbing,rosenbrock,108,6900,30.072818350745372
hill_climbing,rosenbrock,108,7000,30.072818350745372
hill_climbing,rosenbrock,108,7100,30.072818350745372
hill_climbing,rosenbrock,108,7200,22.060401018701924
hill_climbing,rosenbrock,108,7300,21.289642101448635
hill_climbing,rosenbrock,108,7400,21.073346726997592
hill_climbing,rosenbrock,108,7500,21.073346726997592
hill_climbing,rosenbrock,108,7600,21.073346726997592
hill_climbing,rosenbrock,108,7700,21.073346726997592
hill_climbing,rosenbrock,108,7800,21.073346726997592
hill_climbing,rosenbrock,108,7900,21.073346726997592
hill_climbing,rosenbrock,108,8000,21.073346726997592
hill_climbing,rosenbrock,108,8100,21.073346726997592
hill_climbing,rosenbrock,108,8200,21.073346726997592
hill_climbing,rosenbrock,108,8300,21.073346726997592
hill_climbing,rosenbrock,108,8400,21.073346726997592
hill_climbing,rosenbrock,108,8500,21.073346726997592
hill_climbing,rosenbrock,108,8600,21.073346726997592
hill_climbing,rosenbrock,108,8700,21.073346726997592
hill_climbing,rosenbrock,108,8800,21.073346726997592
hill_climbing,rosenbrock,108,8900,21.073346726997592
hill_climbing,rosenbrock,108,9000,21.073346726997592
hill_climbing,rosenbrock,108,9100,21.073346726997592
hill_climbing,rosenbrock,108,9200,21.073346726997592
hill_climbing,rosenbrock,108,9300,21.073346726997592
hill_climbing,rosenbrock,108,9400,21.073346726997592
hill_climbing,rosenbrock,108,9500,21.073346726997592
hill_climbing,rosenbrock,108,9600,21.073346726997592
hill_climbing,rosenbrock,108,9700,21.073346726997592
hill_climbing,rosenbrock,108,9800,21.073346726997592
hill_climbing,rosenbrock,108,9900,21.073346726997592
hill_climbing,rosenbrock,108,10000,21.073346726997592
hill_climbing,rosenbrock,108,10100,21.073346726997592
hill_climbing,rosenbrock,108,10200,21.073346726997592
hill_climbing,rosenbrock,108,10300,21.073346726997592
hill_climbing,rosenbrock,108,10400,21.073346726997592
hill_climbing,rosenbrock,108,10500,21.073346726997592
hill_climbing,rosenbrock,108,10600,21.073346726997592
hill_climbing,rosenbrock,108,10700,21.073346726997592
hill_climbing,rosenbrock,108,10800,21.073346726997592
hill_climbing,rosenbrock,108,10900,21.073346726997592
hill_climbing,rosenbrock,108,11000,21.073346726997592
hill_climbing,rosenbrock,108,11100,21.073346726997592
hill_climbing,rosenbrock,108,11200,21.073346726997592
hill_climbing,rosenbrock,108,11300,21.073346726997592
hill_climbing,rosenbrock,108,11400,21.073346726997592
hill_climbing,rosenbrock,108,11500,21.073346726997592
hill_climbing,rosenbrock,108,11600,21.073346726997592
hill_climbing,rosenbrock,108,11700,21.073346726997592
hill_climbing,rosenbrock,108,11800,21.073346726997592
hill_climbing,rosenbrock,108,11900,21.073346726997592
hill_climbing,rosenbrock,108,12000,21.073346726997592
hill_climbing,rosenbrock,108,12100,21.073346726997592
hill_climbing,rosenbrock,108,12200,21.073346726997592
hill_climbing,rosenbrock,108,12300,21.073346726997592
hill_climbing,rosenbrock,108,12400,21.073346726997592
hill_climbing,rosenbrock,108,12500,21.073346726997592
hill_climbing,rosenbrock,108,12600,21.073346726997592
hill_climbing,rosenbrock,108,12700,21.073346726997592
hill_climbing,rosenbrock,108,12800,21.073346726997592
hill_climbing,rosenbrock,108,12900,21.073346726997592
hill_climbing,rosenbrock,108,13000,21.073346726997592
hill_climbing,rosenbrock,108,13100,21.073346726997592
hill_climbing,rosenbrock,108,13200,21.073346726997592
hill_climbing,rosenbrock,108,13300,21.073346726997592
hill_climbing,rosenbrock,108,13400,21.073346726997592
hill_climbing,rosenbrock,108,13500,21.073346726997592
hill_climbing,rosenbrock,108,13600,21.073346726997592
hill_climbing,rosenbrock,108,13700,21.073346726997592
hill_climbing,rosenbrock,108,13800,21.073346726997592
hill_climbing,rosenbrock,108,13900,21.073346726997592
hill_climbing,rosenbrock,108,14000,21.073346726997592
hill_climbing,rosenbrock,108,14100,21.073346726997592
hill_climbing,rosenbrock,108,14200,21.073346726997592
hill_climbing,rosenbrock,108,14300,21.073346726997592
hill_climbing,rosenbrock,108,14400,21.073346726997592
hill_climbing,rosenbrock,108,14500,21.073346726997592
hill_climbing,rosenbrock,108,14600,21.073346726997592
hill_climbing,rosenbrock,108,14700,21.073346726997592
hill_climbing,rosenbrock,108,14800,21.073346726997592
hill_climbing,rosenbrock,108,14900,21.073346726997592
hill_climbing,rosenbrock,108,15000,21.073346726997592
hill_climbing,rosenbrock,108,15100,21.073346726997592
hill_climbing,rosenbrock,108,15200,21.073346726997592
hill_climbing,rosenbrock,108,15300,21.073346726997592
hill_climbing,rosenbrock,108,15400,21.073346726997592
hill_climbing,rosenbrock,108,15500,21.073346726997592
hill_climbing,rosenbrock,108,15600,21.073346726997592
hill_climbing,rosenbrock,108,15700,20.364917264135144
hill_climbing,rosenbrock,108,15800,20.364917264135144
hill_climbing,rosenbrock,108,15900,20.364917264135144
hill_climbing,rosenbrock,108,16000,20.364917264135144
hill_climbing,rosenbrock,108,16100,20.364917264135144
hill_climbing,rosenbrock,108,16200,20.364917264135144
hill_climbing,rosenbrock,108,16300,20.364917264135144
hill_climbing,rosenbrock,108,16400,20.364917264135144
hill_climbing,rosenbrock,108,16500,20.364917264135144
hill_climbing,rosenbrock,108,16600,20.364917264135144
hill_climbing,rosenbrock,108,16700,20.364917264135144
hill_climbing,rosenbrock,108,16800,20.364917264135144
hill_climbing,rosenbrock,108,16900,20.364917264135144
hill_climbing,rosenbrock,108,17000,20.364917264135144
hill_climbing,rosenbrock,108,17100,20.364917264135144
hill_climbing,rosenbrock,108,17200,20.364917264135144
hill_climbing,rosenbrock,108,17300,20.364917264135144
hill_climbing,rosenbrock,108,17400,20.364917264135144
hill_climbing,rosenbrock,108,17500,20.364917264135144
hill_climbing,rosenbrock,108,17600,20.364917264135144
hill_climbing,rosenbrock,108,17700,20.364917264135144
hill_climbing,rosenbrock,108,17800,20.364917264135144
hill_climbing,rosenbrock,108,17900,20.364917264135144
hill_climbing,rosenbrock,108,18000,20.364917264135144
hill_climbing,rosenbrock,108,18100,20.364917264135144
hill_climbing,rosenbrock,108,18200,20.364917264135144
hill_climbing,rosenbrock,108,18300,20.364917264135144
hill_climbing,rosenbrock,108,18400,20.364917264135144
hill_climbing,rosenbrock,108,18500,20.364917264135144
hill_climbing,rosenbrock,108,18600,20.364917264135144
hill_climbing,rosenbrock,108,18700,20.364917264135144
hill_climbing,rosenbrock,108,18800,20.364917264135144
hill_climbing,rosenbrock,108,18900,20.364917264135144
hill_climbing,rosenbrock,108,19000,20.364917264135144
hill_climbing,rosenbrock,108,19100,20.364917264135144
hill_climbing,rosenbrock,108,19200,20.364917264135144
hill_climbing,rosenbrock,108,19300,20.364917264135144
hill_climbing,rosenbrock,108,19400,20.364917264135144
hill_climbing,rosenbrock,108,19500,20.364917264135144
hill_climbing,rosenbrock,108,19600,20.364917264135144
hill_climbing,rosenbrock,108,19700,20.364917264135144
hill_climbing,rosenbrock,108,19800,20.364917264135144
hill_climbing,rosenbrock,108,19900,20.364917264135144
hill_climbing,rosenbrock,108,20000,20.364917264135144
hill_climbing,rosenbrock,109,100,4821.878990246217
hill_climbing,rosenbrock,109,200,532.5916204312446
hill_climbing,rosenbrock,109,300,190.8720799459576
hill_climbing,rosenbrock,109,400,190.8720799459576
hill_climbing,rosenbrock,109,500,147.75959064357335
hill_climbing,rosenbrock,109,600,147.75959064357335
hill_climbing,rosenbrock,109,700,95.95440763556239
hill_climbing,rosenbrock,109,800,95.95440763556239
hill_climbing,rosenbrock,109,900,95.95440763556239
hill_climbing,rosenbrock,109,1000,95.95440763556239
hill_climbing,rosenbrock,109,1100,95.95440763556239
hill_climbing,rosenbrock,109,1200,95.95440763556239
hill_climbing,rosenbrock,109,1300,95.95440763556239
hill_climbing,rosenbrock,109,1400,95.95440763556239
hill_climbing,rosenbrock,109,1500,95.95440763556239
hill_climbing,rosenbrock,109,1600,95.95440763556239
hill_climbing,rosenbrock,109,1700,95.95440763556239
hill_climbing,rosenbrock,109,1800,95.95440763556239
hill_climbing,rosenbrock,109,1900,90.86119701847775
hill_climbing,rosenbrock,109,2000,36.03932705687096
hill_climbing,rosenbrock,109,2100,31.199094774528096
hill_climbing,rosenbrock,109,2200,31.199094774528096
hill_climbing,rosenbrock,109,2300,22.35225289526033
hill_climbing,rosenbrock,109,2400,22.35225289526033
hill_climbing,rosenbrock,109,2500,22.35225289526033
hill_climbing,rosenbrock,109,2600,22.35225289526033
hill_climbing,rosenbrock,109,2700,22.35225289526033
hill_climbing,rosenbrock,109,2800,22.35225289526033
hill_climbing,rosenbrock,109,2900,22.35225289526033
hill_climbing,rosenbrock,109,3000,22.35225289526033
hill_climbing,rosenbrock,109,3100,22.35225289526033
hill_climbing,rosenbrock,109,3200,22.35225289526033
hill_climbing,rosenbrock,109,3300,22.35225289526033
hill_climbing,rosenbrock,109,3400,22.35225289526033
hill_climbing,rosenbrock,109,3500,22.35225289526033
hill_climbing,rosenbrock,109,3600,22.35225289526033
hill_climbing,rosenbrock,109,3700,22.35225289526033
hill_climbing,rosenbrock,109,3800,22.35225289526033
hill_climbing,rosenbrock,109,3900,22.35225289526033
hill_climbing,rosenbrock,109,4000,22.35225289526033
hill_climbing,rosenbrock,109,4100,22.35225289526033
hill_climbing,rosenbrock,109,4200,22.35225289526033
hill_climbing,rosenbrock,109,4300,22.35225289526033
hill_climbing,rosenbrock,109,4400,22.35225289526033
hill_climbing,rosenbrock,109,4500,22.35225289526033
hill_climbing,rosenbrock,109,4600,22.35225289526033
hill_climbing,rosenbrock,109,4700,22.35225289526033
hill_climbing,rosenbrock,109,4800,22.35225289526033
hill_climbing,rosenbrock,109,4900,22.35225289526033
hill_climbing,rosenbrock,109,5000,22.35225289526033
hill_climbing,rosenbrock,109,5100,22.35225289526033
hill_climbing,rosenbrock,109,5200,22.35225289526033
hill_climbing,rosenbrock,109,5300,22.35225289526033
hill_climbing,rosenbrock,109,5400,22.35225289526033
hill_climbing,rosenbrock,109,5500,22.35225289526033
hill_climbing,rosenbrock,109,5600,22.35225289526033
hill_climbing,rosenbrock,109,5700,22.35225289526033
hill_climbing,rosenbrock,109,5800,22.35225289526033
hill_climbing,rosenbrock,109,5900,17.779851144738863
hill_climbing,rosenbrock,109,6000,17.779851144738863
hill_climbing,rosenbrock,109,6100,17.779851144738863
hill_climbing,rosenbrock,109,6200,17.779851144738863
hill_climbing,rosenbrock,109,6300,17.779851144738863
hill_climbing,rosenbrock,109,6400,17.779851144738863
hill_climbing,rosenbrock,109,6500,17.779851144738863
hill_climbing,rosenbrock,109,6600,17.779851144738863
hill_climbing,rosenbrock,109,6700,17.779851144738863
hill_climbing,rosenbrock,109,6800,17.779851144738863
hill_climbing,rosenbrock,109,6900,17.779851144738863
hill_climbing,rosenbrock,109,7000,17.779851144738863
hill_climbing,rosenbrock,109,7100,17.779851144738863
hill_climbing,rosenbrock,109,7200,17.779851144738863
hill_climbing,rosenbrock,109,7300,17.779851144738863
hill_climbing,rosenbrock,109,7400,17.779851144738863
hill_climbing,rosenbrock,109,7500,17.779851144738863
hill_climbing,rosenbrock,109,7600,17.779851144738863
hill_climbing,rosenbrock,109,7700,17.779851144738863
hill_climbing,rosenbrock,109,7800,17.779851144738863
hill_climbing,rosenbrock,109,7900,17.779851144738863
hill_climbing,rosenbrock,109,8000,17.779851144738863
hill_climbing,rosenbrock,109,8100,17.779851144738863
hill_climbing,rosenbrock,109,8200,17.779851144738863
hill_climbing,rosenbrock,109,8300,17.779851144738863
hill_climbing,rosenbrock,109,8400,17.779851144738863
hill_climbing,rosenbrock,109,8500,17.779851144738863
hill_climbing,rosenbrock,109,8600,17.779851144738863
hill_climbing,rosenbrock,109,8700,17.779851144738863
hill_climbing,rosenbrock,109,8800,17.779851144738863
hill_climbing,rosenbrock,109,8900,17.779851144738863
hill_climbing,rosenbrock,109,9000,17.779851144738863
hill_climbing,rosenbrock,109,9100,17.779851144738863
hill_climbing,rosenbrock,109,9200,17.779851144738863
hill_climbing,rosenbrock,109,9300,17.779851144738863
hill_climbing,rosenbrock,109,9400,17.779851144738863
hill_climbing,rosenbrock,109,9500,17.779851144738863
hill_climbing,rosenbrock,109,9600,17.779851144738863
hill_climbing,rosenbrock,109,9700,17.779851144738863
hill_climbing,rosenbrock,109,9800,17.779851144738863
hill_climbing,rosenbrock,109,9900,17.779851144738863
hill_climbing,rosenbrock,109,10000,17.779851144738863
hill_climbing,rosenbrock,109,10100,17.779851144738863
hill_climbing,rosenbrock,109,10200,17.779851144738863
hill_climbing,rosenbrock,109,10300,17.779851144738863
hill_climbing,rosenbrock,109,10400,17.779851144738863
hill_climbing,rosenbrock,109,10500,17.779851144738863
hill_climbing,rosenbrock,109,10600,17.779851144738863
hill_climbing,rosenbrock,109,10700,17.779851144738863
hill_climbing,rosenbrock,109,10800,17.779851144738863
hill_climbing,rosenbrock,109,10900,17.779851144738863
hill_climbing,rosenbrock,109,11000,17.779851144738863
hill_climbing,rosenbrock,109,11100,17.779851144738863
hill_climbing,rosenbrock,109,11200,17.779851144738863
hill_climbing,rosenbrock,109,11300,17.779851144738863
hill_climbing,rosenbrock,109,11400,17.779851144738863
hill_climbing,rosenbrock,109,11500,17.779851144738863
hill_climbing,rosenbrock,109,11600,17.779851144738863
hill_climbing,rosenbrock,109,11700,17.779851144738863
hill_climbing,rosenbrock,109,11800,17.779851144738863
hill_climbing,rosenbrock,109,11900,17.779851144738863
hill_climbing,rosenbrock,109,12000,17.779851144738863
hill_climbing,rosenbrock,109,12100,17.779851144738863
hill_climbing,rosenbrock,109,12200,17.779851144738863
hill_climbing,rosenbrock,109,12300,17.779851144738863
hill_climbing,rosenbrock,109,12400,17.779851144738863
hill_climbing,rosenbrock,109,12500,17.779851144738863
hill_climbing,rosenbrock,109,12600,17.779851144738863
hill_climbing,rosenbrock,109,12700,17.779851144738863
hill_climbing,rosenbrock,109,12800,17.779851144738863
hill_climbing,rosenbrock,109,12900,17.779851144738863
hill_climbing,rosenbrock,109,13000,17.779851144738863
hill_climbing,rosenbrock,109,13100,17.779851144738863
hill_climbing,rosenbrock,109,13200,17.779851144738863
hill_climbing,rosenbrock,109,13300,17.779851144738863
hill_climbing,rosenbrock,109,13400,17.779851144738863
hill_climbing,rosenbrock,109,13500,17.779851144738863
hill_climbing,rosenbrock,109,13600,17.779851144738863
hill_climbing,rosenbrock,109,13700,17.779851144738863
hill_climbing,rosenbrock,109,13800,17.779851144738863
hill_climbing,rosenbrock,109,13900,17.779851144738863
hill_climbing,rosenbrock,109,14000,17.779851144738863
hill_climbing,rosenbrock,109,14100,17.779851144738863
hill_climbing,rosenbrock,109,14200,17.779851144738863
hill_climbing,rosenbrock,109,14300,17.779851144738863
hill_climbing,rosenbrock,109,14400,17.779851144738863
hill_climbing,rosenbrock,109,14500,17.779851144738863
hill_climbing,rosenbrock,109,14600,17.779851144738863
hill_climbing,rosenbrock,109,14700,17.779851144738863
hill_climbing,rosenbrock,109,14800,17.779851144738863
hill_climbing,rosenbrock,109,14900,17.779851144738863
hill_climbing,rosenbrock,109,15000,17.779851144738863
hill_climbing,rosenbrock,109,15100,17.779851144738863
hill_climbing,rosenbrock,109,15200,17.779851144738863
hill_climbing,rosenbrock,109,15300,17.779851144738863
hill_climbing,rosenbrock,109,15400,17.779851144738863
hill_climbing,rosenbrock,109,15500,17.779851144738863
hill_climbing,rosenbrock,109,15600,17.779851144738863
hill_climbing,rosenbrock,109,15700,17.779851144738863
hill_climbing,rosenbrock,109,15800,17.779851144738863
hill_climbing,rosenbrock,109,15900,16.15823177154267
hill_climbing,rosenbrock,109,16000,16.15823177154267
hill_climbing,rosenbrock,109,16100,16.15823177154267
hill_climbing,rosenbrock,109,16200,16.15823177154267
hill_climbing,rosenbrock,109,16300,16.15823177154267
hill_climbing,rosenbrock,109,16400,16.15823177154267
hill_climbing,rosenbrock,109,16500,16.15823177154267
hill_climbing,rosenbrock,109,16600,16.15823177154267
hill_climbing,rosenbrock,109,16700,16.15823177154267
hill_climbing,rosenbrock,109,16800,16.15823177154267
hill_climbing,rosenbrock,109,16900,16.15823177154267
hill_climbing,rosenbrock,109,17000,16.15823177154267
hill_climbing,rosenbrock,109,17100,16.15823177154267
hill_climbing,rosenbrock,109,17200,16.15823177154267
hill_climbing,rosenbrock,109,17300,16.15823177154267
hill_climbing,rosenbrock,109,17400,16.15823177154267
hill_climbing,rosenbrock,109,17500,16.15823177154267
hill_climbing,rosenbrock,109,17600,16.15823177154267
hill_climbing,rosenbrock,109,17700,16.15823177154267
hill_climbing,rosenbrock,109,17800,16.15823177154267
hill_climbing,rosenbrock,109,17900,16.15823177154267
hill_climbing,rosenbrock,109,18000,16.15823177154267
hill_climbing,rosenbrock,109,18100,16.15823177154267
hill_climbing,rosenbrock,109,18200,16.15823177154267
hill_climbing,rosenbrock,109,18300,16.15823177154267
hill_climbing,rosenbrock,109,18400,16.15823177154267
hill_climbing,rosenbrock,109,18500,16.15823177154267
hill_climbing,rosenbrock,109,18600,16.15823177154267
hill_climbing,rosenbrock,109,18700,16.15823177154267
hill_climbing,rosenbrock,109,18800,16.15823177154267
hill_climbing,rosenbrock,109,18900,16.15823177154267
hill_climbing,rosenbrock,109,19000,16.15823177154267
hill_climbing,rosenbrock,109,19100,16.15823177154267
hill_climbing,rosenbrock,109,19200,16.15823177154267
hill_climbing,rosenbrock,109,19300,16.15823177154267
hill_climbing,rosenbrock,109,19400,16.15823177154267
hill_climbing,rosenbrock,109,19500,16.15823177154267
hill_climbing,rosenbrock,109,19600,16.15823177154267
hill_climbing,rosenbrock,109,19700,16.15823177154267
hill_climbing,rosenbrock,109,19800,16.15823177154267
hill_climbing,rosenbrock,109,19900,16.15823177154267
hill_climbing,rosenbrock,109,20000,16.15823177154267
hill_climbing,rosenbrock,110,100,11785.441256632366
hill_climbing,rosenbrock,110,200,448.56513273746447
hill_climbing,rosenbrock,110,300,46.3593263189447
hill_climbing,rosenbrock,110,400,46.3593263189447
hill_climbing,rosenbrock,110,500,46.3593263189447
hill_climbing,rosenbrock,110,600,38.41146627227429
hill_climbing,rosenbrock,110,700,38.41146627227429
hill_climbing,rosenbrock,110,800,38.41146627227429
hill_climbing,rosenbrock,110,900,38.41146627227429
hill_climbing,rosenbrock,110,1000,34.858484090765494
hill_climbing,rosenbrock,110,1100,24.011751584094135
hill_climbing,rosenbrock,110,1200,24.011751584094135
hill_climbing,rosenbrock,110,1300,23.406346938954247
hill_climbing,rosenbrock,110,1400,23.406346938954247
hill_climbing,rosenbrock,110,1500,23.406346938954247
hill_climbing,rosenbrock,110,1600,23.406346938954247
hill_climbing,rosenbrock,110,1700,23.406346938954247
hill_climbing,rosenbrock,110,1800,23.406346938954247
hill_climbing,rosenbrock,110,1900,23.406346938954247
hill_climbing,rosenbrock,110,2000,23.406346938954247
hill_climbing,rosenbrock,110,2100,23.406346938954247
hill_climbing,rosenbrock,110,2200,23.406346938954247
hill_climbing,rosenbrock,110,2300,23.406346938954247
hill_climbing,rosenbrock,110,2400,23.406346938954247
hill_climbing,rosenbrock,110,2500,23.406346938954247
hill_climbing,rosenbrock,110,2600,23.406346938954247
hill_climbing,rosenbrock,110,2700,23.406346938954247
hill_climbing,rosenbrock,110,2800,23.406346938954247
hill_climbing,rosenbrock,110,2900,23.406346938954247
hill_climbing,rosenbrock,110,3000,23.406346938954247
hill_climbing,rosenbrock,110,3100,23.406346938954247
hill_climbing,rosenbrock,110,3200,23.406346938954247
hill_climbing,rosenbrock,110,3300,23.406346938954247
hill_climbing,rosenbrock,110,3400,23.406346938954247
hill_climbing,rosenbrock,110,3500,23.406346938954247
hill_climbing,rosenbrock,110,3600,23.406346938954247
hill_climbing,rosenbrock,110,3700,23.406346938954247
hill_climbing,rosenbrock,110,3800,23.406346938954247
hill_climbing,rosenbrock,110,3900,23.406346938954247
hill_climbing,rosenbrock,110,4000,23.406346938954247
hill_climbing,rosenbrock,110,4100,23.406346938954247
hill_climbing,rosenbrock,110,4200,23.406346938954247
hill_climbing,rosenbrock,110,4300,23.406346938954247
hill_climbing,rosenbrock,110,4400,23.406346938954247
hill_climbing,rosenbrock,110,4500,23.406346938954247
hill_climbing,rosenbrock,110,4600,23.406346938954247
hill_climbing,rosenbrock,110,4700,23.406346938954247
hill_climbing,rosenbrock,110,4800,23.406346938954247
hill_climbing,rosenbrock,110,4900,23.406346938954247
hill_climbing,rosenbrock,110,5000,23.406346938954247
hill_climbing,rosenbrock,110,5100,23.406346938954247
hill_climbing,rosenbrock,110,5200,23.406346938954247
hill_climbing,rosenbrock,110,5300,23.406346938954247
hill_climbing,rosenbrock,110,5400,23.406346938954247
hill_climbing,rosenbrock,110,5500,23.406346938954247
hill_climbing,rosenbrock,110,5600,23.406346938954247
hill_climbing,rosenbrock,110,5700,23.360477073029895
hill_climbing,rosenbrock,110,5800,23.360477073029895
hill_climbing,rosenbrock,110,5900,23.360477073029895
hill_climbing,rosenbrock,110,6000,23.360477073029895
hill_climbing,rosenbrock,110,6100,23.360477073029895
hill_climbing,rosenbrock,110,6200,23.360477073029895
hill_climbing,rosenbrock,110,6300,23.360477073029895
hill_climbing,rosenbrock,110,6400,23.360477073029895
hill_climbing,rosenbrock,110,6500,23.360477073029895
hill_climbing,rosenbrock,110,6600,23.360477073029895
hill_climbing,rosenbrock,110,6700,23.360477073029895
hill_climbing,rosenbrock,110,6800,23.360477073029895
hill_climbing,rosenbrock,110,6900,23.360477073029895
hill_climbing,rosenbrock,110,7000,23.360477073029895
hill_climbing,rosenbrock,110,7100,23.360477073029895
hill_climbing,rosenbrock,110,7200,23.360477073029895
hill_climbing,rosenbrock,110,7300,23.360477073029895
hill_climbing,rosenbrock,110,7400,19.239633696632662
hill_climbing,rosenbrock,110,7500,19.239633696632662
hill_climbing,rosenbrock,110,7600,19.239633696632662
hill_climbing,rosenbrock,110,7700,19.239633696632662
hill_climbing,rosenbrock,110,7800,19.239633696632662
hill_climbing,rosenbrock,110,7900,19.239633696632662
hill_climbing,rosenbrock,110,8000,19.239633696632662
hill_climbing,rosenbrock,110,8100,19.239633696632662
hill_climbing,rosenbrock,110,8200,19.239633696632662
hill_climbing,rosenbrock,110,8300,19.239633696632662
hill_climbing,rosenbrock,110,8400,19.239633696632662
hill_climbing,rosenbrock,110,8500,19.239633696632662
hill_climbing,rosenbrock,110,8600,19.239633696632662
hill_climbing,rosenbrock,110,8700,19.239633696632662
hill_climbing,rosenbrock,110,8800,19.239633696632662
hill_climbing,rosenbrock,110,8900,19.239633696632662
hill_climbing,rosenbrock,110,9000,19.239633696632662
hill_climbing,rosenbrock,110,9100,19.239633696632662
hill_climbing,rosenbrock,110,9200,19.239633696632662
hill_climbing,rosenbrock,110,9300,19.239633696632662
hill_climbing,rosenbrock,110,9400,19.239633696632662
hill_climbing,rosenbrock,110,9500,19.239633696632662
hill_climbing,rosenbrock,110,9600,19.239633696632662
hill_climbing,rosenbrock,110,9700,19.239633696632662
hill_climbing,rosenbrock,110,9800,19.239633696632662
hill_climbing,rosenbrock,110,9900,19.239633696632662
hill_climbing,rosenbrock,110,10000,19.239633696632662
hill_climbing,rosenbrock,110,10100,19.239633696632662
hill_climbing,rosenbrock,110,10200,19.239633696632662
hill_climbing,rosenbrock,110,10300,19.239633696632662
hill_climbing,rosenbrock,110,10400,19.239633696632662
hill_climbing,rosenbrock,110,10500,19.239633696632662
hill_climbing,rosenbrock,110,10600,19.239633696632662
hill_climbing,rosenbrock,110,10700,19.239633696632662
hill_climbing,rosenbrock,110,10800,19.239633696632662
hill_climbing,rosenbrock,110,10900,19.239633696632662
hill_climbing,rosenbrock,110,11000,19.239633696632662
hill_climbing,rosenbrock,110,11100,19.239633696632662
hill_climbing,rosenbrock,110,11200,19.239633696632662
hill_climbing,rosenbrock,110,11300,19.239633696632662
hill_climbing,rosenbrock,110,11400,19.239633696632662
hill_climbing,rosenbrock,110,11500,19.239633696632662
hill_climbing,rosenbrock,110,11600,19.239633696632662
hill_climbing,rosenbrock,110,11700,19.239633696632662
hill_climbing,rosenbrock,110,11800,19.239633696632662
hill_climbing,rosenbrock,110,11900,19.239633696632662
hill_climbing,rosenbrock,110,12000,19.239633696632662
hill_climbing,rosenbrock,110,12100,19.239633696632662
hill_climbing,rosenbrock,110,12200,19.239633696632662
hill_climbing,rosenbrock,110,12300,19.239633696632662
hill_climbing,rosenbrock,110,12400,19.239633696632662
hill_climbing,rosenbrock,110,12500,19.239633696632662
hill_climbing,rosenbrock,110,12600,19.239633696632662
hill_climbing,rosenbrock,110,12700,19.239633696632662
hill_climbing,rosenbrock,110,12800,19.239633696632662
hill_climbing,rosenbrock,110,12900,19.239633696632662
hill_climbing,rosenbrock,110,13000,19.239633696632662
hill_climbing,rosenbrock,110,13100,19.239633696632662
hill_climbing,rosenbrock,110,13200,19.239633696632662
hill_climbing,rosenbrock,110,13300,19.239633696632662
hill_climbing,rosenbrock,110,13400,19.239633696632662
hill_climbing,rosenbrock,110,13500,19.239633696632662
hill_climbing,rosenbrock,110,13600,19.239633696632662
hill_climbing,rosenbrock,110,13700,19.239633696632662
hill_climbing,rosenbrock,110,13800,19.239633696632662
hill_climbing,rosenbrock,110,13900,19.239633696632662
hill_climbing,rosenbrock,110,14000,19.239633696632662
hill_climbing,rosenbrock,110,14100,19.239633696632662
hill_climbing,rosenbrock,110,14200,19.239633696632662
hill_climbing,rosenbrock,110,14300,19.239633696632662
hill_climbing,rosenbrock,110,14400,19.239633696632662
hill_climbing,rosenbrock,110,14500,19.239633696632662
hill_climbing,rosenbrock,110,14600,19.239633696632662
hill_climbing,rosenbrock,110,14700,19.239633696632662
hill_climbing,rosenbrock,110,14800,19.239633696632662
hill_climbing,rosenbrock,110,14900,19.239633696632662
hill_climbing,rosenbrock,110,15000,19.239633696632662
hill_climbing,rosenbrock,110,15100,19.239633696632662
hill_climbing,rosenbrock,110,15200,19.239633696632662
hill_climbing,rosenbrock,110,15300,19.239633696632662
hill_climbing,rosenbrock,110,15400,19.239633696632662
hill_climbing,rosenbrock,110,15500,19.239633696632662
hill_climbing,rosenbrock,110,15600,19.239633696632662
hill_climbing,rosenbrock,110,15700,19.239633696632662
hill_climbing,rosenbrock,110,15800,19.239633696632662
hill_climbing,rosenbrock,110,15900,19.239633696632662
hill_climbing,rosenbrock,110,16000,19.239633696632662
hill_climbing,rosenbrock,110,16100,19.239633696632662
hill_climbing,rosenbrock,110,16200,19.239633696632662
hill_climbing,rosenbrock,110,16300,19.239633696632662
hill_climbing,rosenbrock,110,16400,19.239633696632662
hill_climbing,rosenbrock,110,16500,19.239633696632662
hill_climbing,rosenbrock,110,16600,19.239633696632662
hill_climbing,rosenbrock,110,16700,19.239633696632662
hill_climbing,rosenbrock,110,16800,19.239633696632662
hill_climbing,rosenbrock,110,16900,19.239633696632662
hill_climbing,rosenbrock,110,17000,19.239633696632662
hill_climbing,rosenbrock,110,17100,19.239633696632662
hill_climbing,rosenbrock,110,17200,19.239633696632662
hill_climbing,rosenbrock,110,17300,19.239633696632662
hill_climbing,rosenbrock,110,17400,19.239633696632662
hill_climbing,rosenbrock,110,17500,19.239633696632662
hill_climbing,rosenbrock,110,17600,19.239633696632662
hill_climbing,rosenbrock,110,17700,19.239633696632662
hill_climbing,rosenbrock,110,17800,19.239633696632662
hill_climbing,rosenbrock,110,17900,19.239633696632662
hill_climbing,rosenbrock,110,18000,19.239633696632662
hill_climbing,rosenbrock,110,18100,19.239633696632662
hill_climbing,rosenbrock,110,18200,19.239633696632662
hill_climbing,rosenbrock,110,18300,19.239633696632662
hill_climbing,rosenbrock,110,18400,19.239633696632662
hill_climbing,rosenbrock,110,18500,19.239633696632662
hill_climbing,rosenbrock,110,18600,19.239633696632662
hill_climbing,rosenbrock,110,18700,19.239633696632662
hill_climbing,rosenbrock,110,18800,19.239633696632662
hill_climbing,rosenbrock,110,18900,19.239633696632662
hill_climbing,rosenbrock,110,19000,19.239633696632662
hill_climbing,rosenbrock,110,19100,19.239633696632662
hill_climbing,rosenbrock,110,19200,19.239633696632662
hill_climbing,rosenbrock,110,19300,19.239633696632662
hill_climbing,rosenbrock,110,19400,19.239633696632662
hill_climbing,rosenbrock,110,19500,19.239633696632662
hill_climbing,rosenbrock,110,19600,19.239633696632662
hill_climbing,rosenbrock,110,19700,19.239633696632662
hill_climbing,rosenbrock,110,19800,19.239633696632662
hill_climbing,rosenbrock,110,19900,19.239633696632662
hill_climbing,rosenbrock,110,20000,19.239633696632662
hill_climbing,rosenbrock,111,100,134208.45051619396
hill_climbing,rosenbrock,111,200,3852.673495309892
hill_climbing,rosenbrock,111,300,1175.2458006514098
hill_climbing,rosenbrock,111,400,58.25789387949701
hill_climbing,rosenbrock,111,500,39.37447532891628
hill_climbing,rosenbrock,111,600,32.49340600377085
hill_climbing,rosenbrock,111,700,32.49340600377085
hill_climbing,rosenbrock,111,800,32.49340600377085
hill_climbing,rosenbrock,111,900,30.671082262499144
hill_climbing,rosenbrock,111,1000,30.671082262499144
hill_climbing,rosenbrock,111,1100,27.646623309345728
hill_climbing,rosenbrock,111,1200,27.0275880206917
hill_climbing,rosenbrock,111,1300,16.83678416288808
hill_climbing,rosenbrock,111,1400,16.83678416288808
hill_climbing,rosenbrock,111,1500,16.83678416288808
hill_climbing,rosenbrock,111,1600,16.83678416288808
hill_climbing,rosenbrock,111,1700,16.83678416288808
hill_climbing,rosenbrock,111,1800,16.83678416288808
hill_climbing,rosenbrock,111,1900,16.83678416288808
hill_climbing,rosenbrock,111,2000,16.83678416288808
hill_climbing,rosenbrock,111,2100,16.83678416288808
hill_climbing,rosenbrock,111,2200,16.83678416288808
hill_climbing,rosenbrock,111,2300,16.83678416288808
hill_climbing,rosenbrock,111,2400,16.83678416288808
hill_climbing,rosenbrock,111,2500,16.83678416288808
hill_climbing,rosenbrock,111,2600,16.83678416288808
hill_climbing,rosenbrock,111,2700,16.83678416288808
hill_climbing,rosenbrock,111,2800,16.83678416288808
hill_climbing,rosenbrock,111,2900,16.83678416288808
hill_climbing,rosenbrock,111,3000,16.83678416288808
hill_climbing,rosenbrock,111,3100,16.83678416288808
hill_climbing,rosenbrock,111,3200,16.83678416288808
hill_climbing,rosenbrock,111,3300,16.83678416288808
hill_climbing,rosenbrock,111,3400,16.83678416288808
hill_climbing,rosenbrock,111,3500,16.83678416288808
hill_climbing,rosenbrock,111,3600,16.83678416288808
hill_climbing,rosenbrock,111,3700,16.83678416288808
hill_climbing,rosenbrock,111,3800,16.83678416288808
hill_climbing,rosenbrock,111,3900,16.83678416288808
hill_climbing,rosenbrock,111,4000,16.83678416288808
hill_climbing,rosenbrock,111,4100,16.83678416288808
hill_climbing,rosenbrock,111,4200,16.83678416288808
hill_climbing,rosenbrock,111,4300,16.83678416288808
hill_climbing,rosenbrock,111,4400,16.83678416288808
hill_climbing,rosenbrock,111,4500,16.83678416288808
hill_climbing,rosenbrock,111,4600,16.83678416288808
hill_climbing,rosenbrock,111,4700,16.83678416288808
hill_climbing,rosenbrock,111,4800,16.83678416288808
hill_climbing,rosenbrock,111,4900,16.83678416288808
hill_climbing,rosenbrock,111,5000,16.83678416288808
hill_climbing,rosenbrock,111,5100,16.83678416288808
hill_climbing,rosenbrock,111,5200,16.83678416288808
hill_climbing,rosenbrock,111,5300,16.83678416288808
hill_climbing,rosenbrock,111,5400,16.83678416288808
hill_climbing,rosenbrock,111,5500,16.83678416288808
hill_climbing,rosenbrock,111,5600,16.83678416288808
hill_climbing,rosenbrock,111,5700,16.83678416288808
hill_climbing,rosenbrock,111,5800,16.83678416288808
hill_climbing,rosenbrock,111,5900,16.83678416288808
hill_climbing,rosenbrock,111,6000,16.83678416288808
hill_climbing,rosenbrock,111,6100,16.83678416288808
hill_climbing,rosenbrock,111,6200,16.83678416288808
hill_climbing,rosenbrock,111,6300,16.83678416288808
hill_climbing,rosenbrock,111,6400,16.83678416288808
hill_climbing,rosenbrock,111,6500,16.83678416288808
hill_climbing,rosenbrock,111,6600,16.83678416288808
hill_climbing,rosenbrock,111,6700,16.83678416288808
hill_climbing,rosenbrock,111,6800,16.83678416288808
hill_climbing,rosenbrock,111,6900,16.83678416288808
hill_climbing,rosenbrock,111,7000,16.83678416288808
hill_climbing,rosenbrock,111,7100,16.83678416288808
hill_climbing,rosenbrock,111,7200,16.83678416288808
hill_climbing,rosenbrock,111,7300,16.83678416288808
hill_climbing,rosenbrock,111,7400,16.83678416288808
hill_climbing,rosenbrock,111,7500,16.83678416288808
hill_climbing,rosenbrock,111,7600,16.83678416288808
hill_climbing,rosenbrock,111,7700,16.83678416288808
hill_climbing,rosenbrock,111,7800,16.83678416288808
hill_climbing,rosenbrock,111,7900,16.83678416288808
hill_climbing,rosenbrock,111,8000,16.83678416288808
hill_climbing,rosenbrock,111,8100,16.83678416288808
hill_climbing,rosenbrock,111,8200,16.83678416288808
hill_climbing,rosenbrock,111,8300,16.83678416288808
hill_climbing,rosenbrock,111,8400,16.83678416288808
hill_climbing,rosenbrock,111,8500,16.83678416288808
hill_climbing,rosenbrock,111,8600,16.83678416288808
hill_climbing,rosenbrock,111,8700,16.83678416288808
hill_climbing,rosenbrock,111,8800,16.83678416288808
hill_climbing,rosenbrock,111,8900,16.83678416288808
hill_climbing,rosenbrock,111,9000,16.83678416288808
hill_climbing,rosenbrock,111,9100,16.83678416288808
hill_climbing,rosenbrock,111,9200,16.83678416288808
hill_climbing,rosenbrock,111,9300,16.83678416288808
hill_climbing,rosenbrock,111,9400,16.83678416288808
hill_climbing,rosenbrock,111,9500,16.83678416288808
hill_climbing,rosenbrock,111,9600,16.83678416288808
hill_climbing,rosenbrock,111,9700,16.83678416288808
hill_climbing,rosenbrock,111,9800,16.83678416288808
hill_climbing,rosenbrock,111,9900,16.83678416288808
hill_climbing,rosenbrock,111,10000,16.83678416288808
hill_climbing,rosenbrock,111,10100,16.83678416288808
hill_climbing,rosenbrock,111,10200,16.83678416288808
hill_climbing,rosenbrock,111,10300,16.83678416288808
hill_climbing,rosenbrock,111,10400,16.83678416288808
hill_climbing,rosenbrock,111,10500,16.83678416288808
hill_climbing,rosenbrock,111,10600,16.83678416288808
hill_climbing,rosenbrock,111,10700,16.83678416288808
hill_climbing,rosenbrock,111,10800,16.83678416288808
hill_climbing,rosenbrock,111,10900,16.83678416288808
hill_climbing,rosenbrock,111,11000,16.83678416288808
hill_climbing,rosenbrock,111,11100,16.83678416288808
hill_climbing,rosenbrock,111,11200,16.83678416288808
hill_climbing,rosenbrock,111,11300,16.83678416288808
hill_climbing,rosenbrock,111,11400,16.83678416288808
hill_climbing,rosenbrock,111,11500,16.83678416288808
hill_climbing,rosenbrock,111,11600,16.83678416288808
hill_climbing,rosenbrock,111,11700,16.83678416288808
hill_climbing,rosenbrock,111,11800,16.83678416288808
hill_climbing,rosenbrock,111,11900,16.83678416288808
hill_climbing,rosenbrock,111,12000,16.83678416288808
hill_climbing,rosenbrock,111,12100,16.83678416288808
hill_climbing,rosenbrock,111,12200,16.83678416288808
hill_climbing,rosenbrock,111,12300,16.83678416288808
hill_climbing,rosenbrock,111,12400,16.83678416288808
hill_climbing,rosenbrock,111,12500,16.83678416288808
hill_climbing,rosenbrock,111,12600,16.83678416288808
hill_climbing,rosenbrock,111,12700,16.83678416288808
hill_climbing,rosenbrock,111,12800,16.83678416288808
hill_climbing,rosenbrock,111,12900,16.83678416288808
hill_climbing,rosenbrock,111,13000,16.83678416288808
hill_climbing,rosenbrock,111,13100,16.83678416288808
hill_climbing,rosenbrock,111,13200,16.83678416288808
hill_climbing,rosenbrock,111,13300,16.83678416288808
hill_climbing,rosenbrock,111,13400,16.83678416288808
hill_climbing,rosenbrock,111,13500,16.83678416288808
hill_climbing,rosenbrock,111,13600,16.83678416288808
hill_climbing,rosenbrock,111,13700,16.83678416288808
hill_climbing,rosenbrock,111,13800,16.83678416288808
hill_climbing,rosenbrock,111,13900,16.83678416288808
hill_climbing,rosenbrock,111,14000,16.83678416288808
hill_climbing,rosenbrock,111,14100,16.83678416288808
hill_climbing,rosenbrock,111,14200,16.83678416288808
hill_climbing,rosenbrock,111,14300,16.83678416288808
hill_climbing,rosenbrock,111,14400,16.83678416288808
hill_climbing,rosenbrock,111,14500,16.83678416288808
hill_climbing,rosenbrock,111,14600,16.83678416288808
hill_climbing,rosenbrock,111,14700,16.83678416288808
hill_climbing,rosenbrock,111,14800,16.83678416288808
hill_climbing,rosenbrock,111,14900,16.83678416288808
hill_climbing,rosenbrock,111,15000,16.83678416288808
hill_climbing,rosenbrock,111,15100,16.83678416288808
hill_climbing,rosenbrock,111,15200,16.83678416288808
hill_climbing,rosenbrock,111,15300,16.83678416288808
hill_climbing,rosenbrock,111,15400,16.83678416288808
hill_climbing,rosenbrock,111,15500,16.83678416288808
hill_climbing,rosenbrock,111,15600,16.83678416288808
hill_climbing,rosenbrock,111,15700,16.83678416288808
hill_climbing,rosenbrock,111,15800,16.83678416288808
hill_climbing,rosenbrock,111,15900,16.83678416288808
hill_climbing,rosenbrock,111,16000,16.83678416288808
hill_climbing,rosenbrock,111,16100,16.83678416288808
hill_climbing,rosenbrock,111,16200,16.83678416288808
hill_climbing,rosenbrock,111,16300,16.83678416288808
hill_climbing,rosenbrock,111,16400,16.83678416288808
hill_climbing,rosenbrock,111,16500,16.83678416288808
hill_climbing,rosenbrock,111,16600,16.83678416288808
hill_climbing,rosenbrock,111,16700,16.83678416288808
hill_climbing,rosenbrock,111,16800,16.83678416288808
hill_climbing,rosenbrock,111,16900,16.83678416288808
hill_climbing,rosenbrock,111,17000,16.83678416288808
hill_climbing,rosenbrock,111,17100,16.83678416288808
hill_climbing,rosenbrock,111,17200,16.83678416288808
hill_climbing,rosenbrock,111,17300,16.83678416288808
hill_climbing,rosenbrock,111,17400,16.83678416288808
hill_climbing,rosenbrock,111,17500,16.83678416288808
hill_climbing,rosenbrock,111,17600,16.83678416288808
hill_climbing,rosenbrock,111,17700,16.83678416288808
hill_climbing,rosenbrock,111,17800,16.83678416288808
hill_climbing,rosenbrock,111,17900,16.83678416288808
hill_climbing,rosenbrock,111,18000,16.83678416288808
hill_climbing,rosenbrock,111,18100,16.83678416288808
hill_climbing,rosenbrock,111,18200,16.83678416288808
hill_climbing,rosenbrock,111,18300,16.83678416288808
hill_climbing,rosenbrock,111,18400,16.83678416288808
hill_climbing,rosenbrock,111,18500,16.83678416288808
hill_climbing,rosenbrock,111,18600,16.83678416288808
hill_climbing,rosenbrock,111,18700,16.83678416288808
hill_climbing,rosenbrock,111,18800,16.83678416288808
hill_climbing,rosenbrock,111,18900,16.83678416288808
hill_climbing,rosenbrock,111,19000,16.83678416288808
hill_climbing,rosenbrock,111,19100,16.83678416288808
hill_climbing,rosenbrock,111,19200,16.83678416288808
hill_climbing,rosenbrock,111,19300,16.83678416288808
hill_climbing,rosenbrock,111,19400,16.83678416288808
hill_climbing,rosenbrock,111,19500,16.83678416288808
hill_climbing,rosenbrock,111,19600,16.83678416288808
hill_climbing,rosenbrock,111,19700,16.83678416288808
hill_climbing,rosenbrock,111,19800,16.83678416288808
hill_climbing,rosenbrock,111,19900,16.83678416288808
hill_climbing,rosenbrock,111,20000,16.83678416288808
hill_climbing,rosenbrock,112,100,5640.547842616393
hill_climbing,rosenbrock,112,200,820.557843132181
hill_climbing,rosenbrock,112,300,712.0701342874094
hill_climbing,rosenbrock,112,400,712.0701342874094
hill_climbing,rosenbrock,112,500,712.0701342874094
hill_climbing,rosenbrock,112,600,641.9903913857975
hill_climbing,rosenbrock,112,700,641.9903913857975
hill_climbing,rosenbrock,112,800,582.5422161957123
hill_climbing,rosenbrock,112,900,487.57223835585904
hill_climbing,rosenbrock,112,1000,181.12709020238833
hill_climbing,rosenbrock,112,1100,181.12709020238833
hill_climbing,rosenbrock,112,1200,52.51463548631277
hill_climbing,rosenbrock,112,1300,41.00033689104116
hill_climbing,rosenbrock,112,1400,41.00033689104116
hill_climbing,rosenbrock,112,1500,36.564172457865844
hill_climbing,rosenbrock,112,1600,36.564172457865844
hill_climbing,rosenbrock,112,1700,36.564172457865844
hill_climbing,rosenbrock,112,1800,28.532321409261062
hill_climbing,rosenbrock,112,1900,24.66419764568159
hill_climbing,rosenbrock,112,2000,24.66419764568159
hill_climbing,rosenbrock,112,2100,24.66419764568159
hill_climbing,rosenbrock,112,2200,24.66419764568159
hill_climbing,rosenbrock,112,2300,24.66419764568159
hill_climbing,rosenbrock,112,2400,24.54686941644614
hill_climbing,rosenbrock,112,2500,23.815820380442474
hill_climbing,rosenbrock,112,2600,23.815820380442474
hill_climbing,rosenbrock,112,2700,20.459579025925553
hill_climbing,rosenbrock,112,2800,20.459579025925553
hill_climbing,rosenbrock,112,2900,20.459579025925553
hill_climbing,rosenbrock,112,3000,20.459579025925553
hill_climbing,rosenbrock,112,3100,20.459579025925553
hill_climbing,rosenbrock,112,3200,20.459579025925553
hill_climbing,rosenbrock,112,3300,20.459579025925553
hill_climbing,rosenbrock,112,3400,20.459579025925553
hill_climbing,rosenbrock,112,3500,20.459579025925553
hill_climbing,rosenbrock,112,3600,20.459579025925553
hill_climbing,rosenbrock,112,3700,20.459579025925553
hill_climbing,rosenbrock,112,3800,20.459579025925553
hill_climbing,rosenbrock,112,3900,20.459579025925553
hill_climbing,rosenbrock,112,4000,20.459579025925553
hill_climbing,rosenbrock,112,4100,20.459579025925553
hill_climbing,rosenbrock,112,4200,20.459579025925553
hill_climbing,rosenbrock,112,4300,20.459579025925553
hill_climbing,rosenbrock,112,4400,20.459579025925553
hill_climbing,rosenbrock,112,4500,20.459579025925553
hill_climbing,rosenbrock,112,4600,20.459579025925553
hill_climbing,rosenbrock,112,4700,20.459579025925553
hill_climbing,rosenbrock,112,4800,20.459579025925553
hill_climbing,rosenbrock,112,4900,20.459579025925553
hill_climbing,rosenbrock,112,5000,20.459579025925553
hill_climbing,rosenbrock,112,5100,20.459579025925553
hill_climbing,rosenbrock,112,5200,20.459579025925553
hill_climbing,rosenbrock,112,5300,20.459579025925553
hill_climbing,rosenbrock,112,5400,20.459579025925553
hill_climbing,rosenbrock,112,5500,20.459579025925553
hill_climbing,rosenbrock,112,5600,20.459579025925553
hill_climbing,rosenbrock,112,5700,20.459579025925553
hill_climbing,rosenbrock,112,5800,20.459579025925553
hill_climbing,rosenbrock,112,5900,20.459579025925553
hill_climbing,rosenbrock,112,6000,20.459579025925553
hill_climbing,rosenbrock,112,6100,20.459579025925553
hill_climbing,rosenbrock,112,6200,20.459579025925553
hill_climbing,rosenbrock,112,6300,20.459579025925553
hill_climbing,rosenbrock,112,6400,20.459579025925553
hill_climbing,rosenbrock,112,6500,20.459579025925553
hill_climbing,rosenbrock,112,6600,20.459579025925553
hill_climbing,rosenbrock,112,6700,20.459579025925553
hill_climbing,rosenbrock,112,6800,20.459579025925553
hill_climbing,rosenbrock,112,6900,20.459579025925553
hill_climbing,rosenbrock,112,7000,20.459579025925553
hill_climbing,rosenbrock,112,7100,20.459579025925553
hill_climbing,rosenbrock,112,7200,20.459579025925553
hill_climbing,rosenbrock,112,7300,20.459579025925553
hill_climbing,rosenbrock,112,7400,20.459579025925553
hill_climbing,rosenbrock,112,7500,20.459579025925553
hill_climbing,rosenbrock,112,7600,20.459579025925553
hill_climbing,rosenbrock,112,7700,20.459579025925553
hill_climbing,rosenbrock,112,7800,20.459579025925553
hill_climbing,rosenbrock,112,7900,20.459579025925553
hill_climbing,rosenbrock,112,8000,20.459579025925553
hill_climbing,rosenbrock,112,8100,20.459579025925553
hill_climbing,rosenbrock,112,8200,20.459579025925553
hill_climbing,rosenbrock,112,8300,20.459579025925553
hill_climbing,rosenbrock,112,8400,20.459579025925553
hill_climbing,rosenbrock,112,8500,20.459579025925553
hill_climbing,rosenbrock,112,8600,20.459579025925553
hill_climbing,rosenbrock,112,8700,20.459579025925553
hill_climbing,rosenbrock,112,8800,20.459579025925553
hill_climbing,rosenbrock,112,8900,20.459579025925553
hill_climbing,rosenbrock,112,9000,20.459579025925553
hill_climbing,rosenbrock,112,9100,20.459579025925553
hill_climbing,rosenbrock,112,9200,20.459579025925553
hill_climbing,rosenbrock,112,9300,20.459579025925553
hill_climbing,rosenbrock,112,9400,20.459579025925553
hill_climbing,rosenbrock,112,9500,20.459579025925553
hill_climbing,rosenbrock,112,9600,20.459579025925553
hill_climbing,rosenbrock,112,9700,20.459579025925553
hill_climbing,rosenbrock,112,9800,20.459579025925553
hill_climbing,rosenbrock,112,9900,20.459579025925553
hill_climbing,rosenbrock,112,10000,20.459579025925553
hill_climbing,rosenbrock,112,10100,20.459579025925553
hill_climbing,rosenbrock,112,10200,20.459579025925553
hill_climbing,rosenbrock,112,10300,20.459579025925553
hill_climbing,rosenbrock,112,10400,20.459579025925553
hill_climbing,rosenbrock,112,10500,20.459579025925553
hill_climbing,rosenbrock,112,10600,16.071370964110045
hill_climbing,rosenbrock,112,10700,16.071370964110045
hill_climbing,rosenbrock,112,10800,16.071370964110045
hill_climbing,rosenbrock,112,10900,16.071370964110045
hill_climbing,rosenbrock,112,11000,16.071370964110045
hill_climbing,rosenbrock,112,11100,16.071370964110045
hill_climbing,rosenbrock,112,11200,16.071370964110045
hill_climbing,rosenbrock,112,11300,16.071370964110045
hill_climbing,rosenbrock,112,11400,16.071370964110045
hill_climbing,rosenbrock,112,11500,16.071370964110045
hill_climbing,rosenbrock,112,11600,16.071370964110045
hill_climbing,rosenbrock,112,11700,16.071370964110045
hill_climbing,rosenbrock,112,11800,16.071370964110045
hill_climbing,rosenbrock,112,11900,16.071370964110045
hill_climbing,rosenbrock,112,12000,16.071370964110045
hill_climbing,rosenbrock,112,12100,16.071370964110045
hill_climbing,rosenbrock,112,12200,16.071370964110045
hill_climbing,rosenbrock,112,12300,16.071370964110045
hill_climbing,rosenbrock,112,12400,16.071370964110045
hill_climbing,rosenbrock,112,12500,16.071370964110045
hill_climbing,rosenbrock,112,12600,16.071370964110045
hill_climbing,rosenbrock,112,12700,16.071370964110045
hill_climbing,rosenbrock,112,12800,16.071370964110045
hill_climbing,rosenbrock,112,12900,16.071370964110045
hill_climbing,rosenbrock,112,13000,16.071370964110045
hill_climbing,rosenbrock,112,13100,16.071370964110045
hill_climbing,rosenbrock,112,13200,16.071370964110045
hill_climbing,rosenbrock,112,13300,16.071370964110045
hill_climbing,rosenbrock,112,13400,16.071370964110045
hill_climbing,rosenbrock,112,13500,16.071370964110045
hill_climbing,rosenbrock,112,13600,16.071370964110045
hill_climbing,rosenbrock,112,13700,16.071370964110045
hill_climbing,rosenbrock,112,13800,16.071370964110045
hill_climbing,rosenbrock,112,13900,16.071370964110045
hill_climbing,rosenbrock,112,14000,16.071370964110045
hill_climbing,rosenbrock,112,14100,16.071370964110045
hill_climbing,rosenbrock,112,14200,16.071370964110045
hill_climbing,rosenbrock,112,14300,16.071370964110045
hill_climbing,rosenbrock,112,14400,16.071370964110045
hill_climbing,rosenbrock,112,14500,16.071370964110045
hill_climbing,rosenbrock,112,14600,16.071370964110045
hill_climbing,rosenbrock,112,14700,16.071370964110045
hill_climbing,rosenbrock,112,14800,16.071370964110045
hill_climbing,rosenbrock,112,14900,16.071370964110045
hill_climbing,rosenbrock,112,15000,16.071370964110045
hill_climbing,rosenbrock,112,15100,16.071370964110045
hill_climbing,rosenbrock,112,15200,16.071370964110045
hill_climbing,rosenbrock,112,15300,16.071370964110045
hill_climbing,rosenbrock,112,15400,16.071370964110045
hill_climbing,rosenbrock,112,15500,16.071370964110045
hill_climbing,rosenbrock,112,15600,16.071370964110045
hill_climbing,rosenbrock,112,15700,16.071370964110045
hill_climbing,rosenbrock,112,15800,16.071370964110045
hill_climbing,rosenbrock,112,15900,16.071370964110045
hill_climbing,rosenbrock,112,16000,16.071370964110045
hill_climbing,rosenbrock,112,16100,16.071370964110045
hill_climbing,rosenbrock,112,16200,16.071370964110045
hill_climbing,rosenbrock,112,16300,16.071370964110045
hill_climbing,rosenbrock,112,16400,16.071370964110045
hill_climbing,rosenbrock,112,16500,16.071370964110045
hill_climbing,rosenbrock,112,16600,16.071370964110045
hill_climbing,rosenbrock,112,16700,16.071370964110045
hill_climbing,rosenbrock,112,16800,16.071370964110045
hill_climbing,rosenbrock,112,16900,16.071370964110045
hill_climbing,rosenbrock,112,17000,16.071370964110045
hill_climbing,rosenbrock,112,17100,16.071370964110045
hill_climbing,rosenbrock,112,17200,16.071370964110045
hill_climbing,rosenbrock,112,17300,16.071370964110045
hill_climbing,rosenbrock,112,17400,16.071370964110045
hill_climbing,rosenbrock,112,17500,16.071370964110045
hill_climbing,rosenbrock,112,17600,16.071370964110045
hill_climbing,rosenbrock,112,17700,16.071370964110045
hill_climbing,rosenbrock,112,17800,16.071370964110045
hill_climbing,rosenbrock,112,17900,16.071370964110045
hill_climbing,rosenbrock,112,18000,16.071370964110045
hill_climbing,rosenbrock,112,18100,16.071370964110045
hill_climbing,rosenbrock,112,18200,16.071370964110045
hill_climbing,rosenbrock,112,18300,16.071370964110045
hill_climbing,rosenbrock,112,18400,16.071370964110045
hill_climbing,rosenbrock,112,18500,16.071370964110045
hill_climbing,rosenbrock,112,18600,16.071370964110045
hill_climbing,rosenbrock,112,18700,16.071370964110045
hill_climbing,rosenbrock,112,18800,16.071370964110045
hill_climbing,rosenbrock,112,18900,16.071370964110045
hill_climbing,rosenbrock,112,19000,16.071370964110045
hill_climbing,rosenbrock,112,19100,16.071370964110045
hill_climbing,rosenbrock,112,19200,16.071370964110045
hill_climbing,rosenbrock,112,19300,16.071370964110045
hill_climbing,rosenbrock,112,19400,16.071370964110045
hill_climbing,rosenbrock,112,19500,16.071370964110045
hill_climbing,rosenbrock,112,19600,16.071370964110045
hill_climbing,rosenbrock,112,19700,16.071370964110045
hill_climbing,rosenbrock,112,19800,16.071370964110045
hill_climbing,rosenbrock,112,19900,16.071370964110045
hill_climbing,rosenbrock,112,20000,16.071370964110045
hill_climbing,rosenbrock,113,100,1201.1583460547029
hill_climbing,rosenbrock,113,200,782.697713996553
hill_climbing,rosenbrock,113,300,363.1609590081556
hill_climbing,rosenbrock,113,400,50.92295541325313
hill_climbing,rosenbrock,113,500,50.92295541325313
hill_climbing,rosenbrock,113,600,40.05396274096946
hill_climbing,rosenbrock,113,700,38.4336420978167
hill_climbing,rosenbrock,113,800,35.205418831266684
hill_climbing,rosenbrock,113,900,35.205418831266684
hill_climbing,rosenbrock,113,1000,35.205418831266684
hill_climbing,rosenbrock,113,1100,35.205418831266684
hill_climbing,rosenbrock,113,1200,35.205418831266684
hill_climbing,rosenbrock,113,1300,35.205418831266684
hill_climbing,rosenbrock,113,1400,35.205418831266684
hill_climbing,rosenbrock,113,1500,35.205418831266684
hill_climbing,rosenbrock,113,1600,35.205418831266684
hill_climbing,rosenbrock,113,1700,35.205418831266684
hill_climbing,rosenbrock,113,1800,35.205418831266684
hill_climbing,rosenbrock,113,1900,35.205418831266684
hill_climbing,rosenbrock,113,2000,32.18773725981098
hill_climbing,rosenbrock,113,2100,32.18773725981098
hill_climbing,rosenbrock,113,2200,32.18773725981098
hill_climbing,rosenbrock,113,2300,21.289150157367278
hill_climbing,rosenbrock,113,2400,21.289150157367278
hill_climbing,rosenbrock,113,2500,21.289150157367278
hill_climbing,rosenbrock,113,2600,21.289150157367278
hill_climbing,rosenbrock,113,2700,21.289150157367278
hill_climbing,rosenbrock,113,2800,21.289150157367278
hill_climbing,rosenbrock,113,2900,21.289150157367278
hill_climbing,rosenbrock,113,3000,21.289150157367278
hill_climbing,rosenbrock,113,3100,21.289150157367278
hill_climbing,rosenbrock,113,3200,21.289150157367278
hill_climbing,rosenbrock,113,3300,21.289150157367278
hill_climbing,rosenbrock,113,3400,21.289150157367278
hill_climbing,rosenbrock,113,3500,21.289150157367278
hill_climbing,rosenbrock,113,3600,21.289150157367278
hill_climbing,rosenbrock,113,3700,21.289150157367278
hill_climbing,rosenbrock,113,3800,21.289150157367278
hill_climbing,rosenbrock,113,3900,21.289150157367278
hill_climbing,rosenbrock,113,4000,20.30471526456228
hill_climbing,rosenbrock,113,4100,19.65023415616747
hill_climbing,rosenbrock,113,4200,19.65023415616747
hill_climbing,rosenbrock,113,4300,19.65023415616747
hill_climbing,rosenbrock,113,4400,19.65023415616747
hill_climbing,rosenbrock,113,4500,19.65023415616747
hill_climbing,rosenbrock,113,4600,19.65023415616747
hill_climbing,rosenbrock,113,4700,19.65023415616747
hill_climbing,rosenbrock,113,4800,19.65023415616747
hill_climbing,rosenbrock,113,4900,19.65023415616747
hill_climbing,rosenbrock,113,5000,19.65023415616747
hill_climbing,rosenbrock,113,5100,19.65023415616747
hill_climbing,rosenbrock,113,5200,19.65023415616747
hill_climbing,rosenbrock,113,5300,19.65023415616747
hill_climbing,rosenbrock,113,5400,19.65023415616747
hill_climbing,rosenbrock,113,5500,19.65023415616747
hill_climbing,rosenbrock,113,5600,19.65023415616747
hill_climbing,rosenbrock,113,5700,19.65023415616747
hill_climbing,rosenbrock,113,5800,19.65023415616747
hill_climbing,rosenbrock,113,5900,19.65023415616747
hill_climbing,rosenbrock,113,6000,19.65023415616747
hill_climbing,rosenbrock,113,6100,16.130204077269283
hill_climbing,rosenbrock,113,6200,16.05385561768018
hill_climbing,rosenbrock,113,6300,16.05385561768018
hill_climbing,rosenbrock,113,6400,16.05385561768018
hill_climbing,rosenbrock,113,6500,16.05385561768018
hill_climbing,rosenbrock,113,6600,16.05385561768018
hill_climbing,rosenbrock,113,6700,16.05385561768018
hill_climbing,rosenbrock,113,6800,16.05385561768018
hill_climbing,rosenbrock,113,6900,16.05385561768018
hill_climbing,rosenbrock,113,7000,16.05385561768018
hill_climbing,rosenbrock,113,7100,16.05385561768018
hill_climbing,rosenbrock,113,7200,16.05385561768018
hill_climbing,rosenbrock,113,7300,16.05385561768018
hill_climbing,rosenbrock,113,7400,16.05385561768018
hill_climbing,rosenbrock,113,7500,16.05385561768018
hill_climbing,rosenbrock,113,7600,16.05385561768018
hill_climbing,rosenbrock,113,7700,16.05385561768018
hill_climbing,rosenbrock,113,7800,16.05385561768018
hill_climbing,rosenbrock,113,7900,16.05385561768018
hill_climbing,rosenbrock,113,8000,16.05385561768018
hill_climbing,rosenbrock,113,8100,16.05385561768018
hill_climbing,rosenbrock,113,8200,16.05385561768018
hill_climbing,rosenbrock,113,8300,16.05385561768018
hill_climbing,rosenbrock,113,8400,16.05385561768018
hill_climbing,rosenbrock,113,8500,16.05385561768018
hill_climbing,rosenbrock,113,8600,16.05385561768018
hill_climbing,rosenbrock,113,8700,16.05385561768018
hill_climbing,rosenbrock,113,8800,16.05385561768018
hill_climbing,rosenbrock,113,8900,16.05385561768018
hill_climbing,rosenbrock,113,9000,16.05385561768018
hill_climbing,rosenbrock,113,9100,16.05385561768018
hill_climbing,rosenbrock,113,9200,16.05385561768018
hill_climbing,rosenbrock,113,9300,16.05385561768018
hill_climbing,rosenbrock,113,9400,16.05385561768018
hill_climbing,rosenbrock,113,9500,16.05385561768018
hill_climbing,rosenbrock,113,9600,16.05385561768018
hill_climbing,rosenbrock,113,9700,16.05385561768018
hill_climbing,rosenbrock,113,9800,16.05385561768018
hill_climbing,rosenbrock,113,9900,14.544395350745619
hill_climbing,rosenbrock,113,10000,14.544395350745619
hill_climbing,rosenbrock,113,10100,14.544395350745619
hill_climbing,rosenbrock,113,10200,14.544395350745619
hill_climbing,rosenbrock,113,10300,14.544395350745619
hill_climbing,rosenbrock,113,10400,14.544395350745619
hill_climbing,rosenbrock,113,10500,14.544395350745619
hill_climbing,rosenbrock,113,10600,14.544395350745619
hill_climbing,rosenbrock,113,10700,14.544395350745619
hill_climbing,rosenbrock,113,10800,14.544395350745619
hill_climbing,rosenbrock,113,10900,14.544395350745619
hill_climbing,rosenbrock,113,11000,14.544395350745619
hill_climbing,rosenbrock,113,11100,14.544395350745619
hill_climbing,rosenbrock,113,11200,14.544395350745619
hill_climbing,rosenbrock,113,11300,14.544395350745619
hill_climbing,rosenbrock,113,11400,14.544395350745619
hill_climbing,rosenbrock,113,11500,14.544395350745619
hill_climbing,rosenbrock,113,11600,14.544395350745619
hill_climbing,rosenbrock,113,11700,14.544395350745619
hill_climbing,rosenbrock,113,11800,14.544395350745619
hill_climbing,rosenbrock,113,11900,14.544395350745619
hill_climbing,rosenbrock,113,12000,14.544395350745619
hill_climbing,rosenbrock,113,12100,14.544395350745619
hill_climbing,rosenbrock,113,12200,14.544395350745619
hill_climbing,rosenbrock,113,12300,14.544395350745619
hill_climbing,rosenbrock,113,12400,14.544395350745619
hill_climbing,rosenbrock,113,12500,14.544395350745619
hill_climbing,rosenbrock,113,12600,14.544395350745619
hill_climbing,rosenbrock,113,12700,14.544395350745619
hill_climbing,rosenbrock,113,12800,14.544395350745619
hill_climbing,rosenbrock,113,12900,14.544395350745619
hill_climbing,rosenbrock,113,13000,14.544395350745619
hill_climbing,rosenbrock,113,13100,14.544395350745619
hill_climbing,rosenbrock,113,13200,14.544395350745619
hill_climbing,rosenbrock,113,13300,14.544395350745619
hill_climbing,rosenbrock,113,13400,14.544395350745619
hill_climbing,rosenbrock,113,13500,14.544395350745619
hill_climbing,rosenbrock,113,13600,14.544395350745619
hill_climbing,rosenbrock,113,13700,14.544395350745619
hill_climbing,rosenbrock,113,13800,14.544395350745619
hill_climbing,rosenbrock,113,13900,14.544395350745619
hill_climbing,rosenbrock,113,14000,14.544395350745619
hill_climbing,rosenbrock,113,14100,14.544395350745619
hill_climbing,rosenbrock,113,14200,14.544395350745619
hill_climbing,rosenbrock,113,14300,14.544395350745619
hill_climbing,rosenbrock,113,14400,14.544395350745619
hill_climbing,rosenbrock,113,14500,14.544395350745619
hill_climbing,rosenbrock,113,14600,14.544395350745619
hill_climbing,rosenbrock,113,14700,14.544395350745619
hill_climbing,rosenbrock,113,14800,14.544395350745619
hill_climbing,rosenbrock,113,14900,14.544395350745619
hill_climbing,rosenbrock,113,15000,14.544395350745619
hill_climbing,rosenbrock,113,15100,14.544395350745619
hill_climbing,rosenbrock,113,15200,14.544395350745619
hill_climbing,rosenbrock,113,15300,14.544395350745619
hill_climbing,rosenbrock,113,15400,14.544395350745619
hill_climbing,rosenbrock,113,15500,14.544395350745619
hill_climbing,rosenbrock,113,15600,14.544395350745619
hill_climbing,rosenbrock,113,15700,14.544395350745619
hill_climbing,rosenbrock,113,15800,14.544395350745619
hill_climbing,rosenbrock,113,15900,14.544395350745619
hill_climbing,rosenbrock,113,16000,14.544395350745619
hill_climbing,rosenbrock,113,16100,14.544395350745619
hill_climbing,rosenbrock,113,16200,14.544395350745619
hill_climbing,rosenbrock,113,16300,14.544395350745619
hill_climbing,rosenbrock,113,16400,14.544395350745619
hill_climbing,rosenbrock,113,16500,14.544395350745619
hill_climbing,rosenbrock,113,16600,14.544395350745619
hill_climbing,rosenbrock,113,16700,14.544395350745619
hill_climbing,rosenbrock,113,16800,14.544395350745619
hill_climbing,rosenbrock,113,16900,14.544395350745619
hill_climbing,rosenbrock,113,17000,14.544395350745619
hill_climbing,rosenbrock,113,17100,14.544395350745619
hill_climbing,rosenbrock,113,17200,14.544395350745619
hill_climbing,rosenbrock,113,17300,14.544395350745619
hill_climbing,rosenbrock,113,17400,14.544395350745619
hill_climbing,rosenbrock,113,17500,14.544395350745619
hill_climbing,rosenbrock,113,17600,14.544395350745619
hill_climbing,rosenbrock,113,17700,14.544395350745619
hill_climbing,rosenbrock,113,17800,14.544395350745619
hill_climbing,rosenbrock,113,17900,14.544395350745619
hill_climbing,rosenbrock,113,18000,14.544395350745619
hill_climbing,rosenbrock,113,18100,14.544395350745619
hill_climbing,rosenbrock,113,18200,14.544395350745619
hill_climbing,rosenbrock,113,18300,14.544395350745619
hill_climbing,rosenbrock,113,18400,14.544395350745619
hill_climbing,rosenbrock,113,18500,14.544395350745619
hill_climbing,rosenbrock,113,18600,14.544395350745619
hill_climbing,rosenbrock,113,18700,14.544395350745619
hill_climbing,rosenbrock,113,18800,14.544395350745619
hill_climbing,rosenbrock,113,18900,14.544395350745619
hill_climbing,rosenbrock,113,19000,14.544395350745619
hill_climbing,rosenbrock,113,19100,14.544395350745619
hill_climbing,rosenbrock,113,19200,14.544395350745619
hill_climbing,rosenbrock,113,19300,14.544395350745619
hill_climbing,rosenbrock,113,19400,14.544395350745619
hill_climbing,rosenbrock,113,19500,14.544395350745619
hill_climbing,rosenbrock,113,19600,14.544395350745619
hill_climbing,rosenbrock,113,19700,14.544395350745619
hill_climbing,rosenbrock,113,19800,14.544395350745619
hill_climbing,rosenbrock,113,19900,14.544395350745619
hill_climbing,rosenbrock,113,20000,14.544395350745619
hill_climbing,rosenbrock,114,100,30673.70981486619
hill_climbing,rosenbrock,114,200,372.2926127984633
hill_climbing,rosenbrock,114,300,102.75077088597345
hill_climbing,rosenbrock,114,400,89.3994096150833
hill_climbing,rosenbrock,114,500,44.614605238617955
hill_climbing,rosenbrock,114,600,44.360267771633836
hill_climbing,rosenbrock,114,700,42.1418369050574
hill_climbing,rosenbrock,114,800,39.02445044313825
hill_climbing,rosenbrock,114,900,34.646986080388324
hill_climbing,rosenbrock,114,1000,27.828279770957934
hill_climbing,rosenbrock,114,1100,27.828279770957934
hill_climbing,rosenbrock,114,1200,27.828279770957934
hill_climbing,rosenbrock,114,1300,26.76578480537458
hill_climbing,rosenbrock,114,1400,23.68692219199084
hill_climbing,rosenbrock,114,1500,23.68692219199084
hill_climbing,rosenbrock,114,1600,23.68692219199084
hill_climbing,rosenbrock,114,1700,23.68692219199084
hill_climbing,rosenbrock,114,1800,23.68692219199084
hill_climbing,rosenbrock,114,1900,23.68692219199084
hill_climbing,rosenbrock,114,2000,23.68692219199084
hill_climbing,rosenbrock,114,2100,23.68692219199084
hill_climbing,rosenbrock,114,2200,23.68692219199084
hill_climbing,rosenbrock,114,2300,23.68692219199084
hill_climbing,rosenbrock,114,2400,23.68692219199084
hill_climbing,rosenbrock,114,2500,23.68692219199084
hill_climbing,rosenbrock,114,2600,23.68692219199084
hill_climbing,rosenbrock,114,2700,23.68692219199084
hill_climbing,rosenbrock,114,2800,23.68692219199084
hill_climbing,rosenbrock,114,2900,23.68692219199084
hill_climbing,rosenbrock,114,3000,23.68692219199084
hill_climbing,rosenbrock,114,3100,23.68692219199084
hill_climbing,rosenbrock,114,3200,23.68692219199084
hill_climbing,rosenbrock,114,3300,23.68692219199084
hill_climbing,rosenbrock,114,3400,23.68692219199084
hill_climbing,rosenbrock,114,3500,23.68692219199084
hill_climbing,rosenbrock,114,3600,23.68692219199084
hill_climbing,rosenbrock,114,3700,23.68692219199084
hill_climbing,rosenbrock,114,3800,11.98810201349231
hill_climbing,rosenbrock,114,3900,11.98810201349231
hill_climbing,rosenbrock,114,4000,11.98810201349231
hill_climbing,rosenbrock,114,4100,11.98810201349231
hill_climbing,rosenbrock,114,4200,11.98810201349231
hill_climbing,rosenbrock,114,4300,11.98810201349231
hill_climbing,rosenbrock,114,4400,11.98810201349231
hill_climbing,rosenbrock,114,4500,11.98810201349231
hill_climbing,rosenbrock,114,4600,11.98810201349231
hill_climbing,rosenbrock,114,4700,11.98810201349231
hill_climbing,rosenbrock,114,4800,11.98810201349231
hill_climbing,rosenbrock,114,4900,11.98810201349231
hill_climbing,rosenbrock,114,5000,11.98810201349231
hill_climbing,rosenbrock,114,5100,11.98810201349231
hill_climbing,rosenbrock,114,5200,11.98810201349231
hill_climbing,rosenbrock,114,5300,11.98810201349231
hill_climbing,rosenbrock,114,5400,11.98810201349231
hill_climbing,rosenbrock,114,5500,11.98810201349231
hill_climbing,rosenbrock,114,5600,11.98810201349231
hill_climbing,rosenbrock,114,5700,11.98810201349231
hill_climbing,rosenbrock,114,5800,11.98810201349231
hill_climbing,rosenbrock,114,5900,11.98810201349231
hill_climbing,rosenbrock,114,6000,11.98810201349231
hill_climbing,rosenbrock,114,6100,11.98810201349231
hill_climbing,rosenbrock,114,6200,11.98810201349231
hill_climbing,rosenbrock,114,6300,11.98810201349231
hill_climbing,rosenbrock,114,6400,11.98810201349231
hill_climbing,rosenbrock,114,6500,11.98810201349231
hill_climbing,rosenbrock,114,6600,11.98810201349231
hill_climbing,rosenbrock,114,6700,11.98810201349231
hill_climbing,rosenbrock,114,6800,11.98810201349231
hill_climbing,rosenbrock,114,6900,11.98810201349231
hill_climbing,rosenbrock,114,7000,11.98810201349231
hill_climbing,rosenbrock,114,7100,11.98810201349231
hill_climbing,rosenbrock,114,7200,11.98810201349231
hill_climbing,rosenbrock,114,7300,11.98810201349231
hill_climbing,rosenbrock,114,7400,11.98810201349231
hill_climbing,rosenbrock,114,7500,11.98810201349231
hill_climbing,rosenbrock,114,7600,11.98810201349231
hill_climbing,rosenbrock,114,7700,11.98810201349231
hill_climbing,rosenbrock,114,7800,11.98810201349231
hill_climbing,rosenbrock,114,7900,11.98810201349231
hill_climbing,rosenbrock,114,8000,11.98810201349231
hill_climbing,rosenbrock,114,8100,11.98810201349231
hill_climbing,rosenbrock,114,8200,11.98810201349231
hill_climbing,rosenbrock,114,8300,11.98810201349231
hill_climbing,rosenbrock,114,8400,11.98810201349231
hill_climbing,rosenbrock,114,8500,11.98810201349231
hill_climbing,rosenbrock,114,8600,11.98810201349231
hill_climbing,rosenbrock,114,8700,11.98810201349231
hill_climbing,rosenbrock,114,8800,11.98810201349231
hill_climbing,rosenbrock,114,8900,11.98810201349231
hill_climbing,rosenbrock,114,9000,11.98810201349231
hill_climbing,rosenbrock,114,9100,11.98810201349231
hill_climbing,rosenbrock,114,9200,11.98810201349231
hill_climbing,rosenbrock,114,9300,11.98810201349231
hill_climbing,rosenbrock,114,9400,11.98810201349231
hill_climbing,rosenbrock,114,9500,11.98810201349231
hill_climbing,rosenbrock,114,9600,11.98810201349231
hill_climbing,rosenbrock,114,9700,11.98810201349231
hill_climbing,rosenbrock,114,9800,11.98810201349231
hill_climbing,rosenbrock,114,9900,11.98810201349231
hill_climbing,rosenbrock,114,10000,11.98810201349231
hill_climbing,rosenbrock,114,10100,11.98810201349231
hill_climbing,rosenbrock,114,10200,11.98810201349231
hill_climbing,rosenbrock,114,10300,11.98810201349231
hill_climbing,rosenbrock,114,10400,11.98810201349231
hill_climbing,rosenbrock,114,10500,11.98810201349231
hill_climbing,rosenbrock,114,10600,11.98810201349231
hill_climbing,rosenbrock,114,10700,11.98810201349231
hill_climbing,rosenbrock,114,10800,11.98810201349231
hill_climbing,rosenbrock,114,10900,11.98810201349231
hill_climbing,rosenbrock,114,11000,11.98810201349231
hill_climbing,rosenbrock,114,11100,11.98810201349231
hill_climbing,rosenbrock,114,11200,11.98810201349231
hill_climbing,rosenbrock,114,11300,11.98810201349231
hill_climbing,rosenbrock,114,11400,11.98810201349231
hill_climbing,rosenbrock,114,11500,11.98810201349231
hill_climbing,rosenbrock,114,11600,11.98810201349231
hill_climbing,rosenbrock,114,11700,11.98810201349231
hill_climbing,rosenbrock,114,11800,11.98810201349231
hill_climbing,rosenbrock,114,11900,11.98810201349231
hill_climbing,rosenbrock,114,12000,11.98810201349231
hill_climbing,rosenbrock,114,12100,11.98810201349231
hill_climbing,rosenbrock,114,12200,11.98810201349231
hill_climbing,rosenbrock,114,12300,11.98810201349231
hill_climbing,rosenbrock,114,12400,11.98810201349231
hill_climbing,rosenbrock,114,12500,11.98810201349231
hill_climbing,rosenbrock,114,12600,11.98810201349231
hill_climbing,rosenbrock,114,12700,11.98810201349231
hill_climbing,rosenbrock,114,12800,11.98810201349231
hill_climbing,rosenbrock,114,12900,11.98810201349231
hill_climbing,rosenbrock,114,13000,11.98810201349231
hill_climbing,rosenbrock,114,13100,11.98810201349231
hill_climbing,rosenbrock,114,13200,11.98810201349231
hill_climbing,rosenbrock,114,13300,11.98810201349231
hill_climbing,rosenbrock,114,13400,11.98810201349231
hill_climbing,rosenbrock,114,13500,11.98810201349231
hill_climbing,rosenbrock,114,13600,11.98810201349231
hill_climbing,rosenbrock,114,13700,11.98810201349231
hill_climbing,rosenbrock,114,13800,11.98810201349231
hill_climbing,rosenbrock,114,13900,11.98810201349231
hill_climbing,rosenbrock,114,14000,11.98810201349231
hill_climbing,rosenbrock,114,14100,11.98810201349231
hill_climbing,rosenbrock,114,14200,11.98810201349231
hill_climbing,rosenbrock,114,14300,11.98810201349231
hill_climbing,rosenbrock,114,14400,11.98810201349231
hill_climbing,rosenbrock,114,14500,11.98810201349231
hill_climbing,rosenbrock,114,14600,11.98810201349231
hill_climbing,rosenbrock,114,14700,11.98810201349231
hill_climbing,rosenbrock,114,14800,11.98810201349231
hill_climbing,rosenbrock,114,14900,11.98810201349231
hill_climbing,rosenbrock,114,15000,11.98810201349231
hill_climbing,rosenbrock,114,15100,11.98810201349231
hill_climbing,rosenbrock,114,15200,11.98810201349231
hill_climbing,rosenbrock,114,15300,11.98810201349231
hill_climbing,rosenbrock,114,15400,11.98810201349231
hill_climbing,rosenbrock,114,15500,11.98810201349231
hill_climbing,rosenbrock,114,15600,11.98810201349231
hill_climbing,rosenbrock,114,15700,11.98810201349231
hill_climbing,rosenbrock,114,15800,11.98810201349231
hill_climbing,rosenbrock,114,15900,11.98810201349231
hill_climbing,rosenbrock,114,16000,11.98810201349231
hill_climbing,rosenbrock,114,16100,11.98810201349231
hill_climbing,rosenbrock,114,16200,11.98810201349231
hill_climbing,rosenbrock,114,16300,11.98810201349231
hill_climbing,rosenbrock,114,16400,11.98810201349231
hill_climbing,rosenbrock,114,16500,11.98810201349231
hill_climbing,rosenbrock,114,16600,11.98810201349231
hill_climbing,rosenbrock,114,16700,11.98810201349231
hill_climbing,rosenbrock,114,16800,11.98810201349231
hill_climbing,rosenbrock,114,16900,11.98810201349231
hill_climbing,rosenbrock,114,17000,11.98810201349231
hill_climbing,rosenbrock,114,17100,11.98810201349231
hill_climbing,rosenbrock,114,17200,11.98810201349231
hill_climbing,rosenbrock,114,17300,11.98810201349231
hill_climbing,rosenbrock,114,17400,11.98810201349231
hill_climbing,rosenbrock,114,17500,11.98810201349231
hill_climbing,rosenbrock,114,17600,11.98810201349231
hill_climbing,rosenbrock,114,17700,11.98810201349231
hill_climbing,rosenbrock,114,17800,11.98810201349231
hill_climbing,rosenbrock,114,17900,11.98810201349231
hill_climbing,rosenbrock,114,18000,11.98810201349231
hill_climbing,rosenbrock,114,18100,11.98810201349231
hill_climbing,rosenbrock,114,18200,11.98810201349231
hill_climbing,rosenbrock,114,18300,11.98810201349231
hill_climbing,rosenbrock,114,18400,11.98810201349231
hill_climbing,rosenbrock,114,18500,11.98810201349231
hill_climbing,rosenbrock,114,18600,11.98810201349231
hill_climbing,rosenbrock,114,18700,11.98810201349231
hill_climbing,rosenbrock,114,18800,11.98810201349231
hill_climbing,rosenbrock,114,18900,11.98810201349231
hill_climbing,rosenbrock,114,19000,11.98810201349231
hill_climbing,rosenbrock,114,19100,11.98810201349231
hill_climbing,rosenbrock,114,19200,11.98810201349231
hill_climbing,rosenbrock,114,19300,11.98810201349231
hill_climbing,rosenbrock,114,19400,11.98810201349231
hill_climbing,rosenbrock,114,19500,11.98810201349231
hill_climbing,rosenbrock,114,19600,11.98810201349231
hill_climbing,rosenbrock,114,19700,11.98810201349231
hill_climbing,rosenbrock,114,19800,11.98810201349231
hill_climbing,rosenbrock,114,19900,11.98810201349231
hill_climbing,rosenbrock,114,20000,11.98810201349231
hill_climbing,rosenbrock,115,100,23752.377981402802
hill_climbing,rosenbrock,115,200,299.1872988007699
hill_climbing,rosenbrock,115,300,122.22623308896185
hill_climbing,rosenbrock,115,400,36.332844467542415
hill_climbing,rosenbrock,115,500,33.006875128054716
hill_climbing,rosenbrock,115,600,33.006875128054716
hill_climbing,rosenbrock,115,700,32.73685739861003
hill_climbing,rosenbrock,115,800,32.73685739861003
hill_climbing,rosenbrock,115,900,32.73685739861003
hill_climbing,rosenbrock,115,1000,32.73685739861003
hill_climbing,rosenbrock,115,1100,17.013465845405044
hill_climbing,rosenbrock,115,1200,17.013465845405044
hill_climbing,rosenbrock,115,1300,17.013465845405044
hill_climbing,rosenbrock,115,1400,17.013465845405044
hill_climbing,rosenbrock,115,1500,17.013465845405044
hill_climbing,rosenbrock,115,1600,17.013465845405044
hill_climbing,rosenbrock,115,1700,17.013465845405044
hill_climbing,rosenbrock,115,1800,17.013465845405044
hill_climbing,rosenbrock,115,1900,17.013465845405044
hill_climbing,rosenbrock,115,2000,17.013465845405044
hill_climbing,rosenbrock,115,2100,17.013465845405044
hill_climbing,rosenbrock,115,2200,17.013465845405044
hill_climbing,rosenbrock,115,2300,17.013465845405044
hill_climbing,rosenbrock,115,2400,17.013465845405044
hill_climbing,rosenbrock,115,2500,17.013465845405044
hill_climbing,rosenbrock,115,2600,17.013465845405044
hill_climbing,rosenbrock,115,2700,17.013465845405044
hill_climbing,rosenbrock,115,2800,17.013465845405044
hill_climbing,rosenbrock,115,2900,17.013465845405044
hill_climbing,rosenbrock,115,3000,17.013465845405044
hill_climbing,rosenbrock,115,3100,17.013465845405044
hill_climbing,rosenbrock,115,3200,17.013465845405044
hill_climbing,rosenbrock,115,3300,17.013465845405044
hill_climbing,rosenbrock,115,3400,17.013465845405044
hill_climbing,rosenbrock,115,3500,17.013465845405044
hill_climbing,rosenbrock,115,3600,17.013465845405044
hill_climbing,rosenbrock,115,3700,17.013465845405044
hill_climbing,rosenbrock,115,3800,17.013465845405044
hill_climbing,rosenbrock,115,3900,17.013465845405044
hill_climbing,rosenbrock,115,4000,17.013465845405044
hill_climbing,rosenbrock,115,4100,17.013465845405044
hill_climbing,rosenbrock,115,4200,17.013465845405044
hill_climbing,rosenbrock,115,4300,17.013465845405044
hill_climbing,rosenbrock,115,4400,17.013465845405044
hill_climbing,rosenbrock,115,4500,17.013465845405044
hill_climbing,rosenbrock,115,4600,17.013465845405044
hill_climbing,rosenbrock,115,4700,17.013465845405044
hill_climbing,rosenbrock,115,4800,17.013465845405044
hill_climbing,rosenbrock,115,4900,17.013465845405044
hill_climbing,rosenbrock,115,5000,17.013465845405044
hill_climbing,rosenbrock,115,5100,17.013465845405044
hill_climbing,rosenbrock,115,5200,17.013465845405044
hill_climbing,rosenbrock,115,5300,17.013465845405044
hill_climbing,rosenbrock,115,5400,17.013465845405044
hill_climbing,rosenbrock,115,5500,17.013465845405044
hill_climbing,rosenbrock,115,5600,17.013465845405044
hill_climbing,rosenbrock,115,5700,17.013465845405044
hill_climbing,rosenbrock,115,5800,17.013465845405044
hill_climbing,rosenbrock,115,5900,17.013465845405044
hill_climbing,rosenbrock,115,6000,17.013465845405044
hill_climbing,rosenbrock,115,6100,17.013465845405044
hill_climbing,rosenbrock,115,6200,17.013465845405044
hill_climbing,rosenbrock,115,6300,17.013465845405044
hill_climbing,rosenbrock,115,6400,17.013465845405044
hill_climbing,rosenbrock,115,6500,17.013465845405044
hill_climbing,rosenbrock,115,6600,17.013465845405044
hill_climbing,rosenbrock,115,6700,17.013465845405044
hill_climbing,rosenbrock,115,6800,17.013465845405044
hill_climbing,rosenbrock,115,6900,17.013465845405044
hill_climbing,rosenbrock,115,7000,17.013465845405044
hill_climbing,rosenbrock,115,7100,17.013465845405044
hill_climbing,rosenbrock,115,7200,17.013465845405044
hill_climbing,rosenbrock,115,7300,17.013465845405044
hill_climbing,rosenbrock,115,7400,17.013465845405044
hill_climbing,rosenbrock,115,7500,17.013465845405044
hill_climbing,rosenbrock,115,7600,17.013465845405044
hill_climbing,rosenbrock,115,7700,17.013465845405044
hill_climbing,rosenbrock,115,7800,17.013465845405044
hill_climbing,rosenbrock,115,7900,17.013465845405044
hill_climbing,rosenbrock,115,8000,17.013465845405044
hill_climbing,rosenbrock,115,8100,17.013465845405044
hill_climbing,rosenbrock,115,8200,17.013465845405044
hill_climbing,rosenbrock,115,8300,17.013465845405044
hill_climbing,rosenbrock,115,8400,17.013465845405044
hill_climbing,rosenbrock,115,8500,17.013465845405044
hill_climbing,rosenbrock,115,8600,17.013465845405044
hill_climbing,rosenbrock,115,8700,17.013465845405044
hill_climbing,rosenbrock,115,8800,17.013465845405044
hill_climbing,rosenbrock,115,8900,17.013465845405044
hill_climbing,rosenbrock,115,9000,17.013465845405044
hill_climbing,rosenbrock,115,9100,17.013465845405044
hill_climbing,rosenbrock,115,9200,17.013465845405044
hill_climbing,rosenbrock,115,9300,17.013465845405044
hill_climbing,rosenbrock,115,9400,17.013465845405044
hill_climbing,rosenbrock,115,9500,17.013465845405044
hill_climbing,rosenbrock,115,9600,17.013465845405044
hill_climbing,rosenbrock,115,9700,17.013465845405044
hill_climbing,rosenbrock,115,9800,17.013465845405044
hill_climbing,rosenbrock,115,9900,17.013465845405044
hill_climbing,rosenbrock,115,10000,17.013465845405044
hill_climbing,rosenbrock,115,10100,17.013465845405044
hill_climbing,rosenbrock,115,10200,17.013465845405044
hill_climbing,rosenbrock,115,10300,17.013465845405044
hill_climbing,rosenbrock,115,10400,17.013465845405044
hill_climbing,rosenbrock,115,10500,17.013465845405044
hill_climbing,rosenbrock,115,10600,17.013465845405044
hill_climbing,rosenbrock,115,10700,17.013465845405044
hill_climbing,rosenbrock,115,10800,17.013465845405044
hill_climbing,rosenbrock,115,10900,17.013465845405044
hill_climbing,rosenbrock,115,11000,17.013465845405044
hill_climbing,rosenbrock,115,11100,17.013465845405044
hill_climbing,rosenbrock,115,11200,17.013465845405044
hill_climbing,rosenbrock,115,11300,17.013465845405044
hill_climbing,rosenbrock,115,11400,17.013465845405044
hill_climbing,rosenbrock,115,11500,17.013465845405044
hill_climbing,rosenbrock,115,11600,17.013465845405044
hill_climbing,rosenbrock,115,11700,17.013465845405044
hill_climbing,rosenbrock,115,11800,17.013465845405044
hill_climbing,rosenbrock,115,11900,17.013465845405044
hill_climbing,rosenbrock,115,12000,17.013465845405044
hill_climbing,rosenbrock,115,12100,17.013465845405044
hill_climbing,rosenbrock,115,12200,17.013465845405044
hill_climbing,rosenbrock,115,12300,17.013465845405044
hill_climbing,rosenbrock,115,12400,17.013465845405044
hill_climbing,rosenbrock,115,12500,17.013465845405044
hill_climbing,rosenbrock,115,12600,17.013465845405044
hill_climbing,rosenbrock,115,12700,17.013465845405044
hill_climbing,rosenbrock,115,12800,17.013465845405044
hill_climbing,rosenbrock,115,12900,17.013465845405044
hill_climbing,rosenbrock,115,13000,17.013465845405044
hill_climbing,rosenbrock,115,13100,17.013465845405044
hill_climbing,rosenbrock,115,13200,17.013465845405044
hill_climbing,rosenbrock,115,13300,17.013465845405044
hill_climbing,rosenbrock,115,13400,15.661321802823473
hill_climbing,rosenbrock,115,13500,15.661321802823473
hill_climbing,rosenbrock,115,13600,15.661321802823473
hill_climbing,rosenbrock,115,13700,15.661321802823473
hill_climbing,rosenbrock,115,13800,15.661321802823473
hill_climbing,rosenbrock,115,13900,15.661321802823473
hill_climbing,rosenbrock,115,14000,15.661321802823473
hill_climbing,rosenbrock,115,14100,15.661321802823473
hill_climbing,rosenbrock,115,14200,15.661321802823473
hill_climbing,rosenbrock,115,14300,15.661321802823473
hill_climbing,rosenbrock,115,14400,15.661321802823473
hill_climbing,rosenbrock,115,14500,15.661321802823473
hill_climbing,rosenbrock,115,14600,15.661321802823473
hill_climbing,rosenbrock,115,14700,15.661321802823473
hill_climbing,rosenbrock,115,14800,15.661321802823473
hill_climbing,rosenbrock,115,14900,15.661321802823473
hill_climbing,rosenbrock,115,15000,15.661321802823473
hill_climbing,rosenbrock,115,15100,15.661321802823473
hill_climbing,rosenbrock,115,15200,15.661321802823473
hill_climbing,rosenbrock,115,15300,15.661321802823473
hill_climbing,rosenbrock,115,15400,15.661321802823473
hill_climbing,rosenbrock,115,15500,15.661321802823473
hill_climbing,rosenbrock,115,15600,15.661321802823473
hill_climbing,rosenbrock,115,15700,15.661321802823473
hill_climbing,rosenbrock,115,15800,15.661321802823473
hill_climbing,rosenbrock,115,15900,15.661321802823473
hill_climbing,rosenbrock,115,16000,15.661321802823473
hill_climbing,rosenbrock,115,16100,15.661321802823473
hill_climbing,rosenbrock,115,16200,15.661321802823473
hill_climbing,rosenbrock,115,16300,15.661321802823473
hill_climbing,rosenbrock,115,16400,15.661321802823473
hill_climbing,rosenbrock,115,16500,15.661321802823473
hill_climbing,rosenbrock,115,16600,15.661321802823473
hill_climbing,rosenbrock,115,16700,15.661321802823473
hill_climbing,rosenbrock,115,16800,15.661321802823473
hill_climbing,rosenbrock,115,16900,15.661321802823473
hill_climbing,rosenbrock,115,17000,15.661321802823473
hill_climbing,rosenbrock,115,17100,15.661321802823473
hill_climbing,rosenbrock,115,17200,15.661321802823473
hill_climbing,rosenbrock,115,17300,15.661321802823473
hill_climbing,rosenbrock,115,17400,15.661321802823473
hill_climbing,rosenbrock,115,17500,15.661321802823473
hill_climbing,rosenbrock,115,17600,15.661321802823473
hill_climbing,rosenbrock,115,17700,15.661321802823473
hill_climbing,rosenbrock,115,17800,15.661321802823473
hill_climbing,rosenbrock,115,17900,15.661321802823473
hill_climbing,rosenbrock,115,18000,15.661321802823473
hill_climbing,rosenbrock,115,18100,15.661321802823473
hill_climbing,rosenbrock,115,18200,15.661321802823473
hill_climbing,rosenbrock,115,18300,15.661321802823473
hill_climbing,rosenbrock,115,18400,15.661321802823473
hill_climbing,rosenbrock,115,18500,15.661321802823473
hill_climbing,rosenbrock,115,18600,15.661321802823473
hill_climbing,rosenbrock,115,18700,15.661321802823473
hill_climbing,rosenbrock,115,18800,15.661321802823473
hill_climbing,rosenbrock,115,18900,15.661321802823473
hill_climbing,rosenbrock,115,19000,15.661321802823473
hill_climbing,rosenbrock,115,19100,15.661321802823473
hill_climbing,rosenbrock,115,19200,15.661321802823473
hill_climbing,rosenbrock,115,19300,15.661321802823473
hill_climbing,rosenbrock,115,19400,15.661321802823473
hill_climbing,rosenbrock,115,19500,15.661321802823473
hill_climbing,rosenbrock,115,19600,15.661321802823473
hill_climbing,rosenbrock,115,19700,15.661321802823473
hill_climbing,rosenbrock,115,19800,15.661321802823473
hill_climbing,rosenbrock,115,19900,15.661321802823473
hill_climbing,rosenbrock,115,20000,15.661321802823473
hill_climbing,rosenbrock,116,100,20063.289651836716
hill_climbing,rosenbrock,116,200,84.28559779726443
hill_climbing,rosenbrock,116,300,58.7300067330033
hill_climbing,rosenbrock,116,400,58.7300067330033
hill_climbing,rosenbrock,116,500,58.7300067330033
hill_climbing,rosenbrock,116,600,54.11566938186434
hill_climbing,rosenbrock,116,700,54.11566938186434
hill_climbing,rosenbrock,116,800,51.475840373450474
hill_climbing,rosenbrock,116,900,43.56886646360243
hill_climbing,rosenbrock,116,1000,43.56886646360243
hill_climbing,rosenbrock,116,1100,36.083947004646866
hill_climbing,rosenbrock,116,1200,36.083947004646866
hill_climbing,rosenbrock,116,1300,36.083947004646866
hill_climbing,rosenbrock,116,1400,36.083947004646866
hill_climbing,rosenbrock,116,1500,26.358353259081383
hill_climbing,rosenbrock,116,1600,26.358353259081383
hill_climbing,rosenbrock,116,1700,26.358353259081383
hill_climbing,rosenbrock,116,1800,26.358353259081383
hill_climbing,rosenbrock,116,1900,26.358353259081383
hill_climbing,rosenbrock,116,2000,26.358353259081383
hill_climbing,rosenbrock,116,2100,26.358353259081383
hill_climbing,rosenbrock,116,2200,26.358353259081383
hill_climbing,rosenbrock,116,2300,26.358353259081383
hill_climbing,rosenbrock,116,2400,26.358353259081383
hill_climbing,rosenbrock,116,2500,26.358353259081383
hill_climbing,rosenbrock,116,2600,26.358353259081383
hill_climbing,rosenbrock,116,2700,26.358353259081383
hill_climbing,rosenbrock,116,2800,26.358353259081383
hill_climbing,rosenbrock,116,2900,26.358353259081383
hill_climbing,rosenbrock,116,3000,26.358353259081383
hill_climbing,rosenbrock,116,3100,26.358353259081383
hill_climbing,rosenbrock,116,3200,26.358353259081383
hill_climbing,rosenbrock,116,3300,26.358353259081383
hill_climbing,rosenbrock,116,3400,26.358353259081383
hill_climbing,rosenbrock,116,3500,26.358353259081383
hill_climbing,rosenbrock,116,3600,26.358353259081383
hill_climbing,rosenbrock,116,3700,26.358353259081383
hill_climbing,rosenbrock,116,3800,26.358353259081383
hill_climbing,rosenbrock,116,3900,26.358353259081383
hill_climbing,rosenbrock,116,4000,26.358353259081383
hill_climbing,rosenbrock,116,4100,22.18915195909452
hill_climbing,rosenbrock,116,4200,22.18915195909452
hill_climbing,rosenbrock,116,4300,22.18915195909452
hill_climbing,rosenbrock,116,4400,22.18915195909452
hill_climbing,rosenbrock,116,4500,22.18915195909452
hill_climbing,rosenbrock,116,4600,22.18915195909452
hill_climbing,rosenbrock,116,4700,22.18915195909452
hill_climbing,rosenbrock,116,4800,22.18915195909452
hill_climbing,rosenbrock,116,4900,22.18915195909452
hill_climbing,rosenbrock,116,5000,22.18915195909452
hill_climbing,rosenbrock,116,5100,22.18915195909452
hill_climbing,rosenbrock,116,5200,22.18915195909452
hill_climbing,rosenbrock,116,5300,22.18915195909452
hill_climbing,rosenbrock,116,5400,22.18915195909452
hill_climbing,rosenbrock,116,5500,22.18915195909452
hill_climbing,rosenbrock,116,5600,22.18915195909452
hill_climbing,rosenbrock,116,5700,22.18915195909452
hill_climbing,rosenbrock,116,5800,22.18915195909452
hill_climbing,rosenbrock,116,5900,22.18915195909452
hill_climbing,rosenbrock,116,6000,22.18915195909452
hill_climbing,rosenbrock,116,6100,22.18915195909452
hill_climbing,rosenbrock,116,6200,22.18915195909452
hill_climbing,rosenbrock,116,6300,19.770925941655037
hill_climbing,rosenbrock,116,6400,12.731649203334186
hill_climbing,rosenbrock,116,6500,12.731649203334186
hill_climbing,rosenbrock,116,6600,12.731649203334186
hill_climbing,rosenbrock,116,6700,12.731649203334186
hill_climbing,rosenbrock,116,6800,12.731649203334186
hill_climbing,rosenbrock,116,6900,12.731649203334186
hill_climbing,rosenbrock,116,7000,12.731649203334186
hill_climbing,rosenbrock,116,7100,12.731649203334186
hill_climbing,rosenbrock,116,7200,12.731649203334186
hill_climbing,rosenbrock,116,7300,12.731649203334186
hill_climbing,rosenbrock,116,7400,12.731649203334186
hill_climbing,rosenbrock,116,7500,12.731649203334186
hill_climbing,rosenbrock,116,7600,12.731649203334186
hill_climbing,rosenbrock,116,7700,12.731649203334186
hill_climbing,rosenbrock,116,7800,12.731649203334186
hill_climbing,rosenbrock,116,7900,12.731649203334186
hill_climbing,rosenbrock,116,8000,12.731649203334186
hill_climbing,rosenbrock,116,8100,12.731649203334186
hill_climbing,rosenbrock,116,8200,12.731649203334186
hill_climbing,rosenbrock,116,8300,12.731649203334186
hill_climbing,rosenbrock,116,8400,12.731649203334186
hill_climbing,rosenbrock,116,8500,12.731649203334186
hill_climbing,rosenbrock,116,8600,12.731649203334186
hill_climbing,rosenbrock,116,8700,12.731649203334186
hill_climbing,rosenbrock,116,8800,12.731649203334186
hill_climbing,rosenbrock,116,8900,12.731649203334186
hill_climbing,rosenbrock,116,9000,12.731649203334186
hill_climbing,rosenbrock,116,9100,12.731649203334186
hill_climbing,rosenbrock,116,9200,12.731649203334186
hill_climbing,rosenbrock,116,9300,7.872213349984781
hill_climbing,rosenbrock,116,9400,7.872213349984781
hill_climbing,rosenbrock,116,9500,7.872213349984781
hill_climbing,rosenbrock,116,9600,7.872213349984781
hill_climbing,rosenbrock,116,9700,7.872213349984781
hill_climbing,rosenbrock,116,9800,7.872213349984781
hill_climbing,rosenbrock,116,9900,7.872213349984781
hill_climbing,rosenbrock,116,10000,7.872213349984781
hill_climbing,rosenbrock,116,10100,7.872213349984781
hill_climbing,rosenbrock,116,10200,7.872213349984781
hill_climbing,rosenbrock,116,10300,7.872213349984781
hill_climbing,rosenbrock,116,10400,7.872213349984781
hill_climbing,rosenbrock,116,10500,7.872213349984781
hill_climbing,rosenbrock,116,10600,7.872213349984781
hill_climbing,rosenbrock,116,10700,7.872213349984781
hill_climbing,rosenbrock,116,10800,7.872213349984781
hill_climbing,rosenbrock,116,10900,7.872213349984781
hill_climbing,rosenbrock,116,11000,7.872213349984781
hill_climbing,rosenbrock,116,11100,7.872213349984781
hill_climbing,rosenbrock,116,11200,7.872213349984781
hill_climbing,rosenbrock,116,11300,7.872213349984781
hill_climbing,rosenbrock,116,11400,7.872213349984781
hill_climbing,rosenbrock,116,11500,7.872213349984781
hill_climbing,rosenbrock,116,11600,7.872213349984781
hill_climbing,rosenbrock,116,11700,7.872213349984781
hill_climbing,rosenbrock,116,11800,7.872213349984781
hill_climbing,rosenbrock,116,11900,7.872213349984781
hill_climbing,rosenbrock,116,12000,7.872213349984781
hill_climbing,rosenbrock,116,12100,7.872213349984781
hill_climbing,rosenbrock,116,12200,7.872213349984781
hill_climbing,rosenbrock,116,12300,7.872213349984781
hill_climbing,rosenbrock,116,12400,7.872213349984781
hill_climbing,rosenbrock,116,12500,7.872213349984781
hill_climbing,rosenbrock,116,12600,7.872213349984781
hill_climbing,rosenbrock,116,12700,7.872213349984781
hill_climbing,rosenbrock,116,12800,7.872213349984781
hill_climbing,rosenbrock,116,12900,7.872213349984781
hill_climbing,rosenbrock,116,13000,7.872213349984781
hill_climbing,rosenbrock,116,13100,7.872213349984781
hill_climbing,rosenbrock,116,13200,7.872213349984781
hill_climbing,rosenbrock,116,13300,7.872213349984781
hill_climbing,rosenbrock,116,13400,7.872213349984781
hill_climbing,rosenbrock,116,13500,7.872213349984781
hill_climbing,rosenbrock,116,13600,7.872213349984781
hill_climbing,rosenbrock,116,13700,7.872213349984781
hill_climbing,rosenbrock,116,13800,7.872213349984781
hill_climbing,rosenbrock,116,13900,7.872213349984781
hill_climbing,rosenbrock,116,14000,7.872213349984781
hill_climbing,rosenbrock,116,14100,7.872213349984781
hill_climbing,rosenbrock,116,14200,7.872213349984781
hill_climbing,rosenbrock,116,14300,7.872213349984781
hill_climbing,rosenbrock,116,14400,7.872213349984781
hill_climbing,rosenbrock,116,14500,7.872213349984781
hill_climbing,rosenbrock,116,14600,7.872213349984781
hill_climbing,rosenbrock,116,14700,7.872213349984781
hill_climbing,rosenbrock,116,14800,7.872213349984781
hill_climbing,rosenbrock,116,14900,7.872213349984781
hill_climbing,rosenbrock,116,15000,7.872213349984781
hill_climbing,rosenbrock,116,15100,7.872213349984781
hill_climbing,rosenbrock,116,15200,7.872213349984781
hill_climbing,rosenbrock,116,15300,7.872213349984781
hill_climbing,rosenbrock,116,15400,7.872213349984781
hill_climbing,rosenbrock,116,15500,7.872213349984781
hill_climbing,rosenbrock,116,15600,7.872213349984781
hill_climbing,rosenbrock,116,15700,7.872213349984781
hill_climbing,rosenbrock,116,15800,7.872213349984781
hill_climbing,rosenbrock,116,15900,7.872213349984781
hill_climbing,rosenbrock,116,16000,7.872213349984781
hill_climbing,rosenbrock,116,16100,7.872213349984781
hill_climbing,rosenbrock,116,16200,7.872213349984781
hill_climbing,rosenbrock,116,16300,7.872213349984781
hill_climbing,rosenbrock,116,16400,7.872213349984781
hill_climbing,rosenbrock,116,16500,7.872213349984781
hill_climbing,rosenbrock,116,16600,7.872213349984781
hill_climbing,rosenbrock,116,16700,7.872213349984781
hill_climbing,rosenbrock,116,16800,7.872213349984781
hill_climbing,rosenbrock,116,16900,7.872213349984781
hill_climbing,rosenbrock,116,17000,7.872213349984781
hill_climbing,rosenbrock,116,17100,7.872213349984781
hill_climbing,rosenbrock,116,17200,7.872213349984781
hill_climbing,rosenbrock,116,17300,7.872213349984781
hill_climbing,rosenbrock,116,17400,7.872213349984781
hill_climbing,rosenbrock,116,17500,7.872213349984781
hill_climbing,rosenbrock,116,17600,7.872213349984781
hill_climbing,rosenbrock,116,17700,7.872213349984781
hill_climbing,rosenbrock,116,17800,7.872213349984781
hill_climbing,rosenbrock,116,17900,7.872213349984781
hill_climbing,rosenbrock,116,18000,7.872213349984781
hill_climbing,rosenbrock,116,18100,7.872213349984781
hill_climbing,rosenbrock,116,18200,7.872213349984781
hill_climbing,rosenbrock,116,18300,7.872213349984781
hill_climbing,rosenbrock,116,18400,7.872213349984781
hill_climbing,rosenbrock,116,18500,7.872213349984781
hill_climbing,rosenbrock,116,18600,7.872213349984781
hill_climbing,rosenbrock,116,18700,7.872213349984781
hill_climbing,rosenbrock,116,18800,7.872213349984781
hill_climbing,rosenbrock,116,18900,7.872213349984781
hill_climbing,rosenbrock,116,19000,7.872213349984781
hill_climbing,rosenbrock,116,19100,7.872213349984781
hill_climbing,rosenbrock,116,19200,7.872213349984781
hill_climbing,rosenbrock,116,19300,7.872213349984781
hill_climbing,rosenbrock,116,19400,7.872213349984781
hill_climbing,rosenbrock,116,19500,7.872213349984781
hill_climbing,rosenbrock,116,19600,7.872213349984781
hill_climbing,rosenbrock,116,19700,7.872213349984781
hill_climbing,rosenbrock,116,19800,7.872213349984781
hill_climbing,rosenbrock,116,19900,7.872213349984781
hill_climbing,rosenbrock,116,20000,7.872213349984781
hill_climbing,rosenbrock,117,100,4922.839586191132
hill_climbing,rosenbrock,117,200,165.71666949102058
hill_climbing,rosenbrock,117,300,81.9089825952292
hill_climbing,rosenbrock,117,400,81.9089825952292
hill_climbing,rosenbrock,117,500,81.9089825952292
hill_climbing,rosenbrock,117,600,81.9089825952292
hill_climbing,rosenbrock,117,700,81.9089825952292
hill_climbing,rosenbrock,117,800,81.9089825952292
hill_climbing,rosenbrock,117,900,81.9089825952292
hill_climbing,rosenbrock,117,1000,81.9089825952292
hill_climbing,rosenbrock,117,1100,81.9089825952292
hill_climbing,rosenbrock,117,1200,81.9089825952292
hill_climbing,rosenbrock,117,1300,81.9089825952292
hill_climbing,rosenbrock,117,1400,81.9089825952292
hill_climbing,rosenbrock,117,1500,81.9089825952292
hill_climbing,rosenbrock,117,1600,81.9089825952292
hill_climbing,rosenbrock,117,1700,81.9089825952292
hill_climbing,rosenbrock,117,1800,81.9089825952292
hill_climbing,rosenbrock,117,1900,81.9089825952292
hill_climbing,rosenbrock,117,2000,81.9089825952292
hill_climbing,rosenbrock,117,2100,81.9089825952292
hill_climbing,rosenbrock,117,2200,81.9089825952292
hill_climbing,rosenbrock,117,2300,81.9089825952292
hill_climbing,rosenbrock,117,2400,81.9089825952292
hill_climbing,rosenbrock,117,2500,81.9089825952292
hill_climbing,rosenbrock,117,2600,55.6804531550483
hill_climbing,rosenbrock,117,2700,55.6804531550483
hill_climbing,rosenbrock,117,2800,30.138076613924504
hill_climbing,rosenbrock,117,2900,30.138076613924504
hill_climbing,rosenbrock,117,3000,30.138076613924504
hill_climbing,rosenbrock,117,3100,30.138076613924504
hill_climbing,rosenbrock,117,3200,30.138076613924504
hill_climbing,rosenbrock,117,3300,30.138076613924504
hill_climbing,rosenbrock,117,3400,30.138076613924504
hill_climbing,rosenbrock,117,3500,30.138076613924504
hill_climbing,rosenbrock,117,3600,30.138076613924504
hill_climbing,rosenbrock,117,3700,30.138076613924504
hill_climbing,rosenbrock,117,3800,30.138076613924504
hill_climbing,rosenbrock,117,3900,30.138076613924504
hill_climbing,rosenbrock,117,4000,30.138076613924504
hill_climbing,rosenbrock,117,4100,30.138076613924504
hill_climbing,rosenbrock,117,4200,30.138076613924504
hill_climbing,rosenbrock,117,4300,30.138076613924504
hill_climbing,rosenbrock,117,4400,30.138076613924504
hill_climbing,rosenbrock,117,4500,30.138076613924504
hill_climbing,rosenbrock,117,4600,30.138076613924504
hill_climbing,rosenbrock,117,4700,30.138076613924504
hill_climbing,rosenbrock,117,4800,30.138076613924504
hill_climbing,rosenbrock,117,4900,30.138076613924504
hill_climbing,rosenbrock,117,5000,30.138076613924504
hill_climbing,rosenbrock,117,5100,30.138076613924504
hill_climbing,rosenbrock,117,5200,30.138076613924504
hill_climbing,rosenbrock,117,5300,30.138076613924504
hill_climbing,rosenbrock,117,5400,30.138076613924504
hill_climbing,rosenbrock,117,5500,30.138076613924504
hill_climbing,rosenbrock,117,5600,30.138076613924504
hill_climbing,rosenbrock,117,5700,30.138076613924504
hill_climbing,rosenbrock,117,5800,30.138076613924504
hill_climbing,rosenbrock,117,5900,30.138076613924504
hill_climbing,rosenbrock,117,6000,30.138076613924504
hill_climbing,rosenbrock,117,6100,30.138076613924504
hill_climbing,rosenbrock,117,6200,30.138076613924504
hill_climbing,rosenbrock,117,6300,30.138076613924504
hill_climbing,rosenbrock,117,6400,30.138076613924504
hill_climbing,rosenbrock,117,6500,30.138076613924504
hill_climbing,rosenbrock,117,6600,30.138076613924504
hill_climbing,rosenbrock,117,6700,30.138076613924504
hill_climbing,rosenbrock,117,6800,30.138076613924504
hill_climbing,rosenbrock,117,6900,30.138076613924504
hill_climbing,rosenbrock,117,7000,30.138076613924504
hill_climbing,rosenbrock,117,7100,30.138076613924504
hill_climbing,rosenbrock,117,7200,30.138076613924504
hill_climbing,rosenbrock,117,7300,30.138076613924504
hill_climbing,rosenbrock,117,7400,30.138076613924504
hill_climbing,rosenbrock,117,7500,30.138076613924504
hill_climbing,rosenbrock,117,7600,30.138076613924504
hill_climbing,rosenbrock,117,7700,30.138076613924504
hill_climbing,rosenbrock,117,7800,30.138076613924504
hill_climbing,rosenbrock,117,7900,30.138076613924504
hill_climbing,rosenbrock,117,8000,30.138076613924504
hill_climbing,rosenbrock,117,8100,30.138076613924504
hill_climbing,rosenbrock,117,8200,30.138076613924504
hill_climbing,rosenbrock,117,8300,30.138076613924504
hill_climbing,rosenbrock,117,8400,30.138076613924504
hill_climbing,rosenbrock,117,8500,24.798658762904644
hill_climbing,rosenbrock,117,8600,24.798658762904644
hill_climbing,rosenbrock,117,8700,24.798658762904644
hill_climbing,rosenbrock,117,8800,24.798658762904644
hill_climbing,rosenbrock,117,8900,24.798658762904644
hill_climbing,rosenbrock,117,9000,24.798658762904644
hill_climbing,rosenbrock,117,9100,24.798658762904644
hill_climbing,rosenbrock,117,9200,24.798658762904644
hill_climbing,rosenbrock,117,9300,24.798658762904644
hill_climbing,rosenbrock,117,9400,24.798658762904644
hill_climbing,rosenbrock,117,9500,24.798658762904644
hill_climbing,rosenbrock,117,9600,24.798658762904644
hill_climbing,rosenbrock,117,9700,24.798658762904644
hill_climbing,rosenbrock,117,9800,24.798658762904644
hill_climbing,rosenbrock,117,9900,24.798658762904644
hill_climbing,rosenbrock,117,10000,24.798658762904644
hill_climbing,rosenbrock,117,10100,24.798658762904644
hill_climbing,rosenbrock,117,10200,24.798658762904644
hill_climbing,rosenbrock,117,10300,24.798658762904644
hill_climbing,rosenbrock,117,10400,24.798658762904644
hill_climbing,rosenbrock,117,10500,24.798658762904644
hill_climbing,rosenbrock,117,10600,24.798658762904644
hill_climbing,rosenbrock,117,10700,24.798658762904644
hill_climbing,rosenbrock,117,10800,24.798658762904644
hill_climbing,rosenbrock,117,10900,24.798658762904644
hill_climbing,rosenbrock,117,11000,24.798658762904644
hill_climbing,rosenbrock,117,11100,24.798658762904644
hill_climbing,rosenbrock,117,11200,24.798658762904644
hill_climbing,rosenbrock,117,11300,24.798658762904644
hill_climbing,rosenbrock,117,11400,24.798658762904644
hill_climbing,rosenbrock,117,11500,24.798658762904644
hill_climbing,rosenbrock,117,11600,24.798658762904644
hill_climbing,rosenbrock,117,11700,24.798658762904644
hill_climbing,rosenbrock,117,11800,24.798658762904644
hill_climbing,rosenbrock,117,11900,24.798658762904644
hill_climbing,rosenbrock,117,12000,24.798658762904644
hill_climbing,rosenbrock,117,12100,24.798658762904644
hill_climbing,rosenbrock,117,12200,24.798658762904644
hill_climbing,rosenbrock,117,12300,24.798658762904644
hill_climbing,rosenbrock,117,12400,24.798658762904644
hill_climbing,rosenbrock,117,12500,24.798658762904644
hill_climbing,rosenbrock,117,12600,24.798658762904644
hill_climbing,rosenbrock,117,12700,24.798658762904644
hill_climbing,rosenbrock,117,12800,24.798658762904644
hill_climbing,rosenbrock,117,12900,24.798658762904644
hill_climbing,rosenbrock,117,13000,24.798658762904644
hill_climbing,rosenbrock,117,13100,24.798658762904644
hill_climbing,rosenbrock,117,13200,24.798658762904644
hill_climbing,rosenbrock,117,13300,24.798658762904644
hill_climbing,rosenbrock,117,13400,24.798658762904644
hill_climbing,rosenbrock,117,13500,24.798658762904644
hill_climbing,rosenbrock,117,13600,24.798658762904644
hill_climbing,rosenbrock,117,13700,24.798658762904644
hill_climbing,rosenbrock,117,13800,24.798658762904644
hill_climbing,rosenbrock,117,13900,24.798658762904644
hill_climbing,rosenbrock,117,14000,24.798658762904644
hill_climbing,rosenbrock,117,14100,24.798658762904644
hill_climbing,rosenbrock,117,14200,24.798658762904644
hill_climbing,rosenbrock,117,14300,24.798658762904644
hill_climbing,rosenbrock,117,14400,24.798658762904644
hill_climbing,rosenbrock,117,14500,24.798658762904644
hill_climbing,rosenbrock,117,14600,24.798658762904644
hill_climbing,rosenbrock,117,14700,24.798658762904644
hill_climbing,rosenbrock,117,14800,24.798658762904644
hill_climbing,rosenbrock,117,14900,24.798658762904644
hill_climbing,rosenbrock,117,15000,24.798658762904644
hill_climbing,rosenbrock,117,15100,24.798658762904644
hill_climbing,rosenbrock,117,15200,24.798658762904644
hill_climbing,rosenbrock,117,15300,24.798658762904644
hill_climbing,rosenbrock,117,15400,24.798658762904644
hill_climbing,rosenbrock,117,15500,24.798658762904644
hill_climbing,rosenbrock,117,15600,24.798658762904644
hill_climbing,rosenbrock,117,15700,24.798658762904644
hill_climbing,rosenbrock,117,15800,24.798658762904644
hill_climbing,rosenbrock,117,15900,24.798658762904644
hill_climbing,rosenbrock,117,16000,24.798658762904644
hill_climbing,rosenbrock,117,16100,24.798658762904644
hill_climbing,rosenbrock,117,16200,24.798658762904644
hill_climbing,rosenbrock,117,16300,24.798658762904644
hill_climbing,rosenbrock,117,16400,24.798658762904644
hill_climbing,rosenbrock,117,16500,24.798658762904644
hill_climbing,rosenbrock,117,16600,24.798658762904644
hill_climbing,rosenbrock,117,16700,24.798658762904644
hill_climbing,rosenbrock,117,16800,24.798658762904644
hill_climbing,rosenbrock,117,16900,24.798658762904644
hill_climbing,rosenbrock,117,17000,24.798658762904644
hill_climbing,rosenbrock,117,17100,24.798658762904644
hill_climbing,rosenbrock,117,17200,24.798658762904644
hill_climbing,rosenbrock,117,17300,24.798658762904644
hill_climbing,rosenbrock,117,17400,24.798658762904644
hill_climbing,rosenbrock,117,17500,24.798658762904644
hill_climbing,rosenbrock,117,17600,24.798658762904644
hill_climbing,rosenbrock,117,17700,24.798658762904644
hill_climbing,rosenbrock,117,17800,24.798658762904644
hill_climbing,rosenbrock,117,17900,24.798658762904644
hill_climbing,rosenbrock,117,18000,24.798658762904644
hill_climbing,rosenbrock,117,18100,24.798658762904644
hill_climbing,rosenbrock,117,18200,24.798658762904644
hill_climbing,rosenbrock,117,18300,24.798658762904644
hill_climbing,rosenbrock,117,18400,24.798658762904644
hill_climbing,rosenbrock,117,18500,24.798658762904644
hill_climbing,rosenbrock,117,18600,24.798658762904644
hill_climbing,rosenbrock,117,18700,23.69024604836399
hill_climbing,rosenbrock,117,18800,23.69024604836399
hill_climbing,rosenbrock,117,18900,23.69024604836399
hill_climbing,rosenbrock,117,19000,23.69024604836399
hill_climbing,rosenbrock,117,19100,23.69024604836399
hill_climbing,rosenbrock,117,19200,23.69024604836399
hill_climbing,rosenbrock,117,19300,23.69024604836399
hill_climbing,rosenbrock,117,19400,23.69024604836399
hill_climbing,rosenbrock,117,19500,23.69024604836399
hill_climbing,rosenbrock,117,19600,23.69024604836399
hill_climbing,rosenbrock,117,19700,23.69024604836399
hill_climbing,rosenbrock,117,19800,23.69024604836399
hill_climbing,rosenbrock,117,19900,23.69024604836399
hill_climbing,rosenbrock,117,20000,23.69024604836399
hill_climbing,rosenbrock,118,100,50234.470912659715
hill_climbing,rosenbrock,118,200,531.9574614445364
hill_climbing,rosenbrock,118,300,396.757873787772
hill_climbing,rosenbrock,118,400,168.75083756032978
hill_climbing,rosenbrock,118,500,154.5578783042816
hill_climbing,rosenbrock,118,600,154.5578783042816
hill_climbing,rosenbrock,118,700,154.5578783042816
hill_climbing,rosenbrock,118,800,154.5578783042816
hill_climbing,rosenbrock,118,900,154.5578783042816
hill_climbing,rosenbrock,118,1000,154.5578783042816
hill_climbing,rosenbrock,118,1100,154.5578783042816
hill_climbing,rosenbrock,118,1200,154.5578783042816
hill_climbing,rosenbrock,118,1300,154.5578783042816
hill_climbing,rosenbrock,118,1400,154.5578783042816
hill_climbing,rosenbrock,118,1500,154.5578783042816
hill_climbing,rosenbrock,118,1600,154.5578783042816
hill_climbing,rosenbrock,118,1700,154.5578783042816
hill_climbing,rosenbrock,118,1800,154.5578783042816
hill_climbing,rosenbrock,118,1900,154.5578783042816
hill_climbing,rosenbrock,118,2000,154.5578783042816
hill_climbing,rosenbrock,118,2100,154.5578783042816
hill_climbing,rosenbrock,118,2200,154.5578783042816
hill_climbing,rosenbrock,118,2300,61.94173562856085
hill_climbing,rosenbrock,118,2400,42.999136842872964
hill_climbing,rosenbrock,118,2500,40.129350537141015
hill_climbing,rosenbrock,118,2600,40.129350537141015
hill_climbing,rosenbrock,118,2700,16.503365231119787
hill_climbing,rosenbrock,118,2800,16.503365231119787
hill_climbing,rosenbrock,118,2900,16.503365231119787
hill_climbing,rosenbrock,118,3000,16.503365231119787
hill_climbing,rosenbrock,118,3100,16.503365231119787
hill_climbing,rosenbrock,118,3200,16.503365231119787
hill_climbing,rosenbrock,118,3300,16.503365231119787
hill_climbing,rosenbrock,118,3400,16.503365231119787
hill_climbing,rosenbrock,118,3500,16.503365231119787
hill_climbing,rosenbrock,118,3600,16.503365231119787
hill_climbing,rosenbrock,118,3700,16.503365231119787
hill_climbing,rosenbrock,118,3800,16.503365231119787
hill_climbing,rosenbrock,118,3900,16.503365231119787
hill_climbing,rosenbrock,118,4000,16.503365231119787
hill_climbing,rosenbrock,118,4100,16.503365231119787
hill_climbing,rosenbrock,118,4200,16.503365231119787
hill_climbing,rosenbrock,118,4300,16.503365231119787
hill_climbing,rosenbrock,118,4400,16.503365231119787
hill_climbing,rosenbrock,118,4500,16.503365231119787
hill_climbing,rosenbrock,118,4600,16.503365231119787
hill_climbing,rosenbrock,118,4700,16.503365231119787
hill_climbing,rosenbrock,118,4800,16.503365231119787
hill_climbing,rosenbrock,118,4900,16.503365231119787
hill_climbing,rosenbrock,118,5000,16.503365231119787
hill_climbing,rosenbrock,118,5100,16.503365231119787
hill_climbing,rosenbrock,118,5200,16.503365231119787
hill_climbing,rosenbrock,118,5300,16.503365231119787
hill_climbing,rosenbrock,118,5400,16.503365231119787
hill_climbing,rosenbrock,118,5500,16.503365231119787
hill_climbing,rosenbrock,118,5600,16.503365231119787
hill_climbing,rosenbrock,118,5700,16.503365231119787
hill_climbing,rosenbrock,118,5800,16.503365231119787
hill_climbing,rosenbrock,118,5900,16.503365231119787
hill_climbing,rosenbrock,118,6000,16.503365231119787
hill_climbing,rosenbrock,118,6100,16.503365231119787
hill_climbing,rosenbrock,118,6200,16.503365231119787
hill_climbing,rosenbrock,118,6300,16.503365231119787
hill_climbing,rosenbrock,118,6400,16.503365231119787
hill_climbing,rosenbrock,118,6500,16.503365231119787
hill_climbing,rosenbrock,118,6600,16.503365231119787
hill_climbing,rosenbrock,118,6700,16.503365231119787
hill_climbing,rosenbrock,118,6800,16.503365231119787
hill_climbing,rosenbrock,118,6900,16.503365231119787
hill_climbing,rosenbrock,118,7000,16.503365231119787
hill_climbing,rosenbrock,118,7100,16.503365231119787
hill_climbing,rosenbrock,118,7200,16.503365231119787
hill_climbing,rosenbrock,118,7300,16.503365231119787
hill_climbing,rosenbrock,118,7400,16.503365231119787
hill_climbing,rosenbrock,118,7500,16.503365231119787
hill_climbing,rosenbrock,118,7600,16.503365231119787
hill_climbing,rosenbrock,118,7700,16.503365231119787
hill_climbing,rosenbrock,118,7800,16.503365231119787
hill_climbing,rosenbrock,118,7900,16.503365231119787
hill_climbing,rosenbrock,118,8000,16.503365231119787
hill_climbing,rosenbrock,118,8100,16.503365231119787
hill_climbing,rosenbrock,118,8200,16.503365231119787
hill_climbing,rosenbrock,118,8300,16.503365231119787
hill_climbing,rosenbrock,118,8400,16.503365231119787
hill_climbing,rosenbrock,118,8500,16.503365231119787
hill_climbing,rosenbrock,118,8600,16.503365231119787
hill_climbing,rosenbrock,118,8700,16.503365231119787
hill_climbing,rosenbrock,118,8800,16.503365231119787
hill_climbing,rosenbrock,118,8900,16.503365231119787
hill_climbing,rosenbrock,118,9000,16.503365231119787
hill_climbing,rosenbrock,118,9100,16.503365231119787
hill_climbing,rosenbrock,118,9200,16.503365231119787
hill_climbing,rosenbrock,118,9300,16.503365231119787
hill_climbing,rosenbrock,118,9400,16.503365231119787
hill_climbing,rosenbrock,118,9500,16.503365231119787
hill_climbing,rosenbrock,118,9600,16.503365231119787
hill_climbing,rosenbrock,118,9700,16.503365231119787
hill_climbing,rosenbrock,118,9800,16.503365231119787
hill_climbing,rosenbrock,118,9900,16.503365231119787
hill_climbing,rosenbrock,118,10000,16.503365231119787
hill_climbing,rosenbrock,118,10100,16.503365231119787
hill_climbing,rosenbrock,118,10200,16.503365231119787
hill_climbing,rosenbrock,118,10300,16.503365231119787
hill_climbing,rosenbrock,118,10400,16.503365231119787
hill_climbing,rosenbrock,118,10500,16.503365231119787
hill_climbing,rosenbrock,118,10600,16.503365231119787
hill_climbing,rosenbrock,118,10700,16.503365231119787
hill_climbing,rosenbrock,118,10800,16.503365231119787
hill_climbing,rosenbrock,118,10900,16.503365231119787
hill_climbing,rosenbrock,118,11000,16.503365231119787
hill_climbing,rosenbrock,118,11100,16.503365231119787
hill_climbing,rosenbrock,118,11200,16.503365231119787
hill_climbing,rosenbrock,118,11300,16.503365231119787
hill_climbing,rosenbrock,118,11400,16.503365231119787
hill_climbing,rosenbrock,118,11500,16.503365231119787
hill_climbing,rosenbrock,118,11600,16.503365231119787
hill_climbing,rosenbrock,118,11700,16.503365231119787
hill_climbing,rosenbrock,118,11800,16.503365231119787
hill_climbing,rosenbrock,118,11900,16.503365231119787
hill_climbing,rosenbrock,118,12000,16.503365231119787
hill_climbing,rosenbrock,118,12100,16.503365231119787
hill_climbing,rosenbrock,118,12200,16.503365231119787
hill_climbing,rosenbrock,118,12300,16.503365231119787
hill_climbing,rosenbrock,118,12400,16.503365231119787
hill_climbing,rosenbrock,118,12500,16.503365231119787
hill_climbing,rosenbrock,118,12600,16.503365231119787
hill_climbing,rosenbrock,118,12700,16.503365231119787
hill_climbing,rosenbrock,118,12800,16.503365231119787
hill_climbing,rosenbrock,118,12900,16.503365231119787
hill_climbing,rosenbrock,118,13000,16.503365231119787
hill_climbing,rosenbrock,118,13100,16.503365231119787
hill_climbing,rosenbrock,118,13200,16.503365231119787
hill_climbing,rosenbrock,118,13300,16.503365231119787
hill_climbing,rosenbrock,118,13400,16.503365231119787
hill_climbing,rosenbrock,118,13500,16.503365231119787
hill_climbing,rosenbrock,118,13600,16.503365231119787
hill_climbing,rosenbrock,118,13700,16.503365231119787
hill_climbing,rosenbrock,118,13800,16.503365231119787
hill_climbing,rosenbrock,118,13900,16.503365231119787
hill_climbing,rosenbrock,118,14000,16.503365231119787
hill_climbing,rosenbrock,118,14100,16.503365231119787
hill_climbing,rosenbrock,118,14200,16.503365231119787
hill_climbing,rosenbrock,118,14300,16.503365231119787
hill_climbing,rosenbrock,118,14400,16.503365231119787
hill_climbing,rosenbrock,118,14500,16.503365231119787
hill_climbing,rosenbrock,118,14600,16.503365231119787
hill_climbing,rosenbrock,118,14700,16.503365231119787
hill_climbing,rosenbrock,118,14800,16.503365231119787
hill_climbing,rosenbrock,118,14900,16.503365231119787
hill_climbing,rosenbrock,118,15000,16.503365231119787
hill_climbing,rosenbrock,118,15100,16.503365231119787
hill_climbing,rosenbrock,118,15200,16.503365231119787
hill_climbing,rosenbrock,118,15300,16.503365231119787
hill_climbing,rosenbrock,118,15400,16.503365231119787
hill_climbing,rosenbrock,118,15500,16.503365231119787
hill_climbing,rosenbrock,118,15600,16.503365231119787
hill_climbing,rosenbrock,118,15700,16.503365231119787
hill_climbing,rosenbrock,118,15800,16.503365231119787
hill_climbing,rosenbrock,118,15900,16.503365231119787
hill_climbing,rosenbrock,118,16000,16.503365231119787
hill_climbing,rosenbrock,118,16100,16.503365231119787
hill_climbing,rosenbrock,118,16200,16.503365231119787
hill_climbing,rosenbrock,118,16300,16.503365231119787
hill_climbing,rosenbrock,118,16400,16.503365231119787
hill_climbing,rosenbrock,118,16500,16.503365231119787
hill_climbing,rosenbrock,118,16600,16.503365231119787
hill_climbing,rosenbrock,118,16700,16.503365231119787
hill_climbing,rosenbrock,118,16800,16.503365231119787
hill_climbing,rosenbrock,118,16900,16.503365231119787
hill_climbing,rosenbrock,118,17000,16.503365231119787
hill_climbing,rosenbrock,118,17100,16.503365231119787
hill_climbing,rosenbrock,118,17200,16.503365231119787
hill_climbing,rosenbrock,118,17300,16.503365231119787
hill_climbing,rosenbrock,118,17400,16.503365231119787
hill_climbing,rosenbrock,118,17500,16.503365231119787
hill_climbing,rosenbrock,118,17600,16.503365231119787
hill_climbing,rosenbrock,118,17700,16.503365231119787
hill_climbing,rosenbrock,118,17800,16.503365231119787
hill_climbing,rosenbrock,118,17900,16.503365231119787
hill_climbing,rosenbrock,118,18000,16.503365231119787
hill_climbing,rosenbrock,118,18100,16.503365231119787
hill_climbing,rosenbrock,118,18200,16.503365231119787
hill_climbing,rosenbrock,118,18300,16.503365231119787
hill_climbing,rosenbrock,118,18400,16.503365231119787
hill_climbing,rosenbrock,118,18500,16.503365231119787
hill_climbing,rosenbrock,118,18600,16.503365231119787
hill_climbing,rosenbrock,118,18700,16.503365231119787
hill_climbing,rosenbrock,118,18800,16.503365231119787
hill_climbing,rosenbrock,118,18900,16.503365231119787
hill_climbing,rosenbrock,118,19000,16.503365231119787
hill_climbing,rosenbrock,118,19100,16.503365231119787
hill_climbing,rosenbrock,118,19200,16.503365231119787
hill_climbing,rosenbrock,118,19300,16.503365231119787
hill_climbing,rosenbrock,118,19400,16.503365231119787
hill_climbing,rosenbrock,118,19500,16.503365231119787
hill_climbing,rosenbrock,118,19600,16.503365231119787
hill_climbing,rosenbrock,118,19700,16.503365231119787
hill_climbing,rosenbrock,118,19800,16.503365231119787
hill_climbing,rosenbrock,118,19900,16.503365231119787
hill_climbing,rosenbrock,118,20000,16.503365231119787
hill_climbing,rosenbrock,119,100,84757.89116824465
hill_climbing,rosenbrock,119,200,436.09516196922453
hill_climbing,rosenbrock,119,300,430.4401175393581
hill_climbing,rosenbrock,119,400,407.500646110962
hill_climbing,rosenbrock,119,500,361.5577758394201
hill_climbing,rosenbrock,119,600,361.5577758394201
hill_climbing,rosenbrock,119,700,340.478709063513
hill_climbing,rosenbrock,119,800,340.478709063513
hill_climbing,rosenbrock,119,900,340.478709063513
hill_climbing,rosenbrock,119,1000,340.478709063513
hill_climbing,rosenbrock,119,1100,340.478709063513
hill_climbing,rosenbrock,119,1200,340.478709063513
hill_climbing,rosenbrock,119,1300,181.45001067224564
hill_climbing,rosenbrock,119,1400,101.02303417532377
hill_climbing,rosenbrock,119,1500,44.93693858302085
hill_climbing,rosenbrock,119,1600,30.19101267100115
hill_climbing,rosenbrock,119,1700,30.19101267100115
hill_climbing,rosenbrock,119,1800,29.864020706065862
hill_climbing,rosenbrock,119,1900,29.864020706065862
hill_climbing,rosenbrock,119,2000,29.864020706065862
hill_climbing,rosenbrock,119,2100,29.864020706065862
hill_climbing,rosenbrock,119,2200,27.633850745585242
hill_climbing,rosenbrock,119,2300,27.633850745585242
hill_climbing,rosenbrock,119,2400,24.170758957542738
hill_climbing,rosenbrock,119,2500,24.170758957542738
hill_climbing,rosenbrock,119,2600,24.170758957542738
hill_climbing,rosenbrock,119,2700,23.8175660404829
hill_climbing,rosenbrock,119,2800,23.8175660404829
hill_climbing,rosenbrock,119,2900,23.8175660404829
hill_climbing,rosenbrock,119,3000,23.8175660404829
hill_climbing,rosenbrock,119,3100,23.8175660404829
hill_climbing,rosenbrock,119,3200,23.8175660404829
hill_climbing,rosenbrock,119,3300,23.8175660404829
hill_climbing,rosenbrock,119,3400,23.8175660404829
hill_climbing,rosenbrock,119,3500,23.8175660404829
hill_climbing,rosenbrock,119,3600,23.8175660404829
hill_climbing,rosenbrock,119,3700,23.8175660404829
hill_climbing,rosenbrock,119,3800,23.8175660404829
hill_climbing,rosenbrock,119,3900,23.8175660404829
hill_climbing,rosenbrock,119,4000,23.8175660404829
hill_climbing,rosenbrock,119,4100,23.8175660404829
hill_climbing,rosenbrock,119,4200,23.8175660404829
hill_climbing,rosenbrock,119,4300,23.8175660404829
hill_climbing,rosenbrock,119,4400,23.8175660404829
hill_climbing,rosenbrock,119,4500,23.8175660404829
hill_climbing,rosenbrock,119,4600,23.8175660404829
hill_climbing,rosenbrock,119,4700,23.8175660404829
hill_climbing,rosenbrock,119,4800,23.8175660404829
hill_climbing,rosenbrock,119,4900,23.8175660404829
hill_climbing,rosenbrock,119,5000,23.8175660404829
hill_climbing,rosenbrock,119,5100,23.8175660404829
hill_climbing,rosenbrock,119,5200,23.8175660404829
hill_climbing,rosenbrock,119,5300,23.8175660404829
hill_climbing,rosenbrock,119,5400,23.8175660404829
hill_climbing,rosenbrock,119,5500,23.8175660404829
hill_climbing,rosenbrock,119,5600,23.8175660404829
hill_climbing,rosenbrock,119,5700,23.8175660404829
hill_climbing,rosenbrock,119,5800,23.8175660404829
hill_climbing,rosenbrock,119,5900,23.8175660404829
hill_climbing,rosenbrock,119,6000,23.8175660404829
hill_climbing,rosenbrock,119,6100,23.8175660404829
hill_climbing,rosenbrock,119,6200,23.8175660404829
hill_climbing,rosenbrock,119,6300,23.8175660404829
hill_climbing,rosenbrock,119,6400,23.8175660404829
hill_climbing,rosenbrock,119,6500,23.8175660404829
hill_climbing,rosenbrock,119,6600,23.8175660404829
hill_climbing,rosenbrock,119,6700,23.8175660404829
hill_climbing,rosenbrock,119,6800,23.8175660404829
hill_climbing,rosenbrock,119,6900,23.8175660404829
hill_climbing,rosenbrock,119,7000,23.8175660404829
hill_climbing,rosenbrock,119,7100,23.8175660404829
hill_climbing,rosenbrock,119,7200,23.8175660404829
hill_climbing,rosenbrock,119,7300,23.8175660404829
hill_climbing,rosenbrock,119,7400,23.8175660404829
hill_climbing,rosenbrock,119,7500,23.8175660404829
hill_climbing,rosenbrock,119,7600,23.8175660404829
hill_climbing,rosenbrock,119,7700,23.8175660404829
hill_climbing,rosenbrock,119,7800,23.8175660404829
hill_climbing,rosenbrock,119,7900,23.8175660404829
hill_climbing,rosenbrock,119,8000,23.8175660404829
hill_climbing,rosenbrock,119,8100,23.8175660404829
hill_climbing,rosenbrock,119,8200,23.8175660404829
hill_climbing,rosenbrock,119,8300,23.8175660404829
hill_climbing,rosenbrock,119,8400,23.8175660404829
hill_climbing,rosenbrock,119,8500,23.8175660404829
hill_climbing,rosenbrock,119,8600,23.8175660404829
hill_climbing,rosenbrock,119,8700,23.8175660404829
hill_climbing,rosenbrock,119,8800,23.8175660404829
hill_climbing,rosenbrock,119,8900,23.8175660404829
hill_climbing,rosenbrock,119,9000,23.8175660404829
hill_climbing,rosenbrock,119,9100,23.8175660404829
hill_climbing,rosenbrock,119,9200,23.8175660404829
hill_climbing,rosenbrock,119,9300,23.8175660404829
hill_climbing,rosenbrock,119,9400,23.8175660404829
hill_climbing,rosenbrock,119,9500,23.8175660404829
hill_climbing,rosenbrock,119,9600,23.8175660404829
hill_climbing,rosenbrock,119,9700,23.8175660404829
hill_climbing,rosenbrock,119,9800,23.8175660404829
hill_climbing,rosenbrock,119,9900,23.8175660404829
hill_climbing,rosenbrock,119,10000,23.8175660404829
hill_climbing,rosenbrock,119,10100,23.8175660404829
hill_climbing,rosenbrock,119,10200,23.8175660404829
hill_climbing,rosenbrock,119,10300,23.8175660404829
hill_climbing,rosenbrock,119,10400,23.8175660404829
hill_climbing,rosenbrock,119,10500,23.8175660404829
hill_climbing,rosenbrock,119,10600,23.8175660404829
hill_climbing,rosenbrock,119,10700,23.8175660404829
hill_climbing,rosenbrock,119,10800,23.8175660404829
hill_climbing,rosenbrock,119,10900,23.8175660404829
hill_climbing,rosenbrock,119,11000,23.8175660404829
hill_climbing,rosenbrock,119,11100,23.8175660404829
hill_climbing,rosenbrock,119,11200,23.8175660404829
hill_climbing,rosenbrock,119,11300,23.8175660404829
hill_climbing,rosenbrock,119,11400,23.8175660404829
hill_climbing,rosenbrock,119,11500,23.8175660404829
hill_climbing,rosenbrock,119,11600,23.8175660404829
hill_climbing,rosenbrock,119,11700,23.8175660404829
hill_climbing,rosenbrock,119,11800,23.8175660404829
hill_climbing,rosenbrock,119,11900,23.8175660404829
hill_climbing,rosenbrock,119,12000,23.8175660404829
hill_climbing,rosenbrock,119,12100,23.8175660404829
hill_climbing,rosenbrock,119,12200,23.8175660404829
hill_climbing,rosenbrock,119,12300,23.8175660404829
hill_climbing,rosenbrock,119,12400,23.8175660404829
hill_climbing,rosenbrock,119,12500,23.8175660404829
hill_climbing,rosenbrock,119,12600,23.8175660404829
hill_climbing,rosenbrock,119,12700,23.8175660404829
hill_climbing,rosenbrock,119,12800,23.8175660404829
hill_climbing,rosenbrock,119,12900,23.8175660404829
hill_climbing,rosenbrock,119,13000,23.8175660404829
hill_climbing,rosenbrock,119,13100,23.8175660404829
hill_climbing,rosenbrock,119,13200,23.8175660404829
hill_climbing,rosenbrock,119,13300,20.404700896329352
hill_climbing,rosenbrock,119,13400,20.404700896329352
hill_climbing,rosenbrock,119,13500,20.404700896329352
hill_climbing,rosenbrock,119,13600,20.404700896329352
hill_climbing,rosenbrock,119,13700,20.404700896329352
hill_climbing,rosenbrock,119,13800,20.404700896329352
hill_climbing,rosenbrock,119,13900,20.404700896329352
hill_climbing,rosenbrock,119,14000,20.404700896329352
hill_climbing,rosenbrock,119,14100,20.404700896329352
hill_climbing,rosenbrock,119,14200,20.404700896329352
hill_climbing,rosenbrock,119,14300,20.404700896329352
hill_climbing,rosenbrock,119,14400,20.404700896329352
hill_climbing,rosenbrock,119,14500,20.404700896329352
hill_climbing,rosenbrock,119,14600,20.404700896329352
hill_climbing,rosenbrock,119,14700,20.404700896329352
hill_climbing,rosenbrock,119,14800,20.404700896329352
hill_climbing,rosenbrock,119,14900,20.404700896329352
hill_climbing,rosenbrock,119,15000,20.404700896329352
hill_climbing,rosenbrock,119,15100,20.404700896329352
hill_climbing,rosenbrock,119,15200,20.404700896329352
hill_climbing,rosenbrock,119,15300,20.404700896329352
hill_climbing,rosenbrock,119,15400,20.404700896329352
hill_climbing,rosenbrock,119,15500,20.404700896329352
hill_climbing,rosenbrock,119,15600,20.404700896329352
hill_climbing,rosenbrock,119,15700,20.404700896329352
hill_climbing,rosenbrock,119,15800,20.404700896329352
hill_climbing,rosenbrock,119,15900,20.404700896329352
hill_climbing,rosenbrock,119,16000,20.404700896329352
hill_climbing,rosenbrock,119,16100,20.404700896329352
hill_climbing,rosenbrock,119,16200,20.404700896329352
hill_climbing,rosenbrock,119,16300,20.404700896329352
hill_climbing,rosenbrock,119,16400,20.404700896329352
hill_climbing,rosenbrock,119,16500,20.404700896329352
hill_climbing,rosenbrock,119,16600,20.404700896329352
hill_climbing,rosenbrock,119,16700,20.404700896329352
hill_climbing,rosenbrock,119,16800,20.404700896329352
hill_climbing,rosenbrock,119,16900,20.404700896329352
hill_climbing,rosenbrock,119,17000,20.404700896329352
hill_climbing,rosenbrock,119,17100,20.404700896329352
hill_climbing,rosenbrock,119,17200,20.404700896329352
hill_climbing,rosenbrock,119,17300,20.404700896329352
hill_climbing,rosenbrock,119,17400,20.404700896329352
hill_climbing,rosenbrock,119,17500,20.404700896329352
hill_climbing,rosenbrock,119,17600,20.404700896329352
hill_climbing,rosenbrock,119,17700,20.404700896329352
hill_climbing,rosenbrock,119,17800,20.404700896329352
hill_climbing,rosenbrock,119,17900,20.404700896329352
hill_climbing,rosenbrock,119,18000,20.404700896329352
hill_climbing,rosenbrock,119,18100,20.404700896329352
hill_climbing,rosenbrock,119,18200,20.404700896329352
hill_climbing,rosenbrock,119,18300,20.404700896329352
hill_climbing,rosenbrock,119,18400,20.404700896329352
hill_climbing,rosenbrock,119,18500,20.404700896329352
hill_climbing,rosenbrock,119,18600,20.404700896329352
hill_climbing,rosenbrock,119,18700,20.404700896329352
hill_climbing,rosenbrock,119,18800,20.404700896329352
hill_climbing,rosenbrock,119,18900,20.404700896329352
hill_climbing,rosenbrock,119,19000,20.404700896329352
hill_climbing,rosenbrock,119,19100,20.404700896329352
hill_climbing,rosenbrock,119,19200,20.404700896329352
hill_climbing,rosenbrock,119,19300,20.404700896329352
hill_climbing,rosenbrock,119,19400,20.404700896329352
hill_climbing,rosenbrock,119,19500,20.404700896329352
hill_climbing,rosenbrock,119,19600,20.404700896329352
hill_climbing,rosenbrock,119,19700,20.404700896329352
hill_climbing,rosenbrock,119,19800,20.404700896329352
hill_climbing,rosenbrock,119,19900,20.404700896329352
hill_climbing,rosenbrock,119,20000,20.404700896329352
