algorithm,benchmark,seed,evaluations,best_value
simulated_annealing,rosenbrock,100,100,112341.9811422361
simulated_annealing,rosenbrock,100,200,112341.9811422361
simulated_annealing,rosenbrock,100,300,22084.066494434977
simulated_annealing,rosenbrock,100,400,4097.434741173919
simulated_annealing,rosenbrock,100,500,1891.391970707192
simulated_annealing,rosenbrock,100,600,1028.5584388242837
simulated_annealing,rosenbrock,100,700,1028.5584388242837
simulated_annealing,rosenbrock,100,800,1028.5584388242837
simulated_annealing,rosenbrock,100,900,998.0919266978316
simulated_annealing,rosenbrock,100,1000,847.9593503321695
simulated_annealing,rosenbrock,100,1100,847.9593503321695
simulated_annealing,rosenbrock,100,1200,847.9593503321695
simulated_annealing,rosenbrock,100,1300,819.5847736128641
simulated_annealing,rosenbrock,100,1400,711.9636869592842
simulated_annealing,rosenbrock,100,1500,711.9636869592842
simulated_annealing,rosenbrock,100,1600,516.2022233740294
simulated_annealing,rosenbrock,100,1700,516.2022233740294
simulated_annealing,rosenbrock,100,1800,516.2022233740294
simulated_annealing,rosenbrock,100,1900,498.0521660286404
simulated_annealing,rosenbrock,100,2000,204.02011599376164
simulated_annealing,rosenbrock,100,2100,34.513241090008
simulated_annealing,rosenbrock,100,2200,23.50158808144963
simulated_annealing,rosenbrock,100,2300,23.50158808144963
simulated_annealing,rosenbrock,100,2400,23.50158808144963
simulated_annealing,rosenbrock,100,2500,23.50158808144963
simulated_annealing,rosenbrock,100,2600,23.50158808144963
simulated_annealing,rosenbrock,100,2700,23.50158808144963
simulated_annealing,rosenbrock,100,2800,23.50158808144963
simulated_annealing,rosenbrock,100,2900,23.50158808144963
simulated_annealing,rosenbrock,100,3000,23.50158808144963
simulated_annealing,rosenbrock,100,3100,23.50158808144963
simulated_annealing,rosenbrock,100,3200,23.50158808144963
simulated_annealing,rosenbrock,100,3300,23.50158808144963
simulated_annealing,rosenbrock,100,3400,23.50158808144963
simulated_annealing,rosenbrock,100,3500,23.50158808144963
simulated_annealing,rosenbrock,100,3600,23.50158808144963
simulated_annealing,rosenbrock,100,3700,23.50158808144963
simulated_annealing,rosenbrock,100,3800,23.50158808144963
simulated_annealing,rosenbrock,100,3900,21.561234547955298
simulated_annealing,rosenbrock,100,4000,21.561234547955298
simulated_annealing,rosenbrock,100,4100,21.561234547955298
simulated_annealing,rosenbrock,100,4200,21.561234547955298
simulated_annealing,rosenbrock,100,4300,21.561234547955298
simulated_annealing,rosenbrock,100,4400,21.561234547955298
simulated_annealing,rosenbrock,100,4500,21.561234547955298
simulated_annealing,rosenbrock,100,4600,21.561234547955298
simulated_annealing,rosenbrock,100,4700,21.561234547955298
simulated_annealing,rosenbrock,100,4800,21.561234547955298
simulated_annealing,rosenbrock,100,4900,21.561234547955298
simulated_annealing,rosenbrock,100,5000,21.561234547955298
simulated_annealing,rosenbrock,100,5100,21.561234547955298
simulated_annealing,rosenbrock,100,5200,21.561234547955298
simulated_annealing,rosenbrock,100,5300,21.561234547955298
simulated_annealing,rosenbrock,100,5400,18.868549647697773
simulated_annealing,rosenbrock,100,5500,18.868549647697773
simulated_annealing,rosenbrock,100,5600,18.868549647697773
simulated_annealing,rosenbrock,100,5700,18.868549647697773
simulated_annealing,rosenbrock,100,5800,18.868549647697773
simulated_annealing,rosenbrock,100,5900,18.868549647697773
simulated_annealing,rosenbrock,100,6000,18.868549647697773
simulated_annealing,rosenbrock,100,6100,18.868549647697773
simulated_annealing,rosenbrock,100,6200,18.868549647697773
simulated_annealing,rosenbrock,100,6300,18.868549647697773
simulated_annealing,rosenbrock,100,6400,18.868549647697773
simulated_annealing,rosenbrock,100,6500,18.868549647697773
simulated_annealing,rosenbrock,100,6600,13.00417622148262
simulated_annealing,rosenbrock,100,6700,13.00417622148262
simulated_annealing,rosenbrock,100,6800,13.00417622148262
simulated_annealing,rosenbrock,100,6900,13.00417622148262
simulated_annealing,rosenbrock,100,7000,13.00417622148262
simulated_annealing,rosenbrock,100,7100,13.00417622148262
simulated_annealing,rosenbrock,100,7200,13.00417622148262
simulated_annealing,rosenbrock,100,7300,13.00417622148262
simulated_annealing,rosenbrock,100,7400,13.00417622148262
simulated_annealing,rosenbrock,100,7500,13.00417622148262
simulated_annealing,rosenbrock,100,7600,13.00417622148262
simulated_annealing,rosenbrock,100,7700,13.00417622148262
simulated_annealing,rosenbrock,100,7800,13.00417622148262
simulated_annealing,rosenbrock,100,7900,13.00417622148262
simulated_annealing,rosenbrock,100,8000,13.00417622148262
simulated_annealing,rosenbrock,100,8100,13.00417622148262
simulated_annealing,rosenbrock,100,8200,13.00417622148262
simulated_annealing,rosenbrock,100,8300,13.00417622148262
simulated_annealing,rosenbrock,100,8400,13.00417622148262
simulated_annealing,rosenbrock,100,8500,13.00417622148262
simulated_annealing,rosenbrock,100,8600,13.00417622148262
simulated_annealing,rosenbrock,100,8700,13.00417622148262
simulated_annealing,rosenbrock,100,8800,13.00417622148262
simulated_annealing,rosenbrock,100,8900,13.00417622148262
simulated_annealing,rosenbrock,100,9000,13.00417622148262
simulated_annealing,rosenbrock,100,9100,13.00417622148262
simulated_annealing,rosenbrock,100,9200,13.00417622148262
simulated_annealing,rosenbrock,100,9300,13.00417622148262
simulated_annealing,rosenbrock,100,9400,13.00417622148262
simulated_annealing,rosenbrock,100,9500,13.00417622148262
simulated_annealing,rosenbrock,100,9600,13.00417622148262
simulated_annealing,rosenbrock,100,9700,13.00417622148262
simulated_annealing,rosenbrock,100,9800,13.00417622148262
simulated_annealing,rosenbrock,100,9900,13.00417622148262
simulated_annealing,rosenbrock,100,10000,13.00417622148262
simulated_annealing,rosenbrock,100,10100,13.00417622148262
simulated_annealing,rosenbrock,100,10200,13.00417622148262
simulated_annealing,rosenbrock,100,10300,13.00417622148262
simulated_annealing,rosenbrock,100,10400,13.00417622148262
simulated_annealing,rosenbrock,100,10500,13.00417622148262
simulated_annealing,rosenbrock,100,10600,13.00417622148262
simulated_annealing,rosenbrock,100,10700,13.00417622148262
simulated_annealing,rosenbrock,100,10800,13.00417622148262
simulated_annealing,rosenbrock,100,10900,13.00417622148262
simulated_annealing,rosenbrock,100,11000,13.00417622148262
simulated_annealing,rosenbrock,100,11100,13.00417622148262
simulated_annealing,rosenbrock,100,11200,13.00417622148262
simulated_annealing,rosenbrock,100,11300,13.00417622148262
simulated_annealing,rosenbrock,100,11400,13.00417622148262
simulated_annealing,rosenbrock,100,11500,13.00417622148262
simulated_annealing,rosenbrock,100,11600,13.00417622148262
simulated_annealing,rosenbrock,100,11700,13.00417622148262
simulated_annealing,rosenbrock,100,11800,13.00417622148262
simulated_annealing,rosenbrock,100,11900,13.00417622148262
simulated_annealing,rosenbrock,100,12000,13.00417622148262
simulated_annealing,rosenbrock,100,12100,13.00417622148262
simulated_annealing,rosenbrock,100,12200,13.00417622148262
simulated_annealing,rosenbrock,100,12300,13.00417622148262
simulated_annealing,rosenbrock,100,12400,13.00417622148262
simulated_annealing,rosenbrock,100,12500,13.00417622148262
simulated_annealing,rosenbrock,100,12600,13.00417622148262
simulated_annealing,rosenbrock,100,12700,13.00417622148262
simulated_annealing,rosenbrock,100,12800,13.00417622148262
simulated_annealing,rosenbrock,100,12900,13.00417622148262
simulated_annealing,rosenbrock,100,13000,13.00417622148262
simulated_annealing,rosenbrock,100,13100,13.00417622148262
simulated_annealing,rosenbrock,100,13200,13.00417622148262
simulated_annealing,rosenbrock,100,13300,13.00417622148262
simulated_annealing,rosenbrock,100,13400,13.00417622148262
simulated_annealing,rosenbrock,100,13500,13.00417622148262
simulated_annealing,rosenbrock,100,13600,13.00417622148262
simulated_annealing,rosenbrock,100,13700,13.00417622148262
simulated_annealing,rosenbrock,100,13800,13.00417622148262
simulated_annealing,rosenbrock,100,13900,13.00417622148262
simulated_annealing,rosenbrock,100,14000,13.00417622148262
simulated_annealing,rosenbrock,100,14100,13.00417622148262
simulated_annealing,rosenbrock,100,14200,13.00417622148262
simulated_annealing,rosenbrock,100,14300,13.00417622148262
simulated_annealing,rosenbrock,100,14400,13.00417622148262
simulated_annealing,rosenbrock,100,14500,13.00417622148262
simulated_annealing,rosenbrock,100,14600,13.00417622148262
simulated_annealing,rosenbrock,100,14700,13.00417622148262
simulated_annealing,rosenbrock,100,14800,12.95492694239077
simulated_annealing,rosenbrock,100,14900,12.95492694239077
simulated_annealing,rosenbrock,100,15000,12.95492694239077
simulated_annealing,rosenbrock,100,15100,12.95492694239077
simulated_annealing,rosenbrock,100,15200,12.95492694239077
simulated_annealing,rosenbrock,100,15300,12.95492694239077
simulated_annealing,rosenbrock,100,15400,12.95492694239077
simulated_annealing,rosenbrock,100,15500,12.95492694239077
simulated_annealing,rosenbrock,100,15600,12.95492694239077
simulated_annealing,rosenbrock,100,15700,12.95492694239077
simulated_annealing,rosenbrock,100,15800,12.95492694239077
simulated_annealing,rosenbrock,100,15900,12.95492694239077
simulated_annealing,rosenbrock,100,16000,12.95492694239077
simulated_annealing,rosenbrock,100,16100,12.95492694239077
simulated_annealing,rosenbrock,100,16200,12.95492694239077
simulated_annealing,rosenbrock,100,16300,12.95492694239077
simulated_annealing,rosenbrock,100,16400,12.95492694239077
simulated_annealing,rosenbrock,100,16500,12.95492694239077
simulated_annealing,rosenbrock,100,16600,12.95492694239077
simulated_annealing,rosenbrock,100,16700,12.95492694239077
simulated_annealing,rosenbrock,100,16800,12.95492694239077
simulated_annealing,rosenbrock,100,16900,12.95492694239077
simulated_annealing,rosenbrock,100,17000,12.95492694239077
simulated_annealing,rosenbrock,100,17100,12.95492694239077
simulated_annealing,rosenbrock,100,17200,12.95492694239077
simulated_annealing,rosenbrock,100,17300,12.95492694239077
simulated_annealing,rosenbrock,100,17400,12.95492694239077
simulated_annealing,rosenbrock,100,17500,12.95492694239077
simulated_annealing,rosenbrock,100,17600,12.95492694239077
simulated_annealing,rosenbrock,100,17700,12.95492694239077
simulated_annealing,rosenbrock,100,17800,12.95492694239077
simulated_annealing,rosenbrock,100,17900,12.95492694239077
simulated_annealing,rosenbrock,100,18000,12.95492694239077
simulated_annealing,rosenbrock,100,18100,12.95492694239077
simulated_annealing,rosenbrock,100,18200,12.95492694239077
simulated_annealing,rosenbrock,100,18300,12.95492694239077
simulated_annealing,rosenbrock,100,18400,12.95492694239077
simulated_annealing,rosenbrock,100,18500,12.95492694239077
simulated_annealing,rosenbrock,100,18600,12.95492694239077
simulated_annealing,rosenbrock,100,18700,12.95492694239077
simulated_annealing,rosenbrock,100,18800,12.95492694239077
simulated_annealing,rosenbrock,100,18900,12.95492694239077
simulated_annealing,rosenbrock,100,19000,12.95492694239077
simulated_annealing,rosenbrock,100,19100,12.95492694239077
simulated_annealing,rosenbrock,100,19200,12.95492694239077
simulated_annealing,rosenbrock,100,19300,12.95492694239077
simulated_annealing,rosenbrock,100,19400,12.95492694239077
simulated_annealing,rosenbrock,100,19500,12.95492694239077
simulated_annealing,rosenbrock,100,19600,12.95492694239077
simulated_annealing,rosenbrock,100,19700,12.95492694239077
simulated_annealing,rosenbrock,100,19800,12.95492694239077
simulated_annealing,rosenbrock,100,19900,12.95492694239077
simulated_annealing,rosenbrock,100,20000,12.95492694239077
simulated_annealing,rosenbrock,101,100,171179.08510293352
simulated_annealing,rosenbrock,101,200,127016.62383747534
simulated_annealing,rosenbrock,101,300,24672.734542559974
simulated_annealing,rosenbrock,101,400,4564.056873059556
simulated_annealing,rosenbrock,101,500,2405.151858608794
simulated_annealing,rosenbrock,101,600,2405.151858608794
simulated_annealing,rosenbrock,101,700,362.0375380253933
simulated_annealing,rosenbrock,101,800,142.25876720636268
simulated_annealing,rosenbrock,101,900,82.42578281456426
simulated_annealing,rosenbrock,101,1000,82.42578281456426
simulated_annealing,rosenbrock,101,1100,31.482169831936698
simulated_annealing,rosenbrock,101,1200,29.058535573577995
simulated_annealing,rosenbrock,101,1300,29.058535573577995
simulated_annealing,rosenbrock,101,1400,29.058535573577995
simulated_annealing,rosenbrock,101,1500,29.058535573577995
simulated_annealing,rosenbrock,101,1600,29.058535573577995
simulated_annealing,rosenbrock,101,1700,29.058535573577995
simulated_annealing,rosenbrock,101,1800,29.058535573577995
simulated_annealing,rosenbrock,101,1900,29.058535573577995
simulated_annealing,rosenbrock,101,2000,29.058535573577995
simulated_annealing,rosenbrock,101,2100,29.058535573577995
simulated_annealing,rosenbrock,101,2200,29.058535573577995
simulated_annealing,rosenbrock,101,2300,29.058535573577995
simulated_annealing,rosenbrock,101,2400,29.058535573577995
simulated_annealing,rosenbrock,101,2500,29.058535573577995
simulated_annealing,rosenbrock,101,2600,29.058535573577995
simulated_annealing,rosenbrock,101,2700,29.058535573577995
simulated_annealing,rosenbrock,101,2800,29.058535573577995
simulated_annealing,rosenbrock,101,2900,26.173429150106934
simulated_annealing,rosenbrock,101,3000,26.173429150106934
simulated_annealing,rosenbrock,101,3100,26.173429150106934
simulated_annealing,rosenbrock,101,3200,26.173429150106934
simulated_annealing,rosenbrock,101,3300,26.173429150106934
simulated_annealing,rosenbrock,101,3400,26.173429150106934
simulated_annealing,rosenbrock,101,3500,22.178318728579193
simulated_annealing,rosenbrock,101,3600,22.178318728579193
simulated_annealing,rosenbrock,101,3700,22.178318728579193
simulated_annealing,rosenbrock,101,3800,22.178318728579193
simulated_annealing,rosenbrock,101,3900,22.178318728579193
simulated_annealing,rosenbrock,101,4000,22.178318728579193
simulated_annealing,rosenbrock,101,4100,20.24434982303375
simulated_annealing,rosenbrock,101,4200,20.24434982303375
simulated_annealing,rosenbrock,101,4300,17.738390254939723
simulated_annealing,rosenbrock,101,4400,17.738390254939723
simulated_annealing,rosenbrock,101,4500,17.738390254939723
simulated_annealing,rosenbrock,101,4600,17.738390254939723
simulated_annealing,rosenbrock,101,4700,17.738390254939723
simulated_annealing,rosenbrock,101,4800,17.738390254939723
simulated_annealing,rosenbrock,101,4900,17.738390254939723
simulated_annealing,rosenbrock,101,5000,17.738390254939723
simulated_annealing,rosenbrock,101,5100,17.738390254939723
simulated_annealing,rosenbrock,101,5200,15.711921333642696
simulated_annealing,rosenbrock,101,5300,15.711921333642696
simulated_annealing,rosenbrock,101,5400,15.711921333642696
simulated_annealing,rosenbrock,101,5500,15.711921333642696
simulated_annealing,rosenbrock,101,5600,15.711921333642696
simulated_annealing,rosenbrock,101,5700,15.711921333642696
simulated_annealing,rosenbrock,101,5800,15.711921333642696
simulated_annealing,rosenbrock,101,5900,15.711921333642696
simulated_annealing,rosenbrock,101,6000,15.711921333642696
simulated_annealing,rosenbrock,101,6100,15.711921333642696
simulated_annealing,rosenbrock,101,6200,15.711921333642696
simulated_annealing,rosenbrock,101,6300,15.711921333642696
simulated_annealing,rosenbrock,101,6400,15.711921333642696
simulated_annealing,rosenbrock,101,6500,15.711921333642696
simulated_annealing,rosenbrock,101,6600,15.711921333642696
simulated_annealing,rosenbrock,101,6700,15.711921333642696
simulated_annealing,rosenbrock,101,6800,15.711921333642696
simulated_annealing,rosenbrock,101,6900,15.711921333642696
simulated_annealing,rosenbrock,101,7000,15.711921333642696
simulated_annealing,rosenbrock,101,7100,15.711921333642696
simulated_annealing,rosenbrock,101,7200,15.711921333642696
simulated_annealing,rosenbrock,101,7300,15.711921333642696
simulated_annealing,rosenbrock,101,7400,15.711921333642696
simulated_annealing,rosenbrock,101,7500,15.711921333642696
simulated_annealing,rosenbrock,101,7600,15.711921333642696
simulated_annealing,rosenbrock,101,7700,15.711921333642696
simulated_annealing,rosenbrock,101,7800,15.711921333642696
simulated_annealing,rosenbrock,101,7900,15.711921333642696
simulated_annealing,rosenbrock,101,8000,15.711921333642696
simulated_annealing,rosenbrock,101,8100,15.711921333642696
simulated_annealing,rosenbrock,101,8200,15.711921333642696
simulated_annealing,rosenbrock,101,8300,15.711921333642696
simulated_annealing,rosenbrock,101,8400,15.711921333642696
simulated_annealing,rosenbrock,101,8500,15.711921333642696
simulated_annealing,rosenbrock,101,8600,15.711921333642696
simulated_annealing,rosenbrock,101,8700,15.711921333642696
simulated_annealing,rosenbrock,101,8800,15.711921333642696
simulated_annealing,rosenbrock,101,8900,15.711921333642696
simulated_annealing,rosenbrock,101,9000,15.711921333642696
simulated_annealing,rosenbrock,101,9100,15.711921333642696
simulated_annealing,rosenbrock,101,9200,15.711921333642696
simulated_annealing,rosenbrock,101,9300,15.711921333642696
simulated_annealing,rosenbrock,101,9400,15.711921333642696
simulated_annealing,rosenbrock,101,9500,15.711921333642696
simulated_annealing,rosenbrock,101,9600,15.711921333642696
simulated_annealing,rosenbrock,101,9700,15.711921333642696
simulated_annealing,rosenbrock,101,9800,15.711921333642696
simulated_annealing,rosenbrock,101,9900,15.711921333642696
simulated_annealing,rosenbrock,101,10000,15.711921333642696
simulated_annealing,rosenbrock,101,10100,15.711921333642696
simulated_annealing,rosenbrock,101,10200,15.711921333642696
simulated_annealing,rosenbrock,101,10300,15.711921333642696
simulated_annealing,rosenbrock,101,10400,15.711921333642696
simulated_annealing,rosenbrock,101,10500,15.711921333642696
simulated_annealing,rosenbrock,101,10600,15.711921333642696
simulated_annealing,rosenbrock,101,10700,15.711921333642696
simulated_annealing,rosenbrock,101,10800,15.711921333642696
simulated_annealing,rosenbrock,101,10900,15.711921333642696
simulated_annealing,rosenbrock,101,11000,15.711921333642696
simulated_annealing,rosenbrock,101,11100,15.711921333642696
simulated_annealing,rosenbrock,101,11200,15.711921333642696
simulated_annealing,rosenbrock,101,11300,15.711921333642696
simulated_annealing,rosenbrock,101,11400,15.711921333642696
simulated_annealing,rosenbrock,101,11500,15.711921333642696
simulated_annealing,rosenbrock,101,11600,15.711921333642696
simulated_annealing,rosenbrock,101,11700,15.711921333642696
simulated_annealing,rosenbrock,101,11800,15.711921333642696
simulated_annealing,rosenbrock,101,11900,15.711921333642696
simulated_annealing,rosenbrock,101,12000,15.711921333642696
simulated_annealing,rosenbrock,101,12100,15.711921333642696
simulated_annealing,rosenbrock,101,12200,15.711921333642696
simulated_annealing,rosenbrock,101,12300,15.711921333642696
simulated_annealing,rosenbrock,101,12400,15.711921333642696
simulated_annealing,rosenbrock,101,12500,15.711921333642696
simulated_annealing,rosenbrock,101,12600,15.711921333642696
simulated_annealing,rosenbrock,101,12700,15.711921333642696
simulated_annealing,rosenbrock,101,12800,15.711921333642696
simulated_annealing,rosenbrock,101,12900,15.711921333642696
simulated_annealing,rosenbrock,101,13000,15.711921333642696
simulated_annealing,rosenbrock,101,13100,15.711921333642696
simulated_annealing,rosenbrock,101,13200,15.711921333642696
simulated_annealing,rosenbrock,101,13300,15.711921333642696
simulated_annealing,rosenbrock,101,13400,15.711921333642696
simulated_annealing,rosenbrock,101,13500,15.711921333642696
simulated_annealing,rosenbrock,101,13600,15.711921333642696
simulated_annealing,rosenbrock,101,13700,15.711921333642696
simulated_annealing,rosenbrock,101,13800,15.458967645707299
simulated_annealing,rosenbrock,101,13900,15.458967645707299
simulated_annealing,rosenbrock,101,14000,15.458967645707299
simulated_annealing,rosenbrock,101,14100,15.458967645707299
simulated_annealing,rosenbrock,101,14200,15.458967645707299
simulated_annealing,rosenbrock,101,14300,15.458967645707299
simulated_annealing,rosenbrock,101,14400,15.458967645707299
simulated_annealing,rosenbrock,101,14500,15.458967645707299
simulated_annealing,rosenbrock,101,14600,15.458967645707299
simulated_annealing,rosenbrock,101,14700,15.458967645707299
simulated_annealing,rosenbrock,101,14800,15.458967645707299
simulated_annealing,rosenbrock,101,14900,15.458967645707299
simulated_annealing,rosenbrock,101,15000,15.458967645707299
simulated_annealing,rosenbrock,101,15100,15.458967645707299
simulated_annealing,rosenbrock,101,15200,15.458967645707299
simulated_annealing,rosenbrock,101,15300,15.458967645707299
simulated_annealing,rosenbrock,101,15400,15.458967645707299
simulated_annealing,rosenbrock,101,15500,15.458967645707299
simulated_annealing,rosenbrock,101,15600,15.458967645707299
simulated_annealing,rosenbrock,101,15700,15.458967645707299
simulated_annealing,rosenbrock,101,15800,15.458967645707299
simulated_annealing,rosenbrock,101,15900,15.458967645707299
simulated_annealing,rosenbrock,101,16000,15.458967645707299
simulated_annealing,rosenbrock,101,16100,15.458967645707299
simulated_annealing,rosenbrock,101,16200,15.458967645707299
simulated_annealing,rosenbrock,101,16300,15.458967645707299
simulated_annealing,rosenbrock,101,16400,15.458967645707299
simulated_annealing,rosenbrock,101,16500,15.458967645707299
simulated_annealing,rosenbrock,101,16600,15.458967645707299
simulated_annealing,rosenbrock,101,16700,15.38912127349958
simulated_annealing,rosenbrock,101,16800,15.38912127349958
simulated_annealing,rosenbrock,101,16900,15.38912127349958
simulated_annealing,rosenbrock,101,17000,15.38912127349958
simulated_annealing,rosenbrock,101,17100,15.38912127349958
simulated_annealing,rosenbrock,101,17200,15.38912127349958
simulated_annealing,rosenbrock,101,17300,15.38912127349958
simulated_annealing,rosenbrock,101,17400,15.38912127349958
simulated_annealing,rosenbrock,101,17500,15.38912127349958
simulated_annealing,rosenbrock,101,17600,15.38912127349958
simulated_annealing,rosenbrock,101,17700,15.38912127349958
simulated_annealing,rosenbrock,101,17800,15.38912127349958
simulated_annealing,rosenbrock,101,17900,15.38912127349958
simulated_annealing,rosenbrock,101,18000,15.38912127349958
simulated_annealing,rosenbrock,101,18100,15.38912127349958
simulated_annealing,rosenbrock,101,18200,15.38912127349958
simulated_annealing,rosenbrock,101,18300,15.38912127349958
simulated_annealing,rosenbrock,101,18400,15.38912127349958
simulated_annealing,rosenbrock,101,18500,15.38912127349958
simulated_annealing,rosenbrock,101,18600,15.38912127349958
simulated_annealing,rosenbrock,101,18700,15.38912127349958
simulated_annealing,rosenbrock,101,18800,15.38912127349958
simulated_annealing,rosenbrock,101,18900,15.38912127349958
simulated_annealing,rosenbrock,101,19000,15.38912127349958
simulated_annealing,rosenbrock,101,19100,15.38912127349958
simulated_annealing,rosenbrock,101,19200,15.38912127349958
simulated_annealing,rosenbrock,101,19300,15.38912127349958
simulated_annealing,rosenbrock,101,19400,15.38912127349958
simulated_annealing,rosenbrock,101,19500,15.38912127349958
simulated_annealing,rosenbrock,101,19600,15.38912127349958
simulated_annealing,rosenbrock,101,19700,15.38912127349958
simulated_annealing,rosenbrock,101,19800,15.38912127349958
simulated_annealing,rosenbrock,101,19900,15.38912127349958
simulated_annealing,rosenbrock,101,20000,15.38912127349958
simulated_annealing,rosenbrock,102,100,36500.51533230815
simulated_annealing,rosenbrock,102,200,36500.51533230815
simulated_annealing,rosenbrock,102,300,25456.580258964845
simulated_annealing,rosenbrock,102,400,1750.6852738965813
simulated_annealing,rosenbrock,102,500,1423.1799351677107
simulated_annealing,rosenbrock,102,600,1111.3169361235957
simulated_annealing,rosenbrock,102,700,818.9389747784786
simulated_annealing,rosenbrock,102,800,250.30615819375515
simulated_annealing,rosenbrock,102,900,56.509893625140734
simulated_annealing,rosenbrock,102,1000,56.509893625140734
simulated_annealing,rosenbrock,102,1100,12.901520518451656
simulated_annealing,rosenbrock,102,1200,12.901520518451656
simulated_annealing,rosenbrock,102,1300,12.901520518451656
simulated_annealing,rosenbrock,102,1400,12.901520518451656
simulated_annealing,rosenbrock,102,1500,12.901520518451656
simulated_annealing,rosenbrock,102,1600,12.901520518451656
simulated_annealing,rosenbrock,102,1700,12.901520518451656
simulated_annealing,rosenbrock,102,1800,12.901520518451656
simulated_annealing,rosenbrock,102,1900,12.901520518451656
simulated_annealing,rosenbrock,102,2000,12.901520518451656
simulated_annealing,rosenbrock,102,2100,12.901520518451656
simulated_annealing,rosenbrock,102,2200,12.901520518451656
simulated_annealing,rosenbrock,102,2300,12.901520518451656
simulated_annealing,rosenbrock,102,2400,12.901520518451656
simulated_annealing,rosenbrock,102,2500,12.901520518451656
simulated_annealing,rosenbrock,102,2600,12.901520518451656
simulated_annealing,rosenbrock,102,2700,12.901520518451656
simulated_annealing,rosenbrock,102,2800,12.901520518451656
simulated_annealing,rosenbrock,102,2900,12.901520518451656
simulated_annealing,rosenbrock,102,3000,12.901520518451656
simulated_annealing,rosenbrock,102,3100,12.901520518451656
simulated_annealing,rosenbrock,102,3200,12.901520518451656
simulated_annealing,rosenbrock,102,3300,12.901520518451656
simulated_annealing,rosenbrock,102,3400,12.901520518451656
simulated_annealing,rosenbrock,102,3500,12.901520518451656
simulated_annealing,rosenbrock,102,3600,12.901520518451656
simulated_annealing,rosenbrock,102,3700,12.901520518451656
simulated_annealing,rosenbrock,102,3800,12.901520518451656
simulated_annealing,rosenbrock,102,3900,12.901520518451656
simulated_annealing,rosenbrock,102,4000,12.901520518451656
simulated_annealing,rosenbrock,102,4100,12.901520518451656
simulated_annealing,rosenbrock,102,4200,12.901520518451656
simulated_annealing,rosenbrock,102,4300,12.901520518451656
simulated_annealing,rosenbrock,102,4400,12.901520518451656
simulated_annealing,rosenbrock,102,4500,12.901520518451656
simulated_annealing,rosenbrock,102,4600,12.901520518451656
simulated_annealing,rosenbrock,102,4700,12.901520518451656
simulated_annealing,rosenbrock,102,4800,12.901520518451656
simulated_annealing,rosenbrock,102,4900,12.901520518451656
simulated_annealing,rosenbrock,102,5000,12.901520518451656
simulated_annealing,rosenbrock,102,5100,12.901520518451656
simulated_annealing,rosenbrock,102,5200,12.901520518451656
simulated_annealing,rosenbrock,102,5300,12.901520518451656
simulated_annealing,rosenbrock,102,5400,12.901520518451656
simulated_annealing,rosenbrock,102,5500,12.901520518451656
simulated_annealing,rosenbrock,102,5600,12.901520518451656
simulated_annealing,rosenbrock,102,5700,12.901520518451656
simulated_annealing,rosenbrock,102,5800,12.901520518451656
simulated_annealing,rosenbrock,102,5900,12.901520518451656
simulated_annealing,rosenbrock,102,6000,12.901520518451656
simulated_annealing,rosenbrock,102,6100,12.901520518451656
simulated_annealing,rosenbrock,102,6200,12.901520518451656
simulated_annealing,rosenbrock,102,6300,12.901520518451656
simulated_annealing,rosenbrock,102,6400,12.901520518451656
simulated_annealing,rosenbrock,102,6500,12.901520518451656
simulated_annealing,rosenbrock,102,6600,12.901520518451656
simulated_annealing,rosenbrock,102,6700,12.901520518451656
simulated_annealing,rosenbrock,102,6800,12.901520518451656
simulated_annealing,rosenbrock,102,6900,12.901520518451656
simulated_annealing,rosenbrock,102,7000,12.901520518451656
simulated_annealing,rosenbrock,102,7100,12.901520518451656
simulated_annealing,rosenbrock,102,7200,12.901520518451656
simulated_annealing,rosenbrock,102,7300,12.901520518451656
simulated_annealing,rosenbrock,102,7400,12.901520518451656
simulated_annealing,rosenbrock,102,7500,12.901520518451656
simulated_annealing,rosenbrock,102,7600,12.901520518451656
simulated_annealing,rosenbrock,102,7700,12.901520518451656
simulated_annealing,rosenbrock,102,7800,12.901520518451656
simulated_annealing,rosenbrock,102,7900,12.901520518451656
simulated_annealing,rosenbrock,102,8000,12.901520518451656
simulated_annealing,rosenbrock,102,8100,12.901520518451656
simulated_annealing,rosenbrock,102,8200,12.901520518451656
simulated_annealing,rosenbrock,102,8300,12.901520518451656
simulated_annealing,rosenbrock,102,8400,12.901520518451656
simulated_annealing,rosenbrock,102,8500,12.901520518451656
simulated_annealing,rosenbrock,102,8600,12.901520518451656
simulated_annealing,rosenbrock,102,8700,12.901520518451656
simulated_annealing,rosenbrock,102,8800,12.901520518451656
simulated_annealing,rosenbrock,102,8900,12.901520518451656
simulated_annealing,rosenbrock,102,9000,12.901520518451656
simulated_annealing,rosenbrock,102,9100,12.901520518451656
simulated_annealing,rosenbrock,102,9200,12.901520518451656
simulated_annealing,rosenbrock,102,9300,12.901520518451656
simulated_annealing,rosenbrock,102,9400,12.901520518451656
simulated_annealing,rosenbrock,102,9500,12.901520518451656
simulated_annealing,rosenbrock,102,9600,12.901520518451656
simulated_annealing,rosenbrock,102,9700,12.901520518451656
simulated_annealing,rosenbrock,102,9800,12.901520518451656
simulated_annealing,rosenbrock,102,9900,12.901520518451656
simulated_annealing,rosenbrock,102,10000,12.901520518451656
simulated_annealing,rosenbrock,102,10100,12.901520518451656
simulated_annealing,rosenbrock,102,10200,12.901520518451656
simulated_annealing,rosenbrock,102,10300,12.901520518451656
simulated_annealing,rosenbrock,102,10400,12.901520518451656
simulated_annealing,rosenbrock,102,10500,12.901520518451656
simulated_annealing,rosenbrock,102,10600,12.901520518451656
simulated_annealing,rosenbrock,102,10700,12.901520518451656
simulated_annealing,rosenbrock,102,10800,12.901520518451656
simulated_annealing,rosenbrock,102,10900,12.901520518451656
simulated_annealing,rosenbrock,102,11000,12.901520518451656
simulated_annealing,rosenbrock,102,11100,12.901520518451656
simulated_annealing,rosenbrock,102,11200,12.901520518451656
simulated_annealing,rosenbrock,102,11300,12.901520518451656
simulated_annealing,rosenbrock,102,11400,12.901520518451656
simulated_annealing,rosenbrock,102,11500,12.901520518451656
simulated_annealing,rosenbrock,102,11600,12.901520518451656
simulated_annealing,rosenbrock,102,11700,12.901520518451656
simulated_annealing,rosenbrock,102,11800,12.901520518451656
simulated_annealing,rosenbrock,102,11900,12.901520518451656
simulated_annealing,rosenbrock,102,12000,12.901520518451656
simulated_annealing,rosenbrock,102,12100,12.901520518451656
simulated_annealing,rosenbrock,102,12200,12.901520518451656
simulated_annealing,rosenbrock,102,12300,12.901520518451656
simulated_annealing,rosenbrock,102,12400,12.901520518451656
simulated_annealing,rosenbrock,102,12500,12.901520518451656
simulated_annealing,rosenbrock,102,12600,12.901520518451656
simulated_annealing,rosenbrock,102,12700,12.901520518451656
simulated_annealing,rosenbrock,102,12800,12.901520518451656
simulated_annealing,rosenbrock,102,12900,12.901520518451656
simulated_annealing,rosenbrock,102,13000,12.901520518451656
simulated_annealing,rosenbrock,102,13100,12.901520518451656
simulated_annealing,rosenbrock,102,13200,12.901520518451656
simulated_annealing,rosenbrock,102,13300,12.901520518451656
simulated_annealing,rosenbrock,102,13400,12.901520518451656
simulated_annealing,rosenbrock,102,13500,12.901520518451656
simulated_annealing,rosenbrock,102,13600,12.901520518451656
simulated_annealing,rosenbrock,102,13700,12.901520518451656
simulated_annealing,rosenbrock,102,13800,12.901520518451656
simulated_annealing,rosenbrock,102,13900,12.901520518451656
simulated_annealing,rosenbrock,102,14000,12.901520518451656
simulated_annealing,rosenbrock,102,14100,12.901520518451656
simulated_annealing,rosenbrock,102,14200,12.901520518451656
simulated_annealing,rosenbrock,102,14300,12.901520518451656
simulated_annealing,rosenbrock,102,14400,12.901520518451656
simulated_annealing,rosenbrock,102,14500,12.901520518451656
simulated_annealing,rosenbrock,102,14600,12.901520518451656
simulated_annealing,rosenbrock,102,14700,12.901520518451656
simulated_annealing,rosenbrock,102,14800,12.901520518451656
simulated_annealing,rosenbrock,102,14900,12.901520518451656
simulated_annealing,rosenbrock,102,15000,12.901520518451656
simulated_annealing,rosenbrock,102,15100,12.901520518451656
simulated_annealing,rosenbrock,102,15200,12.901520518451656
simulated_annealing,rosenbrock,102,15300,12.901520518451656
simulated_annealing,rosenbrock,102,15400,12.901520518451656
simulated_annealing,rosenbrock,102,15500,12.901520518451656
simulated_annealing,rosenbrock,102,15600,12.901520518451656
simulated_annealing,rosenbrock,102,15700,12.901520518451656
simulated_annealing,rosenbrock,102,15800,12.901520518451656
simulated_annealing,rosenbrock,102,15900,12.901520518451656
simulated_annealing,rosenbrock,102,16000,12.901520518451656
simulated_annealing,rosenbrock,102,16100,12.901520518451656
simulated_annealing,rosenbrock,102,16200,12.901520518451656
simulated_annealing,rosenbrock,102,16300,12.901520518451656
simulated_annealing,rosenbrock,102,16400,12.901520518451656
simulated_annealing,rosenbrock,102,16500,12.901520518451656
simulated_annealing,rosenbrock,102,16600,12.901520518451656
simulated_annealing,rosenbrock,102,16700,12.901520518451656
simulated_annealing,rosenbrock,102,16800,12.901520518451656
simulated_annealing,rosenbrock,102,16900,12.901520518451656
simulated_annealing,rosenbrock,102,17000,12.901520518451656
simulated_annealing,rosenbrock,102,17100,12.901520518451656
simulated_annealing,rosenbrock,102,17200,12.901520518451656
simulated_annealing,rosenbrock,102,17300,12.901520518451656
simulated_annealing,rosenbrock,102,17400,12.901520518451656
simulated_annealing,rosenbrock,102,17500,12.901520518451656
simulated_annealing,rosenbrock,102,17600,12.901520518451656
simulated_annealing,rosenbrock,102,17700,12.901520518451656
simulated_annealing,rosenbrock,102,17800,12.901520518451656
simulated_annealing,rosenbrock,102,17900,12.901520518451656
simulated_annealing,rosenbrock,102,18000,12.901520518451656
simulated_annealing,rosenbrock,102,18100,12.901520518451656
simulated_annealing,rosenbrock,102,18200,12.901520518451656
simulated_annealing,rosenbrock,102,18300,12.901520518451656
simulated_annealing,rosenbrock,102,18400,12.901520518451656
simulated_annealing,rosenbrock,102,18500,12.901520518451656
simulated_annealing,rosenbrock,102,18600,12.901520518451656
simulated_annealing,rosenbrock,102,18700,12.901520518451656
simulated_annealing,rosenbrock,102,18800,12.901520518451656
simulated_annealing,rosenbrock,102,18900,12.901520518451656
simulated_annealing,rosenbrock,102,19000,12.901520518451656
simulated_annealing,rosenbrock,102,19100,12.901520518451656
simulated_annealing,rosenbrock,102,19200,12.901520518451656
simulated_annealing,rosenbrock,102,19300,12.901520518451656
simulated_annealing,rosenbrock,102,19400,12.901520518451656
simulated_annealing,rosenbrock,102,19500,12.901520518451656
simulated_annealing,rosenbrock,102,19600,12.901520518451656
simulated_annealing,rosenbrock,102,19700,12.901520518451656
simulated_annealing,rosenbrock,102,19800,12.901520518451656
simulated_annealing,rosenbrock,102,19900,12.901520518451656
simulated_annealing,rosenbrock,102,20000,12.901520518451656
simulated_annealing,rosenbrock,103,100,173315.8186814664
simulated_annealing,rosenbrock,103,200,94522.6859233917
simulated_annealing,rosenbrock,103,300,10359.817831296119
simulated_annealing,rosenbrock,103,400,2464.3636531541124
simulated_annealing,rosenbrock,103,500,2117.364932399876
simulated_annealing,rosenbrock,103,600,584.4609632844737
simulated_annealing,rosenbrock,103,700,232.716168927922
simulated_annealing,rosenbrock,103,800,131.65743339938828
simulated_annealing,rosenbrock,103,900,75.59625655112453
simulated_annealing,rosenbrock,103,1000,42.84885280308176
simulated_annealing,rosenbrock,103,1100,38.79823553476995
simulated_annealing,rosenbrock,103,1200,29.745032301108424
simulated_annealing,rosenbrock,103,1300,29.432775074067774
simulated_annealing,rosenbrock,103,1400,29.432775074067774
simulated_annealing,rosenbrock,103,1500,28.177438091617496
simulated_annealing,rosenbrock,103,1600,28.177438091617496
simulated_annealing,rosenbrock,103,1700,28.177438091617496
simulated_annealing,rosenbrock,103,1800,28.177438091617496
simulated_annealing,rosenbrock,103,1900,28.177438091617496
simulated_annealing,rosenbrock,103,2000,21.993698245674537
simulated_annealing,rosenbrock,103,2100,21.993698245674537
simulated_annealing,rosenbrock,103,2200,21.993698245674537
simulated_annealing,rosenbrock,103,2300,21.993698245674537
simulated_annealing,rosenbrock,103,2400,21.993698245674537
simulated_annealing,rosenbrock,103,2500,21.993698245674537
simulated_annealing,rosenbrock,103,2600,21.993698245674537
simulated_annealing,rosenbrock,103,2700,21.993698245674537
simulated_annealing,rosenbrock,103,2800,18.701974112783326
simulated_annealing,rosenbrock,103,2900,18.701974112783326
simulated_annealing,rosenbrock,103,3000,18.701974112783326
simulated_annealing,rosenbrock,103,3100,18.701974112783326
simulated_annealing,rosenbrock,103,3200,18.701974112783326
simulated_annealing,rosenbrock,103,3300,18.701974112783326
simulated_annealing,rosenbrock,103,3400,18.701974112783326
simulated_annealing,rosenbrock,103,3500,18.701974112783326
simulated_annealing,rosenbrock,103,3600,18.701974112783326
simulated_annealing,rosenbrock,103,3700,18.701974112783326
simulated_annealing,rosenbrock,103,3800,18.701974112783326
simulated_annealing,rosenbrock,103,3900,18.701974112783326
simulated_annealing,rosenbrock,103,4000,18.701974112783326
simulated_annealing,rosenbrock,103,4100,18.701974112783326
simulated_annealing,rosenbrock,103,4200,18.701974112783326
simulated_annealing,rosenbrock,103,4300,18.701974112783326
simulated_annealing,rosenbrock,103,4400,18.701974112783326
simulated_annealing,rosenbrock,103,4500,18.701974112783326
simulated_annealing,rosenbrock,103,4600,18.701974112783326
simulated_annealing,rosenbrock,103,4700,18.701974112783326
simulated_annealing,rosenbrock,103,4800,18.701974112783326
simulated_annealing,rosenbrock,103,4900,18.701974112783326
simulated_annealing,rosenbrock,103,5000,18.701974112783326
simulated_annealing,rosenbrock,103,5100,17.466888145746857
simulated_annealing,rosenbrock,103,5200,17.466888145746857
simulated_annealing,rosenbrock,103,5300,17.466888145746857
simulated_annealing,rosenbrock,103,5400,17.466888145746857
simulated_annealing,rosenbrock,103,5500,17.466888145746857
simulated_annealing,rosenbrock,103,5600,17.466888145746857
simulated_annealing,rosenbrock,103,5700,17.466888145746857
simulated_annealing,rosenbrock,103,5800,17.466888145746857
simulated_annealing,rosenbrock,103,5900,17.466888145746857
simulated_annealing,rosenbrock,103,6000,17.466888145746857
simulated_annealing,rosenbrock,103,6100,17.466888145746857
simulated_annealing,rosenbrock,103,6200,17.466888145746857
simulated_annealing,rosenbrock,103,6300,17.466888145746857
simulated_annealing,rosenbrock,103,6400,17.466888145746857
simulated_annealing,rosenbrock,103,6500,17.466888145746857
simulated_annealing,rosenbrock,103,6600,17.466888145746857
simulated_annealing,rosenbrock,103,6700,17.466888145746857
simulated_annealing,rosenbrock,103,6800,17.466888145746857
simulated_annealing,rosenbrock,103,6900,17.466888145746857
simulated_annealing,rosenbrock,103,7000,17.466888145746857
simulated_annealing,rosenbrock,103,7100,17.466888145746857
simulated_annealing,rosenbrock,103,7200,16.679158700091183
simulated_annealing,rosenbrock,103,7300,16.679158700091183
simulated_annealing,rosenbrock,103,7400,16.679158700091183
simulated_annealing,rosenbrock,103,7500,16.679158700091183
simulated_annealing,rosenbrock,103,7600,16.679158700091183
simulated_annealing,rosenbrock,103,7700,16.679158700091183
simulated_annealing,rosenbrock,103,7800,16.679158700091183
simulated_annealing,rosenbrock,103,7900,16.679158700091183
simulated_annealing,rosenbrock,103,8000,16.679158700091183
simulated_annealing,rosenbrock,103,8100,16.679158700091183
simulated_annealing,rosenbrock,103,8200,16.679158700091183
simulated_annealing,rosenbrock,103,8300,16.679158700091183
simulated_annealing,rosenbrock,103,8400,16.679158700091183
simulated_annealing,rosenbrock,103,8500,16.679158700091183
simulated_annealing,rosenbrock,103,8600,16.679158700091183
simulated_annealing,rosenbrock,103,8700,16.679158700091183
simulated_annealing,rosenbrock,103,8800,16.679158700091183
simulated_annealing,rosenbrock,103,8900,16.679158700091183
simulated_annealing,rosenbrock,103,9000,16.679158700091183
simulated_annealing,rosenbrock,103,9100,16.679158700091183
simulated_annealing,rosenbrock,103,9200,16.679158700091183
simulated_annealing,rosenbrock,103,9300,16.679158700091183
simulated_annealing,rosenbrock,103,9400,16.679158700091183
simulated_annealing,rosenbrock,103,9500,16.679158700091183
simulated_annealing,rosenbrock,103,9600,16.679158700091183
simulated_annealing,rosenbrock,103,9700,16.679158700091183
simulated_annealing,rosenbrock,103,9800,16.679158700091183
simulated_annealing,rosenbrock,103,9900,16.679158700091183
simulated_annealing,rosenbrock,103,10000,16.679158700091183
simulated_annealing,rosenbrock,103,10100,16.679158700091183
simulated_annealing,rosenbrock,103,10200,16.679158700091183
simulated_annealing,rosenbrock,103,10300,16.679158700091183
simulated_annealing,rosenbrock,103,10400,16.679158700091183
simulated_annealing,rosenbrock,103,10500,16.679158700091183
simulated_annealing,rosenbrock,103,10600,16.679158700091183
simulated_annealing,rosenbrock,103,10700,16.679158700091183
simulated_annealing,rosenbrock,103,10800,16.679158700091183
simulated_annealing,rosenbrock,103,10900,16.679158700091183
simulated_annealing,rosenbrock,103,11000,16.679158700091183
simulated_annealing,rosenbrock,103,11100,16.679158700091183
simulated_annealing,rosenbrock,103,11200,16.679158700091183
simulated_annealing,rosenbrock,103,11300,16.679158700091183
simulated_annealing,rosenbrock,103,11400,16.679158700091183
simulated_annealing,rosenbrock,103,11500,16.679158700091183
simulated_annealing,rosenbrock,103,11600,16.011147299373846
simulated_annealing,rosenbrock,103,11700,16.011147299373846
simulated_annealing,rosenbrock,103,11800,16.011147299373846
simulated_annealing,rosenbrock,103,11900,16.011147299373846
simulated_annealing,rosenbrock,103,12000,16.011147299373846
simulated_annealing,rosenbrock,103,12100,16.011147299373846
simulated_annealing,rosenbrock,103,12200,16.011147299373846
simulated_annealing,rosenbrock,103,12300,16.011147299373846
simulated_annealing,rosenbrock,103,12400,16.011147299373846
simulated_annealing,rosenbrock,103,12500,16.011147299373846
simulated_annealing,rosenbrock,103,12600,16.011147299373846
simulated_annealing,rosenbrock,103,12700,16.011147299373846
simulated_annealing,rosenbrock,103,12800,16.011147299373846
simulated_annealing,rosenbrock,103,12900,16.011147299373846
simulated_annealing,rosenbrock,103,13000,16.011147299373846
simulated_annealing,rosenbrock,103,13100,16.011147299373846
simulated_annealing,rosenbrock,103,13200,15.329558433127765
simulated_annealing,rosenbrock,103,13300,15.329558433127765
simulated_annealing,rosenbrock,103,13400,15.329558433127765
simulated_annealing,rosenbrock,103,13500,15.329558433127765
simulated_annealing,rosenbrock,103,13600,15.329558433127765
simulated_annealing,rosenbrock,103,13700,13.774648241215045
simulated_annealing,rosenbrock,103,13800,13.774648241215045
simulated_annealing,rosenbrock,103,13900,13.774648241215045
simulated_annealing,rosenbrock,103,14000,13.774648241215045
simulated_annealing,rosenbrock,103,14100,13.774648241215045
simulated_annealing,rosenbrock,103,14200,13.774648241215045
simulated_annealing,rosenbrock,103,14300,13.774648241215045
simulated_annealing,rosenbrock,103,14400,13.774648241215045
simulated_annealing,rosenbrock,103,14500,13.774648241215045
simulated_annealing,rosenbrock,103,14600,13.774648241215045
simulated_annealing,rosenbrock,103,14700,13.774648241215045
simulated_annealing,rosenbrock,103,14800,13.774648241215045
simulated_annealing,rosenbrock,103,14900,13.774648241215045
simulated_annealing,rosenbrock,103,15000,13.774648241215045
simulated_annealing,rosenbrock,103,15100,13.774648241215045
simulated_annealing,rosenbrock,103,15200,13.774648241215045
simulated_annealing,rosenbrock,103,15300,13.774648241215045
simulated_annealing,rosenbrock,103,15400,13.774648241215045
simulated_annealing,rosenbrock,103,15500,13.774648241215045
simulated_annealing,rosenbrock,103,15600,13.774648241215045
simulated_annealing,rosenbrock,103,15700,13.774648241215045
simulated_annealing,rosenbrock,103,15800,13.774648241215045
simulated_annealing,rosenbrock,103,15900,13.774648241215045
simulated_annealing,rosenbrock,103,16000,13.774648241215045
simulated_annealing,rosenbrock,103,16100,13.774648241215045
simulated_annealing,rosenbrock,103,16200,13.774648241215045
simulated_annealing,rosenbrock,103,16300,13.774648241215045
simulated_annealing,rosenbrock,103,16400,13.774648241215045
simulated_annealing,rosenbrock,103,16500,13.774648241215045
simulated_annealing,rosenbrock,103,16600,13.774648241215045
simulated_annealing,rosenbrock,103,16700,13.774648241215045
simulated_annealing,rosenbrock,103,16800,13.774648241215045
simulated_annealing,rosenbrock,103,16900,13.774648241215045
simulated_annealing,rosenbrock,103,17000,13.774648241215045
simulated_annealing,rosenbrock,103,17100,13.774648241215045
simulated_annealing,rosenbrock,103,17200,13.774648241215045
simulated_annealing,rosenbrock,103,17300,13.774648241215045
simulated_annealing,rosenbrock,103,17400,13.774648241215045
simulated_annealing,rosenbrock,103,17500,13.774648241215045
simulated_annealing,rosenbrock,103,17600,13.774648241215045
simulated_annealing,rosenbrock,103,17700,13.774648241215045
simulated_annealing,rosenbrock,103,17800,13.774648241215045
simulated_annealing,rosenbrock,103,17900,13.774648241215045
simulated_annealing,rosenbrock,103,18000,13.774648241215045
simulated_annealing,rosenbrock,103,18100,13.774648241215045
simulated_annealing,rosenbrock,103,18200,13.774648241215045
simulated_annealing,rosenbrock,103,18300,13.774648241215045
simulated_annealing,rosenbrock,103,18400,13.774648241215045
simulated_annealing,rosenbrock,103,18500,13.774648241215045
simulated_annealing,rosenbrock,103,18600,13.774648241215045
simulated_annealing,rosenbrock,103,18700,13.774648241215045
simulated_annealing,rosenbrock,103,18800,13.774648241215045
simulated_annealing,rosenbrock,103,18900,13.774648241215045
simulated_annealing,rosenbrock,103,19000,13.774648241215045
simulated_annealing,rosenbrock,103,19100,13.774648241215045
simulated_annealing,rosenbrock,103,19200,13.774648241215045
simulated_annealing,rosenbrock,103,19300,13.774648241215045
simulated_annealing,rosenbrock,103,19400,13.774648241215045
simulated_annealing,rosenbrock,103,19500,13.774648241215045
simulated_annealing,rosenbrock,103,19600,13.774648241215045
simulated_annealing,rosenbrock,103,19700,13.774648241215045
simulated_annealing,rosenbrock,103,19800,13.774648241215045
simulated_annealing,rosenbrock,103,19900,13.774648241215045
simulated_annealing,rosenbrock,103,20000,13.774648241215045
simulated_annealing,rosenbrock,104,100,205459.1662553633
simulated_annealing,rosenbrock,104,200,82290.85529223515
simulated_annealing,rosenbrock,104,300,34250.08337312978
simulated_annealing,rosenbrock,104,400,1021.3419972372883
simulated_annealing,rosenbrock,104,500,1021.3419972372883
simulated_annealing,rosenbrock,104,600,406.2007002797692
simulated_annealing,rosenbrock,104,700,239.20906964261752
simulated_annealing,rosenbrock,104,800,129.66865705544737
simulated_annealing,rosenbrock,104,900,129.66865705544737
simulated_annealing,rosenbrock,104,1000,102.25021680324095
simulated_annealing,rosenbrock,104,1100,59.57764156529015
simulated_annealing,rosenbrock,104,1200,33.840302626573546
simulated_annealing,rosenbrock,104,1300,23.21140090702264
simulated_annealing,rosenbrock,104,1400,23.21140090702264
simulated_annealing,rosenbrock,104,1500,23.21140090702264
simulated_annealing,rosenbrock,104,1600,23.21140090702264
simulated_annealing,rosenbrock,104,1700,23.21140090702264
simulated_annealing,rosenbrock,104,1800,23.21140090702264
simulated_annealing,rosenbrock,104,1900,23.21140090702264
simulated_annealing,rosenbrock,104,2000,23.21140090702264
simulated_annealing,rosenbrock,104,2100,19.005371870881497
simulated_annealing,rosenbrock,104,2200,19.005371870881497
simulated_annealing,rosenbrock,104,2300,19.005371870881497
simulated_annealing,rosenbrock,104,2400,19.005371870881497
simulated_annealing,rosenbrock,104,2500,19.005371870881497
simulated_annealing,rosenbrock,104,2600,19.005371870881497
simulated_annealing,rosenbrock,104,2700,19.005371870881497
simulated_annealing,rosenbrock,104,2800,19.005371870881497
simulated_annealing,rosenbrock,104,2900,19.005371870881497
simulated_annealing,rosenbrock,104,3000,19.005371870881497
simulated_annealing,rosenbrock,104,3100,19.005371870881497
simulated_annealing,rosenbrock,104,3200,19.005371870881497
simulated_annealing,rosenbrock,104,3300,19.005371870881497
simulated_annealing,rosenbrock,104,3400,19.005371870881497
simulated_annealing,rosenbrock,104,3500,19.005371870881497
simulated_annealing,rosenbrock,104,3600,19.005371870881497
simulated_annealing,rosenbrock,104,3700,19.005371870881497
simulated_annealing,rosenbrock,104,3800,19.005371870881497
simulated_annealing,rosenbrock,104,3900,19.005371870881497
simulated_annealing,rosenbrock,104,4000,19.005371870881497
simulated_annealing,rosenbrock,104,4100,19.005371870881497
simulated_annealing,rosenbrock,104,4200,19.005371870881497
simulated_annealing,rosenbrock,104,4300,19.005371870881497
simulated_annealing,rosenbrock,104,4400,19.005371870881497
simulated_annealing,rosenbrock,104,4500,19.005371870881497
simulated_annealing,rosenbrock,104,4600,19.005371870881497
simulated_annealing,rosenbrock,104,4700,19.005371870881497
simulated_annealing,rosenbrock,104,4800,19.005371870881497
simulated_annealing,rosenbrock,104,4900,19.005371870881497
simulated_annealing,rosenbrock,104,5000,19.005371870881497
simulated_annealing,rosenbrock,104,5100,19.005371870881497
simulated_annealing,rosenbrock,104,5200,19.005371870881497
simulated_annealing,rosenbrock,104,5300,19.005371870881497
simulated_annealing,rosenbrock,104,5400,19.005371870881497
simulated_annealing,rosenbrock,104,5500,19.005371870881497
simulated_annealing,rosenbrock,104,5600,19.005371870881497
simulated_annealing,rosenbrock,104,5700,19.005371870881497
simulated_annealing,rosenbrock,104,5800,19.005371870881497
simulated_annealing,rosenbrock,104,5900,19.005371870881497
simulated_annealing,rosenbrock,104,6000,19.005371870881497
simulated_annealing,rosenbrock,104,6100,19.005371870881497
simulated_annealing,rosenbrock,104,6200,19.005371870881497
simulated_annealing,rosenbrock,104,6300,19.005371870881497
simulated_annealing,rosenbrock,104,6400,19.005371870881497
simulated_annealing,rosenbrock,104,6500,19.005371870881497
simulated_annealing,rosenbrock,104,6600,19.005371870881497
simulated_annealing,rosenbrock,104,6700,19.005371870881497
simulated_annealing,rosenbrock,104,6800,19.005371870881497
simulated_annealing,rosenbrock,104,6900,19.005371870881497
simulated_annealing,rosenbrock,104,7000,19.005371870881497
simulated_annealing,rosenbrock,104,7100,19.005371870881497
simulated_annealing,rosenbrock,104,7200,19.005371870881497
simulated_annealing,rosenbrock,104,7300,19.005371870881497
simulated_annealing,rosenbrock,104,7400,19.005371870881497
simulated_annealing,rosenbrock,104,7500,19.005371870881497
simulated_annealing,rosenbrock,104,7600,19.005371870881497
simulated_annealing,rosenbrock,104,7700,19.005371870881497
simulated_annealing,rosenbrock,104,7800,19.005371870881497
simulated_annealing,rosenbrock,104,7900,19.005371870881497
simulated_annealing,rosenbrock,104,8000,19.005371870881497
simulated_annealing,rosenbrock,104,8100,19.005371870881497
simulated_annealing,rosenbrock,104,8200,19.005371870881497
simulated_annealing,rosenbrock,104,8300,19.005371870881497
simulated_annealing,rosenbrock,104,8400,19.005371870881497
simulated_annealing,rosenbrock,104,8500,19.005371870881497
simulated_annealing,rosenbrock,104,8600,19.005371870881497
simulated_annealing,rosenbrock,104,8700,19.005371870881497
simulated_annealing,rosenbrock,104,8800,19.005371870881497
simulated_annealing,rosenbrock,104,8900,19.005371870881497
simulated_annealing,rosenbrock,104,9000,19.005371870881497
simulated_annealing,rosenbrock,104,9100,19.005371870881497
simulated_annealing,rosenbrock,104,9200,19.005371870881497
simulated_annealing,rosenbrock,104,9300,19.005371870881497
simulated_annealing,rosenbrock,104,9400,19.005371870881497
simulated_annealing,rosenbrock,104,9500,19.005371870881497
simulated_annealing,rosenbrock,104,9600,19.005371870881497
simulated_annealing,rosenbrock,104,9700,19.005371870881497
simulated_annealing,rosenbrock,104,9800,19.005371870881497
simulated_annealing,rosenbrock,104,9900,19.005371870881497
simulated_annealing,rosenbrock,104,10000,19.005371870881497
simulated_annealing,rosenbrock,104,10100,19.005371870881497
simulated_annealing,rosenbrock,104,10200,19.005371870881497
simulated_annealing,rosenbrock,104,10300,19.005371870881497
simulated_annealing,rosenbrock,104,10400,19.005371870881497
simulated_annealing,rosenbrock,104,10500,19.005371870881497
simulated_annealing,rosenbrock,104,10600,19.005371870881497
simulated_annealing,rosenbrock,104,10700,19.005371870881497
simulated_annealing,rosenbrock,104,10800,19.005371870881497
simulated_annealing,rosenbrock,104,10900,19.005371870881497
simulated_annealing,rosenbrock,104,11000,19.005371870881497
simulated_annealing,rosenbrock,104,11100,19.005371870881497
simulated_annealing,rosenbrock,104,11200,19.005371870881497
simulated_annealing,rosenbrock,104,11300,19.005371870881497
simulated_annealing,rosenbrock,104,11400,19.005371870881497
simulated_annealing,rosenbrock,104,11500,17.623211296604545
simulated_annealing,rosenbrock,104,11600,17.623211296604545
simulated_annealing,rosenbrock,104,11700,17.623211296604545
simulated_annealing,rosenbrock,104,11800,17.623211296604545
simulated_annealing,rosenbrock,104,11900,17.623211296604545
simulated_annealing,rosenbrock,104,12000,17.623211296604545
simulated_annealing,rosenbrock,104,12100,17.623211296604545
simulated_annealing,rosenbrock,104,12200,17.623211296604545
simulated_annealing,rosenbrock,104,12300,17.623211296604545
simulated_annealing,rosenbrock,104,12400,17.623211296604545
simulated_annealing,rosenbrock,104,12500,17.623211296604545
simulated_annealing,rosenbrock,104,12600,17.623211296604545
simulated_annealing,rosenbrock,104,12700,17.623211296604545
simulated_annealing,rosenbrock,104,12800,17.623211296604545
simulated_annealing,rosenbrock,104,12900,17.623211296604545
simulated_annealing,rosenbrock,104,13000,17.623211296604545
simulated_annealing,rosenbrock,104,13100,17.623211296604545
simulated_annealing,rosenbrock,104,13200,17.623211296604545
simulated_annealing,rosenbrock,104,13300,17.623211296604545
simulated_annealing,rosenbrock,104,13400,17.623211296604545
simulated_annealing,rosenbrock,104,13500,17.623211296604545
simulated_annealing,rosenbrock,104,13600,17.623211296604545
simulated_annealing,rosenbrock,104,13700,17.623211296604545
simulated_annealing,rosenbrock,104,13800,17.623211296604545
simulated_annealing,rosenbrock,104,13900,17.623211296604545
simulated_annealing,rosenbrock,104,14000,17.623211296604545
simulated_annealing,rosenbrock,104,14100,17.623211296604545
simulated_annealing,rosenbrock,104,14200,17.623211296604545
simulated_annealing,rosenbrock,104,14300,17.623211296604545
simulated_annealing,rosenbrock,104,14400,17.623211296604545
simulated_annealing,rosenbrock,104,14500,17.623211296604545
simulated_annealing,rosenbrock,104,14600,17.623211296604545
simulated_annealing,rosenbrock,104,14700,17.623211296604545
simulated_annealing,rosenbrock,104,14800,17.623211296604545
simulated_annealing,rosenbrock,104,14900,17.623211296604545
simulated_annealing,rosenbrock,104,15000,17.623211296604545
simulated_annealing,rosenbrock,104,15100,17.623211296604545
simulated_annealing,rosenbrock,104,15200,17.623211296604545
simulated_annealing,rosenbrock,104,15300,17.623211296604545
simulated_annealing,rosenbrock,104,15400,17.623211296604545
simulated_annealing,rosenbrock,104,15500,17.623211296604545
simulated_annealing,rosenbrock,104,15600,17.623211296604545
simulated_annealing,rosenbrock,104,15700,17.623211296604545
simulated_annealing,rosenbrock,104,15800,17.623211296604545
simulated_annealing,rosenbrock,104,15900,17.623211296604545
simulated_annealing,rosenbrock,104,16000,17.623211296604545
simulated_annealing,rosenbrock,104,16100,17.623211296604545
simulated_annealing,rosenbrock,104,16200,17.623211296604545
simulated_annealing,rosenbrock,104,16300,17.623211296604545
simulated_annealing,rosenbrock,104,16400,17.623211296604545
simulated_annealing,rosenbrock,104,16500,17.623211296604545
simulated_annealing,rosenbrock,104,16600,17.623211296604545
simulated_annealing,rosenbrock,104,16700,17.623211296604545
simulated_annealing,rosenbrock,104,16800,17.623211296604545
simulated_annealing,rosenbrock,104,16900,17.623211296604545
simulated_annealing,rosenbrock,104,17000,17.623211296604545
simulated_annealing,rosenbrock,104,17100,17.623211296604545
simulated_annealing,rosenbrock,104,17200,17.623211296604545
simulated_annealing,rosenbrock,104,17300,17.623211296604545
simulated_annealing,rosenbrock,104,17400,17.623211296604545
simulated_annealing,rosenbrock,104,17500,17.623211296604545
simulated_annealing,rosenbrock,104,17600,17.623211296604545
simulated_annealing,rosenbrock,104,17700,17.623211296604545
simulated_annealing,rosenbrock,104,17800,17.623211296604545
simulated_annealing,rosenbrock,104,17900,17.623211296604545
simulated_annealing,rosenbrock,104,18000,17.623211296604545
simulated_annealing,rosenbrock,104,18100,17.623211296604545
simulated_annealing,rosenbrock,104,18200,17.623211296604545
simulated_annealing,rosenbrock,104,18300,17.623211296604545
simulated_annealing,rosenbrock,104,18400,17.623211296604545
simulated_annealing,rosenbrock,104,18500,17.623211296604545
simulated_annealing,rosenbrock,104,18600,17.623211296604545
simulated_annealing,rosenbrock,104,18700,17.623211296604545
simulated_annealing,rosenbrock,104,18800,17.623211296604545
simulated_annealing,rosenbrock,104,18900,17.623211296604545
simulated_annealing,rosenbrock,104,19000,17.623211296604545
simulated_annealing,rosenbrock,104,19100,17.623211296604545
simulated_annealing,rosenbrock,104,19200,17.623211296604545
simulated_annealing,rosenbrock,104,19300,17.623211296604545
simulated_annealing,rosenbrock,104,19400,17.623211296604545
simulated_annealing,rosenbrock,104,19500,17.623211296604545
simulated_annealing,rosenbrock,104,19600,17.623211296604545
simulated_annealing,rosenbrock,104,19700,17.623211296604545
simulated_annealing,rosenbrock,104,19800,17.623211296604545
simulated_annealing,rosenbrock,104,19900,17.623211296604545
simulated_annealing,rosenbrock,104,20000,17.623211296604545
simulated_annealing,rosenbrock,105,100,27946.978103398906
simulated_annealing,rosenbrock,105,200,27946.978103398906
simulated_annealing,rosenbrock,105,300,20884.954361911667
simulated_annealing,rosenbrock,105,400,12835.99214862613
simulated_annealing,rosenbrock,105,500,5183.593284786636
simulated_annealing,rosenbrock,105,600,1461.4650387259956
simulated_annealing,rosenbrock,105,700,270.35996647615815
simulated_annealing,rosenbrock,105,800,168.47711028788632
simulated_annealing,rosenbrock,105,900,95.04442132079367
simulated_annealing,rosenbrock,105,1000,57.40879055820297
simulated_annealing,rosenbrock,105,1100,45.468692341073826
simulated_annealing,rosenbrock,105,1200,43.93413101749264
simulated_annealing,rosenbrock,105,1300,43.93413101749264
simulated_annealing,rosenbrock,105,1400,32.94961725218316
simulated_annealing,rosenbrock,105,1500,31.425794432029967
simulated_annealing,rosenbrock,105,1600,31.425794432029967
simulated_annealing,rosenbrock,105,1700,31.425794432029967
simulated_annealing,rosenbrock,105,1800,31.425794432029967
simulated_annealing,rosenbrock,105,1900,22.063383962467803
simulated_annealing,rosenbrock,105,2000,22.063383962467803
simulated_annealing,rosenbrock,105,2100,22.063383962467803
simulated_annealing,rosenbrock,105,2200,22.063383962467803
simulated_annealing,rosenbrock,105,2300,22.063383962467803
simulated_annealing,rosenbrock,105,2400,22.063383962467803
simulated_annealing,rosenbrock,105,2500,22.063383962467803
simulated_annealing,rosenbrock,105,2600,22.063383962467803
simulated_annealing,rosenbrock,105,2700,22.063383962467803
simulated_annealing,rosenbrock,105,2800,22.063383962467803
simulated_annealing,rosenbrock,105,2900,22.063383962467803
simulated_annealing,rosenbrock,105,3000,22.063383962467803
simulated_annealing,rosenbrock,105,3100,22.063383962467803
simulated_annealing,rosenbrock,105,3200,22.063383962467803
simulated_annealing,rosenbrock,105,3300,22.063383962467803
simulated_annealing,rosenbrock,105,3400,22.063383962467803
simulated_annealing,rosenbrock,105,3500,22.063383962467803
simulated_annealing,rosenbrock,105,3600,22.063383962467803
simulated_annealing,rosenbrock,105,3700,22.063383962467803
simulated_annealing,rosenbrock,105,3800,22.063383962467803
simulated_annealing,rosenbrock,105,3900,22.063383962467803
simulated_annealing,rosenbrock,105,4000,22.063383962467803
simulated_annealing,rosenbrock,105,4100,22.063383962467803
simulated_annealing,rosenbrock,105,4200,22.063383962467803
simulated_annealing,rosenbrock,105,4300,22.063383962467803
simulated_annealing,rosenbrock,105,4400,22.063383962467803
simulated_annealing,rosenbrock,105,4500,22.063383962467803
simulated_annealing,rosenbrock,105,4600,22.063383962467803
simulated_annealing,rosenbrock,105,4700,20.819911147232393
simulated_annealing,rosenbrock,105,4800,20.819911147232393
simulated_annealing,rosenbrock,105,4900,20.819911147232393
simulated_annealing,rosenbrock,105,5000,20.819911147232393
simulated_annealing,rosenbrock,105,5100,20.819911147232393
simulated_annealing,rosenbrock,105,5200,20.819911147232393
simulated_annealing,rosenbrock,105,5300,20.819911147232393
simulated_annealing,rosenbrock,105,5400,20.819911147232393
simulated_annealing,rosenbrock,105,5500,20.819911147232393
simulated_annealing,rosenbrock,105,5600,20.819911147232393
simulated_annealing,rosenbrock,105,5700,20.819911147232393
simulated_annealing,rosenbrock,105,5800,20.819911147232393
simulated_annealing,rosenbrock,105,5900,20.819911147232393
simulated_annealing,rosenbrock,105,6000,20.819911147232393
simulated_annealing,rosenbrock,105,6100,20.819911147232393
simulated_annealing,rosenbrock,105,6200,20.819911147232393
simulated_annealing,rosenbrock,105,6300,20.309789276515005
simulated_annealing,rosenbrock,105,6400,20.309789276515005
simulated_annealing,rosenbrock,105,6500,20.309789276515005
simulated_annealing,rosenbrock,105,6600,20.309789276515005
simulated_annealing,rosenbrock,105,6700,20.309789276515005
simulated_annealing,rosenbrock,105,6800,20.309789276515005
simulated_annealing,rosenbrock,105,6900,20.309789276515005
simulated_annealing,rosenbrock,105,7000,20.309789276515005
simulated_annealing,rosenbrock,105,7100,20.309789276515005
simulated_annealing,rosenbrock,105,7200,20.309789276515005
simulated_annealing,rosenbrock,105,7300,20.309789276515005
simulated_annealing,rosenbrock,105,7400,20.309789276515005
simulated_annealing,rosenbrock,105,7500,20.309789276515005
simulated_annealing,rosenbrock,105,7600,20.309789276515005
simulated_annealing,rosenbrock,105,7700,20.309789276515005
simulated_annealing,rosenbrock,105,7800,18.912506920940853
simulated_annealing,rosenbrock,105,7900,18.912506920940853
simulated_annealing,rosenbrock,105,8000,18.912506920940853
simulated_annealing,rosenbrock,105,8100,18.912506920940853
simulated_annealing,rosenbrock,105,8200,18.912506920940853
simulated_annealing,rosenbrock,105,8300,18.912506920940853
simulated_annealing,rosenbrock,105,8400,18.912506920940853
simulated_annealing,rosenbrock,105,8500,18.912506920940853
simulated_annealing,rosenbrock,105,8600,18.912506920940853
simulated_annealing,rosenbrock,105,8700,18.912506920940853
simulated_annealing,rosenbrock,105,8800,18.912506920940853
simulated_annealing,rosenbrock,105,8900,18.912506920940853
simulated_annealing,rosenbrock,105,9000,18.912506920940853
simulated_annealing,rosenbrock,105,9100,18.912506920940853
simulated_annealing,rosenbrock,105,9200,18.912506920940853
simulated_annealing,rosenbrock,105,9300,18.912506920940853
simulated_annealing,rosenbrock,105,9400,18.912506920940853
simulated_annealing,rosenbrock,105,9500,18.912506920940853
simulated_annealing,rosenbrock,105,9600,18.912506920940853
simulated_annealing,rosenbrock,105,9700,18.912506920940853
simulated_annealing,rosenbrock,105,9800,18.912506920940853
simulated_annealing,rosenbrock,105,9900,18.912506920940853
simulated_annealing,rosenbrock,105,10000,15.875485039240257
simulated_annealing,rosenbrock,105,10100,15.875485039240257
simulated_annealing,rosenbrock,105,10200,15.875485039240257
simulated_annealing,rosenbrock,105,10300,15.875485039240257
simulated_annealing,rosenbrock,105,10400,15.875485039240257
simulated_annealing,rosenbrock,105,10500,15.875485039240257
simulated_annealing,rosenbrock,105,10600,15.875485039240257
simulated_annealing,rosenbrock,105,10700,15.875485039240257
simulated_annealing,rosenbrock,105,10800,15.875485039240257
simulated_annealing,rosenbrock,105,10900,14.222446948929193
simulated_annealing,rosenbrock,105,11000,14.222446948929193
simulated_annealing,rosenbrock,105,11100,14.222446948929193
simulated_annealing,rosenbrock,105,11200,14.222446948929193
simulated_annealing,rosenbrock,105,11300,14.222446948929193
simulated_annealing,rosenbrock,105,11400,14.222446948929193
simulated_annealing,rosenbrock,105,11500,14.222446948929193
simulated_annealing,rosenbrock,105,11600,14.222446948929193
simulated_annealing,rosenbrock,105,11700,14.222446948929193
simulated_annealing,rosenbrock,105,11800,14.222446948929193
simulated_annealing,rosenbrock,105,11900,14.222446948929193
simulated_annealing,rosenbrock,105,12000,14.222446948929193
simulated_annealing,rosenbrock,105,12100,14.222446948929193
simulated_annealing,rosenbrock,105,12200,14.222446948929193
simulated_annealing,rosenbrock,105,12300,14.222446948929193
simulated_annealing,rosenbrock,105,12400,14.222446948929193
simulated_annealing,rosenbrock,105,12500,14.222446948929193
simulated_annealing,rosenbrock,105,12600,14.222446948929193
simulated_annealing,rosenbrock,105,12700,14.222446948929193
simulated_annealing,rosenbrock,105,12800,14.222446948929193
simulated_annealing,rosenbrock,105,12900,14.222446948929193
simulated_annealing,rosenbrock,105,13000,14.222446948929193
simulated_annealing,rosenbrock,105,13100,14.222446948929193
simulated_annealing,rosenbrock,105,13200,14.222446948929193
simulated_annealing,rosenbrock,105,13300,14.222446948929193
simulated_annealing,rosenbrock,105,13400,14.222446948929193
simulated_annealing,rosenbrock,105,13500,14.222446948929193
simulated_annealing,rosenbrock,105,13600,14.222446948929193
simulated_annealing,rosenbrock,105,13700,14.222446948929193
simulated_annealing,rosenbrock,105,13800,14.222446948929193
simulated_annealing,rosenbrock,105,13900,14.222446948929193
simulated_annealing,rosenbrock,105,14000,14.222446948929193
simulated_annealing,rosenbrock,105,14100,14.222446948929193
simulated_annealing,rosenbrock,105,14200,14.222446948929193
simulated_annealing,rosenbrock,105,14300,14.222446948929193
simulated_annealing,rosenbrock,105,14400,14.222446948929193
simulated_annealing,rosenbrock,105,14500,14.222446948929193
simulated_annealing,rosenbrock,105,14600,14.222446948929193
simulated_annealing,rosenbrock,105,14700,14.222446948929193
simulated_annealing,rosenbrock,105,14800,14.222446948929193
simulated_annealing,rosenbrock,105,14900,14.222446948929193
simulated_annealing,rosenbrock,105,15000,14.222446948929193
simulated_annealing,rosenbrock,105,15100,14.222446948929193
simulated_annealing,rosenbrock,105,15200,14.222446948929193
simulated_annealing,rosenbrock,105,15300,14.222446948929193
simulated_annealing,rosenbrock,105,15400,14.222446948929193
simulated_annealing,rosenbrock,105,15500,14.222446948929193
simulated_annealing,rosenbrock,105,15600,14.222446948929193
simulated_annealing,rosenbrock,105,15700,14.222446948929193
simulated_annealing,rosenbrock,105,15800,14.222446948929193
simulated_annealing,rosenbrock,105,15900,14.222446948929193
simulated_annealing,rosenbrock,105,16000,14.222446948929193
simulated_annealing,rosenbrock,105,16100,14.222446948929193
simulated_annealing,rosenbrock,105,16200,14.222446948929193
simulated_annealing,rosenbrock,105,16300,14.222446948929193
simulated_annealing,rosenbrock,105,16400,14.222446948929193
simulated_annealing,rosenbrock,105,16500,14.222446948929193
simulated_annealing,rosenbrock,105,16600,14.222446948929193
simulated_annealing,rosenbrock,105,16700,14.222446948929193
simulated_annealing,rosenbrock,105,16800,14.222446948929193
simulated_annealing,rosenbrock,105,16900,14.222446948929193
simulated_annealing,rosenbrock,105,17000,14.222446948929193
simulated_annealing,rosenbrock,105,17100,14.222446948929193
simulated_annealing,rosenbrock,105,17200,14.222446948929193
simulated_annealing,rosenbrock,105,17300,14.222446948929193
simulated_annealing,rosenbrock,105,17400,14.222446948929193
simulated_annealing,rosenbrock,105,17500,14.222446948929193
simulated_annealing,rosenbrock,105,17600,14.222446948929193
simulated_annealing,rosenbrock,105,17700,14.222446948929193
simulated_annealing,rosenbrock,105,17800,14.222446948929193
simulated_annealing,rosenbrock,105,17900,14.222446948929193
simulated_annealing,rosenbrock,105,18000,14.222446948929193
simulated_annealing,rosenbrock,105,18100,14.222446948929193
simulated_annealing,rosenbrock,105,18200,14.222446948929193
simulated_annealing,rosenbrock,105,18300,14.222446948929193
simulated_annealing,rosenbrock,105,18400,14.222446948929193
simulated_annealing,rosenbrock,105,18500,14.222446948929193
simulated_annealing,rosenbrock,105,18600,14.222446948929193
simulated_annealing,rosenbrock,105,18700,14.222446948929193
simulated_annealing,rosenbrock,105,18800,14.222446948929193
simulated_annealing,rosenbrock,105,18900,14.222446948929193
simulated_annealing,rosenbrock,105,19000,14.222446948929193
simulated_annealing,rosenbrock,105,19100,14.222446948929193
simulated_annealing,rosenbrock,105,19200,14.222446948929193
simulated_annealing,rosenbrock,105,19300,14.222446948929193
simulated_annealing,rosenbrock,105,19400,14.222446948929193
simulated_annealing,rosenbrock,105,19500,14.222446948929193
simulated_annealing,rosenbrock,105,19600,14.222446948929193
simulated_annealing,rosenbrock,105,19700,14.222446948929193
simulated_annealing,rosenbrock,105,19800,14.222446948929193
simulated_annealing,rosenbrock,105,19900,14.222446948929193
simulated_annealing,rosenbrock,105,20000,14.222446948929193
simulated_annealing,rosenbrock,106,100,60339.45385221544
simulated_annealing,rosenbrock,106,200,47708.73125514423
simulated_annealing,rosenbrock,106,300,6429.525324408017
simulated_annealing,rosenbrock,106,400,1179.9073805223818
simulated_annealing,rosenbrock,106,500,1179.9073805223818
simulated_annealing,rosenbrock,106,600,1130.7577984500501
simulated_annealing,rosenbrock,106,700,1084.9857372084948
simulated_annealing,rosenbrock,106,800,859.4073786084816
simulated_annealing,rosenbrock,106,900,633.5564733306527
simulated_annealing,rosenbrock,106,1000,267.53496472750936
simulated_annealing,rosenbrock,106,1100,99.41013837715983
simulated_annealing,rosenbrock,106,1200,69.85754389812023
simulated_annealing,rosenbrock,106,1300,47.032441559000574
simulated_annealing,rosenbrock,106,1400,47.032441559000574
simulated_annealing,rosenbrock,106,1500,26.103449404709067
simulated_annealing,rosenbrock,106,1600,26.103449404709067
simulated_annealing,rosenbrock,106,1700,25.659575316906825
simulated_annealing,rosenbrock,106,1800,25.659575316906825
simulated_annealing,rosenbrock,106,1900,25.659575316906825
simulated_annealing,rosenbrock,106,2000,25.659575316906825
simulated_annealing,rosenbrock,106,2100,25.659575316906825
simulated_annealing,rosenbrock,106,2200,25.659575316906825
simulated_annealing,rosenbrock,106,2300,23.504017268461574
simulated_annealing,rosenbrock,106,2400,23.504017268461574
simulated_annealing,rosenbrock,106,2500,23.504017268461574
simulated_annealing,rosenbrock,106,2600,23.504017268461574
simulated_annealing,rosenbrock,106,2700,23.504017268461574
simulated_annealing,rosenbrock,106,2800,23.504017268461574
simulated_annealing,rosenbrock,106,2900,23.504017268461574
simulated_annealing,rosenbrock,106,3000,23.504017268461574
simulated_annealing,rosenbrock,106,3100,23.504017268461574
simulated_annealing,rosenbrock,106,3200,23.504017268461574
simulated_annealing,rosenbrock,106,3300,23.504017268461574
simulated_annealing,rosenbrock,106,3400,23.504017268461574
simulated_annealing,rosenbrock,106,3500,23.504017268461574
simulated_annealing,rosenbrock,106,3600,23.504017268461574
simulated_annealing,rosenbrock,106,3700,23.504017268461574
simulated_annealing,rosenbrock,106,3800,23.504017268461574
simulated_annealing,rosenbrock,106,3900,20.15051081557229
simulated_annealing,rosenbrock,106,4000,20.15051081557229
simulated_annealing,rosenbrock,106,4100,20.15051081557229
simulated_annealing,rosenbrock,106,4200,20.15051081557229
simulated_annealing,rosenbrock,106,4300,20.15051081557229
simulated_annealing,rosenbrock,106,4400,20.15051081557229
simulated_annealing,rosenbrock,106,4500,19.37363363963594
simulated_annealing,rosenbrock,106,4600,17.018306497764364
simulated_annealing,rosenbrock,106,4700,17.018306497764364
simulated_annealing,rosenbrock,106,4800,17.018306497764364
simulated_annealing,rosenbrock,106,4900,17.018306497764364
simulated_annealing,rosenbrock,106,5000,17.018306497764364
simulated_annealing,rosenbrock,106,5100,17.018306497764364
simulated_annealing,rosenbrock,106,5200,17.018306497764364
simulated_annealing,rosenbrock,106,5300,17.018306497764364
simulated_annealing,rosenbrock,106,5400,17.018306497764364
simulated_annealing,rosenbrock,106,5500,17.018306497764364
simulated_annealing,rosenbrock,106,5600,17.018306497764364
simulated_annealing,rosenbrock,106,5700,17.018306497764364
simulated_annealing,rosenbrock,106,5800,17.018306497764364
simulated_annealing,rosenbrock,106,5900,17.018306497764364
simulated_annealing,rosenbrock,106,6000,17.018306497764364
simulated_annealing,rosenbrock,106,6100,17.018306497764364
simulated_annealing,rosenbrock,106,6200,17.018306497764364
simulated_annealing,rosenbrock,106,6300,17.018306497764364
simulated_annealing,rosenbrock,106,6400,17.018306497764364
simulated_annealing,rosenbrock,106,6500,17.018306497764364
simulated_annealing,rosenbrock,106,6600,17.018306497764364
simulated_annealing,rosenbrock,106,6700,17.018306497764364
simulated_annealing,rosenbrock,106,6800,17.018306497764364
simulated_annealing,rosenbrock,106,6900,17.018306497764364
simulated_annealing,rosenbrock,106,7000,17.018306497764364
simulated_annealing,rosenbrock,106,7100,17.018306497764364
simulated_annealing,rosenbrock,106,7200,17.018306497764364
simulated_annealing,rosenbrock,106,7300,17.018306497764364
simulated_annealing,rosenbrock,106,7400,17.018306497764364
simulated_annealing,rosenbrock,106,7500,17.018306497764364
simulated_annealing,rosenbrock,106,7600,17.018306497764364
simulated_annealing,rosenbrock,106,7700,17.018306497764364
simulated_annealing,rosenbrock,106,7800,17.018306497764364
simulated_annealing,rosenbrock,106,7900,17.018306497764364
simulated_annealing,rosenbrock,106,8000,17.018306497764364
simulated_annealing,rosenbrock,106,8100,17.018306497764364
simulated_annealing,rosenbrock,106,8200,17.018306497764364
simulated_annealing,rosenbrock,106,8300,17.018306497764364
simulated_annealing,rosenbrock,106,8400,17.018306497764364
simulated_annealing,rosenbrock,106,8500,17.018306497764364
simulated_annealing,rosenbrock,106,8600,17.018306497764364
simulated_annealing,rosenbrock,106,8700,17.018306497764364
simulated_annealing,rosenbrock,106,8800,17.018306497764364
simulated_annealing,rosenbrock,106,8900,17.018306497764364
simulated_annealing,rosenbrock,106,9000,17.018306497764364
simulated_annealing,rosenbrock,106,9100,17.018306497764364
simulated_annealing,rosenbrock,106,9200,17.018306497764364
simulated_annealing,rosenbrock,106,9300,17.018306497764364
simulated_annealing,rosenbrock,106,9400,16.69042586004018
simulated_annealing,rosenbrock,106,9500,16.69042586004018
simulated_annealing,rosenbrock,106,9600,16.69042586004018
simulated_annealing,rosenbrock,106,9700,16.69042586004018
simulated_annealing,rosenbrock,106,9800,16.69042586004018
simulated_annealing,rosenbrock,106,9900,16.69042586004018
simulated_annealing,rosenbrock,106,10000,16.69042586004018
simulated_annealing,rosenbrock,106,10100,16.69042586004018
simulated_annealing,rosenbrock,106,10200,16.69042586004018
simulated_annealing,rosenbrock,106,10300,16.69042586004018
simulated_annealing,rosenbrock,106,10400,16.69042586004018
simulated_annealing,rosenbrock,106,10500,16.69042586004018
simulated_annealing,rosenbrock,106,10600,16.69042586004018
simulated_annealing,rosenbrock,106,10700,16.69042586004018
simulated_annealing,rosenbrock,106,10800,16.69042586004018
simulated_annealing,rosenbrock,106,10900,15.48958367497369
simulated_annealing,rosenbrock,106,11000,15.48958367497369
simulated_annealing,rosenbrock,106,11100,15.48958367497369
simulated_annealing,rosenbrock,106,11200,15.48958367497369
simulated_annealing,rosenbrock,106,11300,15.48958367497369
simulated_annealing,rosenbrock,106,11400,15.48958367497369
simulated_annealing,rosenbrock,106,11500,15.48958367497369
simulated_annealing,rosenbrock,106,11600,15.48958367497369
simulated_annealing,rosenbrock,106,11700,15.48958367497369
simulated_annealing,rosenbrock,106,11800,15.48958367497369
simulated_annealing,rosenbrock,106,11900,15.48958367497369
simulated_annealing,rosenbrock,106,12000,15.48958367497369
simulated_annealing,rosenbrock,106,12100,15.48958367497369
simulated_annealing,rosenbrock,106,12200,15.48958367497369
simulated_annealing,rosenbrock,106,12300,15.48958367497369
simulated_annealing,rosenbrock,106,12400,15.48958367497369
simulated_annealing,rosenbrock,106,12500,15.48958367497369
simulated_annealing,rosenbrock,106,12600,15.48958367497369
simulated_annealing,rosenbrock,106,12700,15.48958367497369
simulated_annealing,rosenbrock,106,12800,15.48958367497369
simulated_annealing,rosenbrock,106,12900,15.48958367497369
simulated_annealing,rosenbrock,106,13000,15.48958367497369
simulated_annealing,rosenbrock,106,13100,15.48958367497369
simulated_annealing,rosenbrock,106,13200,15.48958367497369
simulated_annealing,rosenbrock,106,13300,15.48958367497369
simulated_annealing,rosenbrock,106,13400,15.48958367497369
simulated_annealing,rosenbrock,106,13500,15.48958367497369
simulated_annealing,rosenbrock,106,13600,15.48958367497369
simulated_annealing,rosenbrock,106,13700,15.48958367497369
simulated_annealing,rosenbrock,106,13800,15.48958367497369
simulated_annealing,rosenbrock,106,13900,15.48958367497369
simulated_annealing,rosenbrock,106,14000,15.48958367497369
simulated_annealing,rosenbrock,106,14100,15.48958367497369
simulated_annealing,rosenbrock,106,14200,15.48958367497369
simulated_annealing,rosenbrock,106,14300,15.48958367497369
simulated_annealing,rosenbrock,106,14400,15.48958367497369
simulated_annealing,rosenbrock,106,14500,12.078506360961676
simulated_annealing,rosenbrock,106,14600,12.078506360961676
simulated_annealing,rosenbrock,106,14700,12.078506360961676
simulated_annealing,rosenbrock,106,14800,12.078506360961676
simulated_annealing,rosenbrock,106,14900,12.078506360961676
simulated_annealing,rosenbrock,106,15000,12.078506360961676
simulated_annealing,rosenbrock,106,15100,12.078506360961676
simulated_annealing,rosenbrock,106,15200,12.078506360961676
simulated_annealing,rosenbrock,106,15300,12.078506360961676
simulated_annealing,rosenbrock,106,15400,12.078506360961676
simulated_annealing,rosenbrock,106,15500,12.078506360961676
simulated_annealing,rosenbrock,106,15600,12.078506360961676
simulated_annealing,rosenbrock,106,15700,12.078506360961676
simulated_annealing,rosenbrock,106,15800,12.078506360961676
simulated_annealing,rosenbrock,106,15900,12.078506360961676
simulated_annealing,rosenbrock,106,16000,12.078506360961676
simulated_annealing,rosenbrock,106,16100,12.078506360961676
simulated_annealing,rosenbrock,106,16200,12.078506360961676
simulated_annealing,rosenbrock,106,16300,12.078506360961676
simulated_annealing,rosenbrock,106,16400,12.078506360961676
simulated_annealing,rosenbrock,106,16500,12.078506360961676
simulated_annealing,rosenbrock,106,16600,12.078506360961676
simulated_annealing,rosenbrock,106,16700,12.078506360961676
simulated_annealing,rosenbrock,106,16800,12.078506360961676
simulated_annealing,rosenbrock,106,16900,12.078506360961676
simulated_annealing,rosenbrock,106,17000,12.078506360961676
simulated_annealing,rosenbrock,106,17100,12.078506360961676
simulated_annealing,rosenbrock,106,17200,12.078506360961676
simulated_annealing,rosenbrock,106,17300,12.078506360961676
simulated_annealing,rosenbrock,106,17400,12.078506360961676
simulated_annealing,rosenbrock,106,17500,12.078506360961676
simulated_annealing,rosenbrock,106,17600,12.078506360961676
simulated_annealing,rosenbrock,106,17700,12.078506360961676
simulated_annealing,rosenbrock,106,17800,12.078506360961676
simulated_annealing,rosenbrock,106,17900,12.078506360961676
simulated_annealing,rosenbrock,106,18000,12.078506360961676
simulated_annealing,rosenbrock,106,18100,12.078506360961676
simulated_annealing,rosenbrock,106,18200,12.078506360961676
simulated_annealing,rosenbrock,106,18300,12.078506360961676
simulated_annealing,rosenbrock,106,18400,12.078506360961676
simulated_annealing,rosenbrock,106,18500,12.078506360961676
simulated_annealing,rosenbrock,106,18600,12.078506360961676
simulated_annealing,rosenbrock,106,18700,12.078506360961676
simulated_annealing,rosenbrock,106,18800,12.078506360961676
simulated_annealing,rosenbrock,106,18900,12.078506360961676
simulated_annealing,rosenbrock,106,19000,12.078506360961676
simulated_annealing,rosenbrock,106,19100,12.078506360961676
simulated_annealing,rosenbrock,106,19200,12.078506360961676
simulated_annealing,rosenbrock,106,19300,12.078506360961676
simulated_annealing,rosenbrock,106,19400,12.078506360961676
simulated_annealing,rosenbrock,106,19500,12.078506360961676
simulated_annealing,rosenbrock,106,19600,12.078506360961676
simulated_annealing,rosenbrock,106,19700,12.078506360961676
simulated_annealing,rosenbrock,106,19800,12.078506360961676
simulated_annealing,rosenbrock,106,19900,12.078506360961676
simulated_annealing,rosenbrock,106,20000,12.078506360961676
simulated_annealing,rosenbrock,107,100,84867.49697566999
simulated_annealing,rosenbrock,107,200,55585.54700847883
simulated_annealing,rosenbrock,107,300,19117.855417314317
simulated_annealing,rosenbrock,107,400,4170.013462828979
simulated_annealing,rosenbrock,107,500,2351.197473118324
simulated_annealing,rosenbrock,107,600,227.81053886789329
simulated_annealing,rosenbrock,107,700,227.81053886789329
simulated_annealing,rosenbrock,107,800,179.42199468631944
simulated_annealing,rosenbrock,107,900,98.659939074666
simulated_annealing,rosenbrock,107,1000,47.17062284980958
simulated_annealing,rosenbrock,107,1100,45.38456360103199
simulated_annealing,rosenbrock,107,1200,45.38456360103199
simulated_annealing,rosenbrock,107,1300,42.763605746947995
simulated_annealing,rosenbrock,107,1400,38.396477403147806
simulated_annealing,rosenbrock,107,1500,31.469350323568147
simulated_annealing,rosenbrock,107,1600,31.469350323568147
simulated_annealing,rosenbrock,107,1700,31.469350323568147
simulated_annealing,rosenbrock,107,1800,31.469350323568147
simulated_annealing,rosenbrock,107,1900,31.469350323568147
simulated_annealing,rosenbrock,107,2000,31.469350323568147
simulated_annealing,rosenbrock,107,2100,31.469350323568147
simulated_annealing,rosenbrock,107,2200,31.469350323568147
simulated_annealing,rosenbrock,107,2300,31.469350323568147
simulated_annealing,rosenbrock,107,2400,31.469350323568147
simulated_annealing,rosenbrock,107,2500,31.469350323568147
simulated_annealing,rosenbrock,107,2600,20.637659254488298
simulated_annealing,rosenbrock,107,2700,20.637659254488298
simulated_annealing,rosenbrock,107,2800,20.637659254488298
simulated_annealing,rosenbrock,107,2900,20.637659254488298
simulated_annealing,rosenbrock,107,3000,20.637659254488298
simulated_annealing,rosenbrock,107,3100,20.637659254488298
simulated_annealing,rosenbrock,107,3200,20.637659254488298
simulated_annealing,rosenbrock,107,3300,20.637659254488298
simulated_annealing,rosenbrock,107,3400,20.637659254488298
simulated_annealing,rosenbrock,107,3500,20.637659254488298
simulated_annealing,rosenbrock,107,3600,20.637659254488298
simulated_annealing,rosenbrock,107,3700,20.637659254488298
simulated_annealing,rosenbrock,107,3800,20.637659254488298
simulated_annealing,rosenbrock,107,3900,20.637659254488298
simulated_annealing,rosenbrock,107,4000,20.637659254488298
simulated_annealing,rosenbrock,107,4100,20.637659254488298
simulated_annealing,rosenbrock,107,4200,20.637659254488298
simulated_annealing,rosenbrock,107,4300,20.637659254488298
simulated_annealing,rosenbrock,107,4400,20.637659254488298
simulated_annealing,rosenbrock,107,4500,16.56528717518331
simulated_annealing,rosenbrock,107,4600,16.56528717518331
simulated_annealing,rosenbrock,107,4700,16.56528717518331
simulated_annealing,rosenbrock,107,4800,16.56528717518331
simulated_annealing,rosenbrock,107,4900,16.56528717518331
simulated_annealing,rosenbrock,107,5000,16.56528717518331
simulated_annealing,rosenbrock,107,5100,16.56528717518331
simulated_annealing,rosenbrock,107,5200,16.56528717518331
simulated_annealing,rosenbrock,107,5300,16.56528717518331
simulated_annealing,rosenbrock,107,5400,16.56528717518331
simulated_annealing,rosenbrock,107,5500,16.56528717518331
simulated_annealing,rosenbrock,107,5600,16.56528717518331
simulated_annealing,rosenbrock,107,5700,16.56528717518331
simulated_annealing,rosenbrock,107,5800,16.56528717518331
simulated_annealing,rosenbrock,107,5900,16.56528717518331
simulated_annealing,rosenbrock,107,6000,16.56528717518331
simulated_annealing,rosenbrock,107,6100,16.56528717518331
simulated_annealing,rosenbrock,107,6200,16.56528717518331
simulated_annealing,rosenbrock,107,6300,16.56528717518331
simulated_annealing,rosenbrock,107,6400,16.56528717518331
simulated_annealing,rosenbrock,107,6500,16.56528717518331
simulated_annealing,rosenbrock,107,6600,16.56528717518331
simulated_annealing,rosenbrock,107,6700,16.56528717518331
simulated_annealing,rosenbrock,107,6800,16.56528717518331
simulated_annealing,rosenbrock,107,6900,16.56528717518331
simulated_annealing,rosenbrock,107,7000,16.56528717518331
simulated_annealing,rosenbrock,107,7100,16.56528717518331
simulated_annealing,rosenbrock,107,7200,16.56528717518331
simulated_annealing,rosenbrock,107,7300,16.56528717518331
simulated_annealing,rosenbrock,107,7400,16.56528717518331
simulated_annealing,rosenbrock,107,7500,16.56528717518331
simulated_annealing,rosenbrock,107,7600,16.56528717518331
simulated_annealing,rosenbrock,107,7700,16.56528717518331
simulated_annealing,rosenbrock,107,7800,16.56528717518331
simulated_annealing,rosenbrock,107,7900,16.56528717518331
simulated_annealing,rosenbrock,107,8000,16.56528717518331
simulated_annealing,rosenbrock,107,8100,16.56528717518331
simulated_annealing,rosenbrock,107,8200,16.56528717518331
simulated_annealing,rosenbrock,107,8300,16.56528717518331
simulated_annealing,rosenbrock,107,8400,16.56528717518331
simulated_annealing,rosenbrock,107,8500,16.56528717518331
simulated_annealing,rosenbrock,107,8600,16.56528717518331
simulated_annealing,rosenbrock,107,8700,16.56528717518331
simulated_annealing,rosenbrock,107,8800,16.56528717518331
simulated_annealing,rosenbrock,107,8900,16.56528717518331
simulated_annealing,rosenbrock,107,9000,16.56528717518331
simulated_annealing,rosenbrock,107,9100,16.56528717518331
simulated_annealing,rosenbrock,107,9200,16.56528717518331
simulated_annealing,rosenbrock,107,9300,16.56528717518331
simulated_annealing,rosenbrock,107,9400,16.56528717518331
simulated_annealing,rosenbrock,107,9500,16.56528717518331
simulated_annealing,rosenbrock,107,9600,16.56528717518331
simulated_annealing,rosenbrock,107,9700,16.56528717518331
simulated_annealing,rosenbrock,107,9800,16.56528717518331
simulated_annealing,rosenbrock,107,9900,16.56528717518331
simulated_annealing,rosenbrock,107,10000,16.56528717518331
simulated_annealing,rosenbrock,107,10100,16.56528717518331
simulated_annealing,rosenbrock,107,10200,16.56528717518331
simulated_annealing,rosenbrock,107,10300,16.56528717518331
simulated_annealing,rosenbrock,107,10400,16.56528717518331
simulated_annealing,rosenbrock,107,10500,16.56528717518331
simulated_annealing,rosenbrock,107,10600,16.56528717518331
simulated_annealing,rosenbrock,107,10700,16.56528717518331
simulated_annealing,rosenbrock,107,10800,16.56528717518331
simulated_annealing,rosenbrock,107,10900,16.56528717518331
simulated_annealing,rosenbrock,107,11000,16.56528717518331
simulated_annealing,rosenbrock,107,11100,16.56528717518331
simulated_annealing,rosenbrock,107,11200,16.56528717518331
simulated_annealing,rosenbrock,107,11300,16.56528717518331
simulated_annealing,rosenbrock,107,11400,16.56528717518331
simulated_annealing,rosenbrock,107,11500,16.56528717518331
simulated_annealing,rosenbrock,107,11600,16.56528717518331
simulated_annealing,rosenbrock,107,11700,16.56528717518331
simulated_annealing,rosenbrock,107,11800,16.56528717518331
simulated_annealing,rosenbrock,107,11900,16.56528717518331
simulated_annealing,rosenbrock,107,12000,16.56528717518331
simulated_annealing,rosenbrock,107,12100,16.56528717518331
simulated_annealing,rosenbrock,107,12200,16.56528717518331
simulated_annealing,rosenbrock,107,12300,16.56528717518331
simulated_annealing,rosenbrock,107,12400,16.56528717518331
simulated_annealing,rosenbrock,107,12500,16.56528717518331
simulated_annealing,rosenbrock,107,12600,16.56528717518331
simulated_annealing,rosenbrock,107,12700,16.56528717518331
simulated_annealing,rosenbrock,107,12800,16.56528717518331
simulated_annealing,rosenbrock,107,12900,16.56528717518331
simulated_annealing,rosenbrock,107,13000,16.56528717518331
simulated_annealing,rosenbrock,107,13100,16.56528717518331
simulated_annealing,rosenbrock,107,13200,16.56528717518331
simulated_annealing,rosenbrock,107,13300,16.56528717518331
simulated_annealing,rosenbrock,107,13400,16.56528717518331
simulated_annealing,rosenbrock,107,13500,16.56528717518331
simulated_annealing,rosenbrock,107,13600,16.56528717518331
simulated_annealing,rosenbrock,107,13700,16.56528717518331
simulated_annealing,rosenbrock,107,13800,16.56528717518331
simulated_annealing,rosenbrock,107,13900,16.56528717518331
simulated_annealing,rosenbrock,107,14000,16.56528717518331
simulated_annealing,rosenbrock,107,14100,16.56528717518331
simulated_annealing,rosenbrock,107,14200,16.56528717518331
simulated_annealing,rosenbrock,107,14300,16.56528717518331
simulated_annealing,rosenbrock,107,14400,16.56528717518331
simulated_annealing,rosenbrock,107,14500,16.56528717518331
simulated_annealing,rosenbrock,107,14600,16.56528717518331
simulated_annealing,rosenbrock,107,14700,16.56528717518331
simulated_annealing,rosenbrock,107,14800,16.56528717518331
simulated_annealing,rosenbrock,107,14900,16.56528717518331
simulated_annealing,rosenbrock,107,15000,16.56528717518331
simulated_annealing,rosenbrock,107,15100,16.56528717518331
simulated_annealing,rosenbrock,107,15200,16.56528717518331
simulated_annealing,rosenbrock,107,15300,16.56528717518331
simulated_annealing,rosenbrock,107,15400,16.56528717518331
simulated_annealing,rosenbrock,107,15500,16.56528717518331
simulated_annealing,rosenbrock,107,15600,16.56528717518331
simulated_annealing,rosenbrock,107,15700,16.56528717518331
simulated_annealing,rosenbrock,107,15800,16.56528717518331
simulated_annealing,rosenbrock,107,15900,16.56528717518331
simulated_annealing,rosenbrock,107,16000,16.56528717518331
simulated_annealing,rosenbrock,107,16100,16.56528717518331
simulated_annealing,rosenbrock,107,16200,16.56528717518331
simulated_annealing,rosenbrock,107,16300,16.56528717518331
simulated_annealing,rosenbrock,107,16400,16.56528717518331
simulated_annealing,rosenbrock,107,16500,16.56528717518331
simulated_annealing,rosenbrock,107,16600,16.56528717518331
simulated_annealing,rosenbrock,107,16700,16.56528717518331
simulated_annealing,rosenbrock,107,16800,16.56528717518331
simulated_annealing,rosenbrock,107,16900,16.56528717518331
simulated_annealing,rosenbrock,107,17000,16.56528717518331
simulated_annealing,rosenbrock,107,17100,16.56528717518331
simulated_annealing,rosenbrock,107,17200,16.56528717518331
simulated_annealing,rosenbrock,107,17300,16.56528717518331
simulated_annealing,rosenbrock,107,17400,16.56528717518331
simulated_annealing,rosenbrock,107,17500,16.56528717518331
simulated_annealing,rosenbrock,107,17600,16.56528717518331
simulated_annealing,rosenbrock,107,17700,16.56528717518331
simulated_annealing,rosenbrock,107,17800,16.56528717518331
simulated_annealing,rosenbrock,107,17900,16.56528717518331
simulated_annealing,rosenbrock,107,18000,16.56528717518331
simulated_annealing,rosenbrock,107,18100,16.56528717518331
simulated_annealing,rosenbrock,107,18200,16.56528717518331
simulated_annealing,rosenbrock,107,18300,16.56528717518331
simulated_annealing,rosenbrock,107,18400,16.56528717518331
simulated_annealing,rosenbrock,107,18500,16.56528717518331
simulated_annealing,rosenbrock,107,18600,16.56528717518331
simulated_annealing,rosenbrock,107,18700,16.56528717518331
simulated_annealing,rosenbrock,107,18800,16.56528717518331
simulated_annealing,rosenbrock,107,18900,16.56528717518331
simulated_annealing,rosenbrock,107,19000,16.56528717518331
simulated_annealing,rosenbrock,107,19100,16.56528717518331
simulated_annealing,rosenbrock,107,19200,16.56528717518331
simulated_annealing,rosenbrock,107,19300,16.56528717518331
simulated_annealing,rosenbrock,107,19400,16.56528717518331
simulated_annealing,rosenbrock,107,19500,16.56528717518331
simulated_annealing,rosenbrock,107,19600,16.56528717518331
simulated_annealing,rosenbrock,107,19700,16.56528717518331
simulated_annealing,rosenbrock,107,19800,16.56528717518331
simulated_annealing,rosenbrock,107,19900,16.56528717518331
simulated_annealing,rosenbrock,107,20000,16.56528717518331
simulated_annealing,rosenbrock,108,100,56727.28159810922
simulated_annealing,rosenbrock,108,200,56727.28159810922
simulated_annealing,rosenbrock,108,300,8084.808981031481
simulated_annealing,rosenbrock,108,400,4056.857543384881
simulated_annealing,rosenbrock,108,500,874.2381635448907
simulated_annealing,rosenbrock,108,600,366.339359374017
simulated_annealing,rosenbrock,108,700,366.339359374017
simulated_annealing,rosenbrock,108,800,366.339359374017
simulated_annealing,rosenbrock,108,900,346.5166961934105
simulated_annealing,rosenbrock,108,1000,346.5166961934105
simulated_annealing,rosenbrock,108,1100,334.8667423567887
simulated_annealing,rosenbrock,108,1200,281.8460984227658
simulated_annealing,rosenbrock,108,1300,281.8460984227658
simulated_annealing,rosenbrock,108,1400,281.8460984227658
simulated_annealing,rosenbrock,108,1500,281.8460984227658
simulated_annealing,rosenbrock,108,1600,281.8460984227658
simulated_annealing,rosenbrock,108,1700,259.98227800564086
simulated_annealing,rosenbrock,108,1800,259.98227800564086
simulated_annealing,rosenbrock,108,1900,259.98227800564086
simulated_annealing,rosenbrock,108,2000,259.98227800564086
simulated_annealing,rosenbrock,108,2100,259.98227800564086
simulated_annealing,rosenbrock,108,2200,259.98227800564086
simulated_annealing,rosenbrock,108,2300,259.98227800564086
simulated_annealing,rosenbrock,108,2400,259.98227800564086
simulated_annealing,rosenbrock,108,2500,259.98227800564086
simulated_annealing,rosenbrock,108,2600,259.98227800564086
simulated_annealing,rosenbrock,108,2700,259.98227800564086
simulated_annealing,rosenbrock,108,2800,258.8592585953901
simulated_annealing,rosenbrock,108,2900,258.8592585953901
simulated_annealing,rosenbrock,108,3000,258.8592585953901
simulated_annealing,rosenbrock,108,3100,258.8592585953901
simulated_annealing,rosenbrock,108,3200,258.8592585953901
simulated_annealing,rosenbrock,108,3300,258.8592585953901
simulated_annealing,rosenbrock,108,3400,258.8592585953901
simulated_annealing,rosenbrock,108,3500,258.8592585953901
simulated_annealing,rosenbrock,108,3600,258.8592585953901
simulated_annealing,rosenbrock,108,3700,258.8592585953901
simulated_annealing,rosenbrock,108,3800,258.8592585953901
simulated_annealing,rosenbrock,108,3900,258.8592585953901
simulated_annealing,rosenbrock,108,4000,258.8592585953901
simulated_annealing,rosenbrock,108,4100,258.8592585953901
simulated_annealing,rosenbrock,108,4200,258.8592585953901
simulated_annealing,rosenbrock,108,4300,258.8592585953901
simulated_annealing,rosenbrock,108,4400,258.8592585953901
simulated_annealing,rosenbrock,108,4500,258.8592585953901
simulated_annealing,rosenbrock,108,4600,258.8592585953901
simulated_annealing,rosenbrock,108,4700,258.8592585953901
simulated_annealing,rosenbrock,108,4800,258.8592585953901
simulated_annealing,rosenbrock,108,4900,258.8592585953901
simulated_annealing,rosenbrock,108,5000,258.8592585953901
simulated_annealing,rosenbrock,108,5100,258.8592585953901
simulated_annealing,rosenbrock,108,5200,258.8592585953901
simulated_annealing,rosenbrock,108,5300,258.8592585953901
simulated_annealing,rosenbrock,108,5400,258.8592585953901
simulated_annealing,rosenbrock,108,5500,258.8592585953901
simulated_annealing,rosenbrock,108,5600,258.8592585953901
simulated_annealing,rosenbrock,108,5700,257.58810807786335
simulated_annealing,rosenbrock,108,5800,257.58810807786335
simulated_annealing,rosenbrock,108,5900,257.58810807786335
simulated_annealing,rosenbrock,108,6000,257.58810807786335
simulated_annealing,rosenbrock,108,6100,257.58810807786335
simulated_annealing,rosenbrock,108,6200,257.58810807786335
simulated_annealing,rosenbrock,108,6300,257.58810807786335
simulated_annealing,rosenbrock,108,6400,257.58810807786335
simulated_annealing,rosenbrock,108,6500,257.58810807786335
simulated_annealing,rosenbrock,108,6600,252.5478955579329
simulated_annealing,rosenbrock,108,6700,252.5478955579329
simulated_annealing,rosenbrock,108,6800,249.2250904578762
simulated_annealing,rosenbrock,108,6900,249.2250904578762
simulated_annealing,rosenbrock,108,7000,249.2250904578762
simulated_annealing,rosenbrock,108,7100,249.2250904578762
simulated_annealing,rosenbrock,108,7200,249.2250904578762
simulated_annealing,rosenbrock,108,7300,249.2250904578762
simulated_annealing,rosenbrock,108,7400,249.2250904578762
simulated_annealing,rosenbrock,108,7500,249.2250904578762
simulated_annealing,rosenbrock,108,7600,249.2250904578762
simulated_annealing,rosenbrock,108,7700,249.2250904578762
simulated_annealing,rosenbrock,108,7800,249.2250904578762
simulated_annealing,rosenbrock,108,7900,249.2250904578762
simulated_annealing,rosenbrock,108,8000,249.2250904578762
simulated_annealing,rosenbrock,108,8100,249.2250904578762
simulated_annealing,rosenbrock,108,8200,248.3273560542793
simulated_annealing,rosenbrock,108,8300,247.90779005919313
simulated_annealing,rosenbrock,108,8400,247.90779005919313
simulated_annealing,rosenbrock,108,8500,247.90779005919313
simulated_annealing,rosenbrock,108,8600,247.90779005919313
simulated_annealing,rosenbrock,108,8700,247.90779005919313
simulated_annealing,rosenbrock,108,8800,247.90779005919313
simulated_annealing,rosenbrock,108,8900,247.90779005919313
simulated_annealing,rosenbrock,108,9000,247.90779005919313
simulated_annealing,rosenbrock,108,9100,247.90779005919313
simulated_annealing,rosenbrock,108,9200,247.90779005919313
simulated_annealing,rosenbrock,108,9300,247.90779005919313
simulated_annealing,rosenbrock,108,9400,247.90779005919313
simulated_annealing,rosenbrock,108,9500,247.90779005919313
simulated_annealing,rosenbrock,108,9600,240.84170832166248
simulated_annealing,rosenbrock,108,9700,240.84170832166248
simulated_annealing,rosenbrock,108,9800,240.84170832166248
simulated_annealing,rosenbrock,108,9900,240.84170832166248
simulated_annealing,rosenbrock,108,10000,239.118512034535
simulated_annealing,rosenbrock,108,10100,239.118512034535
simulated_annealing,rosenbrock,108,10200,237.74608205102996
simulated_annealing,rosenbrock,108,10300,237.74608205102996
simulated_annealing,rosenbrock,108,10400,237.74608205102996
simulated_annealing,rosenbrock,108,10500,237.74608205102996
simulated_annealing,rosenbrock,108,10600,237.74608205102996
simulated_annealing,rosenbrock,108,10700,237.74608205102996
simulated_annealing,rosenbrock,108,10800,237.74608205102996
simulated_annealing,rosenbrock,108,10900,237.74608205102996
simulated_annealing,rosenbrock,108,11000,237.74608205102996
simulated_annealing,rosenbrock,108,11100,237.74608205102996
simulated_annealing,rosenbrock,108,11200,237.74608205102996
simulated_annealing,rosenbrock,108,11300,237.74608205102996
simulated_annealing,rosenbrock,108,11400,237.74608205102996
simulated_annealing,rosenbrock,108,11500,237.74608205102996
simulated_annealing,rosenbrock,108,11600,237.74608205102996
simulated_annealing,rosenbrock,108,11700,237.74608205102996
simulated_annealing,rosenbrock,108,11800,237.74608205102996
simulated_annealing,rosenbrock,108,11900,237.74608205102996
simulated_annealing,rosenbrock,108,12000,237.74608205102996
simulated_annealing,rosenbrock,108,12100,237.74608205102996
simulated_annealing,rosenbrock,108,12200,226.53080171807423
simulated_annealing,rosenbrock,108,12300,212.34843665249565
simulated_annealing,rosenbrock,108,12400,212.34843665249565
simulated_annealing,rosenbrock,108,12500,212.34843665249565
simulated_annealing,rosenbrock,108,12600,211.09466859867518
simulated_annealing,rosenbrock,108,12700,211.09466859867518
simulated_annealing,rosenbrock,108,12800,211.09466859867518
simulated_annealing,rosenbrock,108,12900,211.09466859867518
simulated_annealing,rosenbrock,108,13000,211.09466859867518
simulated_annealing,rosenbrock,108,13100,211.09466859867518
simulated_annealing,rosenbrock,108,13200,211.09466859867518
simulated_annealing,rosenbrock,108,13300,211.09466859867518
simulated_annealing,rosenbrock,108,13400,211.09466859867518
simulated_annealing,rosenbrock,108,13500,211.09466859867518
simulated_annealing,rosenbrock,108,13600,211.09466859867518
simulated_annealing,rosenbrock,108,13700,211.09466859867518
simulated_annealing,rosenbrock,108,13800,211.09466859867518
simulated_annealing,rosenbrock,108,13900,211.09466859867518
simulated_annealing,rosenbrock,108,14000,211.09466859867518
simulated_annealing,rosenbrock,108,14100,211.09466859867518
simulated_annealing,rosenbrock,108,14200,211.09466859867518
simulated_annealing,rosenbrock,108,14300,211.09466859867518
simulated_annealing,rosenbrock,108,14400,211.09466859867518
simulated_annealing,rosenbrock,108,14500,211.09466859867518
simulated_annealing,rosenbrock,108,14600,211.09466859867518
simulated_annealing,rosenbrock,108,14700,211.09466859867518
simulated_annealing,rosenbrock,108,14800,211.09466859867518
simulated_annealing,rosenbrock,108,14900,211.09466859867518
simulated_annealing,rosenbrock,108,15000,211.09466859867518
simulated_annealing,rosenbrock,108,15100,210.0751347724343
simulated_annealing,rosenbrock,108,15200,210.0751347724343
simulated_annealing,rosenbrock,108,15300,210.0751347724343
simulated_annealing,rosenbrock,108,15400,204.37324816264274
simulated_annealing,rosenbrock,108,15500,202.11055329858047
simulated_annealing,rosenbrock,108,15600,202.11055329858047
simulated_annealing,rosenbrock,108,15700,202.11055329858047
simulated_annealing,rosenbrock,108,15800,202.11055329858047
simulated_annealing,rosenbrock,108,15900,202.11055329858047
simulated_annealing,rosenbrock,108,16000,197.98173302274992
simulated_annealing,rosenbrock,108,16100,197.98173302274992
simulated_annealing,rosenbrock,108,16200,197.98173302274992
simulated_annealing,rosenbrock,108,16300,197.98173302274992
simulated_annealing,rosenbrock,108,16400,197.98173302274992
simulated_annealing,rosenbrock,108,16500,197.98173302274992
simulated_annealing,rosenbrock,108,16600,197.98173302274992
simulated_annealing,rosenbrock,108,16700,197.98173302274992
simulated_annealing,rosenbrock,108,16800,197.98173302274992
simulated_annealing,rosenbrock,108,16900,191.6203865128232
simulated_annealing,rosenbrock,108,17000,191.6203865128232
simulated_annealing,rosenbrock,108,17100,191.6203865128232
simulated_annealing,rosenbrock,108,17200,191.6203865128232
simulated_annealing,rosenbrock,108,17300,191.6203865128232
simulated_annealing,rosenbrock,108,17400,191.6203865128232
simulated_annealing,rosenbrock,108,17500,191.6203865128232
simulated_annealing,rosenbrock,108,17600,187.36687555854016
simulated_annealing,rosenbrock,108,17700,187.36687555854016
simulated_annealing,rosenbrock,108,17800,187.36687555854016
simulated_annealing,rosenbrock,108,17900,173.43360767055975
simulated_annealing,rosenbrock,108,18000,173.43360767055975
simulated_annealing,rosenbrock,108,18100,171.0174246587069
simulated_annealing,rosenbrock,108,18200,171.0174246587069
simulated_annealing,rosenbrock,108,18300,171.0174246587069
simulated_annealing,rosenbrock,108,18400,164.90225408352447
simulated_annealing,rosenbrock,108,18500,164.90225408352447
simulated_annealing,rosenbrock,108,18600,164.90225408352447
simulated_annealing,rosenbrock,108,18700,164.90225408352447
simulated_annealing,rosenbrock,108,18800,164.90225408352447
simulated_annealing,rosenbrock,108,18900,164.90225408352447
simulated_annealing,rosenbrock,108,19000,164.90225408352447
simulated_annealing,rosenbrock,108,19100,164.90225408352447
simulated_annealing,rosenbrock,108,19200,164.90225408352447
simulated_annealing,rosenbrock,108,19300,164.90225408352447
simulated_annealing,rosenbrock,108,19400,164.90225408352447
simulated_annealing,rosenbrock,108,19500,164.90225408352447
simulated_annealing,rosenbrock,108,19600,147.62020024981942
simulated_annealing,rosenbrock,108,19700,147.62020024981942
simulated_annealing,rosenbrock,108,19800,147.5000328685621
simulated_annealing,rosenbrock,108,19900,118.91693365887575
simulated_annealing,rosenbrock,108,20000,62.29900655755208
simulated_annealing,rosenbrock,109,100,74050.04594651044
simulated_annealing,rosenbrock,109,200,47653.15918900538
simulated_annealing,rosenbrock,109,300,6110.340959240454
simulated_annealing,rosenbrock,109,400,5979.560568614481
simulated_annealing,rosenbrock,109,500,2976.8185714164724
simulated_annealing,rosenbrock,109,600,1167.0897487563127
simulated_annealing,rosenbrock,109,700,496.7376737714928
simulated_annealing,rosenbrock,109,800,193.9417267954335
simulated_annealing,rosenbrock,109,900,76.67501386182363
simulated_annealing,rosenbrock,109,1000,62.41507865852889
simulated_annealing,rosenbrock,109,1100,49.414944203216336
simulated_annealing,rosenbrock,109,1200,36.411633872264886
simulated_annealing,rosenbrock,109,1300,36.25484832258915
simulated_annealing,rosenbrock,109,1400,35.197327449783174
simulated_annealing,rosenbrock,109,1500,35.197327449783174
simulated_annealing,rosenbrock,109,1600,27.49199354201145
simulated_annealing,rosenbrock,109,1700,27.49199354201145
simulated_annealing,rosenbrock,109,1800,27.49199354201145
simulated_annealing,rosenbrock,109,1900,23.300380576017215
simulated_annealing,rosenbrock,109,2000,23.300380576017215
simulated_annealing,rosenbrock,109,2100,22.60810667685821
simulated_annealing,rosenbrock,109,2200,22.60810667685821
simulated_annealing,rosenbrock,109,2300,22.60810667685821
simulated_annealing,rosenbrock,109,2400,22.60810667685821
simulated_annealing,rosenbrock,109,2500,19.611109233106173
simulated_annealing,rosenbrock,109,2600,19.611109233106173
simulated_annealing,rosenbrock,109,2700,19.611109233106173
simulated_annealing,rosenbrock,109,2800,18.944210852006506
simulated_annealing,rosenbrock,109,2900,18.944210852006506
simulated_annealing,rosenbrock,109,3000,18.944210852006506
simulated_annealing,rosenbrock,109,3100,18.944210852006506
simulated_annealing,rosenbrock,109,3200,18.944210852006506
simulated_annealing,rosenbrock,109,3300,18.944210852006506
simulated_annealing,rosenbrock,109,3400,18.944210852006506
simulated_annealing,rosenbrock,109,3500,18.944210852006506
simulated_annealing,rosenbrock,109,3600,18.944210852006506
simulated_annealing,rosenbrock,109,3700,18.944210852006506
simulated_annealing,rosenbrock,109,3800,18.944210852006506
simulated_annealing,rosenbrock,109,3900,18.944210852006506
simulated_annealing,rosenbrock,109,4000,18.944210852006506
simulated_annealing,rosenbrock,109,4100,18.944210852006506
simulated_annealing,rosenbrock,109,4200,18.944210852006506
simulated_annealing,rosenbrock,109,4300,18.944210852006506
simulated_annealing,rosenbrock,109,4400,18.944210852006506
simulated_annealing,rosenbrock,109,4500,18.944210852006506
simulated_annealing,rosenbrock,109,4600,18.944210852006506
simulated_annealing,rosenbrock,109,4700,18.944210852006506
simulated_annealing,rosenbrock,109,4800,18.944210852006506
simulated_annealing,rosenbrock,109,4900,18.944210852006506
simulated_annealing,rosenbrock,109,5000,18.944210852006506
simulated_annealing,rosenbrock,109,5100,18.944210852006506
simulated_annealing,rosenbrock,109,5200,18.944210852006506
simulated_annealing,rosenbrock,109,5300,18.944210852006506
simulated_annealing,rosenbrock,109,5400,18.944210852006506
simulated_annealing,rosenbrock,109,5500,18.944210852006506
simulated_annealing,rosenbrock,109,5600,18.944210852006506
simulated_annealing,rosenbrock,109,5700,18.944210852006506
simulated_annealing,rosenbrock,109,5800,18.944210852006506
simulated_annealing,rosenbrock,109,5900,18.944210852006506
simulated_annealing,rosenbrock,109,6000,18.944210852006506
simulated_annealing,rosenbrock,109,6100,18.639492819535597
simulated_annealing,rosenbrock,109,6200,18.639492819535597
simulated_annealing,rosenbrock,109,6300,18.639492819535597
simulated_annealing,rosenbrock,109,6400,18.639492819535597
simulated_annealing,rosenbrock,109,6500,18.639492819535597
simulated_annealing,rosenbrock,109,6600,18.639492819535597
simulated_annealing,rosenbrock,109,6700,18.639492819535597
simulated_annealing,rosenbrock,109,6800,18.639492819535597
simulated_annealing,rosenbrock,109,6900,18.639492819535597
simulated_annealing,rosenbrock,109,7000,18.639492819535597
simulated_annealing,rosenbrock,109,7100,18.639492819535597
simulated_annealing,rosenbrock,109,7200,18.639492819535597
simulated_annealing,rosenbrock,109,7300,18.639492819535597
simulated_annealing,rosenbrock,109,7400,18.639492819535597
simulated_annealing,rosenbrock,109,7500,18.639492819535597
simulated_annealing,rosenbrock,109,7600,18.639492819535597
simulated_annealing,rosenbrock,109,7700,18.639492819535597
simulated_annealing,rosenbrock,109,7800,18.639492819535597
simulated_annealing,rosenbrock,109,7900,18.639492819535597
simulated_annealing,rosenbrock,109,8000,18.639492819535597
simulated_annealing,rosenbrock,109,8100,18.639492819535597
simulated_annealing,rosenbrock,109,8200,18.639492819535597
simulated_annealing,rosenbrock,109,8300,18.639492819535597
simulated_annealing,rosenbrock,109,8400,17.670025275111612
simulated_annealing,rosenbrock,109,8500,17.670025275111612
simulated_annealing,rosenbrock,109,8600,17.670025275111612
simulated_annealing,rosenbrock,109,8700,17.670025275111612
simulated_annealing,rosenbrock,109,8800,17.670025275111612
simulated_annealing,rosenbrock,109,8900,17.670025275111612
simulated_annealing,rosenbrock,109,9000,17.670025275111612
simulated_annealing,rosenbrock,109,9100,17.670025275111612
simulated_annealing,rosenbrock,109,9200,17.670025275111612
simulated_annealing,rosenbrock,109,9300,17.670025275111612
simulated_annealing,rosenbrock,109,9400,17.670025275111612
simulated_annealing,rosenbrock,109,9500,17.670025275111612
simulated_annealing,rosenbrock,109,9600,17.670025275111612
simulated_annealing,rosenbrock,109,9700,17.670025275111612
simulated_annealing,rosenbrock,109,9800,16.79151587418097
simulated_annealing,rosenbrock,109,9900,16.79151587418097
simulated_annealing,rosenbrock,109,10000,16.79151587418097
simulated_annealing,rosenbrock,109,10100,16.79151587418097
simulated_annealing,rosenbrock,109,10200,16.79151587418097
simulated_annealing,rosenbrock,109,10300,16.79151587418097
simulated_annealing,rosenbrock,109,10400,16.79151587418097
simulated_annealing,rosenbrock,109,10500,16.79151587418097
simulated_annealing,rosenbrock,109,10600,16.79151587418097
simulated_annealing,rosenbrock,109,10700,16.79151587418097
simulated_annealing,rosenbrock,109,10800,16.79151587418097
simulated_annealing,rosenbrock,109,10900,16.79151587418097
simulated_annealing,rosenbrock,109,11000,16.79151587418097
simulated_annealing,rosenbrock,109,11100,16.79151587418097
simulated_annealing,rosenbrock,109,11200,16.79151587418097
simulated_annealing,rosenbrock,109,11300,16.79151587418097
simulated_annealing,rosenbrock,109,11400,16.79151587418097
simulated_annealing,rosenbrock,109,11500,16.79151587418097
simulated_annealing,rosenbrock,109,11600,16.79151587418097
simulated_annealing,rosenbrock,109,11700,16.79151587418097
simulated_annealing,rosenbrock,109,11800,16.79151587418097
simulated_annealing,rosenbrock,109,11900,16.79151587418097
simulated_annealing,rosenbrock,109,12000,16.79151587418097
simulated_annealing,rosenbrock,109,12100,16.79151587418097
simulated_annealing,rosenbrock,109,12200,16.79151587418097
simulated_annealing,rosenbrock,109,12300,16.79151587418097
simulated_annealing,rosenbrock,109,12400,16.79151587418097
simulated_annealing,rosenbrock,109,12500,16.79151587418097
simulated_annealing,rosenbrock,109,12600,16.79151587418097
simulated_annealing,rosenbrock,109,12700,16.79151587418097
simulated_annealing,rosenbrock,109,12800,16.79151587418097
simulated_annealing,rosenbrock,109,12900,16.79151587418097
simulated_annealing,rosenbrock,109,13000,16.79151587418097
simulated_annealing,rosenbrock,109,13100,16.79151587418097
simulated_annealing,rosenbrock,109,13200,16.79151587418097
simulated_annealing,rosenbrock,109,13300,16.79151587418097
simulated_annealing,rosenbrock,109,13400,16.79151587418097
simulated_annealing,rosenbrock,109,13500,16.79151587418097
simulated_annealing,rosenbrock,109,13600,16.79151587418097
simulated_annealing,rosenbrock,109,13700,16.79151587418097
simulated_annealing,rosenbrock,109,13800,16.79151587418097
simulated_annealing,rosenbrock,109,13900,16.79151587418097
simulated_annealing,rosenbrock,109,14000,16.79151587418097
simulated_annealing,rosenbrock,109,14100,16.79151587418097
simulated_annealing,rosenbrock,109,14200,16.79151587418097
simulated_annealing,rosenbrock,109,14300,16.79151587418097
simulated_annealing,rosenbrock,109,14400,16.79151587418097
simulated_annealing,rosenbrock,109,14500,16.79151587418097
simulated_annealing,rosenbrock,109,14600,13.756220602567431
simulated_annealing,rosenbrock,109,14700,13.756220602567431
simulated_annealing,rosenbrock,109,14800,13.756220602567431
simulated_annealing,rosenbrock,109,14900,13.756220602567431
simulated_annealing,rosenbrock,109,15000,13.756220602567431
simulated_annealing,rosenbrock,109,15100,13.756220602567431
simulated_annealing,rosenbrock,109,15200,13.756220602567431
simulated_annealing,rosenbrock,109,15300,13.756220602567431
simulated_annealing,rosenbrock,109,15400,13.756220602567431
simulated_annealing,rosenbrock,109,15500,13.756220602567431
simulated_annealing,rosenbrock,109,15600,13.756220602567431
simulated_annealing,rosenbrock,109,15700,13.756220602567431
simulated_annealing,rosenbrock,109,15800,13.756220602567431
simulated_annealing,rosenbrock,109,15900,13.756220602567431
simulated_annealing,rosenbrock,109,16000,13.756220602567431
simulated_annealing,rosenbrock,109,16100,13.756220602567431
simulated_annealing,rosenbrock,109,16200,13.756220602567431
simulated_annealing,rosenbrock,109,16300,13.756220602567431
simulated_annealing,rosenbrock,109,16400,13.756220602567431
simulated_annealing,rosenbrock,109,16500,13.756220602567431
simulated_annealing,rosenbrock,109,16600,13.756220602567431
simulated_annealing,rosenbrock,109,16700,13.756220602567431
simulated_annealing,rosenbrock,109,16800,13.756220602567431
simulated_annealing,rosenbrock,109,16900,13.756220602567431
simulated_annealing,rosenbrock,109,17000,13.756220602567431
simulated_annealing,rosenbrock,109,17100,13.756220602567431
simulated_annealing,rosenbrock,109,17200,13.756220602567431
simulated_annealing,rosenbrock,109,17300,13.756220602567431
simulated_annealing,rosenbrock,109,17400,13.756220602567431
simulated_annealing,rosenbrock,109,17500,13.756220602567431
simulated_annealing,rosenbrock,109,17600,13.756220602567431
simulated_annealing,rosenbrock,109,17700,13.756220602567431
simulated_annealing,rosenbrock,109,17800,13.756220602567431
simulated_annealing,rosenbrock,109,17900,13.756220602567431
simulated_annealing,rosenbrock,109,18000,13.756220602567431
simulated_annealing,rosenbrock,109,18100,13.642593871064125
simulated_annealing,rosenbrock,109,18200,13.642593871064125
simulated_annealing,rosenbrock,109,18300,13.642593871064125
simulated_annealing,rosenbrock,109,18400,13.642593871064125
simulated_annealing,rosenbrock,109,18500,13.642593871064125
simulated_annealing,rosenbrock,109,18600,13.642593871064125
simulated_annealing,rosenbrock,109,18700,13.642593871064125
simulated_annealing,rosenbrock,109,18800,13.642593871064125
simulated_annealing,rosenbrock,109,18900,13.642593871064125
simulated_annealing,rosenbrock,109,19000,13.642593871064125
simulated_annealing,rosenbrock,109,19100,13.642593871064125
simulated_annealing,rosenbrock,109,19200,13.642593871064125
simulated_annealing,rosenbrock,109,19300,13.642593871064125
simulated_annealing,rosenbrock,109,19400,13.642593871064125
simulated_annealing,rosenbrock,109,19500,13.642593871064125
simulated_annealing,rosenbrock,109,19600,13.642593871064125
simulated_annealing,rosenbrock,109,19700,13.642593871064125
simulated_annealing,rosenbrock,109,19800,13.642593871064125
simulated_annealing,rosenbrock,109,19900,13.642593871064125
simulated_annealing,rosenbrock,109,20000,13.642593871064125
simulated_annealing,rosenbrock,110,100,231826.4146562743
simulated_annealing,rosenbrock,110,200,62413.9286274669
simulated_annealing,rosenbrock,110,300,7621.63143574811
simulated_annealing,rosenbrock,110,400,2131.8908856915973
simulated_annealing,rosenbrock,110,500,2074.6557103926825
simulated_annealing,rosenbrock,110,600,988.9440694119106
simulated_annealing,rosenbrock,110,700,988.9440694119106
simulated_annealing,rosenbrock,110,800,958.750838931975
simulated_annealing,rosenbrock,110,900,714.8641758505192
simulated_annealing,rosenbrock,110,1000,536.4787140185492
simulated_annealing,rosenbrock,110,1100,513.2951110295838
simulated_annealing,rosenbrock,110,1200,476.30767280962533
simulated_annealing,rosenbrock,110,1300,399.75151286748695
simulated_annealing,rosenbrock,110,1400,258.6044940359525
simulated_annealing,rosenbrock,110,1500,77.21525946281552
simulated_annealing,rosenbrock,110,1600,23.34449309323897
simulated_annealing,rosenbrock,110,1700,23.34449309323897
simulated_annealing,rosenbrock,110,1800,20.24434060944268
simulated_annealing,rosenbrock,110,1900,20.24434060944268
simulated_annealing,rosenbrock,110,2000,13.852190589990826
simulated_annealing,rosenbrock,110,2100,13.852190589990826
simulated_annealing,rosenbrock,110,2200,13.852190589990826
simulated_annealing,rosenbrock,110,2300,13.852190589990826
simulated_annealing,rosenbrock,110,2400,13.852190589990826
simulated_annealing,rosenbrock,110,2500,13.852190589990826
simulated_annealing,rosenbrock,110,2600,13.852190589990826
simulated_annealing,rosenbrock,110,2700,13.852190589990826
simulated_annealing,rosenbrock,110,2800,13.852190589990826
simulated_annealing,rosenbrock,110,2900,13.852190589990826
simulated_annealing,rosenbrock,110,3000,13.852190589990826
simulated_annealing,rosenbrock,110,3100,13.520209249941455
simulated_annealing,rosenbrock,110,3200,13.520209249941455
simulated_annealing,rosenbrock,110,3300,13.520209249941455
simulated_annealing,rosenbrock,110,3400,13.520209249941455
simulated_annealing,rosenbrock,110,3500,13.520209249941455
simulated_annealing,rosenbrock,110,3600,13.520209249941455
simulated_annealing,rosenbrock,110,3700,13.520209249941455
simulated_annealing,rosenbrock,110,3800,10.32736744126622
simulated_annealing,rosenbrock,110,3900,10.32736744126622
simulated_annealing,rosenbrock,110,4000,10.32736744126622
simulated_annealing,rosenbrock,110,4100,10.32736744126622
simulated_annealing,rosenbrock,110,4200,10.32736744126622
simulated_annealing,rosenbrock,110,4300,10.32736744126622
simulated_annealing,rosenbrock,110,4400,10.32736744126622
simulated_annealing,rosenbrock,110,4500,10.32736744126622
simulated_annealing,rosenbrock,110,4600,10.32736744126622
simulated_annealing,rosenbrock,110,4700,10.32736744126622
simulated_annealing,rosenbrock,110,4800,10.32736744126622
simulated_annealing,rosenbrock,110,4900,10.32736744126622
simulated_annealing,rosenbrock,110,5000,10.32736744126622
simulated_annealing,rosenbrock,110,5100,10.32736744126622
simulated_annealing,rosenbrock,110,5200,10.32736744126622
simulated_annealing,rosenbrock,110,5300,10.32736744126622
simulated_annealing,rosenbrock,110,5400,10.32736744126622
simulated_annealing,rosenbrock,110,5500,10.32736744126622
simulated_annealing,rosenbrock,110,5600,10.32736744126622
simulated_annealing,rosenbrock,110,5700,10.32736744126622
simulated_annealing,rosenbrock,110,5800,10.32736744126622
simulated_annealing,rosenbrock,110,5900,10.32736744126622
simulated_annealing,rosenbrock,110,6000,10.32736744126622
simulated_annealing,rosenbrock,110,6100,10.32736744126622
simulated_annealing,rosenbrock,110,6200,10.32736744126622
simulated_annealing,rosenbrock,110,6300,10.32736744126622
simulated_annealing,rosenbrock,110,6400,10.32736744126622
simulated_annealing,rosenbrock,110,6500,10.32736744126622
simulated_annealing,rosenbrock,110,6600,10.32736744126622
simulated_annealing,rosenbrock,110,6700,10.32736744126622
simulated_annealing,rosenbrock,110,6800,10.32736744126622
simulated_annealing,rosenbrock,110,6900,10.32736744126622
simulated_annealing,rosenbrock,110,7000,10.32736744126622
simulated_annealing,rosenbrock,110,7100,10.32736744126622
simulated_annealing,rosenbrock,110,7200,10.32736744126622
simulated_annealing,rosenbrock,110,7300,10.32736744126622
simulated_annealing,rosenbrock,110,7400,10.32736744126622
simulated_annealing,rosenbrock,110,7500,10.32736744126622
simulated_annealing,rosenbrock,110,7600,10.32736744126622
simulated_annealing,rosenbrock,110,7700,10.32736744126622
simulated_annealing,rosenbrock,110,7800,10.32736744126622
simulated_annealing,rosenbrock,110,7900,10.32736744126622
simulated_annealing,rosenbrock,110,8000,10.32736744126622
simulated_annealing,rosenbrock,110,8100,10.32736744126622
simulated_annealing,rosenbrock,110,8200,10.32736744126622
simulated_annealing,rosenbrock,110,8300,10.32736744126622
simulated_annealing,rosenbrock,110,8400,10.32736744126622
simulated_annealing,rosenbrock,110,8500,10.32736744126622
simulated_annealing,rosenbrock,110,8600,10.32736744126622
simulated_annealing,rosenbrock,110,8700,10.32736744126622
simulated_annealing,rosenbrock,110,8800,10.32736744126622
simulated_annealing,rosenbrock,110,8900,10.32736744126622
simulated_annealing,rosenbrock,110,9000,10.32736744126622
simulated_annealing,rosenbrock,110,9100,10.32736744126622
simulated_annealing,rosenbrock,110,9200,10.32736744126622
simulated_annealing,rosenbrock,110,9300,10.32736744126622
simulated_annealing,rosenbrock,110,9400,10.32736744126622
simulated_annealing,rosenbrock,110,9500,10.32736744126622
simulated_annealing,rosenbrock,110,9600,10.32736744126622
simulated_annealing,rosenbrock,110,9700,10.32736744126622
simulated_annealing,rosenbrock,110,9800,10.32736744126622
simulated_annealing,rosenbrock,110,9900,10.32736744126622
simulated_annealing,rosenbrock,110,10000,10.32736744126622
simulated_annealing,rosenbrock,110,10100,10.32736744126622
simulated_annealing,rosenbrock,110,10200,10.32736744126622
simulated_annealing,rosenbrock,110,10300,10.32736744126622
simulated_annealing,rosenbrock,110,10400,10.32736744126622
simulated_annealing,rosenbrock,110,10500,10.32736744126622
simulated_annealing,rosenbrock,110,10600,10.32736744126622
simulated_annealing,rosenbrock,110,10700,10.32736744126622
simulated_annealing,rosenbrock,110,10800,10.32736744126622
simulated_annealing,rosenbrock,110,10900,10.32736744126622
simulated_annealing,rosenbrock,110,11000,10.32736744126622
simulated_annealing,rosenbrock,110,11100,10.32736744126622
simulated_annealing,rosenbrock,110,11200,10.32736744126622
simulated_annealing,rosenbrock,110,11300,10.32736744126622
simulated_annealing,rosenbrock,110,11400,10.32736744126622
simulated_annealing,rosenbrock,110,11500,10.32736744126622
simulated_annealing,rosenbrock,110,11600,10.32736744126622
simulated_annealing,rosenbrock,110,11700,10.32736744126622
simulated_annealing,rosenbrock,110,11800,10.32736744126622
simulated_annealing,rosenbrock,110,11900,10.32736744126622
simulated_annealing,rosenbrock,110,12000,10.32736744126622
simulated_annealing,rosenbrock,110,12100,10.32736744126622
simulated_annealing,rosenbrock,110,12200,10.32736744126622
simulated_annealing,rosenbrock,110,12300,10.32736744126622
simulated_annealing,rosenbrock,110,12400,10.32736744126622
simulated_annealing,rosenbrock,110,12500,10.32736744126622
simulated_annealing,rosenbrock,110,12600,10.32736744126622
simulated_annealing,rosenbrock,110,12700,10.32736744126622
simulated_annealing,rosenbrock,110,12800,10.32736744126622
simulated_annealing,rosenbrock,110,12900,10.32736744126622
simulated_annealing,rosenbrock,110,13000,10.32736744126622
simulated_annealing,rosenbrock,110,13100,10.32736744126622
simulated_annealing,rosenbrock,110,13200,10.32736744126622
simulated_annealing,rosenbrock,110,13300,10.32736744126622
simulated_annealing,rosenbrock,110,13400,10.32736744126622
simulated_annealing,rosenbrock,110,13500,10.32736744126622
simulated_annealing,rosenbrock,110,13600,10.32736744126622
simulated_annealing,rosenbrock,110,13700,10.32736744126622
simulated_annealing,rosenbrock,110,13800,10.32736744126622
simulated_annealing,rosenbrock,110,13900,10.32736744126622
simulated_annealing,rosenbrock,110,14000,10.32736744126622
simulated_annealing,rosenbrock,110,14100,10.32736744126622
simulated_annealing,rosenbrock,110,14200,10.32736744126622
simulated_annealing,rosenbrock,110,14300,10.32736744126622
simulated_annealing,rosenbrock,110,14400,10.32736744126622
simulated_annealing,rosenbrock,110,14500,10.32736744126622
simulated_annealing,rosenbrock,110,14600,10.32736744126622
simulated_annealing,rosenbrock,110,14700,10.32736744126622
simulated_annealing,rosenbrock,110,14800,10.32736744126622
simulated_annealing,rosenbrock,110,14900,10.32736744126622
simulated_annealing,rosenbrock,110,15000,10.32736744126622
simulated_annealing,rosenbrock,110,15100,10.32736744126622
simulated_annealing,rosenbrock,110,15200,10.32736744126622
simulated_annealing,rosenbrock,110,15300,10.32736744126622
simulated_annealing,rosenbrock,110,15400,10.32736744126622
simulated_annealing,rosenbrock,110,15500,10.32736744126622
simulated_annealing,rosenbrock,110,15600,10.32736744126622
simulated_annealing,rosenbrock,110,15700,10.32736744126622
simulated_annealing,rosenbrock,110,15800,10.32736744126622
simulated_annealing,rosenbrock,110,15900,10.32736744126622
simulated_annealing,rosenbrock,110,16000,10.32736744126622
simulated_annealing,rosenbrock,110,16100,10.32736744126622
simulated_annealing,rosenbrock,110,16200,10.32736744126622
simulated_annealing,rosenbrock,110,16300,10.32736744126622
simulated_annealing,rosenbrock,110,16400,10.32736744126622
simulated_annealing,rosenbrock,110,16500,10.32736744126622
simulated_annealing,rosenbrock,110,16600,10.32736744126622
simulated_annealing,rosenbrock,110,16700,10.32736744126622
simulated_annealing,rosenbrock,110,16800,10.32736744126622
simulated_annealing,rosenbrock,110,16900,10.32736744126622
simulated_annealing,rosenbrock,110,17000,10.32736744126622
simulated_annealing,rosenbrock,110,17100,10.32736744126622
simulated_annealing,rosenbrock,110,17200,10.32736744126622
simulated_annealing,rosenbrock,110,17300,10.32736744126622
simulated_annealing,rosenbrock,110,17400,10.32736744126622
simulated_annealing,rosenbrock,110,17500,10.32736744126622
simulated_annealing,rosenbrock,110,17600,10.32736744126622
simulated_annealing,rosenbrock,110,17700,10.32736744126622
simulated_annealing,rosenbrock,110,17800,10.32736744126622
simulated_annealing,rosenbrock,110,17900,10.32736744126622
simulated_annealing,rosenbrock,110,18000,10.32736744126622
simulated_annealing,rosenbrock,110,18100,10.32736744126622
simulated_annealing,rosenbrock,110,18200,10.32736744126622
simulated_annealing,rosenbrock,110,18300,10.32736744126622
simulated_annealing,rosenbrock,110,18400,10.32736744126622
simulated_annealing,rosenbrock,110,18500,10.32736744126622
simulated_annealing,rosenbrock,110,18600,10.32736744126622
simulated_annealing,rosenbrock,110,18700,10.32736744126622
simulated_annealing,rosenbrock,110,18800,10.32736744126622
simulated_annealing,rosenbrock,110,18900,10.32736744126622
simulated_annealing,rosenbrock,110,19000,10.32736744126622
simulated_annealing,rosenbrock,110,19100,10.32736744126622
simulated_annealing,rosenbrock,110,19200,10.32736744126622
simulated_annealing,rosenbrock,110,19300,10.32736744126622
simulated_annealing,rosenbrock,110,19400,10.32736744126622
simulated_annealing,rosenbrock,110,19500,10.32736744126622
simulated_annealing,rosenbrock,110,19600,10.32736744126622
simulated_annealing,rosenbrock,110,19700,10.32736744126622
simulated_annealing,rosenbrock,110,19800,10.32736744126622
simulated_annealing,rosenbrock,110,19900,10.32736744126622
simulated_annealing,rosenbrock,110,20000,10.32736744126622
simulated_annealing,rosenbrock,111,100,34762.136446114644
simulated_annealing,rosenbrock,111,200,15615.006415722833
simulated_annealing,rosenbrock,111,300,4058.3430053115667
simulated_annealing,rosenbrock,111,400,4058.3430053115667
simulated_annealing,rosenbrock,111,500,501.52425805478094
simulated_annealing,rosenbrock,111,600,157.24079873389286
simulated_annealing,rosenbrock,111,700,157.24079873389286
simulated_annealing,rosenbrock,111,800,157.24079873389286
simulated_annealing,rosenbrock,111,900,59.12312374799039
simulated_annealing,rosenbrock,111,1000,59.12312374799039
simulated_annealing,rosenbrock,111,1100,44.79823372959624
simulated_annealing,rosenbrock,111,1200,37.98272103447743
simulated_annealing,rosenbrock,111,1300,37.98272103447743
simulated_annealing,rosenbrock,111,1400,37.98272103447743
simulated_annealing,rosenbrock,111,1500,37.98272103447743
simulated_annealing,rosenbrock,111,1600,36.70026048242609
simulated_annealing,rosenbrock,111,1700,34.002544772690555
simulated_annealing,rosenbrock,111,1800,34.002544772690555
simulated_annealing,rosenbrock,111,1900,34.002544772690555
simulated_annealing,rosenbrock,111,2000,34.002544772690555
simulated_annealing,rosenbrock,111,2100,31.651185518678506
simulated_annealing,rosenbrock,111,2200,31.651185518678506
simulated_annealing,rosenbrock,111,2300,31.651185518678506
simulated_annealing,rosenbrock,111,2400,31.651185518678506
simulated_annealing,rosenbrock,111,2500,31.651185518678506
simulated_annealing,rosenbrock,111,2600,31.651185518678506
simulated_annealing,rosenbrock,111,2700,31.651185518678506
simulated_annealing,rosenbrock,111,2800,28.095993833787222
simulated_annealing,rosenbrock,111,2900,28.095993833787222
simulated_annealing,rosenbrock,111,3000,28.095993833787222
simulated_annealing,rosenbrock,111,3100,28.095993833787222
simulated_annealing,rosenbrock,111,3200,25.1496775767803
simulated_annealing,rosenbrock,111,3300,25.1496775767803
simulated_annealing,rosenbrock,111,3400,25.1496775767803
simulated_annealing,rosenbrock,111,3500,25.1496775767803
simulated_annealing,rosenbrock,111,3600,25.1496775767803
simulated_annealing,rosenbrock,111,3700,25.1496775767803
simulated_annealing,rosenbrock,111,3800,25.1496775767803
simulated_annealing,rosenbrock,111,3900,25.1496775767803
simulated_annealing,rosenbrock,111,4000,25.1496775767803
simulated_annealing,rosenbrock,111,4100,25.1496775767803
simulated_annealing,rosenbrock,111,4200,25.1496775767803
simulated_annealing,rosenbrock,111,4300,25.1496775767803
simulated_annealing,rosenbrock,111,4400,25.1496775767803
simulated_annealing,rosenbrock,111,4500,25.1496775767803
simulated_annealing,rosenbrock,111,4600,25.1496775767803
simulated_annealing,rosenbrock,111,4700,25.1496775767803
simulated_annealing,rosenbrock,111,4800,25.1496775767803
simulated_annealing,rosenbrock,111,4900,25.1496775767803
simulated_annealing,rosenbrock,111,5000,25.1496775767803
simulated_annealing,rosenbrock,111,5100,24.296023958626222
simulated_annealing,rosenbrock,111,5200,24.296023958626222
simulated_annealing,rosenbrock,111,5300,24.296023958626222
simulated_annealing,rosenbrock,111,5400,24.296023958626222
simulated_annealing,rosenbrock,111,5500,24.296023958626222
simulated_annealing,rosenbrock,111,5600,24.296023958626222
simulated_annealing,rosenbrock,111,5700,24.296023958626222
simulated_annealing,rosenbrock,111,5800,24.296023958626222
simulated_annealing,rosenbrock,111,5900,24.296023958626222
simulated_annealing,rosenbrock,111,6000,24.296023958626222
simulated_annealing,rosenbrock,111,6100,24.296023958626222
simulated_annealing,rosenbrock,111,6200,24.296023958626222
simulated_annealing,rosenbrock,111,6300,21.485472604949493
simulated_annealing,rosenbrock,111,6400,21.485472604949493
simulated_annealing,rosenbrock,111,6500,21.485472604949493
simulated_annealing,rosenbrock,111,6600,21.485472604949493
simulated_annealing,rosenbrock,111,6700,21.485472604949493
simulated_annealing,rosenbrock,111,6800,21.485472604949493
simulated_annealing,rosenbrock,111,6900,21.485472604949493
simulated_annealing,rosenbrock,111,7000,21.485472604949493
simulated_annealing,rosenbrock,111,7100,21.485472604949493
simulated_annealing,rosenbrock,111,7200,21.485472604949493
simulated_annealing,rosenbrock,111,7300,21.485472604949493
simulated_annealing,rosenbrock,111,7400,21.485472604949493
simulated_annealing,rosenbrock,111,7500,21.485472604949493
simulated_annealing,rosenbrock,111,7600,21.485472604949493
simulated_annealing,rosenbrock,111,7700,21.485472604949493
simulated_annealing,rosenbrock,111,7800,21.485472604949493
simulated_annealing,rosenbrock,111,7900,21.485472604949493
simulated_annealing,rosenbrock,111,8000,21.485472604949493
simulated_annealing,rosenbrock,111,8100,21.485472604949493
simulated_annealing,rosenbrock,111,8200,21.485472604949493
simulated_annealing,rosenbrock,111,8300,20.862574536636345
simulated_annealing,rosenbrock,111,8400,20.862574536636345
simulated_annealing,rosenbrock,111,8500,20.862574536636345
simulated_annealing,rosenbrock,111,8600,20.862574536636345
simulated_annealing,rosenbrock,111,8700,20.862574536636345
simulated_annealing,rosenbrock,111,8800,20.862574536636345
simulated_annealing,rosenbrock,111,8900,20.862574536636345
simulated_annealing,rosenbrock,111,9000,20.862574536636345
simulated_annealing,rosenbrock,111,9100,20.862574536636345
simulated_annealing,rosenbrock,111,9200,20.862574536636345
simulated_annealing,rosenbrock,111,9300,20.862574536636345
simulated_annealing,rosenbrock,111,9400,20.862574536636345
simulated_annealing,rosenbrock,111,9500,20.862574536636345
simulated_annealing,rosenbrock,111,9600,20.862574536636345
simulated_annealing,rosenbrock,111,9700,20.862574536636345
simulated_annealing,rosenbrock,111,9800,20.862574536636345
simulated_annealing,rosenbrock,111,9900,20.862574536636345
simulated_annealing,rosenbrock,111,10000,18.023055090067746
simulated_annealing,rosenbrock,111,10100,18.023055090067746
simulated_annealing,rosenbrock,111,10200,18.023055090067746
simulated_annealing,rosenbrock,111,10300,18.023055090067746
simulated_annealing,rosenbrock,111,10400,18.023055090067746
simulated_annealing,rosenbrock,111,10500,18.023055090067746
simulated_annealing,rosenbrock,111,10600,18.023055090067746
simulated_annealing,rosenbrock,111,10700,18.023055090067746
simulated_annealing,rosenbrock,111,10800,18.023055090067746
simulated_annealing,rosenbrock,111,10900,18.023055090067746
simulated_annealing,rosenbrock,111,11000,18.023055090067746
simulated_annealing,rosenbrock,111,11100,18.023055090067746
simulated_annealing,rosenbrock,111,11200,18.023055090067746
simulated_annealing,rosenbrock,111,11300,18.023055090067746
simulated_annealing,rosenbrock,111,11400,18.023055090067746
simulated_annealing,rosenbrock,111,11500,18.023055090067746
simulated_annealing,rosenbrock,111,11600,18.023055090067746
simulated_annealing,rosenbrock,111,11700,18.023055090067746
simulated_annealing,rosenbrock,111,11800,18.023055090067746
simulated_annealing,rosenbrock,111,11900,18.023055090067746
simulated_annealing,rosenbrock,111,12000,18.023055090067746
simulated_annealing,rosenbrock,111,12100,18.023055090067746
simulated_annealing,rosenbrock,111,12200,18.023055090067746
simulated_annealing,rosenbrock,111,12300,18.023055090067746
simulated_annealing,rosenbrock,111,12400,18.023055090067746
simulated_annealing,rosenbrock,111,12500,18.023055090067746
simulated_annealing,rosenbrock,111,12600,18.023055090067746
simulated_annealing,rosenbrock,111,12700,18.023055090067746
simulated_annealing,rosenbrock,111,12800,18.023055090067746
simulated_annealing,rosenbrock,111,12900,18.023055090067746
simulated_annealing,rosenbrock,111,13000,18.023055090067746
simulated_annealing,rosenbrock,111,13100,18.023055090067746
simulated_annealing,rosenbrock,111,13200,18.023055090067746
simulated_annealing,rosenbrock,111,13300,18.023055090067746
simulated_annealing,rosenbrock,111,13400,18.023055090067746
simulated_annealing,rosenbrock,111,13500,18.023055090067746
simulated_annealing,rosenbrock,111,13600,18.023055090067746
simulated_annealing,rosenbrock,111,13700,18.023055090067746
simulated_annealing,rosenbrock,111,13800,18.023055090067746
simulated_annealing,rosenbrock,111,13900,18.023055090067746
simulated_annealing,rosenbrock,111,14000,18.023055090067746
simulated_annealing,rosenbrock,111,14100,18.023055090067746
simulated_annealing,rosenbrock,111,14200,18.023055090067746
simulated_annealing,rosenbrock,111,14300,18.023055090067746
simulated_annealing,rosenbrock,111,14400,18.023055090067746
simulated_annealing,rosenbrock,111,14500,18.023055090067746
simulated_annealing,rosenbrock,111,14600,18.023055090067746
simulated_annealing,rosenbrock,111,14700,18.023055090067746
simulated_annealing,rosenbrock,111,14800,18.023055090067746
simulated_annealing,rosenbrock,111,14900,18.023055090067746
simulated_annealing,rosenbrock,111,15000,18.023055090067746
simulated_annealing,rosenbrock,111,15100,18.023055090067746
simulated_annealing,rosenbrock,111,15200,18.023055090067746
simulated_annealing,rosenbrock,111,15300,18.023055090067746
simulated_annealing,rosenbrock,111,15400,18.023055090067746
simulated_annealing,rosenbrock,111,15500,18.023055090067746
simulated_annealing,rosenbrock,111,15600,18.023055090067746
simulated_annealing,rosenbrock,111,15700,18.023055090067746
simulated_annealing,rosenbrock,111,15800,18.023055090067746
simulated_annealing,rosenbrock,111,15900,18.023055090067746
simulated_annealing,rosenbrock,111,16000,18.023055090067746
simulated_annealing,rosenbrock,111,16100,18.023055090067746
simulated_annealing,rosenbrock,111,16200,18.023055090067746
simulated_annealing,rosenbrock,111,16300,18.023055090067746
simulated_annealing,rosenbrock,111,16400,18.023055090067746
simulated_annealing,rosenbrock,111,16500,18.023055090067746
simulated_annealing,rosenbrock,111,16600,18.023055090067746
simulated_annealing,rosenbrock,111,16700,18.023055090067746
simulated_annealing,rosenbrock,111,16800,18.023055090067746
simulated_annealing,rosenbrock,111,16900,18.023055090067746
simulated_annealing,rosenbrock,111,17000,18.023055090067746
simulated_annealing,rosenbrock,111,17100,18.023055090067746
simulated_annealing,rosenbrock,111,17200,18.023055090067746
simulated_annealing,rosenbrock,111,17300,18.023055090067746
simulated_annealing,rosenbrock,111,17400,18.023055090067746
simulated_annealing,rosenbrock,111,17500,18.023055090067746
simulated_annealing,rosenbrock,111,17600,18.023055090067746
simulated_annealing,rosenbrock,111,17700,18.023055090067746
simulated_annealing,rosenbrock,111,17800,18.023055090067746
simulated_annealing,rosenbrock,111,17900,18.023055090067746
simulated_annealing,rosenbrock,111,18000,18.023055090067746
simulated_annealing,rosenbrock,111,18100,18.023055090067746
simulated_annealing,rosenbrock,111,18200,18.023055090067746
simulated_annealing,rosenbrock,111,18300,18.023055090067746
simulated_annealing,rosenbrock,111,18400,17.965226050660657
simulated_annealing,rosenbrock,111,18500,17.965226050660657
simulated_annealing,rosenbrock,111,18600,17.965226050660657
simulated_annealing,rosenbrock,111,18700,17.965226050660657
simulated_annealing,rosenbrock,111,18800,17.965226050660657
simulated_annealing,rosenbrock,111,18900,17.965226050660657
simulated_annealing,rosenbrock,111,19000,17.965226050660657
simulated_annealing,rosenbrock,111,19100,17.965226050660657
simulated_annealing,rosenbrock,111,19200,17.965226050660657
simulated_annealing,rosenbrock,111,19300,17.965226050660657
simulated_annealing,rosenbrock,111,19400,17.965226050660657
simulated_annealing,rosenbrock,111,19500,17.965226050660657
simulated_annealing,rosenbrock,111,19600,17.965226050660657
simulated_annealing,rosenbrock,111,19700,17.965226050660657
simulated_annealing,rosenbrock,111,19800,17.965226050660657
simulated_annealing,rosenbrock,111,19900,17.965226050660657
simulated_annealing,rosenbrock,111,20000,17.965226050660657
simulated_annealing,rosenbrock,112,100,67109.80732376988
simulated_annealing,rosenbrock,112,200,67109.80732376988
simulated_annealing,rosenbrock,112,300,5151.939534747762
simulated_annealing,rosenbrock,112,400,1106.4641490451872
simulated_annealing,rosenbrock,112,500,1106.4641490451872
simulated_annealing,rosenbrock,112,600,1018.4934138138078
simulated_annealing,rosenbrock,112,700,410.6599277200413
simulated_annealing,rosenbrock,112,800,298.2677694239288
simulated_annealing,rosenbrock,112,900,232.21330198505387
simulated_annealing,rosenbrock,112,1000,232.21330198505387
simulated_annealing,rosenbrock,112,1100,232.21330198505387
simulated_annealing,rosenbrock,112,1200,232.21330198505387
simulated_annealing,rosenbrock,112,1300,232.21330198505387
simulated_annealing,rosenbrock,112,1400,221.43955086368712
simulated_annealing,rosenbrock,112,1500,189.5045699302454
simulated_annealing,rosenbrock,112,1600,181.1933903898005
simulated_annealing,rosenbrock,112,1700,172.46347530718504
simulated_annealing,rosenbrock,112,1800,172.46347530718504
simulated_annealing,rosenbrock,112,1900,172.46347530718504
simulated_annealing,rosenbrock,112,2000,162.3841299596055
simulated_annealing,rosenbrock,112,2100,162.3841299596055
simulated_annealing,rosenbrock,112,2200,155.46983459013452
simulated_annealing,rosenbrock,112,2300,139.57483848937386
simulated_annealing,rosenbrock,112,2400,139.57483848937386
simulated_annealing,rosenbrock,112,2500,139.57483848937386
simulated_annealing,rosenbrock,112,2600,134.5847879807449
simulated_annealing,rosenbrock,112,2700,108.90644745826003
simulated_annealing,rosenbrock,112,2800,108.90644745826003
simulated_annealing,rosenbrock,112,2900,108.90644745826003
simulated_annealing,rosenbrock,112,3000,82.66740024111589
simulated_annealing,rosenbrock,112,3100,47.856230454655275
simulated_annealing,rosenbrock,112,3200,27.327133902216552
simulated_annealing,rosenbrock,112,3300,24.616626146009477
simulated_annealing,rosenbrock,112,3400,24.616626146009477
simulated_annealing,rosenbrock,112,3500,24.616626146009477
simulated_annealing,rosenbrock,112,3600,24.616626146009477
simulated_annealing,rosenbrock,112,3700,24.616626146009477
simulated_annealing,rosenbrock,112,3800,24.616626146009477
simulated_annealing,rosenbrock,112,3900,24.616626146009477
simulated_annealing,rosenbrock,112,4000,21.44662348437317
simulated_annealing,rosenbrock,112,4100,21.44662348437317
simulated_annealing,rosenbrock,112,4200,21.44662348437317
simulated_annealing,rosenbrock,112,4300,21.44662348437317
simulated_annealing,rosenbrock,112,4400,21.44662348437317
simulated_annealing,rosenbrock,112,4500,21.44662348437317
simulated_annealing,rosenbrock,112,4600,21.44662348437317
simulated_annealing,rosenbrock,112,4700,21.44662348437317
simulated_annealing,rosenbrock,112,4800,21.44662348437317
simulated_annealing,rosenbrock,112,4900,21.44662348437317
simulated_annealing,rosenbrock,112,5000,21.44662348437317
simulated_annealing,rosenbrock,112,5100,21.44662348437317
simulated_annealing,rosenbrock,112,5200,21.44662348437317
simulated_annealing,rosenbrock,112,5300,21.44662348437317
simulated_annealing,rosenbrock,112,5400,21.44662348437317
simulated_annealing,rosenbrock,112,5500,21.44662348437317
simulated_annealing,rosenbrock,112,5600,21.44662348437317
simulated_annealing,rosenbrock,112,5700,21.44662348437317
simulated_annealing,rosenbrock,112,5800,21.44662348437317
simulated_annealing,rosenbrock,112,5900,21.44662348437317
simulated_annealing,rosenbrock,112,6000,21.44662348437317
simulated_annealing,rosenbrock,112,6100,21.44662348437317
simulated_annealing,rosenbrock,112,6200,21.44662348437317
simulated_annealing,rosenbrock,112,6300,21.44662348437317
simulated_annealing,rosenbrock,112,6400,21.44662348437317
simulated_annealing,rosenbrock,112,6500,21.44662348437317
simulated_annealing,rosenbrock,112,6600,21.2822855890046
simulated_annealing,rosenbrock,112,6700,21.2822855890046
simulated_annealing,rosenbrock,112,6800,21.2822855890046
simulated_annealing,rosenbrock,112,6900,21.2822855890046
simulated_annealing,rosenbrock,112,7000,21.2822855890046
simulated_annealing,rosenbrock,112,7100,21.2822855890046
simulated_annealing,rosenbrock,112,7200,21.2822855890046
simulated_annealing,rosenbrock,112,7300,21.2822855890046
simulated_annealing,rosenbrock,112,7400,21.2822855890046
simulated_annealing,rosenbrock,112,7500,21.2822855890046
simulated_annealing,rosenbrock,112,7600,21.2822855890046
simulated_annealing,rosenbrock,112,7700,21.2822855890046
simulated_annealing,rosenbrock,112,7800,21.2822855890046
simulated_annealing,rosenbrock,112,7900,21.2822855890046
simulated_annealing,rosenbrock,112,8000,21.2822855890046
simulated_annealing,rosenbrock,112,8100,21.2822855890046
simulated_annealing,rosenbrock,112,8200,21.2822855890046
simulated_annealing,rosenbrock,112,8300,21.2822855890046
simulated_annealing,rosenbrock,112,8400,21.2822855890046
simulated_annealing,rosenbrock,112,8500,21.2822855890046
simulated_annealing,rosenbrock,112,8600,21.2822855890046
simulated_annealing,rosenbrock,112,8700,21.2822855890046
simulated_annealing,rosenbrock,112,8800,21.2822855890046
simulated_annealing,rosenbrock,112,8900,21.2822855890046
simulated_annealing,rosenbrock,112,9000,18.54345894739223
simulated_annealing,rosenbrock,112,9100,18.54345894739223
simulated_annealing,rosenbrock,112,9200,18.54345894739223
simulated_annealing,rosenbrock,112,9300,18.54345894739223
simulated_annealing,rosenbrock,112,9400,17.506809338038472
simulated_annealing,rosenbrock,112,9500,17.506809338038472
simulated_annealing,rosenbrock,112,9600,17.506809338038472
simulated_annealing,rosenbrock,112,9700,17.506809338038472
simulated_annealing,rosenbrock,112,9800,17.506809338038472
simulated_annealing,rosenbrock,112,9900,17.506809338038472
simulated_annealing,rosenbrock,112,10000,17.506809338038472
simulated_annealing,rosenbrock,112,10100,17.506809338038472
simulated_annealing,rosenbrock,112,10200,17.506809338038472
simulated_annealing,rosenbrock,112,10300,17.506809338038472
simulated_annealing,rosenbrock,112,10400,17.506809338038472
simulated_annealing,rosenbrock,112,10500,17.506809338038472
simulated_annealing,rosenbrock,112,10600,17.506809338038472
simulated_annealing,rosenbrock,112,10700,17.29359143766274
simulated_annealing,rosenbrock,112,10800,17.29359143766274
simulated_annealing,rosenbrock,112,10900,17.29359143766274
simulated_annealing,rosenbrock,112,11000,17.29359143766274
simulated_annealing,rosenbrock,112,11100,17.29359143766274
simulated_annealing,rosenbrock,112,11200,17.29359143766274
simulated_annealing,rosenbrock,112,11300,17.29359143766274
simulated_annealing,rosenbrock,112,11400,17.29359143766274
simulated_annealing,rosenbrock,112,11500,17.29359143766274
simulated_annealing,rosenbrock,112,11600,17.29359143766274
simulated_annealing,rosenbrock,112,11700,17.29359143766274
simulated_annealing,rosenbrock,112,11800,17.29359143766274
simulated_annealing,rosenbrock,112,11900,17.29359143766274
simulated_annealing,rosenbrock,112,12000,17.29359143766274
simulated_annealing,rosenbrock,112,12100,17.29359143766274
simulated_annealing,rosenbrock,112,12200,17.29359143766274
simulated_annealing,rosenbrock,112,12300,17.29359143766274
simulated_annealing,rosenbrock,112,12400,17.29359143766274
simulated_annealing,rosenbrock,112,12500,17.29359143766274
simulated_annealing,rosenbrock,112,12600,17.29359143766274
simulated_annealing,rosenbrock,112,12700,17.29359143766274
simulated_annealing,rosenbrock,112,12800,17.29359143766274
simulated_annealing,rosenbrock,112,12900,17.29359143766274
simulated_annealing,rosenbrock,112,13000,17.29359143766274
simulated_annealing,rosenbrock,112,13100,17.29359143766274
simulated_annealing,rosenbrock,112,13200,17.29359143766274
simulated_annealing,rosenbrock,112,13300,17.29359143766274
simulated_annealing,rosenbrock,112,13400,17.29359143766274
simulated_annealing,rosenbrock,112,13500,17.29359143766274
simulated_annealing,rosenbrock,112,13600,17.29359143766274
simulated_annealing,rosenbrock,112,13700,17.29359143766274
simulated_annealing,rosenbrock,112,13800,17.29359143766274
simulated_annealing,rosenbrock,112,13900,17.29359143766274
simulated_annealing,rosenbrock,112,14000,17.29359143766274
simulated_annealing,rosenbrock,112,14100,17.29359143766274
simulated_annealing,rosenbrock,112,14200,17.29359143766274
simulated_annealing,rosenbrock,112,14300,17.29359143766274
simulated_annealing,rosenbrock,112,14400,17.29359143766274
simulated_annealing,rosenbrock,112,14500,17.29359143766274
simulated_annealing,rosenbrock,112,14600,17.29359143766274
simulated_annealing,rosenbrock,112,14700,17.29359143766274
simulated_annealing,rosenbrock,112,14800,17.29359143766274
simulated_annealing,rosenbrock,112,14900,17.29359143766274
simulated_annealing,rosenbrock,112,15000,14.472710409806716
simulated_annealing,rosenbrock,112,15100,14.472710409806716
simulated_annealing,rosenbrock,112,15200,14.472710409806716
simulated_annealing,rosenbrock,112,15300,14.472710409806716
simulated_annealing,rosenbrock,112,15400,14.472710409806716
simulated_annealing,rosenbrock,112,15500,14.472710409806716
simulated_annealing,rosenbrock,112,15600,14.472710409806716
simulated_annealing,rosenbrock,112,15700,14.472710409806716
simulated_annealing,rosenbrock,112,15800,14.472710409806716
simulated_annealing,rosenbrock,112,15900,14.472710409806716
simulated_annealing,rosenbrock,112,16000,14.472710409806716
simulated_annealing,rosenbrock,112,16100,14.472710409806716
simulated_annealing,rosenbrock,112,16200,14.472710409806716
simulated_annealing,rosenbrock,112,16300,14.472710409806716
simulated_annealing,rosenbrock,112,16400,14.472710409806716
simulated_annealing,rosenbrock,112,16500,14.472710409806716
simulated_annealing,rosenbrock,112,16600,14.472710409806716
simulated_annealing,rosenbrock,112,16700,14.472710409806716
simulated_annealing,rosenbrock,112,16800,14.472710409806716
simulated_annealing,rosenbrock,112,16900,14.472710409806716
simulated_annealing,rosenbrock,112,17000,14.472710409806716
simulated_annealing,rosenbrock,112,17100,14.472710409806716
simulated_annealing,rosenbrock,112,17200,14.472710409806716
simulated_annealing,rosenbrock,112,17300,14.472710409806716
simulated_annealing,rosenbrock,112,17400,14.472710409806716
simulated_annealing,rosenbrock,112,17500,14.472710409806716
simulated_annealing,rosenbrock,112,17600,14.472710409806716
simulated_annealing,rosenbrock,112,17700,14.472710409806716
simulated_annealing,rosenbrock,112,17800,14.472710409806716
simulated_annealing,rosenbrock,112,17900,14.472710409806716
simulated_annealing,rosenbrock,112,18000,14.472710409806716
simulated_annealing,rosenbrock,112,18100,14.472710409806716
simulated_annealing,rosenbrock,112,18200,14.472710409806716
simulated_annealing,rosenbrock,112,18300,14.472710409806716
simulated_annealing,rosenbrock,112,18400,14.472710409806716
simulated_annealing,rosenbrock,112,18500,14.472710409806716
simulated_annealing,rosenbrock,112,18600,14.472710409806716
simulated_annealing,rosenbrock,112,18700,14.472710409806716
simulated_annealing,rosenbrock,112,18800,14.472710409806716
simulated_annealing,rosenbrock,112,18900,14.472710409806716
simulated_annealing,rosenbrock,112,19000,14.472710409806716
simulated_annealing,rosenbrock,112,19100,14.472710409806716
simulated_annealing,rosenbrock,112,19200,14.472710409806716
simulated_annealing,rosenbrock,112,19300,14.472710409806716
simulated_annealing,rosenbrock,112,19400,14.472710409806716
simulated_annealing,rosenbrock,112,19500,14.472710409806716
simulated_annealing,rosenbrock,112,19600,14.472710409806716
simulated_annealing,rosenbrock,112,19700,14.472710409806716
simulated_annealing,rosenbrock,112,19800,14.472710409806716
simulated_annealing,rosenbrock,112,19900,14.472710409806716
simulated_annealing,rosenbrock,112,20000,14.472710409806716
simulated_annealing,rosenbrock,113,100,77332.37854858958
simulated_annealing,rosenbrock,113,200,77332.37854858958
simulated_annealing,rosenbrock,113,300,22741.091021001812
simulated_annealing,rosenbrock,113,400,3364.635809116362
simulated_annealing,rosenbrock,113,500,2718.7207570408864
simulated_annealing,rosenbrock,113,600,941.9764503123704
simulated_annealing,rosenbrock,113,700,702.3819804617817
simulated_annealing,rosenbrock,113,800,276.1705975084641
simulated_annealing,rosenbrock,113,900,258.69421500083905
simulated_annealing,rosenbrock,113,1000,54.493465899529966
simulated_annealing,rosenbrock,113,1100,54.493465899529966
simulated_annealing,rosenbrock,113,1200,37.456867472088405
simulated_annealing,rosenbrock,113,1300,28.673923249075816
simulated_annealing,rosenbrock,113,1400,28.673923249075816
simulated_annealing,rosenbrock,113,1500,28.673923249075816
simulated_annealing,rosenbrock,113,1600,28.673923249075816
simulated_annealing,rosenbrock,113,1700,28.673923249075816
simulated_annealing,rosenbrock,113,1800,28.673923249075816
simulated_annealing,rosenbrock,113,1900,28.673923249075816
simulated_annealing,rosenbrock,113,2000,28.673923249075816
simulated_annealing,rosenbrock,113,2100,28.673923249075816
simulated_annealing,rosenbrock,113,2200,28.673923249075816
simulated_annealing,rosenbrock,113,2300,28.673923249075816
simulated_annealing,rosenbrock,113,2400,28.673923249075816
simulated_annealing,rosenbrock,113,2500,28.673923249075816
simulated_annealing,rosenbrock,113,2600,22.54864000584021
simulated_annealing,rosenbrock,113,2700,22.54864000584021
simulated_annealing,rosenbrock,113,2800,22.54864000584021
simulated_annealing,rosenbrock,113,2900,22.54864000584021
simulated_annealing,rosenbrock,113,3000,22.54864000584021
simulated_annealing,rosenbrock,113,3100,22.54864000584021
simulated_annealing,rosenbrock,113,3200,22.54864000584021
simulated_annealing,rosenbrock,113,3300,21.883600950579783
simulated_annealing,rosenbrock,113,3400,21.883600950579783
simulated_annealing,rosenbrock,113,3500,21.883600950579783
simulated_annealing,rosenbrock,113,3600,21.883600950579783
simulated_annealing,rosenbrock,113,3700,21.883600950579783
simulated_annealing,rosenbrock,113,3800,21.883600950579783
simulated_annealing,rosenbrock,113,3900,21.883600950579783
simulated_annealing,rosenbrock,113,4000,21.883600950579783
simulated_annealing,rosenbrock,113,4100,21.883600950579783
simulated_annealing,rosenbrock,113,4200,21.883600950579783
simulated_annealing,rosenbrock,113,4300,21.883600950579783
simulated_annealing,rosenbrock,113,4400,21.883600950579783
simulated_annealing,rosenbrock,113,4500,20.675517012191726
simulated_annealing,rosenbrock,113,4600,20.675517012191726
simulated_annealing,rosenbrock,113,4700,20.675517012191726
simulated_annealing,rosenbrock,113,4800,20.675517012191726
simulated_annealing,rosenbrock,113,4900,20.675517012191726
simulated_annealing,rosenbrock,113,5000,20.675517012191726
simulated_annealing,rosenbrock,113,5100,20.675517012191726
simulated_annealing,rosenbrock,113,5200,20.675517012191726
simulated_annealing,rosenbrock,113,5300,20.675517012191726
simulated_annealing,rosenbrock,113,5400,20.675517012191726
simulated_annealing,rosenbrock,113,5500,20.675517012191726
simulated_annealing,rosenbrock,113,5600,20.675517012191726
simulated_annealing,rosenbrock,113,5700,20.675517012191726
simulated_annealing,rosenbrock,113,5800,20.675517012191726
simulated_annealing,rosenbrock,113,5900,20.675517012191726
simulated_annealing,rosenbrock,113,6000,20.675517012191726
simulated_annealing,rosenbrock,113,6100,20.675517012191726
simulated_annealing,rosenbrock,113,6200,20.675517012191726
simulated_annealing,rosenbrock,113,6300,20.675517012191726
simulated_annealing,rosenbrock,113,6400,20.675517012191726
simulated_annealing,rosenbrock,113,6500,20.675517012191726
simulated_annealing,rosenbrock,113,6600,20.675517012191726
simulated_annealing,rosenbrock,113,6700,20.675517012191726
simulated_annealing,rosenbrock,113,6800,20.675517012191726
simulated_annealing,rosenbrock,113,6900,20.675517012191726
simulated_annealing,rosenbrock,113,7000,20.675517012191726
simulated_annealing,rosenbrock,113,7100,20.675517012191726
simulated_annealing,rosenbrock,113,7200,20.675517012191726
simulated_annealing,rosenbrock,113,7300,20.675517012191726
simulated_annealing,rosenbrock,113,7400,20.675517012191726
simulated_annealing,rosenbrock,113,7500,20.675517012191726
simulated_annealing,rosenbrock,113,7600,20.675517012191726
simulated_annealing,rosenbrock,113,7700,20.675517012191726
simulated_annealing,rosenbrock,113,7800,20.675517012191726
simulated_annealing,rosenbrock,113,7900,18.956255790321134
simulated_annealing,rosenbrock,113,8000,18.956255790321134
simulated_annealing,rosenbrock,113,8100,18.956255790321134
simulated_annealing,rosenbrock,113,8200,18.956255790321134
simulated_annealing,rosenbrock,113,8300,17.22179888048476
simulated_annealing,rosenbrock,113,8400,17.22179888048476
simulated_annealing,rosenbrock,113,8500,17.22179888048476
simulated_annealing,rosenbrock,113,8600,17.22179888048476
simulated_annealing,rosenbrock,113,8700,17.22179888048476
simulated_annealing,rosenbrock,113,8800,17.22179888048476
simulated_annealing,rosenbrock,113,8900,17.22179888048476
simulated_annealing,rosenbrock,113,9000,17.22179888048476
simulated_annealing,rosenbrock,113,9100,17.22179888048476
simulated_annealing,rosenbrock,113,9200,17.22179888048476
simulated_annealing,rosenbrock,113,9300,17.22179888048476
simulated_annealing,rosenbrock,113,9400,17.22179888048476
simulated_annealing,rosenbrock,113,9500,17.22179888048476
simulated_annealing,rosenbrock,113,9600,17.22179888048476
simulated_annealing,rosenbrock,113,9700,17.22179888048476
simulated_annealing,rosenbrock,113,9800,17.22179888048476
simulated_annealing,rosenbrock,113,9900,17.22179888048476
simulated_annealing,rosenbrock,113,10000,17.22179888048476
simulated_annealing,rosenbrock,113,10100,17.22179888048476
simulated_annealing,rosenbrock,113,10200,17.22179888048476
simulated_annealing,rosenbrock,113,10300,17.22179888048476
simulated_annealing,rosenbrock,113,10400,17.22179888048476
simulated_annealing,rosenbrock,113,10500,17.22179888048476
simulated_annealing,rosenbrock,113,10600,17.22179888048476
simulated_annealing,rosenbrock,113,10700,17.22179888048476
simulated_annealing,rosenbrock,113,10800,17.22179888048476
simulated_annealing,rosenbrock,113,10900,17.22179888048476
simulated_annealing,rosenbrock,113,11000,17.22179888048476
simulated_annealing,rosenbrock,113,11100,17.22179888048476
simulated_annealing,rosenbrock,113,11200,17.22179888048476
simulated_annealing,rosenbrock,113,11300,17.22179888048476
simulated_annealing,rosenbrock,113,11400,17.22179888048476
simulated_annealing,rosenbrock,113,11500,17.22179888048476
simulated_annealing,rosenbrock,113,11600,17.22179888048476
simulated_annealing,rosenbrock,113,11700,17.22179888048476
simulated_annealing,rosenbrock,113,11800,17.22179888048476
simulated_annealing,rosenbrock,113,11900,17.22179888048476
simulated_annealing,rosenbrock,113,12000,17.22179888048476
simulated_annealing,rosenbrock,113,12100,17.22179888048476
simulated_annealing,rosenbrock,113,12200,17.22179888048476
simulated_annealing,rosenbrock,113,12300,17.22179888048476
simulated_annealing,rosenbrock,113,12400,17.22179888048476
simulated_annealing,rosenbrock,113,12500,17.22179888048476
simulated_annealing,rosenbrock,113,12600,17.22179888048476
simulated_annealing,rosenbrock,113,12700,17.22179888048476
simulated_annealing,rosenbrock,113,12800,17.22179888048476
simulated_annealing,rosenbrock,113,12900,13.59089851145182
simulated_annealing,rosenbrock,113,13000,13.59089851145182
simulated_annealing,rosenbrock,113,13100,13.59089851145182
simulated_annealing,rosenbrock,113,13200,13.59089851145182
simulated_annealing,rosenbrock,113,13300,13.59089851145182
simulated_annealing,rosenbrock,113,13400,13.59089851145182
simulated_annealing,rosenbrock,113,13500,13.59089851145182
simulated_annealing,rosenbrock,113,13600,13.59089851145182
simulated_annealing,rosenbrock,113,13700,13.59089851145182
simulated_annealing,rosenbrock,113,13800,13.59089851145182
simulated_annealing,rosenbrock,113,13900,13.59089851145182
simulated_annealing,rosenbrock,113,14000,13.59089851145182
simulated_annealing,rosenbrock,113,14100,13.59089851145182
simulated_annealing,rosenbrock,113,14200,13.59089851145182
simulated_annealing,rosenbrock,113,14300,13.59089851145182
simulated_annealing,rosenbrock,113,14400,13.59089851145182
simulated_annealing,rosenbrock,113,14500,13.59089851145182
simulated_annealing,rosenbrock,113,14600,13.59089851145182
simulated_annealing,rosenbrock,113,14700,13.59089851145182
simulated_annealing,rosenbrock,113,14800,13.59089851145182
simulated_annealing,rosenbrock,113,14900,13.59089851145182
simulated_annealing,rosenbrock,113,15000,13.59089851145182
simulated_annealing,rosenbrock,113,15100,13.59089851145182
simulated_annealing,rosenbrock,113,15200,13.59089851145182
simulated_annealing,rosenbrock,113,15300,13.59089851145182
simulated_annealing,rosenbrock,113,15400,13.59089851145182
simulated_annealing,rosenbrock,113,15500,13.59089851145182
simulated_annealing,rosenbrock,113,15600,13.59089851145182
simulated_annealing,rosenbrock,113,15700,13.59089851145182
simulated_annealing,rosenbrock,113,15800,13.59089851145182
simulated_annealing,rosenbrock,113,15900,13.59089851145182
simulated_annealing,rosenbrock,113,16000,13.59089851145182
simulated_annealing,rosenbrock,113,16100,13.59089851145182
simulated_annealing,rosenbrock,113,16200,13.59089851145182
simulated_annealing,rosenbrock,113,16300,13.59089851145182
simulated_annealing,rosenbrock,113,16400,13.59089851145182
simulated_annealing,rosenbrock,113,16500,13.59089851145182
simulated_annealing,rosenbrock,113,16600,13.59089851145182
simulated_annealing,rosenbrock,113,16700,13.59089851145182
simulated_annealing,rosenbrock,113,16800,13.59089851145182
simulated_annealing,rosenbrock,113,16900,13.59089851145182
simulated_annealing,rosenbrock,113,17000,13.59089851145182
simulated_annealing,rosenbrock,113,17100,13.59089851145182
simulated_annealing,rosenbrock,113,17200,13.59089851145182
simulated_annealing,rosenbrock,113,17300,13.59089851145182
simulated_annealing,rosenbrock,113,17400,13.59089851145182
simulated_annealing,rosenbrock,113,17500,13.59089851145182
simulated_annealing,rosenbrock,113,17600,13.59089851145182
simulated_annealing,rosenbrock,113,17700,13.59089851145182
simulated_annealing,rosenbrock,113,17800,13.59089851145182
simulated_annealing,rosenbrock,113,17900,13.59089851145182
simulated_annealing,rosenbrock,113,18000,13.59089851145182
simulated_annealing,rosenbrock,113,18100,13.59089851145182
simulated_annealing,rosenbrock,113,18200,13.59089851145182
simulated_annealing,rosenbrock,113,18300,13.59089851145182
simulated_annealing,rosenbrock,113,18400,13.59089851145182
simulated_annealing,rosenbrock,113,18500,13.59089851145182
simulated_annealing,rosenbrock,113,18600,13.59089851145182
simulated_annealing,rosenbrock,113,18700,13.59089851145182
simulated_annealing,rosenbrock,113,18800,13.59089851145182
simulated_annealing,rosenbrock,113,18900,13.59089851145182
simulated_annealing,rosenbrock,113,19000,13.59089851145182
simulated_annealing,rosenbrock,113,19100,13.59089851145182
simulated_annealing,rosenbrock,113,19200,13.59089851145182
simulated_annealing,rosenbrock,113,19300,13.59089851145182
simulated_annealing,rosenbrock,113,19400,13.59089851145182
simulated_annealing,rosenbrock,113,19500,13.59089851145182
simulated_annealing,rosenbrock,113,19600,13.59089851145182
simulated_annealing,rosenbrock,113,19700,13.59089851145182
simulated_annealing,rosenbrock,113,19800,13.59089851145182
simulated_annealing,rosenbrock,113,19900,13.59089851145182
simulated_annealing,rosenbrock,113,20000,13.59089851145182
simulated_annealing,rosenbrock,114,100,125242.54379295472
simulated_annealing,rosenbrock,114,200,102402.96146424043
simulated_annealing,rosenbrock,114,300,16594.178200944316
simulated_annealing,rosenbrock,114,400,6326.825776776025
simulated_annealing,rosenbrock,114,500,1251.197048429691
simulated_annealing,rosenbrock,114,600,1186.0296500508748
simulated_annealing,rosenbrock,114,700,498.9503609413571
simulated_annealing,rosenbrock,114,800,321.6139710916719
simulated_annealing,rosenbrock,114,900,279.45513116593185
simulated_annealing,rosenbrock,114,1000,268.7976369644053
simulated_annealing,rosenbrock,114,1100,256.2343418885843
simulated_annealing,rosenbrock,114,1200,256.2343418885843
simulated_annealing,rosenbrock,114,1300,256.2343418885843
simulated_annealing,rosenbrock,114,1400,256.2343418885843
simulated_annealing,rosenbrock,114,1500,256.2343418885843
simulated_annealing,rosenbrock,114,1600,242.73791973577977
simulated_annealing,rosenbrock,114,1700,242.73791973577977
simulated_annealing,rosenbrock,114,1800,221.40705853210466
simulated_annealing,rosenbrock,114,1900,211.41182650907183
simulated_annealing,rosenbrock,114,2000,200.7243504611559
simulated_annealing,rosenbrock,114,2100,200.7243504611559
simulated_annealing,rosenbrock,114,2200,200.7243504611559
simulated_annealing,rosenbrock,114,2300,200.7243504611559
simulated_annealing,rosenbrock,114,2400,200.7243504611559
simulated_annealing,rosenbrock,114,2500,187.23390436110668
simulated_annealing,rosenbrock,114,2600,187.23390436110668
simulated_annealing,rosenbrock,114,2700,187.23390436110668
simulated_annealing,rosenbrock,114,2800,187.23390436110668
simulated_annealing,rosenbrock,114,2900,187.23390436110668
simulated_annealing,rosenbrock,114,3000,187.23390436110668
simulated_annealing,rosenbrock,114,3100,187.23390436110668
simulated_annealing,rosenbrock,114,3200,187.23390436110668
simulated_annealing,rosenbrock,114,3300,187.23390436110668
simulated_annealing,rosenbrock,114,3400,187.23390436110668
simulated_annealing,rosenbrock,114,3500,185.5421506631604
simulated_annealing,rosenbrock,114,3600,185.5421506631604
simulated_annealing,rosenbrock,114,3700,185.5421506631604
simulated_annealing,rosenbrock,114,3800,185.5421506631604
simulated_annealing,rosenbrock,114,3900,185.5421506631604
simulated_annealing,rosenbrock,114,4000,166.41437715134364
simulated_annealing,rosenbrock,114,4100,166.41437715134364
simulated_annealing,rosenbrock,114,4200,134.72400567249693
simulated_annealing,rosenbrock,114,4300,37.79088855842083
simulated_annealing,rosenbrock,114,4400,37.79088855842083
simulated_annealing,rosenbrock,114,4500,37.79088855842083
simulated_annealing,rosenbrock,114,4600,37.79088855842083
simulated_annealing,rosenbrock,114,4700,18.583659369785195
simulated_annealing,rosenbrock,114,4800,18.583659369785195
simulated_annealing,rosenbrock,114,4900,18.583659369785195
simulated_annealing,rosenbrock,114,5000,15.858517430510242
simulated_annealing,rosenbrock,114,5100,15.858517430510242
simulated_annealing,rosenbrock,114,5200,15.858517430510242
simulated_annealing,rosenbrock,114,5300,15.858517430510242
simulated_annealing,rosenbrock,114,5400,15.858517430510242
simulated_annealing,rosenbrock,114,5500,15.858517430510242
simulated_annealing,rosenbrock,114,5600,15.858517430510242
simulated_annealing,rosenbrock,114,5700,15.858517430510242
simulated_annealing,rosenbrock,114,5800,15.858517430510242
simulated_annealing,rosenbrock,114,5900,15.858517430510242
simulated_annealing,rosenbrock,114,6000,15.858517430510242
simulated_annealing,rosenbrock,114,6100,15.858517430510242
simulated_annealing,rosenbrock,114,6200,15.858517430510242
simulated_annealing,rosenbrock,114,6300,15.858517430510242
simulated_annealing,rosenbrock,114,6400,15.858517430510242
simulated_annealing,rosenbrock,114,6500,15.858517430510242
simulated_annealing,rosenbrock,114,6600,15.858517430510242
simulated_annealing,rosenbrock,114,6700,15.858517430510242
simulated_annealing,rosenbrock,114,6800,15.858517430510242
simulated_annealing,rosenbrock,114,6900,15.858517430510242
simulated_annealing,rosenbrock,114,7000,15.858517430510242
simulated_annealing,rosenbrock,114,7100,15.858517430510242
simulated_annealing,rosenbrock,114,7200,15.858517430510242
simulated_annealing,rosenbrock,114,7300,15.858517430510242
simulated_annealing,rosenbrock,114,7400,15.858517430510242
simulated_annealing,rosenbrock,114,7500,15.858517430510242
simulated_annealing,rosenbrock,114,7600,15.858517430510242
simulated_annealing,rosenbrock,114,7700,15.858517430510242
simulated_annealing,rosenbrock,114,7800,15.858517430510242
simulated_annealing,rosenbrock,114,7900,15.858517430510242
simulated_annealing,rosenbrock,114,8000,15.858517430510242
simulated_annealing,rosenbrock,114,8100,15.858517430510242
simulated_annealing,rosenbrock,114,8200,15.858517430510242
simulated_annealing,rosenbrock,114,8300,15.858517430510242
simulated_annealing,rosenbrock,114,8400,15.858517430510242
simulated_annealing,rosenbrock,114,8500,15.858517430510242
simulated_annealing,rosenbrock,114,8600,15.858517430510242
simulated_annealing,rosenbrock,114,8700,15.858517430510242
simulated_annealing,rosenbrock,114,8800,15.858517430510242
simulated_annealing,rosenbrock,114,8900,15.858517430510242
simulated_annealing,rosenbrock,114,9000,15.858517430510242
simulated_annealing,rosenbrock,114,9100,15.858517430510242
simulated_annealing,rosenbrock,114,9200,15.858517430510242
simulated_annealing,rosenbrock,114,9300,15.858517430510242
simulated_annealing,rosenbrock,114,9400,15.858517430510242
simulated_annealing,rosenbrock,114,9500,15.858517430510242
simulated_annealing,rosenbrock,114,9600,15.858517430510242
simulated_annealing,rosenbrock,114,9700,15.858517430510242
simulated_annealing,rosenbrock,114,9800,15.858517430510242
simulated_annealing,rosenbrock,114,9900,15.858517430510242
simulated_annealing,rosenbrock,114,10000,15.858517430510242
simulated_annealing,rosenbrock,114,10100,15.858517430510242
simulated_annealing,rosenbrock,114,10200,15.858517430510242
simulated_annealing,rosenbrock,114,10300,15.858517430510242
simulated_annealing,rosenbrock,114,10400,15.858517430510242
simulated_annealing,rosenbrock,114,10500,15.858517430510242
simulated_annealing,rosenbrock,114,10600,15.858517430510242
simulated_annealing,rosenbrock,114,10700,15.858517430510242
simulated_annealing,rosenbrock,114,10800,15.858517430510242
simulated_annealing,rosenbrock,114,10900,15.858517430510242
simulated_annealing,rosenbrock,114,11000,15.858517430510242
simulated_annealing,rosenbrock,114,11100,15.858517430510242
simulated_annealing,rosenbrock,114,11200,15.858517430510242
simulated_annealing,rosenbrock,114,11300,15.858517430510242
simulated_annealing,rosenbrock,114,11400,15.858517430510242
simulated_annealing,rosenbrock,114,11500,15.858517430510242
simulated_annealing,rosenbrock,114,11600,15.858517430510242
simulated_annealing,rosenbrock,114,11700,15.858517430510242
simulated_annealing,rosenbrock,114,11800,15.858517430510242
simulated_annealing,rosenbrock,114,11900,15.858517430510242
simulated_annealing,rosenbrock,114,12000,15.858517430510242
simulated_annealing,rosenbrock,114,12100,15.858517430510242
simulated_annealing,rosenbrock,114,12200,15.858517430510242
simulated_annealing,rosenbrock,114,12300,15.858517430510242
simulated_annealing,rosenbrock,114,12400,15.858517430510242
simulated_annealing,rosenbrock,114,12500,15.858517430510242
simulated_annealing,rosenbrock,114,12600,15.858517430510242
simulated_annealing,rosenbrock,114,12700,15.858517430510242
simulated_annealing,rosenbrock,114,12800,15.858517430510242
simulated_annealing,rosenbrock,114,12900,15.858517430510242
simulated_annealing,rosenbrock,114,13000,15.858517430510242
simulated_annealing,rosenbrock,114,13100,15.858517430510242
simulated_annealing,rosenbrock,114,13200,15.858517430510242
simulated_annealing,rosenbrock,114,13300,15.858517430510242
simulated_annealing,rosenbrock,114,13400,15.858517430510242
simulated_annealing,rosenbrock,114,13500,15.858517430510242
simulated_annealing,rosenbrock,114,13600,15.858517430510242
simulated_annealing,rosenbrock,114,13700,15.820660369109344
simulated_annealing,rosenbrock,114,13800,15.820660369109344
simulated_annealing,rosenbrock,114,13900,15.820660369109344
simulated_annealing,rosenbrock,114,14000,14.165215581670358
simulated_annealing,rosenbrock,114,14100,14.165215581670358
simulated_annealing,rosenbrock,114,14200,14.165215581670358
simulated_annealing,rosenbrock,114,14300,14.165215581670358
simulated_annealing,rosenbrock,114,14400,14.165215581670358
simulated_annealing,rosenbrock,114,14500,14.165215581670358
simulated_annealing,rosenbrock,114,14600,14.165215581670358
simulated_annealing,rosenbrock,114,14700,14.165215581670358
simulated_annealing,rosenbrock,114,14800,14.165215581670358
simulated_annealing,rosenbrock,114,14900,14.165215581670358
simulated_annealing,rosenbrock,114,15000,14.165215581670358
simulated_annealing,rosenbrock,114,15100,14.165215581670358
simulated_annealing,rosenbrock,114,15200,14.165215581670358
simulated_annealing,rosenbrock,114,15300,14.165215581670358
simulated_annealing,rosenbrock,114,15400,14.165215581670358
simulated_annealing,rosenbrock,114,15500,14.165215581670358
simulated_annealing,rosenbrock,114,15600,14.165215581670358
simulated_annealing,rosenbrock,114,15700,14.165215581670358
simulated_annealing,rosenbrock,114,15800,14.165215581670358
simulated_annealing,rosenbrock,114,15900,14.165215581670358
simulated_annealing,rosenbrock,114,16000,14.165215581670358
simulated_annealing,rosenbrock,114,16100,14.165215581670358
simulated_annealing,rosenbrock,114,16200,14.165215581670358
simulated_annealing,rosenbrock,114,16300,14.086742684406781
simulated_annealing,rosenbrock,114,16400,14.086742684406781
simulated_annealing,rosenbrock,114,16500,14.086742684406781
simulated_annealing,rosenbrock,114,16600,14.086742684406781
simulated_annealing,rosenbrock,114,16700,14.086742684406781
simulated_annealing,rosenbrock,114,16800,14.086742684406781
simulated_annealing,rosenbrock,114,16900,14.086742684406781
simulated_annealing,rosenbrock,114,17000,14.086742684406781
simulated_annealing,rosenbrock,114,17100,14.086742684406781
simulated_annealing,rosenbrock,114,17200,14.086742684406781
simulated_annealing,rosenbrock,114,17300,14.086742684406781
simulated_annealing,rosenbrock,114,17400,14.086742684406781
simulated_annealing,rosenbrock,114,17500,14.086742684406781
simulated_annealing,rosenbrock,114,17600,14.086742684406781
simulated_annealing,rosenbrock,114,17700,14.086742684406781
simulated_annealing,rosenbrock,114,17800,14.086742684406781
simulated_annealing,rosenbrock,114,17900,14.086742684406781
simulated_annealing,rosenbrock,114,18000,14.086742684406781
simulated_annealing,rosenbrock,114,18100,14.086742684406781
simulated_annealing,rosenbrock,114,18200,14.086742684406781
simulated_annealing,rosenbrock,114,18300,14.086742684406781
simulated_annealing,rosenbrock,114,18400,14.086742684406781
simulated_annealing,rosenbrock,114,18500,14.086742684406781
simulated_annealing,rosenbrock,114,18600,14.086742684406781
simulated_annealing,rosenbrock,114,18700,14.086742684406781
simulated_annealing,rosenbrock,114,18800,14.086742684406781
simulated_annealing,rosenbrock,114,18900,14.086742684406781
simulated_annealing,rosenbrock,114,19000,14.086742684406781
simulated_annealing,rosenbrock,114,19100,14.086742684406781
simulated_annealing,rosenbrock,114,19200,14.086742684406781
simulated_annealing,rosenbrock,114,19300,14.086742684406781
simulated_annealing,rosenbrock,114,19400,14.086742684406781
simulated_annealing,rosenbrock,114,19500,14.086742684406781
simulated_annealing,rosenbrock,114,19600,14.086742684406781
simulated_annealing,rosenbrock,114,19700,14.086742684406781
simulated_annealing,rosenbrock,114,19800,14.086742684406781
simulated_annealing,rosenbrock,114,19900,14.086742684406781
simulated_annealing,rosenbrock,114,20000,14.086742684406781
simulated_annealing,rosenbrock,115,100,62034.869539306535
simulated_annealing,rosenbrock,115,200,62034.869539306535
simulated_annealing,rosenbrock,115,300,10928.121524589522
simulated_annealing,rosenbrock,115,400,4440.840254520235
simulated_annealing,rosenbrock,115,500,3195.5787610970992
simulated_annealing,rosenbrock,115,600,977.5911464374267
simulated_annealing,rosenbrock,115,700,977.5911464374267
simulated_annealing,rosenbrock,115,800,246.4315489531223
simulated_annealing,rosenbrock,115,900,57.77643633528636
simulated_annealing,rosenbrock,115,1000,47.94362517300791
simulated_annealing,rosenbrock,115,1100,47.94362517300791
simulated_annealing,rosenbrock,115,1200,36.92827424531386
simulated_annealing,rosenbrock,115,1300,33.43479548287899
simulated_annealing,rosenbrock,115,1400,25.10157366517616
simulated_annealing,rosenbrock,115,1500,24.182236667067826
simulated_annealing,rosenbrock,115,1600,24.182236667067826
simulated_annealing,rosenbrock,115,1700,24.182236667067826
simulated_annealing,rosenbrock,115,1800,24.182236667067826
simulated_annealing,rosenbrock,115,1900,24.182236667067826
simulated_annealing,rosenbrock,115,2000,24.182236667067826
simulated_annealing,rosenbrock,115,2100,23.288618654434917
simulated_annealing,rosenbrock,115,2200,23.288618654434917
simulated_annealing,rosenbrock,115,2300,23.288618654434917
simulated_annealing,rosenbrock,115,2400,23.288618654434917
simulated_annealing,rosenbrock,115,2500,23.288618654434917
simulated_annealing,rosenbrock,115,2600,13.306703082159876
simulated_annealing,rosenbrock,115,2700,13.072768350462344
simulated_annealing,rosenbrock,115,2800,13.072768350462344
simulated_annealing,rosenbrock,115,2900,13.072768350462344
simulated_annealing,rosenbrock,115,3000,13.072768350462344
simulated_annealing,rosenbrock,115,3100,13.072768350462344
simulated_annealing,rosenbrock,115,3200,13.072768350462344
simulated_annealing,rosenbrock,115,3300,13.072768350462344
simulated_annealing,rosenbrock,115,3400,13.072768350462344
simulated_annealing,rosenbrock,115,3500,13.072768350462344
simulated_annealing,rosenbrock,115,3600,13.072768350462344
simulated_annealing,rosenbrock,115,3700,13.072768350462344
simulated_annealing,rosenbrock,115,3800,13.072768350462344
simulated_annealing,rosenbrock,115,3900,13.072768350462344
simulated_annealing,rosenbrock,115,4000,13.072768350462344
simulated_annealing,rosenbrock,115,4100,13.072768350462344
simulated_annealing,rosenbrock,115,4200,13.072768350462344
simulated_annealing,rosenbrock,115,4300,13.072768350462344
simulated_annealing,rosenbrock,115,4400,13.072768350462344
simulated_annealing,rosenbrock,115,4500,13.072768350462344
simulated_annealing,rosenbrock,115,4600,13.072768350462344
simulated_annealing,rosenbrock,115,4700,13.072768350462344
simulated_annealing,rosenbrock,115,4800,13.072768350462344
simulated_annealing,rosenbrock,115,4900,13.072768350462344
simulated_annealing,rosenbrock,115,5000,13.072768350462344
simulated_annealing,rosenbrock,115,5100,13.072768350462344
simulated_annealing,rosenbrock,115,5200,13.072768350462344
simulated_annealing,rosenbrock,115,5300,13.072768350462344
simulated_annealing,rosenbrock,115,5400,13.072768350462344
simulated_annealing,rosenbrock,115,5500,13.072768350462344
simulated_annealing,rosenbrock,115,5600,13.072768350462344
simulated_annealing,rosenbrock,115,5700,13.072768350462344
simulated_annealing,rosenbrock,115,5800,13.072768350462344
simulated_annealing,rosenbrock,115,5900,13.072768350462344
simulated_annealing,rosenbrock,115,6000,13.072768350462344
simulated_annealing,rosenbrock,115,6100,13.072768350462344
simulated_annealing,rosenbrock,115,6200,13.072768350462344
simulated_annealing,rosenbrock,115,6300,13.072768350462344
simulated_annealing,rosenbrock,115,6400,13.072768350462344
simulated_annealing,rosenbrock,115,6500,13.072768350462344
simulated_annealing,rosenbrock,115,6600,13.072768350462344
simulated_annealing,rosenbrock,115,6700,13.072768350462344
simulated_annealing,rosenbrock,115,6800,13.072768350462344
simulated_annealing,rosenbrock,115,6900,13.072768350462344
simulated_annealing,rosenbrock,115,7000,13.072768350462344
simulated_annealing,rosenbrock,115,7100,13.072768350462344
simulated_annealing,rosenbrock,115,7200,13.072768350462344
simulated_annealing,rosenbrock,115,7300,13.072768350462344
simulated_annealing,rosenbrock,115,7400,13.072768350462344
simulated_annealing,rosenbrock,115,7500,13.072768350462344
simulated_annealing,rosenbrock,115,7600,13.072768350462344
simulated_annealing,rosenbrock,115,7700,13.072768350462344
simulated_annealing,rosenbrock,115,7800,13.072768350462344
simulated_annealing,rosenbrock,115,7900,13.072768350462344
simulated_annealing,rosenbrock,115,8000,13.072768350462344
simulated_annealing,rosenbrock,115,8100,13.072768350462344
simulated_annealing,rosenbrock,115,8200,13.072768350462344
simulated_annealing,rosenbrock,115,8300,13.072768350462344
simulated_annealing,rosenbrock,115,8400,13.072768350462344
simulated_annealing,rosenbrock,115,8500,13.072768350462344
simulated_annealing,rosenbrock,115,8600,13.072768350462344
simulated_annealing,rosenbrock,115,8700,13.072768350462344
simulated_annealing,rosenbrock,115,8800,13.072768350462344
simulated_annealing,rosenbrock,115,8900,13.072768350462344
simulated_annealing,rosenbrock,115,9000,13.072768350462344
simulated_annealing,rosenbrock,115,9100,13.072768350462344
simulated_annealing,rosenbrock,115,9200,13.072768350462344
simulated_annealing,rosenbrock,115,9300,13.072768350462344
simulated_annealing,rosenbrock,115,9400,13.072768350462344
simulated_annealing,rosenbrock,115,9500,13.072768350462344
simulated_annealing,rosenbrock,115,9600,13.072768350462344
simulated_annealing,rosenbrock,115,9700,13.072768350462344
simulated_annealing,rosenbrock,115,9800,13.072768350462344
simulated_annealing,rosenbrock,115,9900,13.072768350462344
simulated_annealing,rosenbrock,115,10000,13.072768350462344
simulated_annealing,rosenbrock,115,10100,13.072768350462344
simulated_annealing,rosenbrock,115,10200,13.072768350462344
simulated_annealing,rosenbrock,115,10300,13.072768350462344
simulated_annealing,rosenbrock,115,10400,13.072768350462344
simulated_annealing,rosenbrock,115,10500,13.072768350462344
simulated_annealing,rosenbrock,115,10600,13.072768350462344
simulated_annealing,rosenbrock,115,10700,13.072768350462344
simulated_annealing,rosenbrock,115,10800,13.072768350462344
simulated_annealing,rosenbrock,115,10900,13.072768350462344
simulated_annealing,rosenbrock,115,11000,13.072768350462344
simulated_annealing,rosenbrock,115,11100,13.072768350462344
simulated_annealing,rosenbrock,115,11200,13.072768350462344
simulated_annealing,rosenbrock,115,11300,13.072768350462344
simulated_annealing,rosenbrock,115,11400,13.072768350462344
simulated_annealing,rosenbrock,115,11500,13.072768350462344
simulated_annealing,rosenbrock,115,11600,13.072768350462344
simulated_annealing,rosenbrock,115,11700,13.072768350462344
simulated_annealing,rosenbrock,115,11800,13.072768350462344
simulated_annealing,rosenbrock,115,11900,13.072768350462344
simulated_annealing,rosenbrock,115,12000,13.072768350462344
simulated_annealing,rosenbrock,115,12100,13.072768350462344
simulated_annealing,rosenbrock,115,12200,13.072768350462344
simulated_annealing,rosenbrock,115,12300,13.072768350462344
simulated_annealing,rosenbrock,115,12400,13.072768350462344
simulated_annealing,rosenbrock,115,12500,13.072768350462344
simulated_annealing,rosenbrock,115,12600,13.072768350462344
simulated_annealing,rosenbrock,115,12700,13.072768350462344
simulated_annealing,rosenbrock,115,12800,13.072768350462344
simulated_annealing,rosenbrock,115,12900,13.072768350462344
simulated_annealing,rosenbrock,115,13000,13.072768350462344
simulated_annealing,rosenbrock,115,13100,13.072768350462344
simulated_annealing,rosenbrock,115,13200,13.072768350462344
simulated_annealing,rosenbrock,115,13300,13.072768350462344
simulated_annealing,rosenbrock,115,13400,13.072768350462344
simulated_annealing,rosenbrock,115,13500,13.072768350462344
simulated_annealing,rosenbrock,115,13600,13.072768350462344
simulated_annealing,rosenbrock,115,13700,13.072768350462344
simulated_annealing,rosenbrock,115,13800,13.072768350462344
simulated_annealing,rosenbrock,115,13900,13.072768350462344
simulated_annealing,rosenbrock,115,14000,13.072768350462344
simulated_annealing,rosenbrock,115,14100,13.072768350462344
simulated_annealing,rosenbrock,115,14200,13.072768350462344
simulated_annealing,rosenbrock,115,14300,13.072768350462344
simulated_annealing,rosenbrock,115,14400,13.072768350462344
simulated_annealing,rosenbrock,115,14500,13.072768350462344
simulated_annealing,rosenbrock,115,14600,13.072768350462344
simulated_annealing,rosenbrock,115,14700,13.072768350462344
simulated_annealing,rosenbrock,115,14800,13.072768350462344
simulated_annealing,rosenbrock,115,14900,13.072768350462344
simulated_annealing,rosenbrock,115,15000,13.072768350462344
simulated_annealing,rosenbrock,115,15100,13.072768350462344
simulated_annealing,rosenbrock,115,15200,13.072768350462344
simulated_annealing,rosenbrock,115,15300,13.072768350462344
simulated_annealing,rosenbrock,115,15400,13.072768350462344
simulated_annealing,rosenbrock,115,15500,13.072768350462344
simulated_annealing,rosenbrock,115,15600,13.072768350462344
simulated_annealing,rosenbrock,115,15700,13.072768350462344
simulated_annealing,rosenbrock,115,15800,13.072768350462344
simulated_annealing,rosenbrock,115,15900,13.072768350462344
simulated_annealing,rosenbrock,115,16000,13.072768350462344
simulated_annealing,rosenbrock,115,16100,12.326590725622903
simulated_annealing,rosenbrock,115,16200,12.326590725622903
simulated_annealing,rosenbrock,115,16300,12.326590725622903
simulated_annealing,rosenbrock,115,16400,12.326590725622903
simulated_annealing,rosenbrock,115,16500,12.326590725622903
simulated_annealing,rosenbrock,115,16600,12.326590725622903
simulated_annealing,rosenbrock,115,16700,12.326590725622903
simulated_annealing,rosenbrock,115,16800,12.326590725622903
simulated_annealing,rosenbrock,115,16900,12.326590725622903
simulated_annealing,rosenbrock,115,17000,12.326590725622903
simulated_annealing,rosenbrock,115,17100,12.326590725622903
simulated_annealing,rosenbrock,115,17200,12.326590725622903
simulated_annealing,rosenbrock,115,17300,12.326590725622903
simulated_annealing,rosenbrock,115,17400,12.326590725622903
simulated_annealing,rosenbrock,115,17500,12.326590725622903
simulated_annealing,rosenbrock,115,17600,12.326590725622903
simulated_annealing,rosenbrock,115,17700,12.326590725622903
simulated_annealing,rosenbrock,115,17800,12.326590725622903
simulated_annealing,rosenbrock,115,17900,12.326590725622903
simulated_annealing,rosenbrock,115,18000,12.326590725622903
simulated_annealing,rosenbrock,115,18100,12.326590725622903
simulated_annealing,rosenbrock,115,18200,12.326590725622903
simulated_annealing,rosenbrock,115,18300,12.326590725622903
simulated_annealing,rosenbrock,115,18400,12.326590725622903
simulated_annealing,rosenbrock,115,18500,12.326590725622903
simulated_annealing,rosenbrock,115,18600,12.326590725622903
simulated_annealing,rosenbrock,115,18700,12.326590725622903
simulated_annealing,rosenbrock,115,18800,12.326590725622903
simulated_annealing,rosenbrock,115,18900,12.326590725622903
simulated_annealing,rosenbrock,115,19000,12.326590725622903
simulated_annealing,rosenbrock,115,19100,12.326590725622903
simulated_annealing,rosenbrock,115,19200,12.326590725622903
simulated_annealing,rosenbrock,115,19300,12.326590725622903
simulated_annealing,rosenbrock,115,19400,12.326590725622903
simulated_annealing,rosenbrock,115,19500,12.326590725622903
simulated_annealing,rosenbrock,115,19600,12.326590725622903
simulated_annealing,rosenbrock,115,19700,12.326590725622903
simulated_annealing,rosenbrock,115,19800,12.326590725622903
simulated_annealing,rosenbrock,115,19900,12.326590725622903
simulated_annealing,rosenbrock,115,20000,12.326590725622903
simulated_annealing,rosenbrock,116,100,95850.88849012156
simulated_annealing,rosenbrock,116,200,90539.56455001533
simulated_annealing,rosenbrock,116,300,13876.299764461226
simulated_annealing,rosenbrock,116,400,13634.501294097738
simulated_annealing,rosenbrock,116,500,2523.9272566458167
simulated_annealing,rosenbrock,116,600,2029.45067224666
simulated_annealing,rosenbrock,116,700,408.5834857965991
simulated_annealing,rosenbrock,116,800,240.59030846159393
simulated_annealing,rosenbrock,116,900,88.35815820526828
simulated_annealing,rosenbrock,116,1000,64.8824992098612
simulated_annealing,rosenbrock,116,1100,41.81291674181392
simulated_annealing,rosenbrock,116,1200,35.33726742367759
simulated_annealing,rosenbrock,116,1300,29.08926357578288
simulated_annealing,rosenbrock,116,1400,28.081435253614664
simulated_annealing,rosenbrock,116,1500,28.081435253614664
simulated_annealing,rosenbrock,116,1600,28.081435253614664
simulated_annealing,rosenbrock,116,1700,28.081435253614664
simulated_annealing,rosenbrock,116,1800,28.081435253614664
simulated_annealing,rosenbrock,116,1900,25.593511118923463
simulated_annealing,rosenbrock,116,2000,24.996203533901824
simulated_annealing,rosenbrock,116,2100,17.792032025592153
simulated_annealing,rosenbrock,116,2200,17.792032025592153
simulated_annealing,rosenbrock,116,2300,17.792032025592153
simulated_annealing,rosenbrock,116,2400,17.792032025592153
simulated_annealing,rosenbrock,116,2500,17.792032025592153
simulated_annealing,rosenbrock,116,2600,17.792032025592153
simulated_annealing,rosenbrock,116,2700,15.366160260013487
simulated_annealing,rosenbrock,116,2800,15.366160260013487
simulated_annealing,rosenbrock,116,2900,15.366160260013487
simulated_annealing,rosenbrock,116,3000,15.366160260013487
simulated_annealing,rosenbrock,116,3100,15.366160260013487
simulated_annealing,rosenbrock,116,3200,15.366160260013487
simulated_annealing,rosenbrock,116,3300,15.366160260013487
simulated_annealing,rosenbrock,116,3400,15.366160260013487
simulated_annealing,rosenbrock,116,3500,15.366160260013487
simulated_annealing,rosenbrock,116,3600,15.366160260013487
simulated_annealing,rosenbrock,116,3700,15.366160260013487
simulated_annealing,rosenbrock,116,3800,15.366160260013487
simulated_annealing,rosenbrock,116,3900,15.366160260013487
simulated_annealing,rosenbrock,116,4000,15.366160260013487
simulated_annealing,rosenbrock,116,4100,15.366160260013487
simulated_annealing,rosenbrock,116,4200,15.366160260013487
simulated_annealing,rosenbrock,116,4300,15.366160260013487
simulated_annealing,rosenbrock,116,4400,15.366160260013487
simulated_annealing,rosenbrock,116,4500,15.366160260013487
simulated_annealing,rosenbrock,116,4600,15.366160260013487
simulated_annealing,rosenbrock,116,4700,15.366160260013487
simulated_annealing,rosenbrock,116,4800,15.366160260013487
simulated_annealing,rosenbrock,116,4900,15.366160260013487
simulated_annealing,rosenbrock,116,5000,15.366160260013487
simulated_annealing,rosenbrock,116,5100,15.366160260013487
simulated_annealing,rosenbrock,116,5200,15.366160260013487
simulated_annealing,rosenbrock,116,5300,15.366160260013487
simulated_annealing,rosenbrock,116,5400,15.366160260013487
simulated_annealing,rosenbrock,116,5500,15.366160260013487
simulated_annealing,rosenbrock,116,5600,15.366160260013487
simulated_annealing,rosenbrock,116,5700,15.366160260013487
simulated_annealing,rosenbrock,116,5800,15.366160260013487
simulated_annealing,rosenbrock,116,5900,15.366160260013487
simulated_annealing,rosenbrock,116,6000,15.366160260013487
simulated_annealing,rosenbrock,116,6100,15.366160260013487
simulated_annealing,rosenbrock,116,6200,15.366160260013487
simulated_annealing,rosenbrock,116,6300,15.366160260013487
simulated_annealing,rosenbrock,116,6400,15.366160260013487
simulated_annealing,rosenbrock,116,6500,15.366160260013487
simulated_annealing,rosenbrock,116,6600,15.366160260013487
simulated_annealing,rosenbrock,116,6700,15.366160260013487
simulated_annealing,rosenbrock,116,6800,15.366160260013487
simulated_annealing,rosenbrock,116,6900,15.366160260013487
simulated_annealing,rosenbrock,116,7000,15.366160260013487
simulated_annealing,rosenbrock,116,7100,15.366160260013487
simulated_annealing,rosenbrock,116,7200,15.366160260013487
simulated_annealing,rosenbrock,116,7300,15.366160260013487
simulated_annealing,rosenbrock,116,7400,15.366160260013487
simulated_annealing,rosenbrock,116,7500,15.366160260013487
simulated_annealing,rosenbrock,116,7600,15.366160260013487
simulated_annealing,rosenbrock,116,7700,15.366160260013487
simulated_annealing,rosenbrock,116,7800,15.366160260013487
simulated_annealing,rosenbrock,116,7900,15.366160260013487
simulated_annealing,rosenbrock,116,8000,15.366160260013487
simulated_annealing,rosenbrock,116,8100,15.366160260013487
simulated_annealing,rosenbrock,116,8200,15.366160260013487
simulated_annealing,rosenbrock,116,8300,15.366160260013487
simulated_annealing,rosenbrock,116,8400,15.366160260013487
simulated_annealing,rosenbrock,116,8500,15.366160260013487
simulated_annealing,rosenbrock,116,8600,14.095922263612108
simulated_annealing,rosenbrock,116,8700,14.095922263612108
simulated_annealing,rosenbrock,116,8800,14.095922263612108
simulated_annealing,rosenbrock,116,8900,14.095922263612108
simulated_annealing,rosenbrock,116,9000,14.095922263612108
simulated_annealing,rosenbrock,116,9100,14.095922263612108
simulated_annealing,rosenbrock,116,9200,14.095922263612108
simulated_annealing,rosenbrock,116,9300,14.095922263612108
simulated_annealing,rosenbrock,116,9400,14.095922263612108
simulated_annealing,rosenbrock,116,9500,14.095922263612108
simulated_annealing,rosenbrock,116,9600,14.095922263612108
simulated_annealing,rosenbrock,116,9700,14.095922263612108
simulated_annealing,rosenbrock,116,9800,14.095922263612108
simulated_annealing,rosenbrock,116,9900,14.095922263612108
simulated_annealing,rosenbrock,116,10000,14.095922263612108
simulated_annealing,rosenbrock,116,10100,14.095922263612108
simulated_annealing,rosenbrock,116,10200,14.095922263612108
simulated_annealing,rosenbrock,116,10300,14.095922263612108
simulated_annealing,rosenbrock,116,10400,14.095922263612108
simulated_annealing,rosenbrock,116,10500,14.095922263612108
simulated_annealing,rosenbrock,116,10600,14.095922263612108
simulated_annealing,rosenbrock,116,10700,14.095922263612108
simulated_annealing,rosenbrock,116,10800,14.095922263612108
simulated_annealing,rosenbrock,116,10900,14.095922263612108
simulated_annealing,rosenbrock,116,11000,14.095922263612108
simulated_annealing,rosenbrock,116,11100,14.095922263612108
simulated_annealing,rosenbrock,116,11200,14.095922263612108
simulated_annealing,rosenbrock,116,11300,14.095922263612108
simulated_annealing,rosenbrock,116,11400,14.095922263612108
simulated_annealing,rosenbrock,116,11500,14.095922263612108
simulated_annealing,rosenbrock,116,11600,14.095922263612108
simulated_annealing,rosenbrock,116,11700,14.095922263612108
simulated_annealing,rosenbrock,116,11800,14.095922263612108
simulated_annealing,rosenbrock,116,11900,14.095922263612108
simulated_annealing,rosenbrock,116,12000,14.095922263612108
simulated_annealing,rosenbrock,116,12100,14.095922263612108
simulated_annealing,rosenbrock,116,12200,14.095922263612108
simulated_annealing,rosenbrock,116,12300,14.095922263612108
simulated_annealing,rosenbrock,116,12400,14.095922263612108
simulated_annealing,rosenbrock,116,12500,14.095922263612108
simulated_annealing,rosenbrock,116,12600,14.095922263612108
simulated_annealing,rosenbrock,116,12700,11.536535225383943
simulated_annealing,rosenbrock,116,12800,11.536535225383943
simulated_annealing,rosenbrock,116,12900,11.536535225383943
simulated_annealing,rosenbrock,116,13000,11.536535225383943
simulated_annealing,rosenbrock,116,13100,11.536535225383943
simulated_annealing,rosenbrock,116,13200,11.536535225383943
simulated_annealing,rosenbrock,116,13300,11.536535225383943
simulated_annealing,rosenbrock,116,13400,11.536535225383943
simulated_annealing,rosenbrock,116,13500,11.536535225383943
simulated_annealing,rosenbrock,116,13600,11.536535225383943
simulated_annealing,rosenbrock,116,13700,11.536535225383943
simulated_annealing,rosenbrock,116,13800,11.536535225383943
simulated_annealing,rosenbrock,116,13900,11.536535225383943
simulated_annealing,rosenbrock,116,14000,11.536535225383943
simulated_annealing,rosenbrock,116,14100,11.536535225383943
simulated_annealing,rosenbrock,116,14200,11.536535225383943
simulated_annealing,rosenbrock,116,14300,11.536535225383943
simulated_annealing,rosenbrock,116,14400,11.536535225383943
simulated_annealing,rosenbrock,116,14500,11.536535225383943
simulated_annealing,rosenbrock,116,14600,11.536535225383943
simulated_annealing,rosenbrock,116,14700,11.536535225383943
simulated_annealing,rosenbrock,116,14800,11.536535225383943
simulated_annealing,rosenbrock,116,14900,11.536535225383943
simulated_annealing,rosenbrock,116,15000,11.536535225383943
simulated_annealing,rosenbrock,116,15100,11.536535225383943
simulated_annealing,rosenbrock,116,15200,11.536535225383943
simulated_annealing,rosenbrock,116,15300,11.536535225383943
simulated_annealing,rosenbrock,116,15400,11.536535225383943
simulated_annealing,rosenbrock,116,15500,11.536535225383943
simulated_annealing,rosenbrock,116,15600,11.536535225383943
simulated_annealing,rosenbrock,116,15700,11.536535225383943
simulated_annealing,rosenbrock,116,15800,11.536535225383943
simulated_annealing,rosenbrock,116,15900,11.536535225383943
simulated_annealing,rosenbrock,116,16000,11.536535225383943
simulated_annealing,rosenbrock,116,16100,11.536535225383943
simulated_annealing,rosenbrock,116,16200,11.536535225383943
simulated_annealing,rosenbrock,116,16300,11.536535225383943
simulated_annealing,rosenbrock,116,16400,11.536535225383943
simulated_annealing,rosenbrock,116,16500,11.536535225383943
simulated_annealing,rosenbrock,116,16600,11.536535225383943
simulated_annealing,rosenbrock,116,16700,11.536535225383943
simulated_annealing,rosenbrock,116,16800,11.536535225383943
simulated_annealing,rosenbrock,116,16900,11.536535225383943
simulated_annealing,rosenbrock,116,17000,11.536535225383943
simulated_annealing,rosenbrock,116,17100,11.536535225383943
simulated_annealing,rosenbrock,116,17200,11.536535225383943
simulated_annealing,rosenbrock,116,17300,11.536535225383943
simulated_annealing,rosenbrock,116,17400,11.536535225383943
simulated_annealing,rosenbrock,116,17500,11.536535225383943
simulated_annealing,rosenbrock,116,17600,11.536535225383943
simulated_annealing,rosenbrock,116,17700,11.536535225383943
simulated_annealing,rosenbrock,116,17800,11.536535225383943
simulated_annealing,rosenbrock,116,17900,11.536535225383943
simulated_annealing,rosenbrock,116,18000,11.536535225383943
simulated_annealing,rosenbrock,116,18100,11.536535225383943
simulated_annealing,rosenbrock,116,18200,11.536535225383943
simulated_annealing,rosenbrock,116,18300,11.536535225383943
simulated_annealing,rosenbrock,116,18400,11.536535225383943
simulated_annealing,rosenbrock,116,18500,11.536535225383943
simulated_annealing,rosenbrock,116,18600,11.536535225383943
simulated_annealing,rosenbrock,116,18700,11.536535225383943
simulated_annealing,rosenbrock,116,18800,11.536535225383943
simulated_annealing,rosenbrock,116,18900,11.536535225383943
simulated_annealing,rosenbrock,116,19000,11.536535225383943
simulated_annealing,rosenbrock,116,19100,11.536535225383943
simulated_annealing,rosenbrock,116,19200,11.536535225383943
simulated_annealing,rosenbrock,116,19300,11.536535225383943
simulated_annealing,rosenbrock,116,19400,11.536535225383943
simulated_annealing,rosenbrock,116,19500,11.536535225383943
simulated_annealing,rosenbrock,116,19600,11.536535225383943
simulated_annealing,rosenbrock,116,19700,11.536535225383943
simulated_annealing,rosenbrock,116,19800,11.536535225383943
simulated_annealing,rosenbrock,116,19900,11.536535225383943
simulated_annealing,rosenbrock,116,20000,11.536535225383943
simulated_annealing,rosenbrock,117,100,64020.2067540254
simulated_annealing,rosenbrock,117,200,40884.43488066317
simulated_annealing,rosenbrock,117,300,6958.553247279374
simulated_annealing,rosenbrock,117,400,2396.1296673918473
simulated_annealing,rosenbrock,117,500,2396.1296673918473
simulated_annealing,rosenbrock,117,600,546.1165133504935
simulated_annealing,rosenbrock,117,700,514.4211639747324
simulated_annealing,rosenbrock,117,800,65.53137431492016
simulated_annealing,rosenbrock,117,900,65.53137431492016
simulated_annealing,rosenbrock,117,1000,65.53137431492016
simulated_annealing,rosenbrock,117,1100,65.53137431492016
simulated_annealing,rosenbrock,117,1200,65.53137431492016
simulated_annealing,rosenbrock,117,1300,65.53137431492016
simulated_annealing,rosenbrock,117,1400,65.53137431492016
simulated_annealing,rosenbrock,117,1500,65.53137431492016
simulated_annealing,rosenbrock,117,1600,65.53137431492016
simulated_annealing,rosenbrock,117,1700,65.53137431492016
simulated_annealing,rosenbrock,117,1800,65.53137431492016
simulated_annealing,rosenbrock,117,1900,65.53137431492016
simulated_annealing,rosenbrock,117,2000,65.53137431492016
simulated_annealing,rosenbrock,117,2100,65.53137431492016
simulated_annealing,rosenbrock,117,2200,65.53137431492016
simulated_annealing,rosenbrock,117,2300,65.53137431492016
simulated_annealing,rosenbrock,117,2400,65.53137431492016
simulated_annealing,rosenbrock,117,2500,65.53137431492016
simulated_annealing,rosenbrock,117,2600,65.53137431492016
simulated_annealing,rosenbrock,117,2700,65.53137431492016
simulated_annealing,rosenbrock,117,2800,65.53137431492016
simulated_annealing,rosenbrock,117,2900,65.53137431492016
simulated_annealing,rosenbrock,117,3000,65.53137431492016
simulated_annealing,rosenbrock,117,3100,65.53137431492016
simulated_annealing,rosenbrock,117,3200,65.53137431492016
simulated_annealing,rosenbrock,117,3300,65.53137431492016
simulated_annealing,rosenbrock,117,3400,65.53137431492016
simulated_annealing,rosenbrock,117,3500,65.53137431492016
simulated_annealing,rosenbrock,117,3600,65.53137431492016
simulated_annealing,rosenbrock,117,3700,65.53137431492016
simulated_annealing,rosenbrock,117,3800,65.53137431492016
simulated_annealing,rosenbrock,117,3900,65.53137431492016
simulated_annealing,rosenbrock,117,4000,65.53137431492016
simulated_annealing,rosenbrock,117,4100,65.53137431492016
simulated_annealing,rosenbrock,117,4200,65.53137431492016
simulated_annealing,rosenbrock,117,4300,65.53137431492016
simulated_annealing,rosenbrock,117,4400,65.53137431492016
simulated_annealing,rosenbrock,117,4500,65.53137431492016
simulated_annealing,rosenbrock,117,4600,65.53137431492016
simulated_annealing,rosenbrock,117,4700,65.53137431492016
simulated_annealing,rosenbrock,117,4800,65.53137431492016
simulated_annealing,rosenbrock,117,4900,65.53137431492016
simulated_annealing,rosenbrock,117,5000,65.53137431492016
simulated_annealing,rosenbrock,117,5100,65.53137431492016
simulated_annealing,rosenbrock,117,5200,65.53137431492016
simulated_annealing,rosenbrock,117,5300,65.53137431492016
simulated_annealing,rosenbrock,117,5400,65.53137431492016
simulated_annealing,rosenbrock,117,5500,65.53137431492016
simulated_annealing,rosenbrock,117,5600,65.53137431492016
simulated_annealing,rosenbrock,117,5700,65.53137431492016
simulated_annealing,rosenbrock,117,5800,65.53137431492016
simulated_annealing,rosenbrock,117,5900,65.53137431492016
simulated_annealing,rosenbrock,117,6000,65.53137431492016
simulated_annealing,rosenbrock,117,6100,65.53137431492016
simulated_annealing,rosenbrock,117,6200,65.53137431492016
simulated_annealing,rosenbrock,117,6300,65.53137431492016
simulated_annealing,rosenbrock,117,6400,65.53137431492016
simulated_annealing,rosenbrock,117,6500,65.53137431492016
simulated_annealing,rosenbrock,117,6600,65.53137431492016
simulated_annealing,rosenbrock,117,6700,65.53137431492016
simulated_annealing,rosenbrock,117,6800,65.53137431492016
simulated_annealing,rosenbrock,117,6900,65.53137431492016
simulated_annealing,rosenbrock,117,7000,65.53137431492016
simulated_annealing,rosenbrock,117,7100,65.53137431492016
simulated_annealing,rosenbrock,117,7200,65.53137431492016
simulated_annealing,rosenbrock,117,7300,65.53137431492016
simulated_annealing,rosenbrock,117,7400,65.53137431492016
simulated_annealing,rosenbrock,117,7500,65.53137431492016
simulated_annealing,rosenbrock,117,7600,65.53137431492016
simulated_annealing,rosenbrock,117,7700,65.53137431492016
simulated_annealing,rosenbrock,117,7800,65.53137431492016
simulated_annealing,rosenbrock,117,7900,65.53137431492016
simulated_annealing,rosenbrock,117,8000,65.53137431492016
simulated_annealing,rosenbrock,117,8100,65.53137431492016
simulated_annealing,rosenbrock,117,8200,65.53137431492016
simulated_annealing,rosenbrock,117,8300,65.53137431492016
simulated_annealing,rosenbrock,117,8400,65.53137431492016
simulated_annealing,rosenbrock,117,8500,65.53137431492016
simulated_annealing,rosenbrock,117,8600,65.53137431492016
simulated_annealing,rosenbrock,117,8700,65.53137431492016
simulated_annealing,rosenbrock,117,8800,65.53137431492016
simulated_annealing,rosenbrock,117,8900,65.53137431492016
simulated_annealing,rosenbrock,117,9000,65.53137431492016
simulated_annealing,rosenbrock,117,9100,65.53137431492016
simulated_annealing,rosenbrock,117,9200,65.53137431492016
simulated_annealing,rosenbrock,117,9300,65.53137431492016
simulated_annealing,rosenbrock,117,9400,65.53137431492016
simulated_annealing,rosenbrock,117,9500,65.53137431492016
simulated_annealing,rosenbrock,117,9600,65.53137431492016
simulated_annealing,rosenbrock,117,9700,65.53137431492016
simulated_annealing,rosenbrock,117,9800,65.53137431492016
simulated_annealing,rosenbrock,117,9900,65.53137431492016
simulated_annealing,rosenbrock,117,10000,65.53137431492016
simulated_annealing,rosenbrock,117,10100,65.53137431492016
simulated_annealing,rosenbrock,117,10200,65.53137431492016
simulated_annealing,rosenbrock,117,10300,65.53137431492016
simulated_annealing,rosenbrock,117,10400,65.53137431492016
simulated_annealing,rosenbrock,117,10500,65.53137431492016
simulated_annealing,rosenbrock,117,10600,65.53137431492016
simulated_annealing,rosenbrock,117,10700,65.53137431492016
simulated_annealing,rosenbrock,117,10800,65.53137431492016
simulated_annealing,rosenbrock,117,10900,65.53137431492016
simulated_annealing,rosenbrock,117,11000,65.53137431492016
simulated_annealing,rosenbrock,117,11100,65.53137431492016
simulated_annealing,rosenbrock,117,11200,65.53137431492016
simulated_annealing,rosenbrock,117,11300,65.53137431492016
simulated_annealing,rosenbrock,117,11400,65.53137431492016
simulated_annealing,rosenbrock,117,11500,65.53137431492016
simulated_annealing,rosenbrock,117,11600,65.53137431492016
simulated_annealing,rosenbrock,117,11700,65.53137431492016
simulated_annealing,rosenbrock,117,11800,65.53137431492016
simulated_annealing,rosenbrock,117,11900,65.53137431492016
simulated_annealing,rosenbrock,117,12000,65.53137431492016
simulated_annealing,rosenbrock,117,12100,65.53137431492016
simulated_annealing,rosenbrock,117,12200,65.53137431492016
simulated_annealing,rosenbrock,117,12300,65.53137431492016
simulated_annealing,rosenbrock,117,12400,65.53137431492016
simulated_annealing,rosenbrock,117,12500,65.53137431492016
simulated_annealing,rosenbrock,117,12600,65.53137431492016
simulated_annealing,rosenbrock,117,12700,65.53137431492016
simulated_annealing,rosenbrock,117,12800,65.53137431492016
simulated_annealing,rosenbrock,117,12900,65.53137431492016
simulated_annealing,rosenbrock,117,13000,65.53137431492016
simulated_annealing,rosenbrock,117,13100,65.53137431492016
simulated_annealing,rosenbrock,117,13200,65.53137431492016
simulated_annealing,rosenbrock,117,13300,65.53137431492016
simulated_annealing,rosenbrock,117,13400,65.53137431492016
simulated_annealing,rosenbrock,117,13500,65.53137431492016
simulated_annealing,rosenbrock,117,13600,65.53137431492016
simulated_annealing,rosenbrock,117,13700,65.53137431492016
simulated_annealing,rosenbrock,117,13800,65.53137431492016
simulated_annealing,rosenbrock,117,13900,65.53137431492016
simulated_annealing,rosenbrock,117,14000,65.53137431492016
simulated_annealing,rosenbrock,117,14100,65.53137431492016
simulated_annealing,rosenbrock,117,14200,64.2227055757643
simulated_annealing,rosenbrock,117,14300,64.2227055757643
simulated_annealing,rosenbrock,117,14400,64.2227055757643
simulated_annealing,rosenbrock,117,14500,64.2227055757643
simulated_annealing,rosenbrock,117,14600,64.2227055757643
simulated_annealing,rosenbrock,117,14700,64.2227055757643
simulated_annealing,rosenbrock,117,14800,64.2227055757643
simulated_annealing,rosenbrock,117,14900,64.2227055757643
simulated_annealing,rosenbrock,117,15000,64.2227055757643
simulated_annealing,rosenbrock,117,15100,64.2227055757643
simulated_annealing,rosenbrock,117,15200,64.2227055757643
simulated_annealing,rosenbrock,117,15300,64.2227055757643
simulated_annealing,rosenbrock,117,15400,64.2227055757643
simulated_annealing,rosenbrock,117,15500,64.2227055757643
simulated_annealing,rosenbrock,117,15600,64.2227055757643
simulated_annealing,rosenbrock,117,15700,64.2227055757643
simulated_annealing,rosenbrock,117,15800,64.2227055757643
simulated_annealing,rosenbrock,117,15900,64.2227055757643
simulated_annealing,rosenbrock,117,16000,64.2227055757643
simulated_annealing,rosenbrock,117,16100,64.2227055757643
simulated_annealing,rosenbrock,117,16200,64.2227055757643
simulated_annealing,rosenbrock,117,16300,64.2227055757643
simulated_annealing,rosenbrock,117,16400,64.2227055757643
simulated_annealing,rosenbrock,117,16500,64.2227055757643
simulated_annealing,rosenbrock,117,16600,62.319789752825635
simulated_annealing,rosenbrock,117,16700,56.91190765658675
simulated_annealing,rosenbrock,117,16800,56.91190765658675
simulated_annealing,rosenbrock,117,16900,56.91190765658675
simulated_annealing,rosenbrock,117,17000,56.91190765658675
simulated_annealing,rosenbrock,117,17100,56.91190765658675
simulated_annealing,rosenbrock,117,17200,56.91190765658675
simulated_annealing,rosenbrock,117,17300,56.91190765658675
simulated_annealing,rosenbrock,117,17400,56.91190765658675
simulated_annealing,rosenbrock,117,17500,56.91190765658675
simulated_annealing,rosenbrock,117,17600,56.91190765658675
simulated_annealing,rosenbrock,117,17700,56.91190765658675
simulated_annealing,rosenbrock,117,17800,56.91190765658675
simulated_annealing,rosenbrock,117,17900,56.91190765658675
simulated_annealing,rosenbrock,117,18000,48.51307341098552
simulated_annealing,rosenbrock,117,18100,48.51307341098552
simulated_annealing,rosenbrock,117,18200,48.51307341098552
simulated_annealing,rosenbrock,117,18300,48.51307341098552
simulated_annealing,rosenbrock,117,18400,48.51307341098552
simulated_annealing,rosenbrock,117,18500,48.51307341098552
simulated_annealing,rosenbrock,117,18600,48.51307341098552
simulated_annealing,rosenbrock,117,18700,48.51307341098552
simulated_annealing,rosenbrock,117,18800,48.51307341098552
simulated_annealing,rosenbrock,117,18900,48.51307341098552
simulated_annealing,rosenbrock,117,19000,48.51307341098552
simulated_annealing,rosenbrock,117,19100,48.51307341098552
simulated_annealing,rosenbrock,117,19200,48.51307341098552
simulated_annealing,rosenbrock,117,19300,48.51307341098552
simulated_annealing,rosenbrock,117,19400,48.51307341098552
simulated_annealing,rosenbrock,117,19500,48.51307341098552
simulated_annealing,rosenbrock,117,19600,48.51307341098552
simulated_annealing,rosenbrock,117,19700,48.51307341098552
simulated_annealing,rosenbrock,117,19800,48.51307341098552
simulated_annealing,rosenbrock,117,19900,48.51307341098552
simulated_annealing,rosenbrock,117,20000,48.51307341098552
simulated_annealing,rosenbrock,118,100,75833.6017143304
simulated_annealing,rosenbrock,118,200,34507.42754585287
simulated_annealing,rosenbrock,118,300,4673.819085833991
simulated_annealing,rosenbrock,118,400,2170.8582765848755
simulated_annealing,rosenbrock,118,500,973.8816011252317
simulated_annealing,rosenbrock,118,600,597.5627886020759
simulated_annealing,rosenbrock,118,700,427.2278414631371
simulated_annealing,rosenbrock,118,800,424.39573531757304
simulated_annealing,rosenbrock,118,900,331.5758227123581
simulated_annealing,rosenbrock,118,1000,304.43835466068555
simulated_annealing,rosenbrock,118,1100,304.43835466068555
simulated_annealing,rosenbrock,118,1200,287.853132085693
simulated_annealing,rosenbrock,118,1300,255.62938418950654
simulated_annealing,rosenbrock,118,1400,255.62938418950654
simulated_annealing,rosenbrock,118,1500,255.62938418950654
simulated_annealing,rosenbrock,118,1600,255.62938418950654
simulated_annealing,rosenbrock,118,1700,255.62938418950654
simulated_annealing,rosenbrock,118,1800,255.62938418950654
simulated_annealing,rosenbrock,118,1900,229.91750080153946
simulated_annealing,rosenbrock,118,2000,229.91750080153946
simulated_annealing,rosenbrock,118,2100,229.91750080153946
simulated_annealing,rosenbrock,118,2200,229.91750080153946
simulated_annealing,rosenbrock,118,2300,229.91750080153946
simulated_annealing,rosenbrock,118,2400,229.91750080153946
simulated_annealing,rosenbrock,118,2500,229.91750080153946
simulated_annealing,rosenbrock,118,2600,229.91750080153946
simulated_annealing,rosenbrock,118,2700,229.91750080153946
simulated_annealing,rosenbrock,118,2800,225.76195604399166
simulated_annealing,rosenbrock,118,2900,225.76195604399166
simulated_annealing,rosenbrock,118,3000,225.7506865131113
simulated_annealing,rosenbrock,118,3100,225.7506865131113
simulated_annealing,rosenbrock,118,3200,225.7506865131113
simulated_annealing,rosenbrock,118,3300,225.7506865131113
simulated_annealing,rosenbrock,118,3400,225.7506865131113
simulated_annealing,rosenbrock,118,3500,225.7506865131113
simulated_annealing,rosenbrock,118,3600,225.7506865131113
simulated_annealing,rosenbrock,118,3700,225.7506865131113
simulated_annealing,rosenbrock,118,3800,225.7506865131113
simulated_annealing,rosenbrock,118,3900,225.7506865131113
simulated_annealing,rosenbrock,118,4000,225.7506865131113
simulated_annealing,rosenbrock,118,4100,225.7506865131113
simulated_annealing,rosenbrock,118,4200,225.7506865131113
simulated_annealing,rosenbrock,118,4300,225.7506865131113
simulated_annealing,rosenbrock,118,4400,225.7506865131113
simulated_annealing,rosenbrock,118,4500,225.7506865131113
simulated_annealing,rosenbrock,118,4600,225.7506865131113
simulated_annealing,rosenbrock,118,4700,225.7506865131113
simulated_annealing,rosenbrock,118,4800,225.5962599579693
simulated_annealing,rosenbrock,118,4900,225.5962599579693
simulated_annealing,rosenbrock,118,5000,218.3640062202511
simulated_annealing,rosenbrock,118,5100,211.4448987424549
simulated_annealing,rosenbrock,118,5200,211.4448987424549
simulated_annealing,rosenbrock,118,5300,211.4448987424549
simulated_annealing,rosenbrock,118,5400,211.4448987424549
simulated_annealing,rosenbrock,118,5500,211.4448987424549
simulated_annealing,rosenbrock,118,5600,211.4448987424549
simulated_annealing,rosenbrock,118,5700,211.4448987424549
simulated_annealing,rosenbrock,118,5800,211.4448987424549
simulated_annealing,rosenbrock,118,5900,211.4448987424549
simulated_annealing,rosenbrock,118,6000,211.4448987424549
simulated_annealing,rosenbrock,118,6100,209.27782797281236
simulated_annealing,rosenbrock,118,6200,209.27782797281236
simulated_annealing,rosenbrock,118,6300,209.27782797281236
simulated_annealing,rosenbrock,118,6400,209.27782797281236
simulated_annealing,rosenbrock,118,6500,209.27782797281236
simulated_annealing,rosenbrock,118,6600,209.27782797281236
simulated_annealing,rosenbrock,118,6700,209.27782797281236
simulated_annealing,rosenbrock,118,6800,209.27782797281236
simulated_annealing,rosenbrock,118,6900,209.11168574942207
simulated_annealing,rosenbrock,118,7000,209.11168574942207
simulated_annealing,rosenbrock,118,7100,209.11168574942207
simulated_annealing,rosenbrock,118,7200,209.11168574942207
simulated_annealing,rosenbrock,118,7300,209.11168574942207
simulated_annealing,rosenbrock,118,7400,209.11168574942207
simulated_annealing,rosenbrock,118,7500,209.11168574942207
simulated_annealing,rosenbrock,118,7600,209.11168574942207
simulated_annealing,rosenbrock,118,7700,209.11168574942207
simulated_annealing,rosenbrock,118,7800,209.11168574942207
simulated_annealing,rosenbrock,118,7900,209.11168574942207
simulated_annealing,rosenbrock,118,8000,209.11168574942207
simulated_annealing,rosenbrock,118,8100,209.11168574942207
simulated_annealing,rosenbrock,118,8200,209.11168574942207
simulated_annealing,rosenbrock,118,8300,209.11168574942207
simulated_annealing,rosenbrock,118,8400,209.11168574942207
simulated_annealing,rosenbrock,118,8500,209.11168574942207
simulated_annealing,rosenbrock,118,8600,209.11168574942207
simulated_annealing,rosenbrock,118,8700,209.11168574942207
simulated_annealing,rosenbrock,118,8800,209.11168574942207
simulated_annealing,rosenbrock,118,8900,208.33013219696608
simulated_annealing,rosenbrock,118,9000,208.33013219696608
simulated_annealing,rosenbrock,118,9100,208.33013219696608
simulated_annealing,rosenbrock,118,9200,208.33013219696608
simulated_annealing,rosenbrock,118,9300,208.33013219696608
simulated_annealing,rosenbrock,118,9400,208.33013219696608
simulated_annealing,rosenbrock,118,9500,208.33013219696608
simulated_annealing,rosenbrock,118,9600,208.33013219696608
simulated_annealing,rosenbrock,118,9700,208.33013219696608
simulated_annealing,rosenbrock,118,9800,208.33013219696608
simulated_annealing,rosenbrock,118,9900,208.33013219696608
simulated_annealing,rosenbrock,118,10000,208.33013219696608
simulated_annealing,rosenbrock,118,10100,208.33013219696608
simulated_annealing,rosenbrock,118,10200,189.44250958799861
simulated_annealing,rosenbrock,118,10300,189.44250958799861
simulated_annealing,rosenbrock,118,10400,162.50351171813222
simulated_annealing,rosenbrock,118,10500,162.50351171813222
simulated_annealing,rosenbrock,118,10600,162.50351171813222
simulated_annealing,rosenbrock,118,10700,162.50351171813222
simulated_annealing,rosenbrock,118,10800,162.50351171813222
simulated_annealing,rosenbrock,118,10900,162.50351171813222
simulated_annealing,rosenbrock,118,11000,148.5385843652281
simulated_annealing,rosenbrock,118,11100,146.23558822256214
simulated_annealing,rosenbrock,118,11200,146.23558822256214
simulated_annealing,rosenbrock,118,11300,48.49532669776211
simulated_annealing,rosenbrock,118,11400,25.02984040657103
simulated_annealing,rosenbrock,118,11500,25.02984040657103
simulated_annealing,rosenbrock,118,11600,25.02984040657103
simulated_annealing,rosenbrock,118,11700,25.02984040657103
simulated_annealing,rosenbrock,118,11800,25.02984040657103
simulated_annealing,rosenbrock,118,11900,25.02984040657103
simulated_annealing,rosenbrock,118,12000,25.02984040657103
simulated_annealing,rosenbrock,118,12100,25.02984040657103
simulated_annealing,rosenbrock,118,12200,25.02984040657103
simulated_annealing,rosenbrock,118,12300,18.102766875992458
simulated_annealing,rosenbrock,118,12400,18.102766875992458
simulated_annealing,rosenbrock,118,12500,18.102766875992458
simulated_annealing,rosenbrock,118,12600,18.102766875992458
simulated_annealing,rosenbrock,118,12700,18.102766875992458
simulated_annealing,rosenbrock,118,12800,18.102766875992458
simulated_annealing,rosenbrock,118,12900,18.102766875992458
simulated_annealing,rosenbrock,118,13000,18.102766875992458
simulated_annealing,rosenbrock,118,13100,18.102766875992458
simulated_annealing,rosenbrock,118,13200,18.102766875992458
simulated_annealing,rosenbrock,118,13300,18.102766875992458
simulated_annealing,rosenbrock,118,13400,18.102766875992458
simulated_annealing,rosenbrock,118,13500,18.102766875992458
simulated_annealing,rosenbrock,118,13600,18.102766875992458
simulated_annealing,rosenbrock,118,13700,18.102766875992458
simulated_annealing,rosenbrock,118,13800,18.102766875992458
simulated_annealing,rosenbrock,118,13900,18.102766875992458
simulated_annealing,rosenbrock,118,14000,18.102766875992458
simulated_annealing,rosenbrock,118,14100,18.102766875992458
simulated_annealing,rosenbrock,118,14200,18.102766875992458
simulated_annealing,rosenbrock,118,14300,18.102766875992458
simulated_annealing,rosenbrock,118,14400,18.102766875992458
simulated_annealing,rosenbrock,118,14500,18.102766875992458
simulated_annealing,rosenbrock,118,14600,18.102766875992458
simulated_annealing,rosenbrock,118,14700,18.102766875992458
simulated_annealing,rosenbrock,118,14800,18.102766875992458
simulated_annealing,rosenbrock,118,14900,18.102766875992458
simulated_annealing,rosenbrock,118,15000,18.102766875992458
simulated_annealing,rosenbrock,118,15100,18.102766875992458
simulated_annealing,rosenbrock,118,15200,18.102766875992458
simulated_annealing,rosenbrock,118,15300,18.102766875992458
simulated_annealing,rosenbrock,118,15400,18.102766875992458
simulated_annealing,rosenbrock,118,15500,18.102766875992458
simulated_annealing,rosenbrock,118,15600,18.102766875992458
simulated_annealing,rosenbrock,118,15700,18.102766875992458
simulated_annealing,rosenbrock,118,15800,18.102766875992458
simulated_annealing,rosenbrock,118,15900,18.102766875992458
simulated_annealing,rosenbrock,118,16000,18.102766875992458
simulated_annealing,rosenbrock,118,16100,18.102766875992458
simulated_annealing,rosenbrock,118,16200,18.102766875992458
simulated_annealing,rosenbrock,118,16300,18.102766875992458
simulated_annealing,rosenbrock,118,16400,18.102766875992458
simulated_annealing,rosenbrock,118,16500,18.102766875992458
simulated_annealing,rosenbrock,118,16600,18.102766875992458
simulated_annealing,rosenbrock,118,16700,18.102766875992458
simulated_annealing,rosenbrock,118,16800,18.102766875992458
simulated_annealing,rosenbrock,118,16900,18.102766875992458
simulated_annealing,rosenbrock,118,17000,18.102766875992458
simulated_annealing,rosenbrock,118,17100,18.102766875992458
simulated_annealing,rosenbrock,118,17200,18.102766875992458
simulated_annealing,rosenbrock,118,17300,16.841312499785868
simulated_annealing,rosenbrock,118,17400,16.841312499785868
simulated_annealing,rosenbrock,118,17500,16.841312499785868
simulated_annealing,rosenbrock,118,17600,16.841312499785868
simulated_annealing,rosenbrock,118,17700,16.841312499785868
simulated_annealing,rosenbrock,118,17800,16.841312499785868
simulated_annealing,rosenbrock,118,17900,16.841312499785868
simulated_annealing,rosenbrock,118,18000,16.841312499785868
simulated_annealing,rosenbrock,118,18100,16.841312499785868
simulated_annealing,rosenbrock,118,18200,16.841312499785868
simulated_annealing,rosenbrock,118,18300,16.305968784700504
simulated_annealing,rosenbrock,118,18400,16.305968784700504
simulated_annealing,rosenbrock,118,18500,16.305968784700504
simulated_annealing,rosenbrock,118,18600,16.305968784700504
simulated_annealing,rosenbrock,118,18700,16.305968784700504
simulated_annealing,rosenbrock,118,18800,16.305968784700504
simulated_annealing,rosenbrock,118,18900,16.305968784700504
simulated_annealing,rosenbrock,118,19000,16.305968784700504
simulated_annealing,rosenbrock,118,19100,16.305968784700504
simulated_annealing,rosenbrock,118,19200,16.305968784700504
simulated_annealing,rosenbrock,118,19300,16.305968784700504
simulated_annealing,rosenbrock,118,19400,16.305968784700504
simulated_annealing,rosenbrock,118,19500,16.305968784700504
simulated_annealing,rosenbrock,118,19600,16.305968784700504
simulated_annealing,rosenbrock,118,19700,16.305968784700504
simulated_annealing,rosenbrock,118,19800,16.305968784700504
simulated_annealing,rosenbrock,118,19900,16.305968784700504
simulated_annealing,rosenbrock,118,20000,16.305968784700504
simulated_annealing,rosenbrock,119,100,156684.0428663668
simulated_annealing,rosenbrock,119,200,156684.0428663668
simulated_annealing,rosenbrock,119,300,51876.67803575893
simulated_annealing,rosenbrock,119,400,2293.8149157587673
simulated_annealing,rosenbrock,119,500,1987.292471992189
simulated_annealing,rosenbrock,119,600,252.2642620847349
simulated_annealing,rosenbrock,119,700,252.2642620847349
simulated_annealing,rosenbrock,119,800,128.37277577950675
simulated_annealing,rosenbrock,119,900,69.24611118650748
simulated_annealing,rosenbrock,119,1000,54.933829515941106
simulated_annealing,rosenbrock,119,1100,35.158460144884344
simulated_annealing,rosenbrock,119,1200,35.158460144884344
simulated_annealing,rosenbrock,119,1300,26.75699842242352
simulated_annealing,rosenbrock,119,1400,26.75699842242352
simulated_annealing,rosenbrock,119,1500,26.75699842242352
simulated_annealing,rosenbrock,119,1600,26.75699842242352
simulated_annealing,rosenbrock,119,1700,26.75699842242352
simulated_annealing,rosenbrock,119,1800,26.75699842242352
simulated_annealing,rosenbrock,119,1900,21.83917479993508
simulated_annealing,rosenbrock,119,2000,21.83917479993508
simulated_annealing,rosenbrock,119,2100,21.83917479993508
simulated_annealing,rosenbrock,119,2200,21.83917479993508
simulated_annealing,rosenbrock,119,2300,21.83917479993508
simulated_annealing,rosenbrock,119,2400,21.83917479993508
simulated_annealing,rosenbrock,119,2500,21.83917479993508
simulated_annealing,rosenbrock,119,2600,21.83917479993508
simulated_annealing,rosenbrock,119,2700,21.83917479993508
simulated_annealing,rosenbrock,119,2800,21.83917479993508
simulated_annealing,rosenbrock,119,2900,21.83917479993508
simulated_annealing,rosenbrock,119,3000,21.83917479993508
simulated_annealing,rosenbrock,119,3100,21.83917479993508
simulated_annealing,rosenbrock,119,3200,18.515811480698616
simulated_annealing,rosenbrock,119,3300,18.515811480698616
simulated_annealing,rosenbrock,119,3400,18.515811480698616
simulated_annealing,rosenbrock,119,3500,18.515811480698616
simulated_annealing,rosenbrock,119,3600,18.515811480698616
simulated_annealing,rosenbrock,119,3700,18.515811480698616
simulated_annealing,rosenbrock,119,3800,18.515811480698616
simulated_annealing,rosenbrock,119,3900,18.515811480698616
simulated_annealing,rosenbrock,119,4000,18.515811480698616
simulated_annealing,rosenbrock,119,4100,18.515811480698616
simulated_annealing,rosenbrock,119,4200,18.515811480698616
simulated_annealing,rosenbrock,119,4300,18.515811480698616
simulated_annealing,rosenbrock,119,4400,18.515811480698616
simulated_annealing,rosenbrock,119,4500,18.515811480698616
simulated_annealing,rosenbrock,119,4600,18.515811480698616
simulated_annealing,rosenbrock,119,4700,18.515811480698616
simulated_annealing,rosenbrock,119,4800,18.515811480698616
simulated_annealing,rosenbrock,119,4900,18.515811480698616
simulated_annealing,rosenbrock,119,5000,18.515811480698616
simulated_annealing,rosenbrock,119,5100,18.515811480698616
simulated_annealing,rosenbrock,119,5200,18.515811480698616
simulated_annealing,rosenbrock,119,5300,18.515811480698616
simulated_annealing,rosenbrock,119,5400,18.515811480698616
simulated_annealing,rosenbrock,119,5500,18.515811480698616
simulated_annealing,rosenbrock,119,5600,18.515811480698616
simulated_annealing,rosenbrock,119,5700,18.515811480698616
simulated_annealing,rosenbrock,119,5800,18.515811480698616
simulated_annealing,rosenbrock,119,5900,18.515811480698616
simulated_annealing,rosenbrock,119,6000,16.071862330406752
simulated_annealing,rosenbrock,119,6100,16.071862330406752
simulated_annealing,rosenbrock,119,6200,16.071862330406752
simulated_annealing,rosenbrock,119,6300,16.071862330406752
simulated_annealing,rosenbrock,119,6400,16.071862330406752
simulated_annealing,rosenbrock,119,6500,16.071862330406752
simulated_annealing,rosenbrock,119,6600,16.071862330406752
simulated_annealing,rosenbrock,119,6700,16.071862330406752
simulated_annealing,rosenbrock,119,6800,16.071862330406752
simulated_annealing,rosenbrock,119,6900,16.071862330406752
simulated_annealing,rosenbrock,119,7000,16.071862330406752
simulated_annealing,rosenbrock,119,7100,16.071862330406752
simulated_annealing,rosenbrock,119,7200,16.071862330406752
simulated_annealing,rosenbrock,119,7300,16.071862330406752
simulated_annealing,rosenbrock,119,7400,16.071862330406752
simulated_annealing,rosenbrock,119,7500,16.071862330406752
simulated_annealing,rosenbrock,119,7600,16.071862330406752
simulated_annealing,rosenbrock,119,7700,16.071862330406752
simulated_annealing,rosenbrock,119,7800,16.071862330406752
simulated_annealing,rosenbrock,119,7900,16.071862330406752
simulated_annealing,rosenbrock,119,8000,16.071862330406752
simulated_annealing,rosenbrock,119,8100,16.071862330406752
simulated_annealing,rosenbrock,119,8200,16.071862330406752
simulated_annealing,rosenbrock,119,8300,16.071862330406752
simulated_annealing,rosenbrock,119,8400,16.071862330406752
simulated_annealing,rosenbrock,119,8500,16.071862330406752
simulated_annealing,rosenbrock,119,8600,16.071862330406752
simulated_annealing,rosenbrock,119,8700,16.071862330406752
simulated_annealing,rosenbrock,119,8800,16.071862330406752
simulated_annealing,rosenbrock,119,8900,16.071862330406752
simulated_annealing,rosenbrock,119,9000,16.071862330406752
simulated_annealing,rosenbrock,119,9100,16.071862330406752
simulated_annealing,rosenbrock,119,9200,16.071862330406752
simulated_annealing,rosenbrock,119,9300,16.071862330406752
simulated_annealing,rosenbrock,119,9400,16.071862330406752
simulated_annealing,rosenbrock,119,9500,16.071862330406752
simulated_annealing,rosenbrock,119,9600,16.071862330406752
simulated_annealing,rosenbrock,119,9700,16.071862330406752
simulated_annealing,rosenbrock,119,9800,16.071862330406752
simulated_annealing,rosenbrock,119,9900,16.071862330406752
simulated_annealing,rosenbrock,119,10000,16.071862330406752
simulated_annealing,rosenbrock,119,10100,16.071862330406752
simulated_annealing,rosenbrock,119,10200,16.071862330406752
simulated_annealing,rosenbrock,119,10300,16.071862330406752
simulated_annealing,rosenbrock,119,10400,16.071862330406752
simulated_annealing,rosenbrock,119,10500,16.071862330406752
simulated_annealing,rosenbrock,119,10600,16.071862330406752
simulated_annealing,rosenbrock,119,10700,16.071862330406752
simulated_annealing,rosenbrock,119,10800,16.071862330406752
simulated_annealing,rosenbrock,119,10900,16.071862330406752
simulated_annealing,rosenbrock,119,11000,16.071862330406752
simulated_annealing,rosenbrock,119,11100,16.071862330406752
simulated_annealing,rosenbrock,119,11200,16.071862330406752
simulated_annealing,rosenbrock,119,11300,16.071862330406752
simulated_annealing,rosenbrock,119,11400,16.071862330406752
simulated_annealing,rosenbrock,119,11500,16.071862330406752
simulated_annealing,rosenbrock,119,11600,16.071862330406752
simulated_annealing,rosenbrock,119,11700,16.071862330406752
simulated_annealing,rosenbrock,119,11800,16.071862330406752
simulated_annealing,rosenbrock,119,11900,16.071862330406752
simulated_annealing,rosenbrock,119,12000,16.071862330406752
simulated_annealing,rosenbrock,119,12100,16.071862330406752
simulated_annealing,rosenbrock,119,12200,16.071862330406752
simulated_annealing,rosenbrock,119,12300,16.071862330406752
simulated_annealing,rosenbrock,119,12400,16.071862330406752
simulated_annealing,rosenbrock,119,12500,16.071862330406752
simulated_annealing,rosenbrock,119,12600,16.071862330406752
simulated_annealing,rosenbrock,119,12700,16.071862330406752
simulated_annealing,rosenbrock,119,12800,16.071862330406752
simulated_annealing,rosenbrock,119,12900,16.071862330406752
simulated_annealing,rosenbrock,119,13000,16.071862330406752
simulated_annealing,rosenbrock,119,13100,16.071862330406752
simulated_annealing,rosenbrock,119,13200,16.071862330406752
simulated_annealing,rosenbrock,119,13300,16.071862330406752
simulated_annealing,rosenbrock,119,13400,16.071862330406752
simulated_annealing,rosenbrock,119,13500,16.071862330406752
simulated_annealing,rosenbrock,119,13600,16.071862330406752
simulated_annealing,rosenbrock,119,13700,16.071862330406752
simulated_annealing,rosenbrock,119,13800,16.071862330406752
simulated_annealing,rosenbrock,119,13900,16.071862330406752
simulated_annealing,rosenbrock,119,14000,16.071862330406752
simulated_annealing,rosenbrock,119,14100,16.071862330406752
simulated_annealing,rosenbrock,119,14200,16.071862330406752
simulated_annealing,rosenbrock,119,14300,16.071862330406752
simulated_annealing,rosenbrock,119,14400,16.071862330406752
simulated_annealing,rosenbrock,119,14500,16.071862330406752
simulated_annealing,rosenbrock,119,14600,16.071862330406752
simulated_annealing,rosenbrock,119,14700,16.071862330406752
simulated_annealing,rosenbrock,119,14800,16.071862330406752
simulated_annealing,rosenbrock,119,14900,16.071862330406752
simulated_annealing,rosenbrock,119,15000,12.524219408705584
simulated_annealing,rosenbrock,119,15100,12.524219408705584
simulated_annealing,rosenbrock,119,15200,12.524219408705584
simulated_annealing,rosenbrock,119,15300,12.524219408705584
simulated_annealing,rosenbrock,119,15400,12.524219408705584
simulated_annealing,rosenbrock,119,15500,12.524219408705584
simulated_annealing,rosenbrock,119,15600,12.524219408705584
simulated_annealing,rosenbrock,119,15700,12.524219408705584
simulated_annealing,rosenbrock,119,15800,12.524219408705584
simulated_annealing,rosenbrock,119,15900,12.524219408705584
simulated_annealing,rosenbrock,119,16000,12.524219408705584
simulated_annealing,rosenbrock,119,16100,12.524219408705584
simulated_annealing,rosenbrock,119,16200,12.524219408705584
simulated_annealing,rosenbrock,119,16300,12.524219408705584
simulated_annealing,rosenbrock,119,16400,12.524219408705584
simulated_annealing,rosenbrock,119,16500,12.524219408705584
simulated_annealing,rosenbrock,119,16600,12.524219408705584
simulated_annealing,rosenbrock,119,16700,12.524219408705584
simulated_annealing,rosenbrock,119,16800,12.524219408705584
simulated_annealing,rosenbrock,119,16900,12.524219408705584
simulated_annealing,rosenbrock,119,17000,12.524219408705584
simulated_annealing,rosenbrock,119,17100,12.524219408705584
simulated_annealing,rosenbrock,119,17200,12.524219408705584
simulated_annealing,rosenbrock,119,17300,12.524219408705584
simulated_annealing,rosenbrock,119,17400,12.524219408705584
simulated_annealing,rosenbrock,119,17500,12.524219408705584
simulated_annealing,rosenbrock,119,17600,12.524219408705584
simulated_annealing,rosenbrock,119,17700,12.524219408705584
simulated_annealing,rosenbrock,119,17800,12.524219408705584
simulated_annealing,rosenbrock,119,17900,12.524219408705584
simulated_annealing,rosenbrock,119,18000,12.524219408705584
simulated_annealing,rosenbrock,119,18100,12.524219408705584
simulated_annealing,rosenbrock,119,18200,12.524219408705584
simulated_annealing,rosenbrock,119,18300,12.524219408705584
simulated_annealing,rosenbrock,119,18400,12.524219408705584
simulated_annealing,rosenbrock,119,18500,12.524219408705584
simulated_annealing,rosenbrock,119,18600,12.524219408705584
simulated_annealing,rosenbrock,119,18700,12.524219408705584
simulated_annealing,rosenbrock,119,18800,12.524219408705584
simulated_annealing,rosenbrock,119,18900,12.524219408705584
simulated_annealing,rosenbrock,119,19000,12.524219408705584
simulated_annealing,rosenbrock,119,19100,12.524219408705584
simulated_annealing,rosenbrock,119,19200,12.524219408705584
simulated_annealing,rosenbrock,119,19300,12.524219408705584
simulated_annealing,rosenbrock,119,19400,12.524219408705584
simulated_annealing,rosenbrock,119,19500,12.524219408705584
simulated_annealing,rosenbrock,119,19600,12.524219408705584
simulated_annealing,rosenbrock,119,19700,12.524219408705584
simulated_annealing,rosenbrock,119,19800,12.524219408705584
simulated_annealing,rosenbrock,119,19900,12.524219408705584
simulated_annealing,rosenbrock,119,20000,12.524219408705584
