algorithm,benchmark,seed,evaluations,best_value
simulated_annealing,rastrigin,100,100,91.65963934009994
simulated_annealing,rastrigin,100,200,91.65963934009994
simulated_annealing,rastrigin,100,300,91.65963934009994
simulated_annealing,rastrigin,100,400,84.45258851684866
simulated_annealing,rastrigin,100,500,84.45258851684866
simulated_annealing,rastrigin,100,600,84.45258851684866
simulated_annealing,rastrigin,100,700,84.45258851684866
simulated_annealing,rastrigin,100,800,84.45258851684866
simulated_annealing,rastrigin,100,900,84.45258851684866
simulated_annealing,rastrigin,100,1000,74.32565789820941
simulated_annealing,rastrigin,100,1100,74.32565789820941
simulated_annealing,rastrigin,100,1200,74.32565789820941
simulated_annealing,rastrigin,100,1300,74.32565789820941
simulated_annealing,rastrigin,100,1400,74.32565789820941
simulated_annealing,rastrigin,100,1500,74.32565789820941
simulated_annealing,rastrigin,100,1600,56.7803091959066
simulated_annealing,rastrigin,100,1700,26.843969325532115
simulated_annealing,rastrigin,100,1800,26.843969325532115
simulated_annealing,rastrigin,100,1900,26.843969325532115
simulated_annealing,rastrigin,100,2000,26.843969325532115
simulated_annealing,rastrigin,100,2100,26.843969325532115
simulated_annealing,rastrigin,100,2200,26.843969325532115
simulated_annealing,rastrigin,100,2300,26.843969325532115
simulated_annealing,rastrigin,100,2400,26.843969325532115
simulated_annealing,rastrigin,100,2500,26.843969325532115
simulated_annealing,rastrigin,100,2600,26.843969325532115
simulated_annealing,rastrigin,100,2700,26.843969325532115
simulated_annealing,rastrigin,100,2800,26.843969325532115
simulated_annealing,rastrigin,100,2900,26.843969325532115
simulated_annealing,rastrigin,100,3000,26.843969325532115
simulated_annealing,rastrigin,100,3100,26.843969325532115
simulated_annealing,rastrigin,100,3200,26.843969325532115
simulated_annealing,rastrigin,100,3300,26.843969325532115
simulated_annealing,rastrigin,100,3400,26.843969325532115
simulated_annealing,rastrigin,100,3500,26.843969325532115
simulated_annealing,rastrigin,100,3600,26.843969325532115
simulated_annealing,rastrigin,100,3700,26.843969325532115
simulated_annealing,rastrigin,100,3800,26.843969325532115
simulated_annealing,rastrigin,100,3900,26.843969325532115
simulated_annealing,rastrigin,100,4000,26.843969325532115
simulated_annealing,rastrigin,100,4100,26.843969325532115
simulated_annealing,rastrigin,100,4200,26.843969325532115
simulated_annealing,rastrigin,100,4300,26.843969325532115
simulated_annealing,rastrigin,100,4400,26.843969325532115
simulated_annealing,rastrigin,100,4500,26.843969325532115
simulated_annealing,rastrigin,100,4600,26.843969325532115
simulated_annealing,rastrigin,100,4700,26.843969325532115
simulated_annealing,rastrigin,100,4800,26.843969325532115
simulated_annealing,rastrigin,100,4900,26.843969325532115
simulated_annealing,rastrigin,100,5000,26.843969325532115
simulated_annealing,rastrigin,100,5100,26.843969325532115
simulated_annealing,rastrigin,100,5200,26.843969325532115
simulated_annealing,rastrigin,100,5300,26.843969325532115
simulated_annealing,rastrigin,100,5400,26.843969325532115
simulated_annealing,rastrigin,100,5500,26.843969325532115
simulated_annealing,rastrigin,100,5600,26.843969325532115
simulated_annealing,rastrigin,100,5700,26.843969325532115
simulated_annealing,rastrigin,100,5800,26.843969325532115
simulated_annealing,rastrigin,100,5900,26.843969325532115
simulated_annealing,rastrigin,100,6000,26.843969325532115
simulated_annealing,rastrigin,100,6100,26.843969325532115
simulated_annealing,rastrigin,100,6200,26.843969325532115
simulated_annealing,rastrigin,100,6300,26.843969325532115
simulated_annealing,rastrigin,100,6400,26.843969325532115
simulated_annealing,rastrigin,100,6500,26.843969325532115
simulated_annealing,rastrigin,100,6600,26.843969325532115
simulated_annealing,rastrigin,100,6700,26.843969325532115
simulated_annealing,rastrigin,100,6800,26.843969325532115
simulated_annealing,rastrigin,100,6900,26.843969325532115
simulated_annealing,rastrigin,100,7000,26.843969325532115
simulated_annealing,rastrigin,100,7100,26.843969325532115
simulated_annealing,rastrigin,100,7200,26.843969325532115
simulated_annealing,rastrigin,100,7300,26.843969325532115
simulated_annealing,rastrigin,100,7400,26.843969325532115
simulated_annealing,rastrigin,100,7500,26.843969325532115
simulated_annealing,rastrigin,100,7600,26.843969325532115
simulated_annealing,rastrigin,100,7700,26.843969325532115
simulated_annealing,rastrigin,100,7800,26.843969325532115
simulated_annealing,rastrigin,100,7900,26.843969325532115
simulated_annealing,rastrigin,100,8000,26.843969325532115
simulated_annealing,rastrigin,100,8100,26.843969325532115
simulated_annealing,rastrigin,100,8200,26.843969325532115
simulated_annealing,rastrigin,100,8300,26.843969325532115
simulated_annealing,rastrigin,100,8400,26.843969325532115
simulated_annealing,rastrigin,100,8500,26.843969325532115
simulated_annealing,rastrigin,100,8600,26.843969325532115
simulated_annealing,rastrigin,100,8700,26.843969325532115
simulated_annealing,rastrigin,100,8800,26.843969325532115
simulated_annealing,rastrigin,100,8900,26.843969325532115
simulated_annealing,rastrigin,100,9000,26.843969325532115
simulated_annealing,rastrigin,100,9100,26.843969325532115
simulated_annealing,rastrigin,100,9200,26.843969325532115
simulated_annealing,rastrigin,100,9300,26.843969325532115
simulated_annealing,rastrigin,100,9400,26.843969325532115
simulated_annealing,rastrigin,100,9500,26.843969325532115
simulated_annealing,rastrigin,100,9600,26.843969325532115
simulated_annealing,rastrigin,100,9700,26.843969325532115
simulated_annealing,rastrigin,100,9800,26.843969325532115
simulated_annealing,rastrigin,100,9900,26.843969325532115
simulated_annealing,rastrigin,100,10000,26.843969325532115
simulated_annealing,rastrigin,100,10100,26.843969325532115
simulated_annealing,rastrigin,100,10200,26.843969325532115
simulated_annealing,rastrigin,100,10300,26.843969325532115
simulated_annealing,rastrigin,100,10400,26.843969325532115
simulated_annealing,rastrigin,100,10500,26.843969325532115
simulated_annealing,rastrigin,100,10600,26.843969325532115
simulated_annealing,rastrigin,100,10700,26.843969325532115
simulated_annealing,rastrigin,100,10800,26.843969325532115
simulated_annealing,rastrigin,100,10900,26.843969325532115
simulated_annealing,rastrigin,100,11000,26.843969325532115
simulated_annealing,rastrigin,100,11100,26.843969325532115
simulated_annealing,rastrigin,100,11200,26.843969325532115
simulated_annealing,rastrigin,100,11300,26.843969325532115
simulated_annealing,rastrigin,100,11400,26.843969325532115
simulated_annealing,rastrigin,100,11500,26.843969325532115
simulated_annealing,rastrigin,100,11600,26.843969325532115
simulated_annealing,rastrigin,100,11700,26.843969325532115
simulated_annealing,rastrigin,100,11800,26.843969325532115
simulated_annealing,rastrigin,100,11900,26.843969325532115
simulated_annealing,rastrigin,100,12000,26.843969325532115
simulated_annealing,rastrigin,100,12100,26.843969325532115
simulated_annealing,rastrigin,100,12200,26.843969325532115
simulated_annealing,rastrigin,100,12300,26.843969325532115
simulated_annealing,rastrigin,100,12400,26.843969325532115
simulated_annealing,rastrigin,100,12500,26.843969325532115
simulated_annealing,rastrigin,100,12600,26.843969325532115
simulated_annealing,rastrigin,100,12700,26.843969325532115
simulated_annealing,rastrigin,100,12800,26.843969325532115
simulated_annealing,rastrigin,100,12900,26.843969325532115
simulated_annealing,rastrigin,100,13000,26.843969325532115
simulated_annealing,rastrigin,100,13100,26.843969325532115
simulated_annealing,rastrigin,100,13200,26.843969325532115
simulated_annealing,rastrigin,100,13300,26.843969325532115
simulated_annealing,rastrigin,100,13400,26.843969325532115
simulated_annealing,rastrigin,100,13500,26.843969325532115
simulated_annealing,rastrigin,100,13600,26.843969325532115
simulated_annealing,rastrigin,100,13700,26.843969325532115
simulated_annealing,rastrigin,100,13800,26.843969325532115
simulated_annealing,rastrigin,100,13900,26.843969325532115
simulated_annealing,rastrigin,100,14000,26.843969325532115
simulated_annealing,rastrigin,100,14100,26.843969325532115
simulated_annealing,rastrigin,100,14200,26.843969325532115
simulated_annealing,rastrigin,100,14300,26.843969325532115
simulated_annealing,rastrigin,100,14400,26.843969325532115
simulated_annealing,rastrigin,100,14500,26.843969325532115
simulated_annealing,rastrigin,100,14600,26.843969325532115
simulated_annealing,rastrigin,100,14700,26.843969325532115
simulated_annealing,rastrigin,100,14800,26.843969325532115
simulated_annealing,rastrigin,100,14900,26.843969325532115
simulated_annealing,rastrigin,100,15000,26.843969325532115
simulated_annealing,rastrigin,100,15100,26.843969325532115
simulated_annealing,rastrigin,100,15200,26.843969325532115
simulated_annealing,rastrigin,100,15300,26.843969325532115
simulated_annealing,rastrigin,100,15400,26.843969325532115
simulated_annealing,rastrigin,100,15500,26.843969325532115
simulated_annealing,rastrigin,100,15600,26.843969325532115
simulated_annealing,rastrigin,100,15700,26.843969325532115
simulated_annealing,rastrigin,100,15800,26.843969325532115
simulated_annealing,rastrigin,100,15900,26.843969325532115
simulated_annealing,rastrigin,100,16000,26.843969325532115
simulated_annealing,rastrigin,100,16100,26.843969325532115
simulated_annealing,rastrigin,100,16200,26.843969325532115
simulated_annealing,rastrigin,100,16300,26.843969325532115
simulated_annealing,rastrigin,100,16400,26.843969325532115
simulated_annealing,rastrigin,100,16500,26.843969325532115
simulated_annealing,rastrigin,100,16600,26.843969325532115
simulated_annealing,rastrigin,100,16700,26.843969325532115
simulated_annealing,rastrigin,100,16800,26.843969325532115
simulated_annealing,rastrigin,100,16900,26.843969325532115
simulated_annealing,rastrigin,100,17000,26.843969325532115
simulated_annealing,rastrigin,100,17100,26.843969325532115
simulated_annealing,rastrigin,100,17200,26.843969325532115
simulated_annealing,rastrigin,100,17300,26.843969325532115
simulated_annealing,rastrigin,100,17400,26.843969325532115
simulated_annealing,rastrigin,100,17500,26.843969325532115
simulated_annealing,rastrigin,100,17600,26.843969325532115
simulated_annealing,rastrigin,100,17700,26.843969325532115
simulated_annealing,rastrigin,100,17800,26.843969325532115
simulated_annealing,rastrigin,100,17900,26.843969325532115
simulated_annealing,rastrigin,100,18000,26.843969325532115
simulated_annealing,rastrigin,100,18100,26.843969325532115
simulated_annealing,rastrigin,100,18200,26.843969325532115
simulated_annealing,rastrigin,100,18300,26.843969325532115
simulated_annealing,rastrigin,100,18400,26.843969325532115
simulated_annealing,rastrigin,100,18500,26.843969325532115
simulated_annealing,rastrigin,100,18600,26.843969325532115
simulated_annealing,rastrigin,100,18700,26.843969325532115
simulated_annealing,rastrigin,100,18800,26.843969325532115
simulated_annealing,rastrigin,100,18900,26.843969325532115
simulated_annealing,rastrigin,100,19000,26.843969325532115
simulated_annealing,rastrigin,100,19100,26.843969325532115
simulated_annealing,rastrigin,100,19200,26.843969325532115
simulated_annealing,rastrigin,100,19300,26.843969325532115
simulated_annealing,rastrigin,100,19400,26.843969325532115
simulated_annealing,rastrigin,100,19500,26.843969325532115
simulated_annealing,rastrigin,100,19600,26.843969325532115
simulated_annealing,rastrigin,100,19700,26.843969325532115
simulated_annealing,rastrigin,100,19800,26.843969325532115
simulated_annealing,rastrigin,100,19900,26.843969325532115
simulated_annealing,rastrigin,100,20000,26.843969325532115
simulated_annealing,rastrigin,101,100,125.48360712634312
simulated_annealing,rastrigin,101,200,98.90297809989602
simulated_annealing,rastrigin,101,300,98.90297809989602
simulated_annealing,rastrigin,101,400,96.06195120907488
simulated_annealing,rastrigin,101,500,52.71624907256593
simulated_annealing,rastrigin,101,600,52.71624907256593
simulated_annealing,rastrigin,101,700,52.71624907256593
simulated_annealing,rastrigin,101,800,52.71624907256593
simulated_annealing,rastrigin,101,900,52.71624907256593
simulated_annealing,rastrigin,101,1000,52.71624907256593
simulated_annealing,rastrigin,101,1100,52.71624907256593
simulated_annealing,rastrigin,101,1200,52.71624907256593
simulated_annealing,rastrigin,101,1300,52.71624907256593
simulated_annealing,rastrigin,101,1400,52.71624907256593
simulated_annealing,rastrigin,101,1500,52.71624907256593
simulated_annealing,rastrigin,101,1600,52.71624907256593
simulated_annealing,rastrigin,101,1700,52.71624907256593
simulated_annealing,rastrigin,101,1800,52.71624907256593
simulated_annealing,rastrigin,101,1900,52.71624907256593
simulated_annealing,rastrigin,101,2000,52.71624907256593
simulated_annealing,rastrigin,101,2100,52.71624907256593
simulated_annealing,rastrigin,101,2200,52.71624907256593
simulated_annealing,rastrigin,101,2300,52.71624907256593
simulated_annealing,rastrigin,101,2400,52.71624907256593
simulated_annealing,rastrigin,101,2500,52.71624907256593
simulated_annealing,rastrigin,101,2600,52.71624907256593
simulated_annealing,rastrigin,101,2700,52.71624907256593
simulated_annealing,rastrigin,101,2800,52.71624907256593
simulated_annealing,rastrigin,101,2900,52.71624907256593
simulated_annealing,rastrigin,101,3000,52.71624907256593
simulated_annealing,rastrigin,101,3100,52.71624907256593
simulated_annealing,rastrigin,101,3200,52.71624907256593
simulated_annealing,rastrigin,101,3300,52.71624907256593
simulated_annealing,rastrigin,101,3400,52.71624907256593
simulated_annealing,rastrigin,101,3500,52.71624907256593
simulated_annealing,rastrigin,101,3600,52.71624907256593
simulated_annealing,rastrigin,101,3700,52.71624907256593
simulated_annealing,rastrigin,101,3800,52.71624907256593
simulated_annealing,rastrigin,101,3900,52.71624907256593
simulated_annealing,rastrigin,101,4000,52.71624907256593
simulated_annealing,rastrigin,101,4100,52.71624907256593
simulated_annealing,rastrigin,101,4200,52.71624907256593
simulated_annealing,rastrigin,101,4300,52.71624907256593
simulated_annealing,rastrigin,101,4400,52.71624907256593
simulated_annealing,rastrigin,101,4500,52.71624907256593
simulated_annealing,rastrigin,101,4600,52.71624907256593
simulated_annealing,rastrigin,101,4700,52.71624907256593
simulated_annealing,rastrigin,101,4800,52.71624907256593
simulated_annealing,rastrigin,101,4900,52.71624907256593
simulated_annealing,rastrigin,101,5000,52.71624907256593
simulated_annealing,rastrigin,101,5100,52.71624907256593
simulated_annealing,rastrigin,101,5200,52.71624907256593
simulated_annealing,rastrigin,101,5300,52.71624907256593
simulated_annealing,rastrigin,101,5400,52.71624907256593
simulated_annealing,rastrigin,101,5500,52.71624907256593
simulated_annealing,rastrigin,101,5600,52.71624907256593
simulated_annealing,rastrigin,101,5700,52.71624907256593
simulated_annealing,rastrigin,101,5800,52.71624907256593
simulated_annealing,rastrigin,101,5900,52.71624907256593
simulated_annealing,rastrigin,101,6000,52.71624907256593
simulated_annealing,rastrigin,101,6100,52.71624907256593
simulated_annealing,rastrigin,101,6200,52.71624907256593
simulated_annealing,rastrigin,101,6300,52.71624907256593
simulated_annealing,rastrigin,101,6400,52.71624907256593
simulated_annealing,rastrigin,101,6500,52.71624907256593
simulated_annealing,rastrigin,101,6600,52.71624907256593
simulated_annealing,rastrigin,101,6700,52.71624907256593
simulated_annealing,rastrigin,101,6800,52.71624907256593
simulated_annealing,rastrigin,101,6900,52.71624907256593
simulated_annealing,rastrigin,101,7000,52.71624907256593
simulated_annealing,rastrigin,101,7100,52.71624907256593
simulated_annealing,rastrigin,101,7200,52.71624907256593
simulated_annealing,rastrigin,101,7300,52.71624907256593
simulated_annealing,rastrigin,101,7400,52.71624907256593
simulated_annealing,rastrigin,101,7500,52.71624907256593
simulated_annealing,rastrigin,101,7600,52.71624907256593
simulated_annealing,rastrigin,101,7700,52.71624907256593
simulated_annealing,rastrigin,101,7800,52.71624907256593
simulated_annealing,rastrigin,101,7900,52.71624907256593
simulated_annealing,rastrigin,101,8000,52.71624907256593
simulated_annealing,rastrigin,101,8100,52.71624907256593
simulated_annealing,rastrigin,101,8200,52.71624907256593
simulated_annealing,rastrigin,101,8300,52.71624907256593
simulated_annealing,rastrigin,101,8400,52.71624907256593
simulated_annealing,rastrigin,101,8500,52.71624907256593
simulated_annealing,rastrigin,101,8600,52.71624907256593
simulated_annealing,rastrigin,101,8700,52.71624907256593
simulated_annealing,rastrigin,101,8800,52.71624907256593
simulated_annealing,rastrigin,101,8900,52.71624907256593
simulated_annealing,rastrigin,101,9000,52.71624907256593
simulated_annealing,rastrigin,101,9100,52.71624907256593
simulated_annealing,rastrigin,101,9200,52.71624907256593
simulated_annealing,rastrigin,101,9300,52.71624907256593
simulated_annealing,rastrigin,101,9400,52.71624907256593
simulated_annealing,rastrigin,101,9500,52.71624907256593
simulated_annealing,rastrigin,101,9600,52.71624907256593
simulated_annealing,rastrigin,101,9700,52.71624907256593
simulated_annealing,rastrigin,101,9800,52.71624907256593
simulated_annealing,rastrigin,101,9900,52.71624907256593
simulated_annealing,rastrigin,101,10000,52.71624907256593
simulated_annealing,rastrigin,101,10100,52.71624907256593
simulated_annealing,rastrigin,101,10200,52.71624907256593
simulated_annealing,rastrigin,101,10300,52.71624907256593
simulated_annealing,rastrigin,101,10400,52.71624907256593
simulated_annealing,rastrigin,101,10500,52.71624907256593
simulated_annealing,rastrigin,101,10600,52.71624907256593
simulated_annealing,rastrigin,101,10700,52.71624907256593
simulated_annealing,rastrigin,101,10800,52.71624907256593
simulated_annealing,rastrigin,101,10900,52.71624907256593
simulated_annealing,rastrigin,101,11000,52.71624907256593
simulated_annealing,rastrigin,101,11100,52.71624907256593
simulated_annealing,rastrigin,101,11200,52.71624907256593
simulated_annealing,rastrigin,101,11300,52.71624907256593
simulated_annealing,rastrigin,101,11400,52.71624907256593
simulated_annealing,rastrigin,101,11500,52.71624907256593
simulated_annealing,rastrigin,101,11600,52.71624907256593
simulated_annealing,rastrigin,101,11700,52.71624907256593
simulated_annealing,rastrigin,101,11800,52.71624907256593
simulated_annealing,rastrigin,101,11900,52.71624907256593
simulated_annealing,rastrigin,101,12000,47.4380421953275
simulated_annealing,rastrigin,101,12100,47.4380421953275
simulated_annealing,rastrigin,101,12200,47.4380421953275
simulated_annealing,rastrigin,101,12300,47.4380421953275
simulated_annealing,rastrigin,101,12400,47.4380421953275
simulated_annealing,rastrigin,101,12500,47.4380421953275
simulated_annealing,rastrigin,101,12600,47.4380421953275
simulated_annealing,rastrigin,101,12700,47.4380421953275
simulated_annealing,rastrigin,101,12800,47.4380421953275
simulated_annealing,rastrigin,101,12900,47.4380421953275
simulated_annealing,rastrigin,101,13000,47.4380421953275
simulated_annealing,rastrigin,101,13100,47.4380421953275
simulated_annealing,rastrigin,101,13200,47.4380421953275
simulated_annealing,rastrigin,101,13300,47.4380421953275
simulated_annealing,rastrigin,101,13400,47.4380421953275
simulated_annealing,rastrigin,101,13500,47.4380421953275
simulated_annealing,rastrigin,101,13600,47.4380421953275
simulated_annealing,rastrigin,101,13700,47.4380421953275
simulated_annealing,rastrigin,101,13800,47.4380421953275
simulated_annealing,rastrigin,101,13900,47.4380421953275
simulated_annealing,rastrigin,101,14000,47.4380421953275
simulated_annealing,rastrigin,101,14100,47.4380421953275
simulated_annealing,rastrigin,101,14200,47.4380421953275
simulated_annealing,rastrigin,101,14300,47.4380421953275
simulated_annealing,rastrigin,101,14400,47.4380421953275
simulated_annealing,rastrigin,101,14500,47.4380421953275
simulated_annealing,rastrigin,101,14600,47.4380421953275
simulated_annealing,rastrigin,101,14700,47.4380421953275
simulated_annealing,rastrigin,101,14800,47.4380421953275
simulated_annealing,rastrigin,101,14900,47.4380421953275
simulated_annealing,rastrigin,101,15000,47.4380421953275
simulated_annealing,rastrigin,101,15100,47.4380421953275
simulated_annealing,rastrigin,101,15200,47.4380421953275
simulated_annealing,rastrigin,101,15300,47.4380421953275
simulated_annealing,rastrigin,101,15400,47.4380421953275
simulated_annealing,rastrigin,101,15500,47.4380421953275
simulated_annealing,rastrigin,101,15600,47.4380421953275
simulated_annealing,rastrigin,101,15700,47.4380421953275
simulated_annealing,rastrigin,101,15800,47.4380421953275
simulated_annealing,rastrigin,101,15900,47.4380421953275
simulated_annealing,rastrigin,101,16000,47.4380421953275
simulated_annealing,rastrigin,101,16100,47.4380421953275
simulated_annealing,rastrigin,101,16200,47.4380421953275
simulated_annealing,rastrigin,101,16300,47.4380421953275
simulated_annealing,rastrigin,101,16400,47.4380421953275
simulated_annealing,rastrigin,101,16500,47.4380421953275
simulated_annealing,rastrigin,101,16600,47.4380421953275
simulated_annealing,rastrigin,101,16700,47.4380421953275
simulated_annealing,rastrigin,101,16800,47.4380421953275
simulated_annealing,rastrigin,101,16900,47.4380421953275
simulated_annealing,rastrigin,101,17000,47.4380421953275
simulated_annealing,rastrigin,101,17100,47.4380421953275
simulated_annealing,rastrigin,101,17200,47.4380421953275
simulated_annealing,rastrigin,101,17300,47.4380421953275
simulated_annealing,rastrigin,101,17400,47.4380421953275
simulated_annealing,rastrigin,101,17500,47.4380421953275
simulated_annealing,rastrigin,101,17600,47.4380421953275
simulated_annealing,rastrigin,101,17700,47.4380421953275
simulated_annealing,rastrigin,101,17800,47.4380421953275
simulated_annealing,rastrigin,101,17900,47.4380421953275
simulated_annealing,rastrigin,101,18000,47.4380421953275
simulated_annealing,rastrigin,101,18100,47.4380421953275
simulated_annealing,rastrigin,101,18200,47.4380421953275
simulated_annealing,rastrigin,101,18300,47.4380421953275
simulated_annealing,rastrigin,101,18400,47.4380421953275
simulated_annealing,rastrigin,101,18500,47.4380421953275
simulated_annealing,rastrigin,101,18600,47.4380421953275
simulated_annealing,rastrigin,101,18700,47.4380421953275
simulated_annealing,rastrigin,101,18800,47.4380421953275
simulated_annealing,rastrigin,101,18900,47.4380421953275
simulated_annealing,rastrigin,101,19000,47.4380421953275
simulated_annealing,rastrigin,101,19100,47.4380421953275
simulated_annealing,rastrigin,101,19200,47.4380421953275
simulated_annealing,rastrigin,101,19300,47.4380421953275
simulated_annealing,rastrigin,101,19400,47.4380421953275
simulated_annealing,rastrigin,101,19500,47.4380421953275
simulated_annealing,rastrigin,101,19600,47.4380421953275
simulated_annealing,rastrigin,101,19700,47.4380421953275
simulated_annealing,rastrigin,101,19800,47.4380421953275
simulated_annealing,rastrigin,101,19900,47.4380421953275
simulated_annealing,rastrigin,101,20000,47.4380421953275
simulated_annealing,rastrigin,102,100,109.82136516693508
simulated_annealing,rastrigin,102,200,109.82136516693508
simulated_annealing,rastrigin,102,300,102.9284718118831
simulated_annealing,rastrigin,102,400,94.63953929904424
simulated_annealing,rastrigin,102,500,94.63953929904424
simulated_annealing,rastrigin,102,600,94.63953929904424
simulated_annealing,rastrigin,102,700,75.30043457560753
simulated_annealing,rastrigin,102,800,74.14255424739575
simulated_annealing,rastrigin,102,900,69.95405428526014
simulated_annealing,rastrigin,102,1000,61.34455898188086
simulated_annealing,rastrigin,102,1100,61.34455898188086
simulated_annealing,rastrigin,102,1200,61.34455898188086
simulated_annealing,rastrigin,102,1300,61.34455898188086
simulated_annealing,rastrigin,102,1400,61.34455898188086
simulated_annealing,rastrigin,102,1500,61.34455898188086
simulated_annealing,rastrigin,102,1600,61.34455898188086
simulated_annealing,rastrigin,102,1700,61.34455898188086
simulated_annealing,rastrigin,102,1800,61.34455898188086
simulated_annealing,rastrigin,102,1900,61.34455898188086
simulated_annealing,rastrigin,102,2000,61.34455898188086
simulated_annealing,rastrigin,102,2100,61.34455898188086
simulated_annealing,rastrigin,102,2200,61.34455898188086
simulated_annealing,rastrigin,102,2300,61.34455898188086
simulated_annealing,rastrigin,102,2400,61.34455898188086
simulated_annealing,rastrigin,102,2500,61.34455898188086
simulated_annealing,rastrigin,102,2600,61.34455898188086
simulated_annealing,rastrigin,102,2700,61.34455898188086
simulated_annealing,rastrigin,102,2800,61.34455898188086
simulated_annealing,rastrigin,102,2900,61.34455898188086
simulated_annealing,rastrigin,102,3000,52.31837007540972
simulated_annealing,rastrigin,102,3100,48.9852888805454
simulated_annealing,rastrigin,102,3200,48.9852888805454
simulated_annealing,rastrigin,102,3300,48.9852888805454
simulated_annealing,rastrigin,102,3400,48.9852888805454
simulated_annealing,rastrigin,102,3500,48.9852888805454
simulated_annealing,rastrigin,102,3600,48.9852888805454
simulated_annealing,rastrigin,102,3700,48.9852888805454
simulated_annealing,rastrigin,102,3800,48.9852888805454
simulated_annealing,rastrigin,102,3900,48.9852888805454
simulated_annealing,rastrigin,102,4000,48.9852888805454
simulated_annealing,rastrigin,102,4100,48.9852888805454
simulated_annealing,rastrigin,102,4200,48.9852888805454
simulated_annealing,rastrigin,102,4300,48.9852888805454
simulated_annealing,rastrigin,102,4400,48.9852888805454
simulated_annealing,rastrigin,102,4500,48.9852888805454
simulated_annealing,rastrigin,102,4600,48.9852888805454
simulated_annealing,rastrigin,102,4700,45.582772846245206
simulated_annealing,rastrigin,102,4800,45.582772846245206
simulated_annealing,rastrigin,102,4900,45.582772846245206
simulated_annealing,rastrigin,102,5000,45.582772846245206
simulated_annealing,rastrigin,102,5100,45.582772846245206
simulated_annealing,rastrigin,102,5200,45.582772846245206
simulated_annealing,rastrigin,102,5300,45.582772846245206
simulated_annealing,rastrigin,102,5400,45.582772846245206
simulated_annealing,rastrigin,102,5500,45.582772846245206
simulated_annealing,rastrigin,102,5600,45.582772846245206
simulated_annealing,rastrigin,102,5700,45.582772846245206
simulated_annealing,rastrigin,102,5800,45.582772846245206
simulated_annealing,rastrigin,102,5900,45.582772846245206
simulated_annealing,rastrigin,102,6000,45.582772846245206
simulated_annealing,rastrigin,102,6100,45.582772846245206
simulated_annealing,rastrigin,102,6200,45.582772846245206
simulated_annealing,rastrigin,102,6300,45.582772846245206
simulated_annealing,rastrigin,102,6400,45.582772846245206
simulated_annealing,rastrigin,102,6500,45.582772846245206
simulated_annealing,rastrigin,102,6600,45.582772846245206
simulated_annealing,rastrigin,102,6700,45.582772846245206
simulated_annealing,rastrigin,102,6800,45.582772846245206
simulated_annealing,rastrigin,102,6900,45.582772846245206
simulated_annealing,rastrigin,102,7000,45.582772846245206
simulated_annealing,rastrigin,102,7100,45.582772846245206
simulated_annealing,rastrigin,102,7200,45.582772846245206
simulated_annealing,rastrigin,102,7300,45.582772846245206
simulated_annealing,rastrigin,102,7400,45.582772846245206
simulated_annealing,rastrigin,102,7500,45.582772846245206
simulated_annealing,rastrigin,102,7600,45.582772846245206
simulated_annealing,rastrigin,102,7700,45.582772846245206
simulated_annealing,rastrigin,102,7800,45.582772846245206
simulated_annealing,rastrigin,102,7900,45.582772846245206
simulated_annealing,rastrigin,102,8000,45.582772846245206
simulated_annealing,rastrigin,102,8100,45.582772846245206
simulated_annealing,rastrigin,102,8200,45.582772846245206
simulated_annealing,rastrigin,102,8300,45.582772846245206
simulated_annealing,rastrigin,102,8400,45.582772846245206
simulated_annealing,rastrigin,102,8500,45.582772846245206
simulated_annealing,rastrigin,102,8600,32.10653555305677
simulated_annealing,rastrigin,102,8700,32.10653555305677
simulated_annealing,rastrigin,102,8800,32.10653555305677
simulated_annealing,rastrigin,102,8900,32.10653555305677
simulated_annealing,rastrigin,102,9000,32.10653555305677
simulated_annealing,rastrigin,102,9100,32.10653555305677
simulated_annealing,rastrigin,102,9200,32.10653555305677
simulated_annealing,rastrigin,102,9300,32.10653555305677
simulated_annealing,rastrigin,102,9400,32.10653555305677
simulated_annealing,rastrigin,102,9500,32.10653555305677
simulated_annealing,rastrigin,102,9600,32.10653555305677
simulated_annealing,rastrigin,102,9700,32.10653555305677
simulated_annealing,rastrigin,102,9800,32.10653555305677
simulated_annealing,rastrigin,102,9900,32.10653555305677
simulated_annealing,rastrigin,102,10000,32.10653555305677
simulated_annealing,rastrigin,102,10100,32.10653555305677
simulated_annealing,rastrigin,102,10200,32.10653555305677
simulated_annealing,rastrigin,102,10300,32.10653555305677
simulated_annealing,rastrigin,102,10400,32.10653555305677
simulated_annealing,rastrigin,102,10500,32.10653555305677
simulated_annealing,rastrigin,102,10600,32.10653555305677
simulated_annealing,rastrigin,102,10700,32.10653555305677
simulated_annealing,rastrigin,102,10800,32.10653555305677
simulated_annealing,rastrigin,102,10900,32.10653555305677
simulated_annealing,rastrigin,102,11000,32.10653555305677
simulated_annealing,rastrigin,102,11100,32.10653555305677
simulated_annealing,rastrigin,102,11200,32.10653555305677
simulated_annealing,rastrigin,102,11300,32.10653555305677
simulated_annealing,rastrigin,102,11400,32.10653555305677
simulated_annealing,rastrigin,102,11500,32.10653555305677
simulated_annealing,rastrigin,102,11600,32.10653555305677
simulated_annealing,rastrigin,102,11700,32.10653555305677
simulated_annealing,rastrigin,102,11800,32.10653555305677
simulated_annealing,rastrigin,102,11900,32.10653555305677
simulated_annealing,rastrigin,102,12000,32.10653555305677
simulated_annealing,rastrigin,102,12100,32.10653555305677
simulated_annealing,rastrigin,102,12200,32.10653555305677
simulated_annealing,rastrigin,102,12300,32.10653555305677
simulated_annealing,rastrigin,102,12400,32.10653555305677
simulated_annealing,rastrigin,102,12500,32.10653555305677
simulated_annealing,rastrigin,102,12600,32.10653555305677
simulated_annealing,rastrigin,102,12700,32.10653555305677
simulated_annealing,rastrigin,102,12800,32.10653555305677
simulated_annealing,rastrigin,102,12900,32.10653555305677
simulated_annealing,rastrigin,102,13000,32.10653555305677
simulated_annealing,rastrigin,102,13100,32.10653555305677
simulated_annealing,rastrigin,102,13200,32.10653555305677
simulated_annealing,rastrigin,102,13300,32.10653555305677
simulated_annealing,rastrigin,102,13400,32.10653555305677
simulated_annealing,rastrigin,102,13500,32.10653555305677
simulated_annealing,rastrigin,102,13600,32.10653555305677
simulated_annealing,rastrigin,102,13700,32.10653555305677
simulated_annealing,rastrigin,102,13800,32.10653555305677
simulated_annealing,rastrigin,102,13900,32.10653555305677
simulated_annealing,rastrigin,102,14000,32.10653555305677
simulated_annealing,rastrigin,102,14100,32.10653555305677
simulated_annealing,rastrigin,102,14200,32.10653555305677
simulated_annealing,rastrigin,102,14300,32.10653555305677
simulated_annealing,rastrigin,102,14400,32.10653555305677
simulated_annealing,rastrigin,102,14500,32.10653555305677
simulated_annealing,rastrigin,102,14600,32.10653555305677
simulated_annealing,rastrigin,102,14700,32.10653555305677
simulated_annealing,rastrigin,102,14800,32.10653555305677
simulated_annealing,rastrigin,102,14900,32.10653555305677
simulated_annealing,rastrigin,102,15000,32.10653555305677
simulated_annealing,rastrigin,102,15100,32.10653555305677
simulated_annealing,rastrigin,102,15200,32.10653555305677
simulated_annealing,rastrigin,102,15300,32.10653555305677
simulated_annealing,rastrigin,102,15400,32.10653555305677
simulated_annealing,rastrigin,102,15500,32.10653555305677
simulated_annealing,rastrigin,102,15600,32.10653555305677
simulated_annealing,rastrigin,102,15700,32.10653555305677
simulated_annealing,rastrigin,102,15800,32.10653555305677
simulated_annealing,rastrigin,102,15900,32.10653555305677
simulated_annealing,rastrigin,102,16000,32.10653555305677
simulated_annealing,rastrigin,102,16100,32.10653555305677
simulated_annealing,rastrigin,102,16200,32.10653555305677
simulated_annealing,rastrigin,102,16300,32.10653555305677
simulated_annealing,rastrigin,102,16400,32.10653555305677
simulated_annealing,rastrigin,102,16500,32.10653555305677
simulated_annealing,rastrigin,102,16600,32.10653555305677
simulated_annealing,rastrigin,102,16700,32.10653555305677
simulated_annealing,rastrigin,102,16800,32.10653555305677
simulated_annealing,rastrigin,102,16900,32.10653555305677
simulated_annealing,rastrigin,102,17000,32.10653555305677
simulated_annealing,rastrigin,102,17100,32.10653555305677
simulated_annealing,rastrigin,102,17200,32.10653555305677
simulated_annealing,rastrigin,102,17300,32.10653555305677
simulated_annealing,rastrigin,102,17400,32.10653555305677
simulated_annealing,rastrigin,102,17500,32.10653555305677
simulated_annealing,rastrigin,102,17600,32.10653555305677
simulated_annealing,rastrigin,102,17700,32.10653555305677
simulated_annealing,rastrigin,102,17800,32.10653555305677
simulated_annealing,rastrigin,102,17900,32.10653555305677
simulated_annealing,rastrigin,102,18000,32.10653555305677
simulated_annealing,rastrigin,102,18100,32.10653555305677
simulated_annealing,rastrigin,102,18200,32.10653555305677
simulated_annealing,rastrigin,102,18300,32.10653555305677
simulated_annealing,rastrigin,102,18400,32.10653555305677
simulated_annealing,rastrigin,102,18500,32.10653555305677
simulated_annealing,rastrigin,102,18600,32.10653555305677
simulated_annealing,rastrigin,102,18700,32.10653555305677
simulated_annealing,rastrigin,102,18800,32.10653555305677
simulated_annealing,rastrigin,102,18900,32.10653555305677
simulated_annealing,rastrigin,102,19000,32.10653555305677
simulated_annealing,rastrigin,102,19100,32.10653555305677
simulated_annealing,rastrigin,102,19200,32.10653555305677
simulated_annealing,rastrigin,102,19300,32.10653555305677
simulated_annealing,rastrigin,102,19400,32.10653555305677
simulated_annealing,rastrigin,102,19500,32.10653555305677
simulated_annealing,rastrigin,102,19600,32.10653555305677
simulated_annealing,rastrigin,102,19700,32.10653555305677
simulated_annealing,rastrigin,102,19800,32.10653555305677
simulated_annealing,rastrigin,102,19900,32.10653555305677
simulated_annealing,rastrigin,102,20000,32.10653555305677
simulated_annealing,rastrigin,103,100,110.6055641438131
simulated_annealing,rastrigin,103,200,103.1510432535211
simulated_annealing,rastrigin,103,300,103.1510432535211
simulated_annealing,rastrigin,103,400,103.1510432535211
simulated_annealing,rastrigin,103,500,72.19226713056199
simulated_annealing,rastrigin,103,600,69.02859837694822
simulated_annealing,rastrigin,103,700,69.02859837694822
simulated_annealing,rastrigin,103,800,69.02859837694822
simulated_annealing,rastrigin,103,900,69.02859837694822
simulated_annealing,rastrigin,103,1000,69.02859837694822
simulated_annealing,rastrigin,103,1100,69.02859837694822
simulated_annealing,rastrigin,103,1200,69.02859837694822
simulated_annealing,rastrigin,103,1300,69.02859837694822
simulated_annealing,rastrigin,103,1400,69.02859837694822
simulated_annealing,rastrigin,103,1500,69.02859837694822
simulated_annealing,rastrigin,103,1600,69.02859837694822
simulated_annealing,rastrigin,103,1700,69.02859837694822
simulated_annealing,rastrigin,103,1800,69.02859837694822
simulated_annealing,rastrigin,103,1900,66.3895865973395
simulated_annealing,rastrigin,103,2000,66.3895865973395
simulated_annealing,rastrigin,103,2100,51.58394254137058
simulated_annealing,rastrigin,103,2200,51.58394254137058
simulated_annealing,rastrigin,103,2300,51.58394254137058
simulated_annealing,rastrigin,103,2400,51.58394254137058
simulated_annealing,rastrigin,103,2500,51.58394254137058
simulated_annealing,rastrigin,103,2600,51.58394254137058
simulated_annealing,rastrigin,103,2700,51.58394254137058
simulated_annealing,rastrigin,103,2800,51.58394254137058
simulated_annealing,rastrigin,103,2900,51.58394254137058
simulated_annealing,rastrigin,103,3000,51.58394254137058
simulated_annealing,rastrigin,103,3100,51.58394254137058
simulated_annealing,rastrigin,103,3200,51.58394254137058
simulated_annealing,rastrigin,103,3300,51.40553442478588
simulated_annealing,rastrigin,103,3400,51.40553442478588
simulated_annealing,rastrigin,103,3500,51.40553442478588
simulated_annealing,rastrigin,103,3600,40.73574383987366
simulated_annealing,rastrigin,103,3700,40.73574383987366
simulated_annealing,rastrigin,103,3800,40.73574383987366
simulated_annealing,rastrigin,103,3900,40.73574383987366
simulated_annealing,rastrigin,103,4000,40.73574383987366
simulated_annealing,rastrigin,103,4100,40.73574383987366
simulated_annealing,rastrigin,103,4200,40.73574383987366
simulated_annealing,rastrigin,103,4300,40.73574383987366
simulated_annealing,rastrigin,103,4400,40.73574383987366
simulated_annealing,rastrigin,103,4500,40.73574383987366
simulated_annealing,rastrigin,103,4600,40.73574383987366
simulated_annealing,rastrigin,103,4700,40.73574383987366
simulated_annealing,rastrigin,103,4800,40.73574383987366
simulated_annealing,rastrigin,103,4900,40.73574383987366
simulated_annealing,rastrigin,103,5000,40.73574383987366
simulated_annealing,rastrigin,103,5100,40.73574383987366
simulated_annealing,rastrigin,103,5200,40.73574383987366
simulated_annealing,rastrigin,103,5300,40.73574383987366
simulated_annealing,rastrigin,103,5400,40.73574383987366
simulated_annealing,rastrigin,103,5500,40.73574383987366
simulated_annealing,rastrigin,103,5600,40.73574383987366
simulated_annealing,rastrigin,103,5700,40.73574383987366
simulated_annealing,rastrigin,103,5800,40.73574383987366
simulated_annealing,rastrigin,103,5900,40.73574383987366
simulated_annealing,rastrigin,103,6000,40.73574383987366
simulated_annealing,rastrigin,103,6100,40.73574383987366
simulated_annealing,rastrigin,103,6200,40.73574383987366
simulated_annealing,rastrigin,103,6300,40.73574383987366
simulated_annealing,rastrigin,103,6400,40.73574383987366
simulated_annealing,rastrigin,103,6500,40.73574383987366
simulated_annealing,rastrigin,103,6600,40.73574383987366
simulated_annealing,rastrigin,103,6700,40.73574383987366
simulated_annealing,rastrigin,103,6800,40.73574383987366
simulated_annealing,rastrigin,103,6900,40.73574383987366
simulated_annealing,rastrigin,103,7000,40.73574383987366
simulated_annealing,rastrigin,103,7100,40.73574383987366
simulated_annealing,rastrigin,103,7200,40.73574383987366
simulated_annealing,rastrigin,103,7300,40.73574383987366
simulated_annealing,rastrigin,103,7400,40.73574383987366
simulated_annealing,rastrigin,103,7500,40.73574383987366
simulated_annealing,rastrigin,103,7600,40.73574383987366
simulated_annealing,rastrigin,103,7700,40.73574383987366
simulated_annealing,rastrigin,103,7800,40.73574383987366
simulated_annealing,rastrigin,103,7900,40.73574383987366
simulated_annealing,rastrigin,103,8000,40.73574383987366
simulated_annealing,rastrigin,103,8100,40.73574383987366
simulated_annealing,rastrigin,103,8200,40.73574383987366
simulated_annealing,rastrigin,103,8300,40.73574383987366
simulated_annealing,rastrigin,103,8400,40.73574383987366
simulated_annealing,rastrigin,103,8500,40.73574383987366
simulated_annealing,rastrigin,103,8600,40.73574383987366
simulated_annealing,rastrigin,103,8700,40.73574383987366
simulated_annealing,rastrigin,103,8800,40.73574383987366
simulated_annealing,rastrigin,103,8900,40.73574383987366
simulated_annealing,rastrigin,103,9000,40.73574383987366
simulated_annealing,rastrigin,103,9100,40.73574383987366
simulated_annealing,rastrigin,103,9200,40.73574383987366
simulated_annealing,rastrigin,103,9300,40.73574383987366
simulated_annealing,rastrigin,103,9400,40.73574383987366
simulated_annealing,rastrigin,103,9500,40.73574383987366
simulated_annealing,rastrigin,103,9600,40.73574383987366
simulated_annealing,rastrigin,103,9700,40.73574383987366
simulated_annealing,rastrigin,103,9800,40.73574383987366
simulated_annealing,rastrigin,103,9900,40.73574383987366
simulated_annealing,rastrigin,103,10000,40.73574383987366
simulated_annealing,rastrigin,103,10100,40.73574383987366
simulated_annealing,rastrigin,103,10200,40.73574383987366
simulated_annealing,rastrigin,103,10300,40.73574383987366
simulated_annealing,rastrigin,103,10400,40.73574383987366
simulated_annealing,rastrigin,103,10500,40.73574383987366
simulated_annealing,rastrigin,103,10600,40.73574383987366
simulated_annealing,rastrigin,103,10700,40.73574383987366
simulated_annealing,rastrigin,103,10800,40.73574383987366
simulated_annealing,rastrigin,103,10900,40.73574383987366
simulated_annealing,rastrigin,103,11000,40.73574383987366
simulated_annealing,rastrigin,103,11100,40.73574383987366
simulated_annealing,rastrigin,103,11200,40.73574383987366
simulated_annealing,rastrigin,103,11300,40.73574383987366
simulated_annealing,rastrigin,103,11400,40.73574383987366
simulated_annealing,rastrigin,103,11500,40.73574383987366
simulated_annealing,rastrigin,103,11600,40.73574383987366
simulated_annealing,rastrigin,103,11700,40.73574383987366
simulated_annealing,rastrigin,103,11800,40.73574383987366
simulated_annealing,rastrigin,103,11900,40.73574383987366
simulated_annealing,rastrigin,103,12000,40.73574383987366
simulated_annealing,rastrigin,103,12100,40.73574383987366
simulated_annealing,rastrigin,103,12200,40.73574383987366
simulated_annealing,rastrigin,103,12300,40.73574383987366
simulated_annealing,rastrigin,103,12400,40.73574383987366
simulated_annealing,rastrigin,103,12500,40.73574383987366
simulated_annealing,rastrigin,103,12600,40.73574383987366
simulated_annealing,rastrigin,103,12700,40.73574383987366
simulated_annealing,rastrigin,103,12800,40.73574383987366
simulated_annealing,rastrigin,103,12900,40.73574383987366
simulated_annealing,rastrigin,103,13000,40.73574383987366
simulated_annealing,rastrigin,103,13100,40.73574383987366
simulated_annealing,rastrigin,103,13200,40.73574383987366
simulated_annealing,rastrigin,103,13300,40.73574383987366
simulated_annealing,rastrigin,103,13400,40.73574383987366
simulated_annealing,rastrigin,103,13500,40.73574383987366
simulated_annealing,rastrigin,103,13600,40.73574383987366
simulated_annealing,rastrigin,103,13700,40.73574383987366
simulated_annealing,rastrigin,103,13800,40.73574383987366
simulated_annealing,rastrigin,103,13900,40.73574383987366
simulated_annealing,rastrigin,103,14000,40.73574383987366
simulated_annealing,rastrigin,103,14100,40.73574383987366
simulated_annealing,rastrigin,103,14200,40.73574383987366
simulated_annealing,rastrigin,103,14300,40.73574383987366
simulated_annealing,rastrigin,103,14400,40.73574383987366
simulated_annealing,rastrigin,103,14500,40.73574383987366
simulated_annealing,rastrigin,103,14600,40.73574383987366
simulated_annealing,rastrigin,103,14700,40.73574383987366
simulated_annealing,rastrigin,103,14800,40.73574383987366
simulated_annealing,rastrigin,103,14900,40.73574383987366
simulated_annealing,rastrigin,103,15000,25.662343567784234
simulated_annealing,rastrigin,103,15100,25.662343567784234
simulated_annealing,rastrigin,103,15200,25.662343567784234
simulated_annealing,rastrigin,103,15300,25.662343567784234
simulated_annealing,rastrigin,103,15400,25.662343567784234
simulated_annealing,rastrigin,103,15500,25.662343567784234
simulated_annealing,rastrigin,103,15600,25.662343567784234
simulated_annealing,rastrigin,103,15700,25.662343567784234
simulated_annealing,rastrigin,103,15800,25.662343567784234
simulated_annealing,rastrigin,103,15900,25.662343567784234
simulated_annealing,rastrigin,103,16000,25.662343567784234
simulated_annealing,rastrigin,103,16100,25.662343567784234
simulated_annealing,rastrigin,103,16200,25.662343567784234
simulated_annealing,rastrigin,103,16300,25.662343567784234
simulated_annealing,rastrigin,103,16400,25.662343567784234
simulated_annealing,rastrigin,103,16500,25.662343567784234
simulated_annealing,rastrigin,103,16600,25.662343567784234
simulated_annealing,rastrigin,103,16700,25.662343567784234
simulated_annealing,rastrigin,103,16800,25.662343567784234
simulated_annealing,rastrigin,103,16900,25.662343567784234
simulated_annealing,rastrigin,103,17000,25.662343567784234
simulated_annealing,rastrigin,103,17100,25.662343567784234
simulated_annealing,rastrigin,103,17200,25.662343567784234
simulated_annealing,rastrigin,103,17300,25.662343567784234
simulated_annealing,rastrigin,103,17400,25.662343567784234
simulated_annealing,rastrigin,103,17500,25.662343567784234
simulated_annealing,rastrigin,103,17600,25.662343567784234
simulated_annealing,rastrigin,103,17700,25.662343567784234
simulated_annealing,rastrigin,103,17800,25.662343567784234
simulated_annealing,rastrigin,103,17900,25.662343567784234
simulated_annealing,rastrigin,103,18000,25.662343567784234
simulated_annealing,rastrigin,103,18100,25.662343567784234
simulated_annealing,rastrigin,103,18200,25.662343567784234
simulated_annealing,rastrigin,103,18300,25.662343567784234
simulated_annealing,rastrigin,103,18400,25.662343567784234
simulated_annealing,rastrigin,103,18500,25.662343567784234
simulated_annealing,rastrigin,103,18600,25.662343567784234
simulated_annealing,rastrigin,103,18700,25.662343567784234
simulated_annealing,rastrigin,103,18800,25.662343567784234
simulated_annealing,rastrigin,103,18900,25.662343567784234
simulated_annealing,rastrigin,103,19000,25.662343567784234
simulated_annealing,rastrigin,103,19100,25.662343567784234
simulated_annealing,rastrigin,103,19200,25.662343567784234
simulated_annealing,rastrigin,103,19300,25.662343567784234
simulated_annealing,rastrigin,103,19400,25.662343567784234
simulated_annealing,rastrigin,103,19500,25.662343567784234
simulated_annealing,rastrigin,103,19600,25.662343567784234
simulated_annealing,rastrigin,103,19700,25.662343567784234
simulated_annealing,rastrigin,103,19800,25.662343567784234
simulated_annealing,rastrigin,103,19900,25.662343567784234
simulated_annealing,rastrigin,103,20000,25.662343567784234
simulated_annealing,rastrigin,104,100,91.13329862780196
simulated_annealing,rastrigin,104,200,91.13329862780196
simulated_annealing,rastrigin,104,300,91.13329862780196
simulated_annealing,rastrigin,104,400,72.85275219862743
simulated_annealing,rastrigin,104,500,72.85275219862743
simulated_annealing,rastrigin,104,600,72.85275219862743
simulated_annealing,rastrigin,104,700,72.85275219862743
simulated_annealing,rastrigin,104,800,69.39477310911535
simulated_annealing,rastrigin,104,900,61.381249626314144
simulated_annealing,rastrigin,104,1000,61.381249626314144
simulated_annealing,rastrigin,104,1100,61.381249626314144
simulated_annealing,rastrigin,104,1200,61.381249626314144
simulated_annealing,rastrigin,104,1300,61.381249626314144
simulated_annealing,rastrigin,104,1400,61.381249626314144
simulated_annealing,rastrigin,104,1500,61.381249626314144
simulated_annealing,rastrigin,104,1600,61.381249626314144
simulated_annealing,rastrigin,104,1700,61.381249626314144
simulated_annealing,rastrigin,104,1800,61.381249626314144
simulated_annealing,rastrigin,104,1900,61.381249626314144
simulated_annealing,rastrigin,104,2000,47.668929797708515
simulated_annealing,rastrigin,104,2100,47.668929797708515
simulated_annealing,rastrigin,104,2200,47.668929797708515
simulated_annealing,rastrigin,104,2300,47.668929797708515
simulated_annealing,rastrigin,104,2400,47.668929797708515
simulated_annealing,rastrigin,104,2500,47.668929797708515
simulated_annealing,rastrigin,104,2600,47.668929797708515
simulated_annealing,rastrigin,104,2700,47.668929797708515
simulated_annealing,rastrigin,104,2800,47.668929797708515
simulated_annealing,rastrigin,104,2900,47.668929797708515
simulated_annealing,rastrigin,104,3000,47.668929797708515
simulated_annealing,rastrigin,104,3100,47.668929797708515
simulated_annealing,rastrigin,104,3200,47.668929797708515
simulated_annealing,rastrigin,104,3300,47.668929797708515
simulated_annealing,rastrigin,104,3400,47.668929797708515
simulated_annealing,rastrigin,104,3500,47.668929797708515
simulated_annealing,rastrigin,104,3600,47.668929797708515
simulated_annealing,rastrigin,104,3700,47.668929797708515
simulated_annealing,rastrigin,104,3800,47.668929797708515
simulated_annealing,rastrigin,104,3900,47.668929797708515
simulated_annealing,rastrigin,104,4000,47.668929797708515
simulated_annealing,rastrigin,104,4100,47.668929797708515
simulated_annealing,rastrigin,104,4200,47.668929797708515
simulated_annealing,rastrigin,104,4300,47.668929797708515
simulated_annealing,rastrigin,104,4400,47.668929797708515
simulated_annealing,rastrigin,104,4500,47.668929797708515
simulated_annealing,rastrigin,104,4600,47.668929797708515
simulated_annealing,rastrigin,104,4700,47.668929797708515
simulated_annealing,rastrigin,104,4800,47.668929797708515
simulated_annealing,rastrigin,104,4900,47.668929797708515
simulated_annealing,rastrigin,104,5000,47.668929797708515
simulated_annealing,rastrigin,104,5100,47.668929797708515
simulated_annealing,rastrigin,104,5200,47.668929797708515
simulated_annealing,rastrigin,104,5300,47.668929797708515
simulated_annealing,rastrigin,104,5400,47.668929797708515
simulated_annealing,rastrigin,104,5500,47.668929797708515
simulated_annealing,rastrigin,104,5600,47.668929797708515
simulated_annealing,rastrigin,104,5700,47.668929797708515
simulated_annealing,rastrigin,104,5800,47.668929797708515
simulated_annealing,rastrigin,104,5900,47.668929797708515
simulated_annealing,rastrigin,104,6000,47.668929797708515
simulated_annealing,rastrigin,104,6100,47.668929797708515
simulated_annealing,rastrigin,104,6200,47.668929797708515
simulated_annealing,rastrigin,104,6300,47.668929797708515
simulated_annealing,rastrigin,104,6400,47.668929797708515
simulated_annealing,rastrigin,104,6500,47.668929797708515
simulated_annealing,rastrigin,104,6600,47.668929797708515
simulated_annealing,rastrigin,104,6700,47.668929797708515
simulated_annealing,rastrigin,104,6800,47.668929797708515
simulated_annealing,rastrigin,104,6900,47.668929797708515
simulated_annealing,rastrigin,104,7000,47.668929797708515
simulated_annealing,rastrigin,104,7100,47.668929797708515
simulated_annealing,rastrigin,104,7200,47.668929797708515
simulated_annealing,rastrigin,104,7300,47.668929797708515
simulated_annealing,rastrigin,104,7400,47.668929797708515
simulated_annealing,rastrigin,104,7500,47.668929797708515
simulated_annealing,rastrigin,104,7600,47.668929797708515
simulated_annealing,rastrigin,104,7700,47.668929797708515
simulated_annealing,rastrigin,104,7800,47.668929797708515
simulated_annealing,rastrigin,104,7900,47.668929797708515
simulated_annealing,rastrigin,104,8000,47.668929797708515
simulated_annealing,rastrigin,104,8100,47.668929797708515
simulated_annealing,rastrigin,104,8200,47.668929797708515
simulated_annealing,rastrigin,104,8300,47.668929797708515
simulated_annealing,rastrigin,104,8400,47.668929797708515
simulated_annealing,rastrigin,104,8500,47.668929797708515
simulated_annealing,rastrigin,104,8600,47.668929797708515
simulated_annealing,rastrigin,104,8700,47.668929797708515
simulated_annealing,rastrigin,104,8800,47.668929797708515
simulated_annealing,rastrigin,104,8900,47.668929797708515
simulated_annealing,rastrigin,104,9000,47.668929797708515
simulated_annealing,rastrigin,104,9100,47.668929797708515
simulated_annealing,rastrigin,104,9200,47.668929797708515
simulated_annealing,rastrigin,104,9300,47.668929797708515
simulated_annealing,rastrigin,104,9400,47.668929797708515
simulated_annealing,rastrigin,104,9500,47.668929797708515
simulated_annealing,rastrigin,104,9600,47.668929797708515
simulated_annealing,rastrigin,104,9700,47.668929797708515
simulated_annealing,rastrigin,104,9800,47.668929797708515
simulated_annealing,rastrigin,104,9900,47.668929797708515
simulated_annealing,rastrigin,104,10000,47.668929797708515
simulated_annealing,rastrigin,104,10100,47.668929797708515
simulated_annealing,rastrigin,104,10200,47.668929797708515
simulated_annealing,rastrigin,104,10300,47.668929797708515
simulated_annealing,rastrigin,104,10400,47.668929797708515
simulated_annealing,rastrigin,104,10500,47.668929797708515
simulated_annealing,rastrigin,104,10600,47.668929797708515
simulated_annealing,rastrigin,104,10700,47.668929797708515
simulated_annealing,rastrigin,104,10800,47.668929797708515
simulated_annealing,rastrigin,104,10900,47.668929797708515
simulated_annealing,rastrigin,104,11000,47.668929797708515
simulated_annealing,rastrigin,104,11100,47.668929797708515
simulated_annealing,rastrigin,104,11200,47.668929797708515
simulated_annealing,rastrigin,104,11300,47.668929797708515
simulated_annealing,rastrigin,104,11400,47.668929797708515
simulated_annealing,rastrigin,104,11500,47.668929797708515
simulated_annealing,rastrigin,104,11600,47.668929797708515
simulated_annealing,rastrigin,104,11700,47.668929797708515
simulated_annealing,rastrigin,104,11800,47.668929797708515
simulated_annealing,rastrigin,104,11900,47.668929797708515
simulated_annealing,rastrigin,104,12000,47.668929797708515
simulated_annealing,rastrigin,104,12100,47.668929797708515
simulated_annealing,rastrigin,104,12200,47.668929797708515
simulated_annealing,rastrigin,104,12300,47.668929797708515
simulated_annealing,rastrigin,104,12400,47.668929797708515
simulated_annealing,rastrigin,104,12500,47.668929797708515
simulated_annealing,rastrigin,104,12600,47.668929797708515
simulated_annealing,rastrigin,104,12700,47.668929797708515
simulated_annealing,rastrigin,104,12800,47.668929797708515
simulated_annealing,rastrigin,104,12900,47.668929797708515
simulated_annealing,rastrigin,104,13000,47.668929797708515
simulated_annealing,rastrigin,104,13100,47.668929797708515
simulated_annealing,rastrigin,104,13200,47.668929797708515
simulated_annealing,rastrigin,104,13300,47.668929797708515
simulated_annealing,rastrigin,104,13400,47.668929797708515
simulated_annealing,rastrigin,104,13500,47.668929797708515
simulated_annealing,rastrigin,104,13600,47.668929797708515
simulated_annealing,rastrigin,104,13700,47.668929797708515
simulated_annealing,rastrigin,104,13800,47.668929797708515
simulated_annealing,rastrigin,104,13900,47.668929797708515
simulated_annealing,rastrigin,104,14000,47.668929797708515
simulated_annealing,rastrigin,104,14100,47.668929797708515
simulated_annealing,rastrigin,104,14200,47.668929797708515
simulated_annealing,rastrigin,104,14300,47.668929797708515
simulated_annealing,rastrigin,104,14400,47.668929797708515
simulated_annealing,rastrigin,104,14500,47.668929797708515
simulated_annealing,rastrigin,104,14600,47.668929797708515
simulated_annealing,rastrigin,104,14700,47.668929797708515
simulated_annealing,rastrigin,104,14800,47.668929797708515
simulated_annealing,rastrigin,104,14900,47.668929797708515
simulated_annealing,rastrigin,104,15000,47.668929797708515
simulated_annealing,rastrigin,104,15100,47.668929797708515
simulated_annealing,rastrigin,104,15200,47.668929797708515
simulated_annealing,rastrigin,104,15300,47.668929797708515
simulated_annealing,rastrigin,104,15400,47.668929797708515
simulated_annealing,rastrigin,104,15500,47.668929797708515
simulated_annealing,rastrigin,104,15600,47.668929797708515
simulated_annealing,rastrigin,104,15700,47.668929797708515
simulated_annealing,rastrigin,104,15800,47.668929797708515
simulated_annealing,rastrigin,104,15900,47.668929797708515
simulated_annealing,rastrigin,104,16000,47.668929797708515
simulated_annealing,rastrigin,104,16100,47.668929797708515
simulated_annealing,rastrigin,104,16200,47.668929797708515
simulated_annealing,rastrigin,104,16300,47.668929797708515
simulated_annealing,rastrigin,104,16400,47.668929797708515
simulated_annealing,rastrigin,104,16500,47.668929797708515
simulated_annealing,rastrigin,104,16600,47.668929797708515
simulated_annealing,rastrigin,104,16700,47.668929797708515
simulated_annealing,rastrigin,104,16800,47.668929797708515
simulated_annealing,rastrigin,104,16900,47.668929797708515
simulated_annealing,rastrigin,104,17000,47.668929797708515
simulated_annealing,rastrigin,104,17100,47.668929797708515
simulated_annealing,rastrigin,104,17200,47.668929797708515
simulated_annealing,rastrigin,104,17300,47.668929797708515
simulated_annealing,rastrigin,104,17400,47.668929797708515
simulated_annealing,rastrigin,104,17500,47.668929797708515
simulated_annealing,rastrigin,104,17600,47.668929797708515
simulated_annealing,rastrigin,104,17700,47.668929797708515
simulated_annealing,rastrigin,104,17800,45.31379382969007
simulated_annealing,rastrigin,104,17900,45.31379382969007
simulated_annealing,rastrigin,104,18000,45.31379382969007
simulated_annealing,rastrigin,104,18100,45.31379382969007
simulated_annealing,rastrigin,104,18200,45.31379382969007
simulated_annealing,rastrigin,104,18300,45.31379382969007
simulated_annealing,rastrigin,104,18400,45.31379382969007
simulated_annealing,rastrigin,104,18500,45.31379382969007
simulated_annealing,rastrigin,104,18600,45.31379382969007
simulated_annealing,rastrigin,104,18700,45.31379382969007
simulated_annealing,rastrigin,104,18800,45.31379382969007
simulated_annealing,rastrigin,104,18900,45.31379382969007
simulated_annealing,rastrigin,104,19000,45.31379382969007
simulated_annealing,rastrigin,104,19100,45.31379382969007
simulated_annealing,rastrigin,104,19200,45.31379382969007
simulated_annealing,rastrigin,104,19300,45.31379382969007
simulated_annealing,rastrigin,104,19400,45.31379382969007
simulated_annealing,rastrigin,104,19500,45.31379382969007
simulated_annealing,rastrigin,104,19600,45.31379382969007
simulated_annealing,rastrigin,104,19700,45.31379382969007
simulated_annealing,rastrigin,104,19800,45.31379382969007
simulated_annealing,rastrigin,104,19900,45.31379382969007
simulated_annealing,rastrigin,104,20000,45.31379382969007
simulated_annealing,rastrigin,105,100,97.01795071239889
simulated_annealing,rastrigin,105,200,92.88934521407668
simulated_annealing,rastrigin,105,300,92.88934521407668
simulated_annealing,rastrigin,105,400,71.1873251997672
simulated_annealing,rastrigin,105,500,64.98952320840063
simulated_annealing,rastrigin,105,600,64.98952320840063
simulated_annealing,rastrigin,105,700,64.98952320840063
simulated_annealing,rastrigin,105,800,52.45930655821924
simulated_annealing,rastrigin,105,900,52.45930655821924
simulated_annealing,rastrigin,105,1000,52.45930655821924
simulated_annealing,rastrigin,105,1100,52.45930655821924
simulated_annealing,rastrigin,105,1200,45.51236288285611
simulated_annealing,rastrigin,105,1300,45.51236288285611
simulated_annealing,rastrigin,105,1400,45.51236288285611
simulated_annealing,rastrigin,105,1500,45.51236288285611
simulated_annealing,rastrigin,105,1600,45.51236288285611
simulated_annealing,rastrigin,105,1700,45.51236288285611
simulated_annealing,rastrigin,105,1800,45.51236288285611
simulated_annealing,rastrigin,105,1900,45.51236288285611
simulated_annealing,rastrigin,105,2000,45.51236288285611
simulated_annealing,rastrigin,105,2100,45.51236288285611
simulated_annealing,rastrigin,105,2200,45.51236288285611
simulated_annealing,rastrigin,105,2300,45.51236288285611
simulated_annealing,rastrigin,105,2400,45.51236288285611
simulated_annealing,rastrigin,105,2500,42.46938945333413
simulated_annealing,rastrigin,105,2600,42.46938945333413
simulated_annealing,rastrigin,105,2700,42.46938945333413
simulated_annealing,rastrigin,105,2800,42.46938945333413
simulated_annealing,rastrigin,105,2900,42.46938945333413
simulated_annealing,rastrigin,105,3000,42.46938945333413
simulated_annealing,rastrigin,105,3100,42.46938945333413
simulated_annealing,rastrigin,105,3200,42.46938945333413
simulated_annealing,rastrigin,105,3300,42.46938945333413
simulated_annealing,rastrigin,105,3400,42.46938945333413
simulated_annealing,rastrigin,105,3500,42.46938945333413
simulated_annealing,rastrigin,105,3600,42.46938945333413
simulated_annealing,rastrigin,105,3700,42.46938945333413
simulated_annealing,rastrigin,105,3800,42.46938945333413
simulated_annealing,rastrigin,105,3900,42.46938945333413
simulated_annealing,rastrigin,105,4000,42.46938945333413
simulated_annealing,rastrigin,105,4100,42.46938945333413
simulated_annealing,rastrigin,105,4200,42.46938945333413
simulated_annealing,rastrigin,105,4300,42.46938945333413
simulated_annealing,rastrigin,105,4400,42.46938945333413
simulated_annealing,rastrigin,105,4500,42.46938945333413
simulated_annealing,rastrigin,105,4600,42.46938945333413
simulated_annealing,rastrigin,105,4700,42.46938945333413
simulated_annealing,rastrigin,105,4800,42.46938945333413
simulated_annealing,rastrigin,105,4900,42.46938945333413
simulated_annealing,rastrigin,105,5000,42.46938945333413
simulated_annealing,rastrigin,105,5100,42.46938945333413
simulated_annealing,rastrigin,105,5200,42.46938945333413
simulated_annealing,rastrigin,105,5300,42.46938945333413
simulated_annealing,rastrigin,105,5400,42.46938945333413
simulated_annealing,rastrigin,105,5500,42.46938945333413
simulated_annealing,rastrigin,105,5600,42.46938945333413
simulated_annealing,rastrigin,105,5700,42.46938945333413
simulated_annealing,rastrigin,105,5800,42.46938945333413
simulated_annealing,rastrigin,105,5900,42.46938945333413
simulated_annealing,rastrigin,105,6000,42.46938945333413
simulated_annealing,rastrigin,105,6100,42.46938945333413
simulated_annealing,rastrigin,105,6200,42.46938945333413
simulated_annealing,rastrigin,105,6300,42.46938945333413
simulated_annealing,rastrigin,105,6400,42.46938945333413
simulated_annealing,rastrigin,105,6500,42.46938945333413
simulated_annealing,rastrigin,105,6600,42.46938945333413
simulated_annealing,rastrigin,105,6700,42.46938945333413
simulated_annealing,rastrigin,105,6800,42.46938945333413
simulated_annealing,rastrigin,105,6900,42.46938945333413
simulated_annealing,rastrigin,105,7000,42.46938945333413
simulated_annealing,rastrigin,105,7100,42.46938945333413
simulated_annealing,rastrigin,105,7200,42.46938945333413
simulated_annealing,rastrigin,105,7300,42.46938945333413
simulated_annealing,rastrigin,105,7400,42.46938945333413
simulated_annealing,rastrigin,105,7500,42.46938945333413
simulated_annealing,rastrigin,105,7600,42.46938945333413
simulated_annealing,rastrigin,105,7700,42.46938945333413
simulated_annealing,rastrigin,105,7800,42.46938945333413
simulated_annealing,rastrigin,105,7900,42.46938945333413
simulated_annealing,rastrigin,105,8000,42.46938945333413
simulated_annealing,rastrigin,105,8100,42.46938945333413
simulated_annealing,rastrigin,105,8200,42.46938945333413
simulated_annealing,rastrigin,105,8300,42.46938945333413
simulated_annealing,rastrigin,105,8400,42.46938945333413
simulated_annealing,rastrigin,105,8500,42.46938945333413
simulated_annealing,rastrigin,105,8600,42.46938945333413
simulated_annealing,rastrigin,105,8700,42.46938945333413
simulated_annealing,rastrigin,105,8800,42.46938945333413
simulated_annealing,rastrigin,105,8900,42.46938945333413
simulated_annealing,rastrigin,105,9000,42.46938945333413
simulated_annealing,rastrigin,105,9100,42.46938945333413
simulated_annealing,rastrigin,105,9200,42.46938945333413
simulated_annealing,rastrigin,105,9300,42.46938945333413
simulated_annealing,rastrigin,105,9400,42.46938945333413
simulated_annealing,rastrigin,105,9500,42.46938945333413
simulated_annealing,rastrigin,105,9600,42.46938945333413
simulated_annealing,rastrigin,105,9700,42.46938945333413
simulated_annealing,rastrigin,105,9800,42.46938945333413
simulated_annealing,rastrigin,105,9900,42.46938945333413
simulated_annealing,rastrigin,105,10000,42.46938945333413
simulated_annealing,rastrigin,105,10100,42.46938945333413
simulated_annealing,rastrigin,105,10200,42.46938945333413
simulated_annealing,rastrigin,105,10300,42.46938945333413
simulated_annealing,rastrigin,105,10400,42.46938945333413
simulated_annealing,rastrigin,105,10500,42.46938945333413
simulated_annealing,rastrigin,105,10600,42.46938945333413
simulated_annealing,rastrigin,105,10700,42.46938945333413
simulated_annealing,rastrigin,105,10800,42.46938945333413
simulated_annealing,rastrigin,105,10900,42.46938945333413
simulated_annealing,rastrigin,105,11000,42.46938945333413
simulated_annealing,rastrigin,105,11100,42.46938945333413
simulated_annealing,rastrigin,105,11200,42.46938945333413
simulated_annealing,rastrigin,105,11300,42.46938945333413
simulated_annealing,rastrigin,105,11400,42.46938945333413
simulated_annealing,rastrigin,105,11500,42.46938945333413
simulated_annealing,rastrigin,105,11600,42.46938945333413
simulated_annealing,rastrigin,105,11700,42.46938945333413
simulated_annealing,rastrigin,105,11800,42.46938945333413
simulated_annealing,rastrigin,105,11900,42.46938945333413
simulated_annealing,rastrigin,105,12000,42.46938945333413
simulated_annealing,rastrigin,105,12100,42.46938945333413
simulated_annealing,rastrigin,105,12200,42.46938945333413
simulated_annealing,rastrigin,105,12300,42.46938945333413
simulated_annealing,rastrigin,105,12400,42.46938945333413
simulated_annealing,rastrigin,105,12500,42.46938945333413
simulated_annealing,rastrigin,105,12600,42.46938945333413
simulated_annealing,rastrigin,105,12700,42.46938945333413
simulated_annealing,rastrigin,105,12800,42.46938945333413
simulated_annealing,rastrigin,105,12900,42.46938945333413
simulated_annealing,rastrigin,105,13000,42.46938945333413
simulated_annealing,rastrigin,105,13100,42.46938945333413
simulated_annealing,rastrigin,105,13200,42.46938945333413
simulated_annealing,rastrigin,105,13300,42.46938945333413
simulated_annealing,rastrigin,105,13400,42.46938945333413
simulated_annealing,rastrigin,105,13500,42.46938945333413
simulated_annealing,rastrigin,105,13600,42.46938945333413
simulated_annealing,rastrigin,105,13700,42.46938945333413
simulated_annealing,rastrigin,105,13800,42.46938945333413
simulated_annealing,rastrigin,105,13900,42.46938945333413
simulated_annealing,rastrigin,105,14000,42.46938945333413
simulated_annealing,rastrigin,105,14100,42.46938945333413
simulated_annealing,rastrigin,105,14200,42.46938945333413
simulated_annealing,rastrigin,105,14300,42.46938945333413
simulated_annealing,rastrigin,105,14400,42.46938945333413
simulated_annealing,rastrigin,105,14500,42.46938945333413
simulated_annealing,rastrigin,105,14600,42.46938945333413
simulated_annealing,rastrigin,105,14700,42.46938945333413
simulated_annealing,rastrigin,105,14800,42.46938945333413
simulated_annealing,rastrigin,105,14900,42.46938945333413
simulated_annealing,rastrigin,105,15000,42.46938945333413
simulated_annealing,rastrigin,105,15100,42.46938945333413
simulated_annealing,rastrigin,105,15200,42.46938945333413
simulated_annealing,rastrigin,105,15300,42.46938945333413
simulated_annealing,rastrigin,105,15400,42.46938945333413
simulated_annealing,rastrigin,105,15500,42.46938945333413
simulated_annealing,rastrigin,105,15600,42.46938945333413
simulated_annealing,rastrigin,105,15700,42.46938945333413
simulated_annealing,rastrigin,105,15800,42.46938945333413
simulated_annealing,rastrigin,105,15900,42.46938945333413
simulated_annealing,rastrigin,105,16000,42.46938945333413
simulated_annealing,rastrigin,105,16100,42.46938945333413
simulated_annealing,rastrigin,105,16200,42.46938945333413
simulated_annealing,rastrigin,105,16300,42.46938945333413
simulated_annealing,rastrigin,105,16400,42.46938945333413
simulated_annealing,rastrigin,105,16500,42.46938945333413
simulated_annealing,rastrigin,105,16600,42.46938945333413
simulated_annealing,rastrigin,105,16700,42.46938945333413
simulated_annealing,rastrigin,105,16800,42.46938945333413
simulated_annealing,rastrigin,105,16900,42.46938945333413
simulated_annealing,rastrigin,105,17000,42.46938945333413
simulated_annealing,rastrigin,105,17100,42.46938945333413
simulated_annealing,rastrigin,105,17200,42.46938945333413
simulated_annealing,rastrigin,105,17300,42.46938945333413
simulated_annealing,rastrigin,105,17400,42.46938945333413
simulated_annealing,rastrigin,105,17500,42.46938945333413
simulated_annealing,rastrigin,105,17600,42.46938945333413
simulated_annealing,rastrigin,105,17700,42.46938945333413
simulated_annealing,rastrigin,105,17800,42.46938945333413
simulated_annealing,rastrigin,105,17900,42.46938945333413
simulated_annealing,rastrigin,105,18000,42.46938945333413
simulated_annealing,rastrigin,105,18100,42.46938945333413
simulated_annealing,rastrigin,105,18200,42.46938945333413
simulated_annealing,rastrigin,105,18300,42.46938945333413
simulated_annealing,rastrigin,105,18400,42.46938945333413
simulated_annealing,rastrigin,105,18500,42.46938945333413
simulated_annealing,rastrigin,105,18600,42.46938945333413
simulated_annealing,rastrigin,105,18700,42.46938945333413
simulated_annealing,rastrigin,105,18800,42.46938945333413
simulated_annealing,rastrigin,105,18900,42.46938945333413
simulated_annealing,rastrigin,105,19000,42.46938945333413
simulated_annealing,rastrigin,105,19100,42.46938945333413
simulated_annealing,rastrigin,105,19200,42.46938945333413
simulated_annealing,rastrigin,105,19300,42.46938945333413
simulated_annealing,rastrigin,105,19400,42.46938945333413
simulated_annealing,rastrigin,105,19500,42.46938945333413
simulated_annealing,rastrigin,105,19600,42.46938945333413
simulated_annealing,rastrigin,105,19700,42.46938945333413
simulated_annealing,rastrigin,105,19800,42.46938945333413
simulated_annealing,rastrigin,105,19900,42.46938945333413
simulated_annealing,rastrigin,105,20000,42.46938945333413
simulated_annealing,rastrigin,106,100,115.15690331772939
simulated_annealing,rastrigin,106,200,99.04758010011912
simulated_annealing,rastrigin,106,300,99.04758010011912
simulated_annealing,rastrigin,106,400,65.8680122005534
simulated_annealing,rastrigin,106,500,65.8680122005534
simulated_annealing,rastrigin,106,600,65.8680122005534
simulated_annealing,rastrigin,106,700,65.8680122005534
simulated_annealing,rastrigin,106,800,65.8680122005534
simulated_annealing,rastrigin,106,900,65.8680122005534
simulated_annealing,rastrigin,106,1000,60.34417297027734
simulated_annealing,rastrigin,106,1100,60.34417297027734
simulated_annealing,rastrigin,106,1200,60.34417297027734
simulated_annealing,rastrigin,106,1300,60.34417297027734
simulated_annealing,rastrigin,106,1400,60.34417297027734
simulated_annealing,rastrigin,106,1500,54.619814393701404
simulated_annealing,rastrigin,106,1600,54.619814393701404
simulated_annealing,rastrigin,106,1700,54.619814393701404
simulated_annealing,rastrigin,106,1800,54.619814393701404
simulated_annealing,rastrigin,106,1900,54.619814393701404
simulated_annealing,rastrigin,106,2000,54.619814393701404
simulated_annealing,rastrigin,106,2100,54.619814393701404
simulated_annealing,rastrigin,106,2200,54.619814393701404
simulated_annealing,rastrigin,106,2300,54.619814393701404
simulated_annealing,rastrigin,106,2400,54.619814393701404
simulated_annealing,rastrigin,106,2500,54.619814393701404
simulated_annealing,rastrigin,106,2600,54.619814393701404
simulated_annealing,rastrigin,106,2700,54.619814393701404
simulated_annealing,rastrigin,106,2800,54.619814393701404
simulated_annealing,rastrigin,106,2900,54.619814393701404
simulated_annealing,rastrigin,106,3000,54.619814393701404
simulated_annealing,rastrigin,106,3100,54.619814393701404
simulated_annealing,rastrigin,106,3200,54.619814393701404
simulated_annealing,rastrigin,106,3300,54.619814393701404
simulated_annealing,rastrigin,106,3400,54.619814393701404
simulated_annealing,rastrigin,106,3500,54.619814393701404
simulated_annealing,rastrigin,106,3600,54.619814393701404
simulated_annealing,rastrigin,106,3700,54.619814393701404
simulated_annealing,rastrigin,106,3800,54.619814393701404
simulated_annealing,rastrigin,106,3900,54.619814393701404
simulated_annealing,rastrigin,106,4000,54.619814393701404
simulated_annealing,rastrigin,106,4100,54.619814393701404
simulated_annealing,rastrigin,106,4200,54.619814393701404
simulated_annealing,rastrigin,106,4300,54.619814393701404
simulated_annealing,rastrigin,106,4400,54.619814393701404
simulated_annealing,rastrigin,106,4500,54.619814393701404
simulated_annealing,rastrigin,106,4600,54.619814393701404
simulated_annealing,rastrigin,106,4700,54.619814393701404
simulated_annealing,rastrigin,106,4800,54.619814393701404
simulated_annealing,rastrigin,106,4900,54.619814393701404
simulated_annealing,rastrigin,106,5000,54.619814393701404
simulated_annealing,rastrigin,106,5100,54.619814393701404
simulated_annealing,rastrigin,106,5200,54.619814393701404
simulated_annealing,rastrigin,106,5300,54.619814393701404
simulated_annealing,rastrigin,106,5400,54.619814393701404
simulated_annealing,rastrigin,106,5500,54.619814393701404
simulated_annealing,rastrigin,106,5600,54.619814393701404
simulated_annealing,rastrigin,106,5700,54.619814393701404
simulated_annealing,rastrigin,106,5800,54.619814393701404
simulated_annealing,rastrigin,106,5900,54.619814393701404
simulated_annealing,rastrigin,106,6000,54.619814393701404
simulated_annealing,rastrigin,106,6100,54.619814393701404
simulated_annealing,rastrigin,106,6200,54.619814393701404
simulated_annealing,rastrigin,106,6300,54.619814393701404
simulated_annealing,rastrigin,106,6400,54.619814393701404
simulated_annealing,rastrigin,106,6500,54.619814393701404
simulated_annealing,rastrigin,106,6600,54.619814393701404
simulated_annealing,rastrigin,106,6700,54.619814393701404
simulated_annealing,rastrigin,106,6800,54.619814393701404
simulated_annealing,rastrigin,106,6900,54.619814393701404
simulated_annealing,rastrigin,106,7000,54.619814393701404
simulated_annealing,rastrigin,106,7100,54.619814393701404
simulated_annealing,rastrigin,106,7200,54.619814393701404
simulated_annealing,rastrigin,106,7300,54.619814393701404
simulated_annealing,rastrigin,106,7400,54.619814393701404
simulated_annealing,rastrigin,106,7500,54.619814393701404
simulated_annealing,rastrigin,106,7600,54.619814393701404
simulated_annealing,rastrigin,106,7700,54.619814393701404
simulated_annealing,rastrigin,106,7800,54.619814393701404
simulated_annealing,rastrigin,106,7900,54.619814393701404
simulated_annealing,rastrigin,106,8000,54.619814393701404
simulated_annealing,rastrigin,106,8100,54.619814393701404
simulated_annealing,rastrigin,106,8200,54.619814393701404
simulated_annealing,rastrigin,106,8300,54.619814393701404
simulated_annealing,rastrigin,106,8400,54.619814393701404
simulated_annealing,rastrigin,106,8500,54.619814393701404
simulated_annealing,rastrigin,106,8600,54.619814393701404
simulated_annealing,rastrigin,106,8700,54.619814393701404
simulated_annealing,rastrigin,106,8800,54.619814393701404
simulated_annealing,rastrigin,106,8900,54.619814393701404
simulated_annealing,rastrigin,106,9000,54.619814393701404
simulated_annealing,rastrigin,106,9100,52.535124582778366
simulated_annealing,rastrigin,106,9200,51.25920091778379
simulated_annealing,rastrigin,106,9300,51.25920091778379
simulated_annealing,rastrigin,106,9400,51.25920091778379
simulated_annealing,rastrigin,106,9500,51.05575020590227
simulated_annealing,rastrigin,106,9600,51.05575020590227
simulated_annealing,rastrigin,106,9700,51.05575020590227
simulated_annealing,rastrigin,106,9800,51.05575020590227
simulated_annealing,rastrigin,106,9900,49.11660183825326
simulated_annealing,rastrigin,106,10000,49.11660183825326
simulated_annealing,rastrigin,106,10100,49.11660183825326
simulated_annealing,rastrigin,106,10200,49.11660183825326
simulated_annealing,rastrigin,106,10300,49.11660183825326
simulated_annealing,rastrigin,106,10400,49.11660183825326
simulated_annealing,rastrigin,106,10500,48.56460352211466
simulated_annealing,rastrigin,106,10600,48.56460352211466
simulated_annealing,rastrigin,106,10700,48.56460352211466
simulated_annealing,rastrigin,106,10800,48.56460352211466
simulated_annealing,rastrigin,106,10900,48.56460352211466
simulated_annealing,rastrigin,106,11000,48.56460352211466
simulated_annealing,rastrigin,106,11100,48.56460352211466
simulated_annealing,rastrigin,106,11200,48.56460352211466
simulated_annealing,rastrigin,106,11300,48.56460352211466
simulated_annealing,rastrigin,106,11400,48.56460352211466
simulated_annealing,rastrigin,106,11500,48.56460352211466
simulated_annealing,rastrigin,106,11600,48.56460352211466
simulated_annealing,rastrigin,106,11700,48.56460352211466
simulated_annealing,rastrigin,106,11800,48.56460352211466
simulated_annealing,rastrigin,106,11900,48.56460352211466
simulated_annealing,rastrigin,106,12000,48.56460352211466
simulated_annealing,rastrigin,106,12100,48.56460352211466
simulated_annealing,rastrigin,106,12200,48.56460352211466
simulated_annealing,rastrigin,106,12300,48.56460352211466
simulated_annealing,rastrigin,106,12400,48.56460352211466
simulated_annealing,rastrigin,106,12500,48.56460352211466
simulated_annealing,rastrigin,106,12600,48.56460352211466
simulated_annealing,rastrigin,106,12700,48.56460352211466
simulated_annealing,rastrigin,106,12800,48.56460352211466
simulated_annealing,rastrigin,106,12900,48.56460352211466
simulated_annealing,rastrigin,106,13000,48.56460352211466
simulated_annealing,rastrigin,106,13100,48.56460352211466
simulated_annealing,rastrigin,106,13200,48.56460352211466
simulated_annealing,rastrigin,106,13300,48.56460352211466
simulated_annealing,rastrigin,106,13400,48.56460352211466
simulated_annealing,rastrigin,106,13500,48.56460352211466
simulated_annealing,rastrigin,106,13600,48.56460352211466
simulated_annealing,rastrigin,106,13700,48.56460352211466
simulated_annealing,rastrigin,106,13800,48.56460352211466
simulated_annealing,rastrigin,106,13900,48.56460352211466
simulated_annealing,rastrigin,106,14000,48.56460352211466
simulated_annealing,rastrigin,106,14100,48.56460352211466
simulated_annealing,rastrigin,106,14200,48.56460352211466
simulated_annealing,rastrigin,106,14300,48.56460352211466
simulated_annealing,rastrigin,106,14400,48.56460352211466
simulated_annealing,rastrigin,106,14500,48.56460352211466
simulated_annealing,rastrigin,106,14600,48.56460352211466
simulated_annealing,rastrigin,106,14700,48.56460352211466
simulated_annealing,rastrigin,106,14800,48.56460352211466
simulated_annealing,rastrigin,106,14900,48.56460352211466
simulated_annealing,rastrigin,106,15000,48.56460352211466
simulated_annealing,rastrigin,106,15100,48.56460352211466
simulated_annealing,rastrigin,106,15200,48.56460352211466
simulated_annealing,rastrigin,106,15300,48.56460352211466
simulated_annealing,rastrigin,106,15400,48.56460352211466
simulated_annealing,rastrigin,106,15500,48.56460352211466
simulated_annealing,rastrigin,106,15600,48.56460352211466
simulated_annealing,rastrigin,106,15700,48.56460352211466
simulated_annealing,rastrigin,106,15800,48.56460352211466
simulated_annealing,rastrigin,106,15900,48.56460352211466
simulated_annealing,rastrigin,106,16000,48.56460352211466
simulated_annealing,rastrigin,106,16100,48.56460352211466
simulated_annealing,rastrigin,106,16200,48.56460352211466
simulated_annealing,rastrigin,106,16300,48.56460352211466
simulated_annealing,rastrigin,106,16400,48.56460352211466
simulated_annealing,rastrigin,106,16500,48.56460352211466
simulated_annealing,rastrigin,106,16600,48.56460352211466
simulated_annealing,rastrigin,106,16700,48.56460352211466
simulated_annealing,rastrigin,106,16800,48.56460352211466
simulated_annealing,rastrigin,106,16900,48.56460352211466
simulated_annealing,rastrigin,106,17000,48.56460352211466
simulated_annealing,rastrigin,106,17100,48.56460352211466
simulated_annealing,rastrigin,106,17200,48.56460352211466
simulated_annealing,rastrigin,106,17300,48.56460352211466
simulated_annealing,rastrigin,106,17400,48.56460352211466
simulated_annealing,rastrigin,106,17500,48.56460352211466
simulated_annealing,rastrigin,106,17600,48.56460352211466
simulated_annealing,rastrigin,106,17700,48.56460352211466
simulated_annealing,rastrigin,106,17800,48.56460352211466
simulated_annealing,rastrigin,106,17900,48.56460352211466
simulated_annealing,rastrigin,106,18000,48.56460352211466
simulated_annealing,rastrigin,106,18100,48.56460352211466
simulated_annealing,rastrigin,106,18200,48.56460352211466
simulated_annealing,rastrigin,106,18300,45.744648936607796
simulated_annealing,rastrigin,106,18400,45.744648936607796
simulated_annealing,rastrigin,106,18500,45.744648936607796
simulated_annealing,rastrigin,106,18600,45.744648936607796
simulated_annealing,rastrigin,106,18700,45.744648936607796
simulated_annealing,rastrigin,106,18800,45.744648936607796
simulated_annealing,rastrigin,106,18900,45.744648936607796
simulated_annealing,rastrigin,106,19000,45.744648936607796
simulated_annealing,rastrigin,106,19100,45.744648936607796
simulated_annealing,rastrigin,106,19200,45.744648936607796
simulated_annealing,rastrigin,106,19300,45.744648936607796
simulated_annealing,rastrigin,106,19400,45.744648936607796
simulated_annealing,rastrigin,106,19500,45.744648936607796
simulated_annealing,rastrigin,106,19600,45.744648936607796
simulated_annealing,rastrigin,106,19700,45.744648936607796
simulated_annealing,rastrigin,106,19800,45.744648936607796
simulated_annealing,rastrigin,106,19900,45.744648936607796
simulated_annealing,rastrigin,106,20000,45.744648936607796
simulated_annealing,rastrigin,107,100,83.35423809757125
simulated_annealing,rastrigin,107,200,78.53387638377419
simulated_annealing,rastrigin,107,300,78.53387638377419
simulated_annealing,rastrigin,107,400,78.53387638377419
simulated_annealing,rastrigin,107,500,77.9569345170136
simulated_annealing,rastrigin,107,600,74.9383026732445
simulated_annealing,rastrigin,107,700,73.07935725143561
simulated_annealing,rastrigin,107,800,73.07935725143561
simulated_annealing,rastrigin,107,900,73.07935725143561
simulated_annealing,rastrigin,107,1000,73.07935725143561
simulated_annealing,rastrigin,107,1100,73.07935725143561
simulated_annealing,rastrigin,107,1200,67.52041770709704
simulated_annealing,rastrigin,107,1300,67.52041770709704
simulated_annealing,rastrigin,107,1400,67.52041770709704
simulated_annealing,rastrigin,107,1500,67.52041770709704
simulated_annealing,rastrigin,107,1600,67.52041770709704
simulated_annealing,rastrigin,107,1700,67.52041770709704
simulated_annealing,rastrigin,107,1800,67.52041770709704
simulated_annealing,rastrigin,107,1900,67.52041770709704
simulated_annealing,rastrigin,107,2000,67.52041770709704
simulated_annealing,rastrigin,107,2100,67.52041770709704
simulated_annealing,rastrigin,107,2200,67.52041770709704
simulated_annealing,rastrigin,107,2300,67.52041770709704
simulated_annealing,rastrigin,107,2400,67.52041770709704
simulated_annealing,rastrigin,107,2500,67.52041770709704
simulated_annealing,rastrigin,107,2600,67.52041770709704
simulated_annealing,rastrigin,107,2700,67.52041770709704
simulated_annealing,rastrigin,107,2800,67.52041770709704
simulated_annealing,rastrigin,107,2900,67.52041770709704
simulated_annealing,rastrigin,107,3000,67.52041770709704
simulated_annealing,rastrigin,107,3100,67.52041770709704
simulated_annealing,rastrigin,107,3200,67.52041770709704
simulated_annealing,rastrigin,107,3300,67.52041770709704
simulated_annealing,rastrigin,107,3400,67.52041770709704
simulated_annealing,rastrigin,107,3500,67.52041770709704
simulated_annealing,rastrigin,107,3600,67.52041770709704
simulated_annealing,rastrigin,107,3700,67.52041770709704
simulated_annealing,rastrigin,107,3800,67.52041770709704
simulated_annealing,rastrigin,107,3900,67.52041770709704
simulated_annealing,rastrigin,107,4000,67.52041770709704
simulated_annealing,rastrigin,107,4100,67.52041770709704
simulated_annealing,rastrigin,107,4200,67.52041770709704
simulated_annealing,rastrigin,107,4300,67.52041770709704
simulated_annealing,rastrigin,107,4400,67.52041770709704
simulated_annealing,rastrigin,107,4500,67.52041770709704
simulated_annealing,rastrigin,107,4600,67.52041770709704
simulated_annealing,rastrigin,107,4700,67.52041770709704
simulated_annealing,rastrigin,107,4800,67.52041770709704
simulated_annealing,rastrigin,107,4900,67.52041770709704
simulated_annealing,rastrigin,107,5000,67.52041770709704
simulated_annealing,rastrigin,107,5100,67.52041770709704
simulated_annealing,rastrigin,107,5200,67.52041770709704
simulated_annealing,rastrigin,107,5300,67.52041770709704
simulated_annealing,rastrigin,107,5400,67.52041770709704
simulated_annealing,rastrigin,107,5500,67.52041770709704
simulated_annealing,rastrigin,107,5600,67.52041770709704
simulated_annealing,rastrigin,107,5700,67.52041770709704
simulated_annealing,rastrigin,107,5800,67.52041770709704
simulated_annealing,rastrigin,107,5900,67.52041770709704
simulated_annealing,rastrigin,107,6000,67.52041770709704
simulated_annealing,rastrigin,107,6100,67.52041770709704
simulated_annealing,rastrigin,107,6200,67.52041770709704
simulated_annealing,rastrigin,107,6300,67.52041770709704
simulated_annealing,rastrigin,107,6400,67.52041770709704
simulated_annealing,rastrigin,107,6500,67.52041770709704
simulated_annealing,rastrigin,107,6600,67.52041770709704
simulated_annealing,rastrigin,107,6700,67.52041770709704
simulated_annealing,rastrigin,107,6800,67.52041770709704
simulated_annealing,rastrigin,107,6900,67.52041770709704
simulated_annealing,rastrigin,107,7000,67.52041770709704
simulated_annealing,rastrigin,107,7100,67.52041770709704
simulated_annealing,rastrigin,107,7200,67.52041770709704
simulated_annealing,rastrigin,107,7300,67.52041770709704
simulated_annealing,rastrigin,107,7400,67.52041770709704
simulated_annealing,rastrigin,107,7500,67.52041770709704
simulated_annealing,rastrigin,107,7600,67.52041770709704
simulated_annealing,rastrigin,107,7700,67.52041770709704
simulated_annealing,rastrigin,107,7800,67.52041770709704
simulated_annealing,rastrigin,107,7900,67.52041770709704
simulated_annealing,rastrigin,107,8000,67.52041770709704
simulated_annealing,rastrigin,107,8100,67.52041770709704
simulated_annealing,rastrigin,107,8200,67.52041770709704
simulated_annealing,rastrigin,107,8300,67.52041770709704
simulated_annealing,rastrigin,107,8400,67.52041770709704
simulated_annealing,rastrigin,107,8500,67.52041770709704
simulated_annealing,rastrigin,107,8600,67.52041770709704
simulated_annealing,rastrigin,107,8700,67.52041770709704
simulated_annealing,rastrigin,107,8800,67.52041770709704
simulated_annealing,rastrigin,107,8900,67.52041770709704
simulated_annealing,rastrigin,107,9000,67.52041770709704
simulated_annealing,rastrigin,107,9100,67.52041770709704
simulated_annealing,rastrigin,107,9200,67.52041770709704
simulated_annealing,rastrigin,107,9300,67.52041770709704
simulated_annealing,rastrigin,107,9400,67.52041770709704
simulated_annealing,rastrigin,107,9500,67.52041770709704
simulated_annealing,rastrigin,107,9600,67.52041770709704
simulated_annealing,rastrigin,107,9700,67.52041770709704
simulated_annealing,rastrigin,107,9800,67.52041770709704
simulated_annealing,rastrigin,107,9900,67.52041770709704
simulated_annealing,rastrigin,107,10000,67.52041770709704
simulated_annealing,rastrigin,107,10100,67.52041770709704
simulated_annealing,rastrigin,107,10200,67.52041770709704
simulated_annealing,rastrigin,107,10300,67.52041770709704
simulated_annealing,rastrigin,107,10400,67.52041770709704
simulated_annealing,rastrigin,107,10500,67.52041770709704
simulated_annealing,rastrigin,107,10600,67.52041770709704
simulated_annealing,rastrigin,107,10700,67.52041770709704
simulated_annealing,rastrigin,107,10800,67.52041770709704
simulated_annealing,rastrigin,107,10900,67.52041770709704
simulated_annealing,rastrigin,107,11000,67.52041770709704
simulated_annealing,rastrigin,107,11100,67.52041770709704
simulated_annealing,rastrigin,107,11200,67.52041770709704
simulated_annealing,rastrigin,107,11300,67.52041770709704
simulated_annealing,rastrigin,107,11400,62.893095105028664
simulated_annealing,rastrigin,107,11500,62.893095105028664
simulated_annealing,rastrigin,107,11600,62.893095105028664
simulated_annealing,rastrigin,107,11700,62.893095105028664
simulated_annealing,rastrigin,107,11800,62.893095105028664
simulated_annealing,rastrigin,107,11900,62.893095105028664
simulated_annealing,rastrigin,107,12000,62.893095105028664
simulated_annealing,rastrigin,107,12100,62.893095105028664
simulated_annealing,rastrigin,107,12200,62.893095105028664
simulated_annealing,rastrigin,107,12300,62.893095105028664
simulated_annealing,rastrigin,107,12400,62.893095105028664
simulated_annealing,rastrigin,107,12500,62.893095105028664
simulated_annealing,rastrigin,107,12600,62.893095105028664
simulated_annealing,rastrigin,107,12700,62.893095105028664
simulated_annealing,rastrigin,107,12800,62.893095105028664
simulated_annealing,rastrigin,107,12900,62.893095105028664
simulated_annealing,rastrigin,107,13000,62.893095105028664
simulated_annealing,rastrigin,107,13100,62.893095105028664
simulated_annealing,rastrigin,107,13200,62.893095105028664
simulated_annealing,rastrigin,107,13300,62.893095105028664
simulated_annealing,rastrigin,107,13400,62.893095105028664
simulated_annealing,rastrigin,107,13500,62.893095105028664
simulated_annealing,rastrigin,107,13600,62.893095105028664
simulated_annealing,rastrigin,107,13700,62.893095105028664
simulated_annealing,rastrigin,107,13800,62.893095105028664
simulated_annealing,rastrigin,107,13900,62.893095105028664
simulated_annealing,rastrigin,107,14000,62.893095105028664
simulated_annealing,rastrigin,107,14100,62.893095105028664
simulated_annealing,rastrigin,107,14200,62.893095105028664
simulated_annealing,rastrigin,107,14300,62.893095105028664
simulated_annealing,rastrigin,107,14400,62.893095105028664
simulated_annealing,rastrigin,107,14500,62.893095105028664
simulated_annealing,rastrigin,107,14600,62.893095105028664
simulated_annealing,rastrigin,107,14700,62.893095105028664
simulated_annealing,rastrigin,107,14800,62.893095105028664
simulated_annealing,rastrigin,107,14900,62.893095105028664
simulated_annealing,rastrigin,107,15000,62.893095105028664
simulated_annealing,rastrigin,107,15100,62.893095105028664
simulated_annealing,rastrigin,107,15200,62.893095105028664
simulated_annealing,rastrigin,107,15300,62.893095105028664
simulated_annealing,rastrigin,107,15400,62.893095105028664
simulated_annealing,rastrigin,107,15500,62.893095105028664
simulated_annealing,rastrigin,107,15600,62.893095105028664
simulated_annealing,rastrigin,107,15700,62.893095105028664
simulated_annealing,rastrigin,107,15800,62.893095105028664
simulated_annealing,rastrigin,107,15900,62.893095105028664
simulated_annealing,rastrigin,107,16000,62.893095105028664
simulated_annealing,rastrigin,107,16100,62.893095105028664
simulated_annealing,rastrigin,107,16200,62.893095105028664
simulated_annealing,rastrigin,107,16300,62.893095105028664
simulated_annealing,rastrigin,107,16400,62.893095105028664
simulated_annealing,rastrigin,107,16500,62.893095105028664
simulated_annealing,rastrigin,107,16600,62.893095105028664
simulated_annealing,rastrigin,107,16700,62.893095105028664
simulated_annealing,rastrigin,107,16800,62.893095105028664
simulated_annealing,rastrigin,107,16900,62.893095105028664
simulated_annealing,rastrigin,107,17000,62.893095105028664
simulated_annealing,rastrigin,107,17100,62.893095105028664
simulated_annealing,rastrigin,107,17200,62.893095105028664
simulated_annealing,rastrigin,107,17300,62.893095105028664
simulated_annealing,rastrigin,107,17400,62.893095105028664
simulated_annealing,rastrigin,107,17500,62.893095105028664
simulated_annealing,rastrigin,107,17600,62.893095105028664
simulated_annealing,rastrigin,107,17700,62.893095105028664
simulated_annealing,rastrigin,107,17800,62.893095105028664
simulated_annealing,rastrigin,107,17900,62.893095105028664
simulated_annealing,rastrigin,107,18000,62.893095105028664
simulated_annealing,rastrigin,107,18100,62.893095105028664
simulated_annealing,rastrigin,107,18200,62.893095105028664
simulated_annealing,rastrigin,107,18300,62.893095105028664
simulated_annealing,rastrigin,107,18400,62.893095105028664
simulated_annealing,rastrigin,107,18500,62.893095105028664
simulated_annealing,rastrigin,107,18600,62.893095105028664
simulated_annealing,rastrigin,107,18700,62.893095105028664
simulated_annealing,rastrigin,107,18800,62.893095105028664
simulated_annealing,rastrigin,107,18900,62.893095105028664
simulated_annealing,rastrigin,107,19000,62.893095105028664
simulated_annealing,rastrigin,107,19100,62.893095105028664
simulated_annealing,rastrigin,107,19200,62.893095105028664
simulated_annealing,rastrigin,107,19300,62.893095105028664
simulated_annealing,rastrigin,107,19400,62.893095105028664
simulated_annealing,rastrigin,107,19500,62.893095105028664
simulated_annealing,rastrigin,107,19600,62.893095105028664
simulated_annealing,rastrigin,107,19700,62.893095105028664
simulated_annealing,rastrigin,107,19800,62.893095105028664
simulated_annealing,rastrigin,107,19900,62.893095105028664
simulated_annealing,rastrigin,107,20000,62.893095105028664
simulated_annealing,rastrigin,108,100,119.21015077215603
simulated_annealing,rastrigin,108,200,89.42677717325874
simulated_annealing,rastrigin,108,300,82.96024631345043
simulated_annealing,rastrigin,108,400,76.12567980201813
simulated_annealing,rastrigin,108,500,76.12567980201813
simulated_annealing,rastrigin,108,600,76.12567980201813
simulated_annealing,rastrigin,108,700,67.43821726215482
simulated_annealing,rastrigin,108,800,67.43821726215482
simulated_annealing,rastrigin,108,900,67.43821726215482
simulated_annealing,rastrigin,108,1000,51.87757578465402
simulated_annealing,rastrigin,108,1100,51.87757578465402
simulated_annealing,rastrigin,108,1200,51.87757578465402
simulated_annealing,rastrigin,108,1300,51.87757578465402
simulated_annealing,rastrigin,108,1400,37.3794851567299
simulated_annealing,rastrigin,108,1500,37.3794851567299
simulated_annealing,rastrigin,108,1600,37.3794851567299
simulated_annealing,rastrigin,108,1700,37.3794851567299
simulated_annealing,rastrigin,108,1800,37.3794851567299
simulated_annealing,rastrigin,108,1900,37.3794851567299
simulated_annealing,rastrigin,108,2000,37.3794851567299
simulated_annealing,rastrigin,108,2100,37.3794851567299
simulated_annealing,rastrigin,108,2200,37.3794851567299
simulated_annealing,rastrigin,108,2300,37.3794851567299
simulated_annealing,rastrigin,108,2400,37.3794851567299
simulated_annealing,rastrigin,108,2500,37.3794851567299
simulated_annealing,rastrigin,108,2600,37.3794851567299
simulated_annealing,rastrigin,108,2700,37.3794851567299
simulated_annealing,rastrigin,108,2800,37.3794851567299
simulated_annealing,rastrigin,108,2900,37.3794851567299
simulated_annealing,rastrigin,108,3000,37.3794851567299
simulated_annealing,rastrigin,108,3100,37.3794851567299
simulated_annealing,rastrigin,108,3200,37.3794851567299
simulated_annealing,rastrigin,108,3300,37.3794851567299
simulated_annealing,rastrigin,108,3400,37.3794851567299
simulated_annealing,rastrigin,108,3500,37.3794851567299
simulated_annealing,rastrigin,108,3600,37.3794851567299
simulated_annealing,rastrigin,108,3700,37.3794851567299
simulated_annealing,rastrigin,108,3800,37.3794851567299
simulated_annealing,rastrigin,108,3900,37.3794851567299
simulated_annealing,rastrigin,108,4000,37.3794851567299
simulated_annealing,rastrigin,108,4100,37.3794851567299
simulated_annealing,rastrigin,108,4200,37.3794851567299
simulated_annealing,rastrigin,108,4300,37.3794851567299
simulated_annealing,rastrigin,108,4400,37.3794851567299
simulated_annealing,rastrigin,108,4500,37.3794851567299
simulated_annealing,rastrigin,108,4600,37.3794851567299
simulated_annealing,rastrigin,108,4700,37.3794851567299
simulated_annealing,rastrigin,108,4800,37.3794851567299
simulated_annealing,rastrigin,108,4900,37.3794851567299
simulated_annealing,rastrigin,108,5000,37.3794851567299
simulated_annealing,rastrigin,108,5100,37.3794851567299
simulated_annealing,rastrigin,108,5200,37.3794851567299
simulated_annealing,rastrigin,108,5300,37.3794851567299
simulated_annealing,rastrigin,108,5400,37.3794851567299
simulated_annealing,rastrigin,108,5500,37.3794851567299
simulated_annealing,rastrigin,108,5600,37.3794851567299
simulated_annealing,rastrigin,108,5700,37.3794851567299
simulated_annealing,rastrigin,108,5800,37.3794851567299
simulated_annealing,rastrigin,108,5900,37.3794851567299
simulated_annealing,rastrigin,108,6000,37.3794851567299
simulated_annealing,rastrigin,108,6100,37.3794851567299
simulated_annealing,rastrigin,108,6200,37.3794851567299
simulated_annealing,rastrigin,108,6300,37.3794851567299
simulated_annealing,rastrigin,108,6400,37.3794851567299
simulated_annealing,rastrigin,108,6500,37.3794851567299
simulated_annealing,rastrigin,108,6600,37.3794851567299
simulated_annealing,rastrigin,108,6700,37.3794851567299
simulated_annealing,rastrigin,108,6800,37.3794851567299
simulated_annealing,rastrigin,108,6900,37.3794851567299
simulated_annealing,rastrigin,108,7000,37.3794851567299
simulated_annealing,rastrigin,108,7100,37.3794851567299
simulated_annealing,rastrigin,108,7200,37.3794851567299
simulated_annealing,rastrigin,108,7300,37.3794851567299
simulated_annealing,rastrigin,108,7400,37.3794851567299
simulated_annealing,rastrigin,108,7500,37.3794851567299
simulated_annealing,rastrigin,108,7600,37.3794851567299
simulated_annealing,rastrigin,108,7700,37.3794851567299
simulated_annealing,rastrigin,108,7800,37.3794851567299
simulated_annealing,rastrigin,108,7900,37.3794851567299
simulated_annealing,rastrigin,108,8000,37.3794851567299
simulated_annealing,rastrigin,108,8100,37.3794851567299
simulated_annealing,rastrigin,108,8200,37.3794851567299
simulated_annealing,rastrigin,108,8300,37.3794851567299
simulated_annealing,rastrigin,108,8400,37.3794851567299
simulated_annealing,rastrigin,108,8500,37.3794851567299
simulated_annealing,rastrigin,108,8600,37.3794851567299
simulated_annealing,rastrigin,108,8700,37.3794851567299
simulated_annealing,rastrigin,108,8800,37.3794851567299
simulated_annealing,rastrigin,108,8900,37.3794851567299
simulated_annealing,rastrigin,108,9000,37.3794851567299
simulated_annealing,rastrigin,108,9100,37.3794851567299
simulated_annealing,rastrigin,108,9200,37.3794851567299
simulated_annealing,rastrigin,108,9300,37.3794851567299
simulated_annealing,rastrigin,108,9400,37.3794851567299
simulated_annealing,rastrigin,108,9500,37.3794851567299
simulated_annealing,rastrigin,108,9600,37.3794851567299
simulated_annealing,rastrigin,108,9700,37.3794851567299
simulated_annealing,rastrigin,108,9800,37.3794851567299
simulated_annealing,rastrigin,108,9900,37.3794851567299
simulated_annealing,rastrigin,108,10000,37.3794851567299
simulated_annealing,rastrigin,108,10100,37.3794851567299
simulated_annealing,rastrigin,108,10200,37.3794851567299
simulated_annealing,rastrigin,108,10300,37.3794851567299
simulated_annealing,rastrigin,108,10400,37.3794851567299
simulated_annealing,rastrigin,108,10500,37.3794851567299
simulated_annealing,rastrigin,108,10600,37.3794851567299
simulated_annealing,rastrigin,108,10700,37.3794851567299
simulated_annealing,rastrigin,108,10800,37.3794851567299
simulated_annealing,rastrigin,108,10900,37.3794851567299
simulated_annealing,rastrigin,108,11000,37.3794851567299
simulated_annealing,rastrigin,108,11100,37.3794851567299
simulated_annealing,rastrigin,108,11200,37.3794851567299
simulated_annealing,rastrigin,108,11300,37.3794851567299
simulated_annealing,rastrigin,108,11400,37.3794851567299
simulated_annealing,rastrigin,108,11500,37.3794851567299
simulated_annealing,rastrigin,108,11600,37.3794851567299
simulated_annealing,rastrigin,108,11700,37.3794851567299
simulated_annealing,rastrigin,108,11800,37.3794851567299
simulated_annealing,rastrigin,108,11900,37.3794851567299
simulated_annealing,rastrigin,108,12000,37.3794851567299
simulated_annealing,rastrigin,108,12100,37.3794851567299
simulated_annealing,rastrigin,108,12200,37.3794851567299
simulated_annealing,rastrigin,108,12300,37.3794851567299
simulated_annealing,rastrigin,108,12400,37.3794851567299
simulated_annealing,rastrigin,108,12500,37.3794851567299
simulated_annealing,rastrigin,108,12600,37.3794851567299
simulated_annealing,rastrigin,108,12700,37.3794851567299
simulated_annealing,rastrigin,108,12800,37.3794851567299
simulated_annealing,rastrigin,108,12900,37.3794851567299
simulated_annealing,rastrigin,108,13000,37.3794851567299
simulated_annealing,rastrigin,108,13100,37.3794851567299
simulated_annealing,rastrigin,108,13200,37.3794851567299
simulated_annealing,rastrigin,108,13300,37.3794851567299
simulated_annealing,rastrigin,108,13400,37.3794851567299
simulated_annealing,rastrigin,108,13500,37.3794851567299
simulated_annealing,rastrigin,108,13600,37.3794851567299
simulated_annealing,rastrigin,108,13700,37.3794851567299
simulated_annealing,rastrigin,108,13800,37.3794851567299
simulated_annealing,rastrigin,108,13900,37.3794851567299
simulated_annealing,rastrigin,108,14000,37.3794851567299
simulated_annealing,rastrigin,108,14100,37.3794851567299
simulated_annealing,rastrigin,108,14200,37.3794851567299
simulated_annealing,rastrigin,108,14300,37.3794851567299
simulated_annealing,rastrigin,108,14400,37.3794851567299
simulated_annealing,rastrigin,108,14500,37.3794851567299
simulated_annealing,rastrigin,108,14600,37.3794851567299
simulated_annealing,rastrigin,108,14700,37.3794851567299
simulated_annealing,rastrigin,108,14800,37.3794851567299
simulated_annealing,rastrigin,108,14900,37.3794851567299
simulated_annealing,rastrigin,108,15000,37.3794851567299
simulated_annealing,rastrigin,108,15100,37.3794851567299
simulated_annealing,rastrigin,108,15200,37.3794851567299
simulated_annealing,rastrigin,108,15300,37.3794851567299
simulated_annealing,rastrigin,108,15400,37.3794851567299
simulated_annealing,rastrigin,108,15500,37.3794851567299
simulated_annealing,rastrigin,108,15600,37.3794851567299
simulated_annealing,rastrigin,108,15700,37.3794851567299
simulated_annealing,rastrigin,108,15800,37.3794851567299
simulated_annealing,rastrigin,108,15900,37.3794851567299
simulated_annealing,rastrigin,108,16000,37.3794851567299
simulated_annealing,rastrigin,108,16100,37.3794851567299
simulated_annealing,rastrigin,108,16200,37.3794851567299
simulated_annealing,rastrigin,108,16300,37.3794851567299
simulated_annealing,rastrigin,108,16400,37.3794851567299
simulated_annealing,rastrigin,108,16500,37.3794851567299
simulated_annealing,rastrigin,108,16600,37.3794851567299
simulated_annealing,rastrigin,108,16700,37.3794851567299
simulated_annealing,rastrigin,108,16800,37.3794851567299
simulated_annealing,rastrigin,108,16900,37.3794851567299
simulated_annealing,rastrigin,108,17000,37.3794851567299
simulated_annealing,rastrigin,108,17100,37.3794851567299
simulated_annealing,rastrigin,108,17200,37.3794851567299
simulated_annealing,rastrigin,108,17300,37.3794851567299
simulated_annealing,rastrigin,108,17400,37.3794851567299
simulated_annealing,rastrigin,108,17500,37.3794851567299
simulated_annealing,rastrigin,108,17600,37.3794851567299
simulated_annealing,rastrigin,108,17700,37.3794851567299
simulated_annealing,rastrigin,108,17800,37.3794851567299
simulated_annealing,rastrigin,108,17900,37.3794851567299
simulated_annealing,rastrigin,108,18000,36.041276494046215
simulated_annealing,rastrigin,108,18100,36.041276494046215
simulated_annealing,rastrigin,108,18200,36.041276494046215
simulated_annealing,rastrigin,108,18300,36.041276494046215
simulated_annealing,rastrigin,108,18400,36.041276494046215
simulated_annealing,rastrigin,108,18500,36.041276494046215
simulated_annealing,rastrigin,108,18600,36.041276494046215
simulated_annealing,rastrigin,108,18700,36.041276494046215
simulated_annealing,rastrigin,108,18800,36.041276494046215
simulated_annealing,rastrigin,108,18900,36.041276494046215
simulated_annealing,rastrigin,108,19000,36.041276494046215
simulated_annealing,rastrigin,108,19100,36.041276494046215
simulated_annealing,rastrigin,108,19200,36.041276494046215
simulated_annealing,rastrigin,108,19300,36.041276494046215
simulated_annealing,rastrigin,108,19400,36.041276494046215
simulated_annealing,rastrigin,108,19500,36.041276494046215
simulated_annealing,rastrigin,108,19600,36.041276494046215
simulated_annealing,rastrigin,108,19700,36.041276494046215
simulated_annealing,rastrigin,108,19800,36.041276494046215
simulated_annealing,rastrigin,108,19900,36.041276494046215
simulated_annealing,rastrigin,108,20000,36.041276494046215
simulated_annealing,rastrigin,109,100,104.49349393559473
simulated_annealing,rastrigin,109,200,85.15264123060277
simulated_annealing,rastrigin,109,300,84.07701947884448
simulated_annealing,rastrigin,109,400,84.07701947884448
simulated_annealing,rastrigin,109,500,84.07701947884448
simulated_annealing,rastrigin,109,600,84.07701947884448
simulated_annealing,rastrigin,109,700,84.07701947884448
simulated_annealing,rastrigin,109,800,84.07701947884448
simulated_annealing,rastrigin,109,900,84.07701947884448
simulated_annealing,rastrigin,109,1000,84.07701947884448
simulated_annealing,rastrigin,109,1100,84.07701947884448
simulated_annealing,rastrigin,109,1200,84.07701947884448
simulated_annealing,rastrigin,109,1300,84.07701947884448
simulated_annealing,rastrigin,109,1400,84.07701947884448
simulated_annealing,rastrigin,109,1500,84.07701947884448
simulated_annealing,rastrigin,109,1600,84.07701947884448
simulated_annealing,rastrigin,109,1700,84.07701947884448
simulated_annealing,rastrigin,109,1800,84.07701947884448
simulated_annealing,rastrigin,109,1900,84.07701947884448
simulated_annealing,rastrigin,109,2000,84.07701947884448
simulated_annealing,rastrigin,109,2100,84.07701947884448
simulated_annealing,rastrigin,109,2200,84.07701947884448
simulated_annealing,rastrigin,109,2300,84.07701947884448
simulated_annealing,rastrigin,109,2400,84.07701947884448
simulated_annealing,rastrigin,109,2500,84.07701947884448
simulated_annealing,rastrigin,109,2600,84.07701947884448
simulated_annealing,rastrigin,109,2700,84.07701947884448
simulated_annealing,rastrigin,109,2800,84.07701947884448
simulated_annealing,rastrigin,109,2900,84.07701947884448
simulated_annealing,rastrigin,109,3000,84.07701947884448
simulated_annealing,rastrigin,109,3100,84.07701947884448
simulated_annealing,rastrigin,109,3200,84.07701947884448
simulated_annealing,rastrigin,109,3300,84.07701947884448
simulated_annealing,rastrigin,109,3400,84.07701947884448
simulated_annealing,rastrigin,109,3500,84.07701947884448
simulated_annealing,rastrigin,109,3600,84.07701947884448
simulated_annealing,rastrigin,109,3700,84.07701947884448
simulated_annealing,rastrigin,109,3800,84.07701947884448
simulated_annealing,rastrigin,109,3900,84.07701947884448
simulated_annealing,rastrigin,109,4000,84.07701947884448
simulated_annealing,rastrigin,109,4100,84.07701947884448
simulated_annealing,rastrigin,109,4200,84.07701947884448
simulated_annealing,rastrigin,109,4300,84.07701947884448
simulated_annealing,rastrigin,109,4400,74.99128150817859
simulated_annealing,rastrigin,109,4500,66.45107837397282
simulated_annealing,rastrigin,109,4600,66.45107837397282
simulated_annealing,rastrigin,109,4700,57.865403020863496
simulated_annealing,rastrigin,109,4800,57.865403020863496
simulated_annealing,rastrigin,109,4900,57.865403020863496
simulated_annealing,rastrigin,109,5000,57.865403020863496
simulated_annealing,rastrigin,109,5100,36.70088991355143
simulated_annealing,rastrigin,109,5200,36.70088991355143
simulated_annealing,rastrigin,109,5300,36.70088991355143
simulated_annealing,rastrigin,109,5400,36.70088991355143
simulated_annealing,rastrigin,109,5500,36.70088991355143
simulated_annealing,rastrigin,109,5600,36.70088991355143
simulated_annealing,rastrigin,109,5700,36.70088991355143
simulated_annealing,rastrigin,109,5800,36.70088991355143
simulated_annealing,rastrigin,109,5900,36.70088991355143
simulated_annealing,rastrigin,109,6000,36.70088991355143
simulated_annealing,rastrigin,109,6100,36.70088991355143
simulated_annealing,rastrigin,109,6200,36.70088991355143
simulated_annealing,rastrigin,109,6300,36.70088991355143
simulated_annealing,rastrigin,109,6400,36.70088991355143
simulated_annealing,rastrigin,109,6500,36.70088991355143
simulated_annealing,rastrigin,109,6600,36.70088991355143
simulated_annealing,rastrigin,109,6700,36.70088991355143
simulated_annealing,rastrigin,109,6800,36.70088991355143
simulated_annealing,rastrigin,109,6900,36.70088991355143
simulated_annealing,rastrigin,109,7000,36.70088991355143
simulated_annealing,rastrigin,109,7100,36.70088991355143
simulated_annealing,rastrigin,109,7200,36.70088991355143
simulated_annealing,rastrigin,109,7300,36.70088991355143
simulated_annealing,rastrigin,109,7400,36.70088991355143
simulated_annealing,rastrigin,109,7500,36.70088991355143
simulated_annealing,rastrigin,109,7600,36.70088991355143
simulated_annealing,rastrigin,109,7700,36.70088991355143
simulated_annealing,rastrigin,109,7800,36.70088991355143
simulated_annealing,rastrigin,109,7900,36.70088991355143
simulated_annealing,rastrigin,109,8000,36.70088991355143
simulated_annealing,rastrigin,109,8100,36.70088991355143
simulated_annealing,rastrigin,109,8200,36.70088991355143
simulated_annealing,rastrigin,109,8300,36.70088991355143
simulated_annealing,rastrigin,109,8400,36.70088991355143
simulated_annealing,rastrigin,109,8500,36.70088991355143
simulated_annealing,rastrigin,109,8600,36.70088991355143
simulated_annealing,rastrigin,109,8700,36.70088991355143
simulated_annealing,rastrigin,109,8800,36.70088991355143
simulated_annealing,rastrigin,109,8900,36.70088991355143
simulated_annealing,rastrigin,109,9000,36.70088991355143
simulated_annealing,rastrigin,109,9100,36.70088991355143
simulated_annealing,rastrigin,109,9200,36.70088991355143
simulated_annealing,rastrigin,109,9300,36.70088991355143
simulated_annealing,rastrigin,109,9400,36.70088991355143
simulated_annealing,rastrigin,109,9500,36.70088991355143
simulated_annealing,rastrigin,109,9600,36.70088991355143
simulated_annealing,rastrigin,109,9700,36.70088991355143
simulated_annealing,rastrigin,109,9800,36.70088991355143
simulated_annealing,rastrigin,109,9900,36.70088991355143
simulated_annealing,rastrigin,109,10000,36.70088991355143
simulated_annealing,rastrigin,109,10100,36.70088991355143
simulated_annealing,rastrigin,109,10200,36.70088991355143
simulated_annealing,rastrigin,109,10300,36.70088991355143
simulated_annealing,rastrigin,109,10400,36.70088991355143
simulated_annealing,rastrigin,109,10500,36.70088991355143
simulated_annealing,rastrigin,109,10600,36.70088991355143
simulated_annealing,rastrigin,109,10700,36.70088991355143
simulated_annealing,rastrigin,109,10800,36.70088991355143
simulated_annealing,rastrigin,109,10900,36.70088991355143
simulated_annealing,rastrigin,109,11000,36.70088991355143
simulated_annealing,rastrigin,109,11100,36.70088991355143
simulated_annealing,rastrigin,109,11200,36.70088991355143
simulated_annealing,rastrigin,109,11300,36.70088991355143
simulated_annealing,rastrigin,109,11400,36.70088991355143
simulated_annealing,rastrigin,109,11500,36.70088991355143
simulated_annealing,rastrigin,109,11600,36.70088991355143
simulated_annealing,rastrigin,109,11700,36.70088991355143
simulated_annealing,rastrigin,109,11800,36.70088991355143
simulated_annealing,rastrigin,109,11900,36.70088991355143
simulated_annealing,rastrigin,109,12000,36.70088991355143
simulated_annealing,rastrigin,109,12100,36.70088991355143
simulated_annealing,rastrigin,109,12200,36.70088991355143
simulated_annealing,rastrigin,109,12300,36.70088991355143
simulated_annealing,rastrigin,109,12400,36.70088991355143
simulated_annealing,rastrigin,109,12500,36.70088991355143
simulated_annealing,rastrigin,109,12600,36.70088991355143
simulated_annealing,rastrigin,109,12700,36.70088991355143
simulated_annealing,rastrigin,109,12800,36.70088991355143
simulated_annealing,rastrigin,109,12900,36.70088991355143
simulated_annealing,rastrigin,109,13000,36.70088991355143
simulated_annealing,rastrigin,109,13100,36.70088991355143
simulated_annealing,rastrigin,109,13200,36.70088991355143
simulated_annealing,rastrigin,109,13300,36.70088991355143
simulated_annealing,rastrigin,109,13400,36.70088991355143
simulated_annealing,rastrigin,109,13500,36.70088991355143
simulated_annealing,rastrigin,109,13600,36.70088991355143
simulated_annealing,rastrigin,109,13700,36.70088991355143
simulated_annealing,rastrigin,109,13800,36.70088991355143
simulated_annealing,rastrigin,109,13900,36.70088991355143
simulated_annealing,rastrigin,109,14000,36.70088991355143
simulated_annealing,rastrigin,109,14100,36.70088991355143
simulated_annealing,rastrigin,109,14200,36.70088991355143
simulated_annealing,rastrigin,109,14300,36.70088991355143
simulated_annealing,rastrigin,109,14400,36.70088991355143
simulated_annealing,rastrigin,109,14500,36.70088991355143
simulated_annealing,rastrigin,109,14600,36.70088991355143
simulated_annealing,rastrigin,109,14700,36.70088991355143
simulated_annealing,rastrigin,109,14800,36.70088991355143
simulated_annealing,rastrigin,109,14900,36.70088991355143
simulated_annealing,rastrigin,109,15000,36.70088991355143
simulated_annealing,rastrigin,109,15100,36.70088991355143
simulated_annealing,rastrigin,109,15200,36.70088991355143
simulated_annealing,rastrigin,109,15300,36.70088991355143
simulated_annealing,rastrigin,109,15400,36.70088991355143
simulated_annealing,rastrigin,109,15500,36.70088991355143
simulated_annealing,rastrigin,109,15600,36.70088991355143
simulated_annealing,rastrigin,109,15700,36.70088991355143
simulated_annealing,rastrigin,109,15800,36.70088991355143
simulated_annealing,rastrigin,109,15900,36.70088991355143
simulated_annealing,rastrigin,109,16000,36.70088991355143
simulated_annealing,rastrigin,109,16100,36.70088991355143
simulated_annealing,rastrigin,109,16200,36.70088991355143
simulated_annealing,rastrigin,109,16300,36.70088991355143
simulated_annealing,rastrigin,109,16400,36.70088991355143
simulated_annealing,rastrigin,109,16500,36.70088991355143
simulated_annealing,rastrigin,109,16600,36.70088991355143
simulated_annealing,rastrigin,109,16700,36.70088991355143
simulated_annealing,rastrigin,109,16800,36.70088991355143
simulated_annealing,rastrigin,109,16900,36.70088991355143
simulated_annealing,rastrigin,109,17000,36.70088991355143
simulated_annealing,rastrigin,109,17100,36.70088991355143
simulated_annealing,rastrigin,109,17200,36.70088991355143
simulated_annealing,rastrigin,109,17300,36.70088991355143
simulated_annealing,rastrigin,109,17400,36.70088991355143
simulated_annealing,rastrigin,109,17500,36.70088991355143
simulated_annealing,rastrigin,109,17600,36.70088991355143
simulated_annealing,rastrigin,109,17700,36.70088991355143
simulated_annealing,rastrigin,109,17800,36.70088991355143
simulated_annealing,rastrigin,109,17900,36.70088991355143
simulated_annealing,rastrigin,109,18000,36.70088991355143
simulated_annealing,rastrigin,109,18100,36.70088991355143
simulated_annealing,rastrigin,109,18200,36.70088991355143
simulated_annealing,rastrigin,109,18300,36.70088991355143
simulated_annealing,rastrigin,109,18400,36.70088991355143
simulated_annealing,rastrigin,109,18500,36.70088991355143
simulated_annealing,rastrigin,109,18600,36.70088991355143
simulated_annealing,rastrigin,109,18700,36.70088991355143
simulated_annealing,rastrigin,109,18800,36.70088991355143
simulated_annealing,rastrigin,109,18900,36.70088991355143
simulated_annealing,rastrigin,109,19000,36.70088991355143
simulated_annealing,rastrigin,109,19100,36.70088991355143
simulated_annealing,rastrigin,109,19200,36.70088991355143
simulated_annealing,rastrigin,109,19300,36.70088991355143
simulated_annealing,rastrigin,109,19400,36.70088991355143
simulated_annealing,rastrigin,109,19500,36.70088991355143
simulated_annealing,rastrigin,109,19600,36.70088991355143
simulated_annealing,rastrigin,109,19700,36.70088991355143
simulated_annealing,rastrigin,109,19800,36.70088991355143
simulated_annealing,rastrigin,109,19900,36.70088991355143
simulated_annealing,rastrigin,109,20000,36.70088991355143
simulated_annealing,rastrigin,110,100,116.03014384921246
simulated_annealing,rastrigin,110,200,96.81306570633284
simulated_annealing,rastrigin,110,300,77.93370290037896
simulated_annealing,rastrigin,110,400,77.93370290037896
simulated_annealing,rastrigin,110,500,77.93370290037896
simulated_annealing,rastrigin,110,600,62.88378861607429
simulated_annealing,rastrigin,110,700,62.88378861607429
simulated_annealing,rastrigin,110,800,62.88378861607429
simulated_annealing,rastrigin,110,900,62.88378861607429
simulated_annealing,rastrigin,110,1000,58.36168644256567
simulated_annealing,rastrigin,110,1100,58.36168644256567
simulated_annealing,rastrigin,110,1200,51.63495798925025
simulated_annealing,rastrigin,110,1300,51.63495798925025
simulated_annealing,rastrigin,110,1400,51.63495798925025
simulated_annealing,rastrigin,110,1500,51.63495798925025
simulated_annealing,rastrigin,110,1600,51.63495798925025
simulated_annealing,rastrigin,110,1700,51.63495798925025
simulated_annealing,rastrigin,110,1800,51.63495798925025
simulated_annealing,rastrigin,110,1900,51.63495798925025
simulated_annealing,rastrigin,110,2000,51.63495798925025
simulated_annealing,rastrigin,110,2100,51.63495798925025
simulated_annealing,rastrigin,110,2200,51.63495798925025
simulated_annealing,rastrigin,110,2300,51.63495798925025
simulated_annealing,rastrigin,110,2400,51.63495798925025
simulated_annealing,rastrigin,110,2500,51.63495798925025
simulated_annealing,rastrigin,110,2600,51.63495798925025
simulated_annealing,rastrigin,110,2700,51.63495798925025
simulated_annealing,rastrigin,110,2800,51.63495798925025
simulated_annealing,rastrigin,110,2900,51.63495798925025
simulated_annealing,rastrigin,110,3000,51.63495798925025
simulated_annealing,rastrigin,110,3100,51.63495798925025
simulated_annealing,rastrigin,110,3200,51.63495798925025
simulated_annealing,rastrigin,110,3300,51.63495798925025
simulated_annealing,rastrigin,110,3400,51.63495798925025
simulated_annealing,rastrigin,110,3500,51.63495798925025
simulated_annealing,rastrigin,110,3600,51.63495798925025
simulated_annealing,rastrigin,110,3700,51.63495798925025
simulated_annealing,rastrigin,110,3800,51.63495798925025
simulated_annealing,rastrigin,110,3900,51.63495798925025
simulated_annealing,rastrigin,110,4000,51.63495798925025
simulated_annealing,rastrigin,110,4100,51.63495798925025
simulated_annealing,rastrigin,110,4200,51.63495798925025
simulated_annealing,rastrigin,110,4300,51.63495798925025
simulated_annealing,rastrigin,110,4400,51.63495798925025
simulated_annealing,rastrigin,110,4500,51.63495798925025
simulated_annealing,rastrigin,110,4600,51.63495798925025
simulated_annealing,rastrigin,110,4700,51.63495798925025
simulated_annealing,rastrigin,110,4800,51.63495798925025
simulated_annealing,rastrigin,110,4900,51.63495798925025
simulated_annealing,rastrigin,110,5000,51.63495798925025
simulated_annealing,rastrigin,110,5100,51.63495798925025
simulated_annealing,rastrigin,110,5200,51.63495798925025
simulated_annealing,rastrigin,110,5300,51.63495798925025
simulated_annealing,rastrigin,110,5400,51.63495798925025
simulated_annealing,rastrigin,110,5500,51.63495798925025
simulated_annealing,rastrigin,110,5600,51.63495798925025
simulated_annealing,rastrigin,110,5700,51.63495798925025
simulated_annealing,rastrigin,110,5800,51.63495798925025
simulated_annealing,rastrigin,110,5900,51.63495798925025
simulated_annealing,rastrigin,110,6000,51.63495798925025
simulated_annealing,rastrigin,110,6100,51.63495798925025
simulated_annealing,rastrigin,110,6200,51.63495798925025
simulated_annealing,rastrigin,110,6300,51.63495798925025
simulated_annealing,rastrigin,110,6400,51.63495798925025
simulated_annealing,rastrigin,110,6500,51.63495798925025
simulated_annealing,rastrigin,110,6600,51.63495798925025
simulated_annealing,rastrigin,110,6700,51.63495798925025
simulated_annealing,rastrigin,110,6800,51.63495798925025
simulated_annealing,rastrigin,110,6900,51.63495798925025
simulated_annealing,rastrigin,110,7000,51.63495798925025
simulated_annealing,rastrigin,110,7100,51.63495798925025
simulated_annealing,rastrigin,110,7200,51.63495798925025
simulated_annealing,rastrigin,110,7300,51.63495798925025
simulated_annealing,rastrigin,110,7400,51.63495798925025
simulated_annealing,rastrigin,110,7500,51.63495798925025
simulated_annealing,rastrigin,110,7600,51.63495798925025
simulated_annealing,rastrigin,110,7700,51.63495798925025
simulated_annealing,rastrigin,110,7800,51.63495798925025
simulated_annealing,rastrigin,110,7900,51.63495798925025
simulated_annealing,rastrigin,110,8000,51.63495798925025
simulated_annealing,rastrigin,110,8100,51.63495798925025
simulated_annealing,rastrigin,110,8200,51.63495798925025
simulated_annealing,rastrigin,110,8300,51.63495798925025
simulated_annealing,rastrigin,110,8400,51.63495798925025
simulated_annealing,rastrigin,110,8500,51.63495798925025
simulated_annealing,rastrigin,110,8600,51.63495798925025
simulated_annealing,rastrigin,110,8700,51.63495798925025
simulated_annealing,rastrigin,110,8800,51.63495798925025
simulated_annealing,rastrigin,110,8900,51.63495798925025
simulated_annealing,rastrigin,110,9000,51.63495798925025
simulated_annealing,rastrigin,110,9100,51.63495798925025
simulated_annealing,rastrigin,110,9200,51.63495798925025
simulated_annealing,rastrigin,110,9300,51.63495798925025
simulated_annealing,rastrigin,110,9400,51.63495798925025
simulated_annealing,rastrigin,110,9500,51.63495798925025
simulated_annealing,rastrigin,110,9600,51.63495798925025
simulated_annealing,rastrigin,110,9700,51.63495798925025
simulated_annealing,rastrigin,110,9800,51.63495798925025
simulated_annealing,rastrigin,110,9900,51.63495798925025
simulated_annealing,rastrigin,110,10000,51.63495798925025
simulated_annealing,rastrigin,110,10100,51.63495798925025
simulated_annealing,rastrigin,110,10200,51.63495798925025
simulated_annealing,rastrigin,110,10300,51.63495798925025
simulated_annealing,rastrigin,110,10400,51.63495798925025
simulated_annealing,rastrigin,110,10500,51.63495798925025
simulated_annealing,rastrigin,110,10600,51.63495798925025
simulated_annealing,rastrigin,110,10700,51.63495798925025
simulated_annealing,rastrigin,110,10800,51.63495798925025
simulated_annealing,rastrigin,110,10900,51.63495798925025
simulated_annealing,rastrigin,110,11000,51.63495798925025
simulated_annealing,rastrigin,110,11100,51.63495798925025
simulated_annealing,rastrigin,110,11200,51.63495798925025
simulated_annealing,rastrigin,110,11300,51.63495798925025
simulated_annealing,rastrigin,110,11400,51.63495798925025
simulated_annealing,rastrigin,110,11500,51.63495798925025
simulated_annealing,rastrigin,110,11600,51.63495798925025
simulated_annealing,rastrigin,110,11700,51.63495798925025
simulated_annealing,rastrigin,110,11800,51.63495798925025
simulated_annealing,rastrigin,110,11900,51.63495798925025
simulated_annealing,rastrigin,110,12000,51.63495798925025
simulated_annealing,rastrigin,110,12100,51.63495798925025
simulated_annealing,rastrigin,110,12200,51.63495798925025
simulated_annealing,rastrigin,110,12300,51.63495798925025
simulated_annealing,rastrigin,110,12400,51.63495798925025
simulated_annealing,rastrigin,110,12500,51.63495798925025
simulated_annealing,rastrigin,110,12600,51.63495798925025
simulated_annealing,rastrigin,110,12700,51.63495798925025
simulated_annealing,rastrigin,110,12800,51.63495798925025
simulated_annealing,rastrigin,110,12900,51.63495798925025
simulated_annealing,rastrigin,110,13000,51.63495798925025
simulated_annealing,rastrigin,110,13100,51.63495798925025
simulated_annealing,rastrigin,110,13200,51.63495798925025
simulated_annealing,rastrigin,110,13300,51.63495798925025
simulated_annealing,rastrigin,110,13400,51.63495798925025
simulated_annealing,rastrigin,110,13500,51.63495798925025
simulated_annealing,rastrigin,110,13600,51.63495798925025
simulated_annealing,rastrigin,110,13700,51.63495798925025
simulated_annealing,rastrigin,110,13800,51.63495798925025
simulated_annealing,rastrigin,110,13900,51.63495798925025
simulated_annealing,rastrigin,110,14000,51.63495798925025
simulated_annealing,rastrigin,110,14100,51.63495798925025
simulated_annealing,rastrigin,110,14200,51.63495798925025
simulated_annealing,rastrigin,110,14300,51.63495798925025
simulated_annealing,rastrigin,110,14400,51.63495798925025
simulated_annealing,rastrigin,110,14500,51.63495798925025
simulated_annealing,rastrigin,110,14600,51.63495798925025
simulated_annealing,rastrigin,110,14700,51.63495798925025
simulated_annealing,rastrigin,110,14800,51.63495798925025
simulated_annealing,rastrigin,110,14900,51.63495798925025
simulated_annealing,rastrigin,110,15000,51.63495798925025
simulated_annealing,rastrigin,110,15100,51.63495798925025
simulated_annealing,rastrigin,110,15200,51.63495798925025
simulated_annealing,rastrigin,110,15300,51.63495798925025
simulated_annealing,rastrigin,110,15400,51.63495798925025
simulated_annealing,rastrigin,110,15500,51.63495798925025
simulated_annealing,rastrigin,110,15600,51.63495798925025
simulated_annealing,rastrigin,110,15700,51.63495798925025
simulated_annealing,rastrigin,110,15800,51.63495798925025
simulated_annealing,rastrigin,110,15900,51.63495798925025
simulated_annealing,rastrigin,110,16000,51.63495798925025
simulated_annealing,rastrigin,110,16100,51.63495798925025
simulated_annealing,rastrigin,110,16200,51.63495798925025
simulated_annealing,rastrigin,110,16300,51.63495798925025
simulated_annealing,rastrigin,110,16400,51.63495798925025
simulated_annealing,rastrigin,110,16500,51.63495798925025
simulated_annealing,rastrigin,110,16600,51.63495798925025
simulated_annealing,rastrigin,110,16700,51.63495798925025
simulated_annealing,rastrigin,110,16800,51.63495798925025
simulated_annealing,rastrigin,110,16900,51.63495798925025
simulated_annealing,rastrigin,110,17000,51.63495798925025
simulated_annealing,rastrigin,110,17100,51.63495798925025
simulated_annealing,rastrigin,110,17200,51.63495798925025
simulated_annealing,rastrigin,110,17300,51.63495798925025
simulated_annealing,rastrigin,110,17400,51.63495798925025
simulated_annealing,rastrigin,110,17500,51.63495798925025
simulated_annealing,rastrigin,110,17600,51.63495798925025
simulated_annealing,rastrigin,110,17700,51.63495798925025
simulated_annealing,rastrigin,110,17800,51.63495798925025
simulated_annealing,rastrigin,110,17900,51.63495798925025
simulated_annealing,rastrigin,110,18000,51.63495798925025
simulated_annealing,rastrigin,110,18100,51.63495798925025
simulated_annealing,rastrigin,110,18200,51.63495798925025
simulated_annealing,rastrigin,110,18300,51.63495798925025
simulated_annealing,rastrigin,110,18400,51.63495798925025
simulated_annealing,rastrigin,110,18500,51.63495798925025
simulated_annealing,rastrigin,110,18600,51.63495798925025
simulated_annealing,rastrigin,110,18700,51.63495798925025
simulated_annealing,rastrigin,110,18800,51.63495798925025
simulated_annealing,rastrigin,110,18900,51.63495798925025
simulated_annealing,rastrigin,110,19000,51.63495798925025
simulated_annealing,rastrigin,110,19100,51.63495798925025
simulated_annealing,rastrigin,110,19200,51.63495798925025
simulated_annealing,rastrigin,110,19300,51.63495798925025
simulated_annealing,rastrigin,110,19400,51.63495798925025
simulated_annealing,rastrigin,110,19500,51.63495798925025
simulated_annealing,rastrigin,110,19600,51.63495798925025
simulated_annealing,rastrigin,110,19700,51.63495798925025
simulated_annealing,rastrigin,110,19800,51.63495798925025
simulated_annealing,rastrigin,110,19900,51.63495798925025
simulated_annealing,rastrigin,110,20000,51.63495798925025
simulated_annealing,rastrigin,111,100,80.24124567784845
simulated_annealing,rastrigin,111,200,80.24124567784845
simulated_annealing,rastrigin,111,300,80.24124567784845
simulated_annealing,rastrigin,111,400,80.24124567784845
simulated_annealing,rastrigin,111,500,73.10953298906624
simulated_annealing,rastrigin,111,600,73.10953298906624
simulated_annealing,rastrigin,111,700,73.10953298906624
simulated_annealing,rastrigin,111,800,73.10953298906624
simulated_annealing,rastrigin,111,900,73.10953298906624
simulated_annealing,rastrigin,111,1000,73.10953298906624
simulated_annealing,rastrigin,111,1100,73.10953298906624
simulated_annealing,rastrigin,111,1200,67.91298016107318
simulated_annealing,rastrigin,111,1300,67.91298016107318
simulated_annealing,rastrigin,111,1400,67.91298016107318
simulated_annealing,rastrigin,111,1500,67.91298016107318
simulated_annealing,rastrigin,111,1600,67.91298016107318
simulated_annealing,rastrigin,111,1700,67.91298016107318
simulated_annealing,rastrigin,111,1800,67.91298016107318
simulated_annealing,rastrigin,111,1900,67.91298016107318
simulated_annealing,rastrigin,111,2000,67.10632378036934
simulated_annealing,rastrigin,111,2100,67.10632378036934
simulated_annealing,rastrigin,111,2200,61.41045609361722
simulated_annealing,rastrigin,111,2300,61.41045609361722
simulated_annealing,rastrigin,111,2400,61.41045609361722
simulated_annealing,rastrigin,111,2500,61.41045609361722
simulated_annealing,rastrigin,111,2600,61.41045609361722
simulated_annealing,rastrigin,111,2700,61.41045609361722
simulated_annealing,rastrigin,111,2800,61.41045609361722
simulated_annealing,rastrigin,111,2900,61.41045609361722
simulated_annealing,rastrigin,111,3000,61.41045609361722
simulated_annealing,rastrigin,111,3100,61.41045609361722
simulated_annealing,rastrigin,111,3200,61.41045609361722
simulated_annealing,rastrigin,111,3300,61.41045609361722
simulated_annealing,rastrigin,111,3400,61.41045609361722
simulated_annealing,rastrigin,111,3500,61.41045609361722
simulated_annealing,rastrigin,111,3600,61.41045609361722
simulated_annealing,rastrigin,111,3700,61.41045609361722
simulated_annealing,rastrigin,111,3800,61.41045609361722
simulated_annealing,rastrigin,111,3900,61.41045609361722
simulated_annealing,rastrigin,111,4000,61.41045609361722
simulated_annealing,rastrigin,111,4100,61.41045609361722
simulated_annealing,rastrigin,111,4200,61.41045609361722
simulated_annealing,rastrigin,111,4300,57.92198403884321
simulated_annealing,rastrigin,111,4400,57.92198403884321
simulated_annealing,rastrigin,111,4500,57.92198403884321
simulated_annealing,rastrigin,111,4600,57.92198403884321
simulated_annealing,rastrigin,111,4700,57.92198403884321
simulated_annealing,rastrigin,111,4800,57.92198403884321
simulated_annealing,rastrigin,111,4900,57.92198403884321
simulated_annealing,rastrigin,111,5000,57.92198403884321
simulated_annealing,rastrigin,111,5100,57.92198403884321
simulated_annealing,rastrigin,111,5200,57.92198403884321
simulated_annealing,rastrigin,111,5300,57.92198403884321
simulated_annealing,rastrigin,111,5400,57.92198403884321
simulated_annealing,rastrigin,111,5500,57.92198403884321
simulated_annealing,rastrigin,111,5600,57.92198403884321
simulated_annealing,rastrigin,111,5700,53.20873502115843
simulated_annealing,rastrigin,111,5800,53.20873502115843
simulated_annealing,rastrigin,111,5900,53.20873502115843
simulated_annealing,rastrigin,111,6000,53.20873502115843
simulated_annealing,rastrigin,111,6100,53.20873502115843
simulated_annealing,rastrigin,111,6200,53.20873502115843
simulated_annealing,rastrigin,111,6300,53.20873502115843
simulated_annealing,rastrigin,111,6400,53.20873502115843
simulated_annealing,rastrigin,111,6500,53.20873502115843
simulated_annealing,rastrigin,111,6600,53.20873502115843
simulated_annealing,rastrigin,111,6700,53.20873502115843
simulated_annealing,rastrigin,111,6800,53.20873502115843
simulated_annealing,rastrigin,111,6900,53.20873502115843
simulated_annealing,rastrigin,111,7000,53.20873502115843
simulated_annealing,rastrigin,111,7100,53.20873502115843
simulated_annealing,rastrigin,111,7200,53.20873502115843
simulated_annealing,rastrigin,111,7300,53.20873502115843
simulated_annealing,rastrigin,111,7400,52.909520356836914
simulated_annealing,rastrigin,111,7500,52.909520356836914
simulated_annealing,rastrigin,111,7600,52.909520356836914
simulated_annealing,rastrigin,111,7700,52.909520356836914
simulated_annealing,rastrigin,111,7800,52.909520356836914
simulated_annealing,rastrigin,111,7900,52.909520356836914
simulated_annealing,rastrigin,111,8000,52.909520356836914
simulated_annealing,rastrigin,111,8100,52.909520356836914
simulated_annealing,rastrigin,111,8200,30.716042008917853
simulated_annealing,rastrigin,111,8300,30.716042008917853
simulated_annealing,rastrigin,111,8400,30.716042008917853
simulated_annealing,rastrigin,111,8500,30.716042008917853
simulated_annealing,rastrigin,111,8600,30.716042008917853
simulated_annealing,rastrigin,111,8700,30.716042008917853
simulated_annealing,rastrigin,111,8800,30.716042008917853
simulated_annealing,rastrigin,111,8900,30.716042008917853
simulated_annealing,rastrigin,111,9000,30.716042008917853
simulated_annealing,rastrigin,111,9100,30.716042008917853
simulated_annealing,rastrigin,111,9200,30.716042008917853
simulated_annealing,rastrigin,111,9300,30.716042008917853
simulated_annealing,rastrigin,111,9400,30.716042008917853
simulated_annealing,rastrigin,111,9500,30.716042008917853
simulated_annealing,rastrigin,111,9600,30.716042008917853
simulated_annealing,rastrigin,111,9700,30.716042008917853
simulated_annealing,rastrigin,111,9800,30.716042008917853
simulated_annealing,rastrigin,111,9900,30.716042008917853
simulated_annealing,rastrigin,111,10000,30.716042008917853
simulated_annealing,rastrigin,111,10100,30.716042008917853
simulated_annealing,rastrigin,111,10200,30.716042008917853
simulated_annealing,rastrigin,111,10300,30.716042008917853
simulated_annealing,rastrigin,111,10400,30.716042008917853
simulated_annealing,rastrigin,111,10500,30.716042008917853
simulated_annealing,rastrigin,111,10600,30.716042008917853
simulated_annealing,rastrigin,111,10700,30.716042008917853
simulated_annealing,rastrigin,111,10800,30.716042008917853
simulated_annealing,rastrigin,111,10900,30.716042008917853
simulated_annealing,rastrigin,111,11000,30.716042008917853
simulated_annealing,rastrigin,111,11100,30.716042008917853
simulated_annealing,rastrigin,111,11200,30.716042008917853
simulated_annealing,rastrigin,111,11300,30.716042008917853
simulated_annealing,rastrigin,111,11400,30.716042008917853
simulated_annealing,rastrigin,111,11500,30.716042008917853
simulated_annealing,rastrigin,111,11600,30.716042008917853
simulated_annealing,rastrigin,111,11700,30.716042008917853
simulated_annealing,rastrigin,111,11800,30.716042008917853
simulated_annealing,rastrigin,111,11900,30.716042008917853
simulated_annealing,rastrigin,111,12000,30.716042008917853
simulated_annealing,rastrigin,111,12100,30.716042008917853
simulated_annealing,rastrigin,111,12200,30.716042008917853
simulated_annealing,rastrigin,111,12300,30.716042008917853
simulated_annealing,rastrigin,111,12400,30.716042008917853
simulated_annealing,rastrigin,111,12500,30.716042008917853
simulated_annealing,rastrigin,111,12600,30.716042008917853
simulated_annealing,rastrigin,111,12700,30.716042008917853
simulated_annealing,rastrigin,111,12800,30.716042008917853
simulated_annealing,rastrigin,111,12900,30.716042008917853
simulated_annealing,rastrigin,111,13000,30.716042008917853
simulated_annealing,rastrigin,111,13100,30.716042008917853
simulated_annealing,rastrigin,111,13200,30.716042008917853
simulated_annealing,rastrigin,111,13300,30.716042008917853
simulated_annealing,rastrigin,111,13400,30.716042008917853
simulated_annealing,rastrigin,111,13500,30.716042008917853
simulated_annealing,rastrigin,111,13600,30.716042008917853
simulated_annealing,rastrigin,111,13700,30.716042008917853
simulated_annealing,rastrigin,111,13800,30.716042008917853
simulated_annealing,rastrigin,111,13900,30.716042008917853
simulated_annealing,rastrigin,111,14000,30.716042008917853
simulated_annealing,rastrigin,111,14100,30.716042008917853
simulated_annealing,rastrigin,111,14200,30.716042008917853
simulated_annealing,rastrigin,111,14300,30.716042008917853
simulated_annealing,rastrigin,111,14400,30.716042008917853
simulated_annealing,rastrigin,111,14500,30.716042008917853
simulated_annealing,rastrigin,111,14600,30.716042008917853
simulated_annealing,rastrigin,111,14700,30.716042008917853
simulated_annealing,rastrigin,111,14800,30.716042008917853
simulated_annealing,rastrigin,111,14900,30.716042008917853
simulated_annealing,rastrigin,111,15000,30.716042008917853
simulated_annealing,rastrigin,111,15100,30.716042008917853
simulated_annealing,rastrigin,111,15200,30.716042008917853
simulated_annealing,rastrigin,111,15300,30.716042008917853
simulated_annealing,rastrigin,111,15400,30.716042008917853
simulated_annealing,rastrigin,111,15500,30.716042008917853
simulated_annealing,rastrigin,111,15600,30.716042008917853
simulated_annealing,rastrigin,111,15700,30.716042008917853
simulated_annealing,rastrigin,111,15800,30.716042008917853
simulated_annealing,rastrigin,111,15900,30.716042008917853
simulated_annealing,rastrigin,111,16000,30.716042008917853
simulated_annealing,rastrigin,111,16100,30.716042008917853
simulated_annealing,rastrigin,111,16200,30.716042008917853
simulated_annealing,rastrigin,111,16300,30.716042008917853
simulated_annealing,rastrigin,111,16400,30.716042008917853
simulated_annealing,rastrigin,111,16500,30.716042008917853
simulated_annealing,rastrigin,111,16600,30.716042008917853
simulated_annealing,rastrigin,111,16700,30.716042008917853
simulated_annealing,rastrigin,111,16800,30.716042008917853
simulated_annealing,rastrigin,111,16900,30.716042008917853
simulated_annealing,rastrigin,111,17000,30.716042008917853
simulated_annealing,rastrigin,111,17100,30.716042008917853
simulated_annealing,rastrigin,111,17200,30.716042008917853
simulated_annealing,rastrigin,111,17300,30.716042008917853
simulated_annealing,rastrigin,111,17400,30.716042008917853
simulated_annealing,rastrigin,111,17500,30.716042008917853
simulated_annealing,rastrigin,111,17600,30.716042008917853
simulated_annealing,rastrigin,111,17700,30.716042008917853
simulated_annealing,rastrigin,111,17800,30.716042008917853
simulated_annealing,rastrigin,111,17900,30.716042008917853
simulated_annealing,rastrigin,111,18000,30.716042008917853
simulated_annealing,rastrigin,111,18100,30.716042008917853
simulated_annealing,rastrigin,111,18200,30.716042008917853
simulated_annealing,rastrigin,111,18300,30.716042008917853
simulated_annealing,rastrigin,111,18400,30.716042008917853
simulated_annealing,rastrigin,111,18500,30.716042008917853
simulated_annealing,rastrigin,111,18600,30.716042008917853
simulated_annealing,rastrigin,111,18700,30.716042008917853
simulated_annealing,rastrigin,111,18800,30.716042008917853
simulated_annealing,rastrigin,111,18900,30.716042008917853
simulated_annealing,rastrigin,111,19000,30.716042008917853
simulated_annealing,rastrigin,111,19100,30.716042008917853
simulated_annealing,rastrigin,111,19200,30.716042008917853
simulated_annealing,rastrigin,111,19300,30.716042008917853
simulated_annealing,rastrigin,111,19400,30.716042008917853
simulated_annealing,rastrigin,111,19500,30.716042008917853
simulated_annealing,rastrigin,111,19600,30.716042008917853
simulated_annealing,rastrigin,111,19700,30.716042008917853
simulated_annealing,rastrigin,111,19800,30.716042008917853
simulated_annealing,rastrigin,111,19900,30.716042008917853
simulated_annealing,rastrigin,111,20000,30.716042008917853
simulated_annealing,rastrigin,112,100,132.77843237919362
simulated_annealing,rastrigin,112,200,67.37323353797109
simulated_annealing,rastrigin,112,300,52.8462664558806
simulated_annealing,rastrigin,112,400,52.8462664558806
simulated_annealing,rastrigin,112,500,52.8462664558806
simulated_annealing,rastrigin,112,600,52.8462664558806
simulated_annealing,rastrigin,112,700,52.8462664558806
simulated_annealing,rastrigin,112,800,52.8462664558806
simulated_annealing,rastrigin,112,900,52.8462664558806
simulated_annealing,rastrigin,112,1000,52.8462664558806
simulated_annealing,rastrigin,112,1100,52.8462664558806
simulated_annealing,rastrigin,112,1200,52.8462664558806
simulated_annealing,rastrigin,112,1300,52.8462664558806
simulated_annealing,rastrigin,112,1400,52.8462664558806
simulated_annealing,rastrigin,112,1500,52.8462664558806
simulated_annealing,rastrigin,112,1600,52.8462664558806
simulated_annealing,rastrigin,112,1700,52.8462664558806
simulated_annealing,rastrigin,112,1800,52.8462664558806
simulated_annealing,rastrigin,112,1900,52.8462664558806
simulated_annealing,rastrigin,112,2000,52.8462664558806
simulated_annealing,rastrigin,112,2100,52.8462664558806
simulated_annealing,rastrigin,112,2200,52.8462664558806
simulated_annealing,rastrigin,112,2300,52.8462664558806
simulated_annealing,rastrigin,112,2400,52.8462664558806
simulated_annealing,rastrigin,112,2500,52.8462664558806
simulated_annealing,rastrigin,112,2600,52.8462664558806
simulated_annealing,rastrigin,112,2700,52.8462664558806
simulated_annealing,rastrigin,112,2800,52.8462664558806
simulated_annealing,rastrigin,112,2900,52.8462664558806
simulated_annealing,rastrigin,112,3000,52.8462664558806
simulated_annealing,rastrigin,112,3100,52.8462664558806
simulated_annealing,rastrigin,112,3200,52.8462664558806
simulated_annealing,rastrigin,112,3300,52.8462664558806
simulated_annealing,rastrigin,112,3400,52.8462664558806
simulated_annealing,rastrigin,112,3500,52.8462664558806
simulated_annealing,rastrigin,112,3600,52.8462664558806
simulated_annealing,rastrigin,112,3700,52.8462664558806
simulated_annealing,rastrigin,112,3800,52.8462664558806
simulated_annealing,rastrigin,112,3900,52.8462664558806
simulated_annealing,rastrigin,112,4000,52.8462664558806
simulated_annealing,rastrigin,112,4100,52.8462664558806
simulated_annealing,rastrigin,112,4200,52.8462664558806
simulated_annealing,rastrigin,112,4300,52.8462664558806
simulated_annealing,rastrigin,112,4400,52.8462664558806
simulated_annealing,rastrigin,112,4500,52.8462664558806
simulated_annealing,rastrigin,112,4600,52.8462664558806
simulated_annealing,rastrigin,112,4700,52.8462664558806
simulated_annealing,rastrigin,112,4800,52.8462664558806
simulated_annealing,rastrigin,112,4900,52.8462664558806
simulated_annealing,rastrigin,112,5000,52.8462664558806
simulated_annealing,rastrigin,112,5100,52.8462664558806
simulated_annealing,rastrigin,112,5200,52.8462664558806
simulated_annealing,rastrigin,112,5300,52.8462664558806
simulated_annealing,rastrigin,112,5400,52.8462664558806
simulated_annealing,rastrigin,112,5500,52.8462664558806
simulated_annealing,rastrigin,112,5600,52.8462664558806
simulated_annealing,rastrigin,112,5700,52.8462664558806
simulated_annealing,rastrigin,112,5800,51.47294821814371
simulated_annealing,rastrigin,112,5900,51.47294821814371
simulated_annealing,rastrigin,112,6000,47.72108711660446
simulated_annealing,rastrigin,112,6100,47.72108711660446
simulated_annealing,rastrigin,112,6200,47.72108711660446
simulated_annealing,rastrigin,112,6300,47.72108711660446
simulated_annealing,rastrigin,112,6400,47.72108711660446
simulated_annealing,rastrigin,112,6500,47.72108711660446
simulated_annealing,rastrigin,112,6600,47.72108711660446
simulated_annealing,rastrigin,112,6700,47.72108711660446
simulated_annealing,rastrigin,112,6800,47.72108711660446
simulated_annealing,rastrigin,112,6900,47.72108711660446
simulated_annealing,rastrigin,112,7000,47.72108711660446
simulated_annealing,rastrigin,112,7100,47.72108711660446
simulated_annealing,rastrigin,112,7200,47.72108711660446
simulated_annealing,rastrigin,112,7300,47.72108711660446
simulated_annealing,rastrigin,112,7400,47.72108711660446
simulated_annealing,rastrigin,112,7500,47.72108711660446
simulated_annealing,rastrigin,112,7600,47.72108711660446
simulated_annealing,rastrigin,112,7700,47.72108711660446
simulated_annealing,rastrigin,112,7800,47.72108711660446
simulated_annealing,rastrigin,112,7900,47.72108711660446
simulated_annealing,rastrigin,112,8000,47.72108711660446
simulated_annealing,rastrigin,112,8100,47.72108711660446
simulated_annealing,rastrigin,112,8200,47.72108711660446
simulated_annealing,rastrigin,112,8300,47.72108711660446
simulated_annealing,rastrigin,112,8400,47.72108711660446
simulated_annealing,rastrigin,112,8500,47.72108711660446
simulated_annealing,rastrigin,112,8600,47.72108711660446
simulated_annealing,rastrigin,112,8700,47.72108711660446
simulated_annealing,rastrigin,112,8800,47.72108711660446
simulated_annealing,rastrigin,112,8900,47.72108711660446
simulated_annealing,rastrigin,112,9000,47.72108711660446
simulated_annealing,rastrigin,112,9100,47.72108711660446
simulated_annealing,rastrigin,112,9200,47.72108711660446
simulated_annealing,rastrigin,112,9300,47.72108711660446
simulated_annealing,rastrigin,112,9400,47.72108711660446
simulated_annealing,rastrigin,112,9500,47.72108711660446
simulated_annealing,rastrigin,112,9600,47.72108711660446
simulated_annealing,rastrigin,112,9700,47.72108711660446
simulated_annealing,rastrigin,112,9800,47.72108711660446
simulated_annealing,rastrigin,112,9900,47.72108711660446
simulated_annealing,rastrigin,112,10000,47.72108711660446
simulated_annealing,rastrigin,112,10100,47.72108711660446
simulated_annealing,rastrigin,112,10200,47.72108711660446
simulated_annealing,rastrigin,112,10300,47.72108711660446
simulated_annealing,rastrigin,112,10400,47.72108711660446
simulated_annealing,rastrigin,112,10500,47.72108711660446
simulated_annealing,rastrigin,112,10600,47.72108711660446
simulated_annealing,rastrigin,112,10700,47.72108711660446
simulated_annealing,rastrigin,112,10800,47.72108711660446
simulated_annealing,rastrigin,112,10900,47.72108711660446
simulated_annealing,rastrigin,112,11000,47.72108711660446
simulated_annealing,rastrigin,112,11100,47.72108711660446
simulated_annealing,rastrigin,112,11200,47.72108711660446
simulated_annealing,rastrigin,112,11300,47.72108711660446
simulated_annealing,rastrigin,112,11400,47.72108711660446
simulated_annealing,rastrigin,112,11500,47.72108711660446
simulated_annealing,rastrigin,112,11600,47.72108711660446
simulated_annealing,rastrigin,112,11700,47.72108711660446
simulated_annealing,rastrigin,112,11800,47.72108711660446
simulated_annealing,rastrigin,112,11900,47.72108711660446
simulated_annealing,rastrigin,112,12000,47.72108711660446
simulated_annealing,rastrigin,112,12100,47.72108711660446
simulated_annealing,rastrigin,112,12200,47.72108711660446
simulated_annealing,rastrigin,112,12300,47.72108711660446
simulated_annealing,rastrigin,112,12400,47.72108711660446
simulated_annealing,rastrigin,112,12500,47.72108711660446
simulated_annealing,rastrigin,112,12600,47.72108711660446
simulated_annealing,rastrigin,112,12700,47.72108711660446
simulated_annealing,rastrigin,112,12800,47.72108711660446
simulated_annealing,rastrigin,112,12900,47.72108711660446
simulated_annealing,rastrigin,112,13000,47.72108711660446
simulated_annealing,rastrigin,112,13100,47.72108711660446
simulated_annealing,rastrigin,112,13200,47.72108711660446
simulated_annealing,rastrigin,112,13300,47.72108711660446
simulated_annealing,rastrigin,112,13400,47.72108711660446
simulated_annealing,rastrigin,112,13500,47.72108711660446
simulated_annealing,rastrigin,112,13600,47.72108711660446
simulated_annealing,rastrigin,112,13700,47.72108711660446
simulated_annealing,rastrigin,112,13800,47.72108711660446
simulated_annealing,rastrigin,112,13900,47.72108711660446
simulated_annealing,rastrigin,112,14000,47.72108711660446
simulated_annealing,rastrigin,112,14100,47.72108711660446
simulated_annealing,rastrigin,112,14200,47.72108711660446
simulated_annealing,rastrigin,112,14300,47.72108711660446
simulated_annealing,rastrigin,112,14400,47.72108711660446
simulated_annealing,rastrigin,112,14500,47.72108711660446
simulated_annealing,rastrigin,112,14600,47.72108711660446
simulated_annealing,rastrigin,112,14700,47.72108711660446
simulated_annealing,rastrigin,112,14800,47.72108711660446
simulated_annealing,rastrigin,112,14900,47.72108711660446
simulated_annealing,rastrigin,112,15000,47.72108711660446
simulated_annealing,rastrigin,112,15100,47.72108711660446
simulated_annealing,rastrigin,112,15200,47.72108711660446
simulated_annealing,rastrigin,112,15300,47.72108711660446
simulated_annealing,rastrigin,112,15400,47.72108711660446
simulated_annealing,rastrigin,112,15500,47.72108711660446
simulated_annealing,rastrigin,112,15600,47.72108711660446
simulated_annealing,rastrigin,112,15700,47.72108711660446
simulated_annealing,rastrigin,112,15800,47.72108711660446
simulated_annealing,rastrigin,112,15900,47.72108711660446
simulated_annealing,rastrigin,112,16000,47.72108711660446
simulated_annealing,rastrigin,112,16100,47.72108711660446
simulated_annealing,rastrigin,112,16200,47.72108711660446
simulated_annealing,rastrigin,112,16300,47.72108711660446
simulated_annealing,rastrigin,112,16400,47.72108711660446
simulated_annealing,rastrigin,112,16500,47.72108711660446
simulated_annealing,rastrigin,112,16600,47.72108711660446
simulated_annealing,rastrigin,112,16700,47.72108711660446
simulated_annealing,rastrigin,112,16800,47.72108711660446
simulated_annealing,rastrigin,112,16900,47.72108711660446
simulated_annealing,rastrigin,112,17000,47.72108711660446
simulated_annealing,rastrigin,112,17100,47.72108711660446
simulated_annealing,rastrigin,112,17200,47.72108711660446
simulated_annealing,rastrigin,112,17300,47.72108711660446
simulated_annealing,rastrigin,112,17400,47.72108711660446
simulated_annealing,rastrigin,112,17500,47.72108711660446
simulated_annealing,rastrigin,112,17600,47.72108711660446
simulated_annealing,rastrigin,112,17700,47.72108711660446
simulated_annealing,rastrigin,112,17800,47.72108711660446
simulated_annealing,rastrigin,112,17900,47.72108711660446
simulated_annealing,rastrigin,112,18000,47.72108711660446
simulated_annealing,rastrigin,112,18100,47.72108711660446
simulated_annealing,rastrigin,112,18200,47.72108711660446
simulated_annealing,rastrigin,112,18300,47.72108711660446
simulated_annealing,rastrigin,112,18400,47.72108711660446
simulated_annealing,rastrigin,112,18500,47.72108711660446
simulated_annealing,rastrigin,112,18600,47.72108711660446
simulated_annealing,rastrigin,112,18700,47.72108711660446
simulated_annealing,rastrigin,112,18800,47.72108711660446
simulated_annealing,rastrigin,112,18900,47.72108711660446
simulated_annealing,rastrigin,112,19000,47.72108711660446
simulated_annealing,rastrigin,112,19100,47.72108711660446
simulated_annealing,rastrigin,112,19200,47.72108711660446
simulated_annealing,rastrigin,112,19300,47.72108711660446
simulated_annealing,rastrigin,112,19400,47.72108711660446
simulated_annealing,rastrigin,112,19500,47.72108711660446
simulated_annealing,rastrigin,112,19600,47.72108711660446
simulated_annealing,rastrigin,112,19700,47.72108711660446
simulated_annealing,rastrigin,112,19800,47.72108711660446
simulated_annealing,rastrigin,112,19900,47.72108711660446
simulated_annealing,rastrigin,112,20000,47.72108711660446
simulated_annealing,rastrigin,113,100,71.8433857858254
simulated_annealing,rastrigin,113,200,71.8433857858254
simulated_annealing,rastrigin,113,300,71.8433857858254
simulated_annealing,rastrigin,113,400,71.8433857858254
simulated_annealing,rastrigin,113,500,71.8433857858254
simulated_annealing,rastrigin,113,600,71.8433857858254
simulated_annealing,rastrigin,113,700,67.37031227801779
simulated_annealing,rastrigin,113,800,67.37031227801779
simulated_annealing,rastrigin,113,900,67.37031227801779
simulated_annealing,rastrigin,113,1000,67.37031227801779
simulated_annealing,rastrigin,113,1100,64.81045739992123
simulated_annealing,rastrigin,113,1200,64.81045739992123
simulated_annealing,rastrigin,113,1300,64.81045739992123
simulated_annealing,rastrigin,113,1400,64.81045739992123
simulated_annealing,rastrigin,113,1500,44.499538387587194
simulated_annealing,rastrigin,113,1600,44.499538387587194
simulated_annealing,rastrigin,113,1700,44.499538387587194
simulated_annealing,rastrigin,113,1800,44.499538387587194
simulated_annealing,rastrigin,113,1900,44.499538387587194
simulated_annealing,rastrigin,113,2000,44.499538387587194
simulated_annealing,rastrigin,113,2100,44.499538387587194
simulated_annealing,rastrigin,113,2200,44.499538387587194
simulated_annealing,rastrigin,113,2300,44.499538387587194
simulated_annealing,rastrigin,113,2400,44.499538387587194
simulated_annealing,rastrigin,113,2500,44.499538387587194
simulated_annealing,rastrigin,113,2600,44.499538387587194
simulated_annealing,rastrigin,113,2700,44.499538387587194
simulated_annealing,rastrigin,113,2800,44.499538387587194
simulated_annealing,rastrigin,113,2900,44.499538387587194
simulated_annealing,rastrigin,113,3000,44.499538387587194
simulated_annealing,rastrigin,113,3100,44.499538387587194
simulated_annealing,rastrigin,113,3200,44.499538387587194
simulated_annealing,rastrigin,113,3300,44.499538387587194
simulated_annealing,rastrigin,113,3400,44.499538387587194
simulated_annealing,rastrigin,113,3500,44.499538387587194
simulated_annealing,rastrigin,113,3600,44.499538387587194
simulated_annealing,rastrigin,113,3700,44.499538387587194
simulated_annealing,rastrigin,113,3800,44.499538387587194
simulated_annealing,rastrigin,113,3900,44.499538387587194
simulated_annealing,rastrigin,113,4000,44.499538387587194
simulated_annealing,rastrigin,113,4100,44.499538387587194
simulated_annealing,rastrigin,113,4200,44.499538387587194
simulated_annealing,rastrigin,113,4300,44.499538387587194
simulated_annealing,rastrigin,113,4400,44.499538387587194
simulated_annealing,rastrigin,113,4500,44.499538387587194
simulated_annealing,rastrigin,113,4600,44.499538387587194
simulated_annealing,rastrigin,113,4700,44.499538387587194
simulated_annealing,rastrigin,113,4800,44.499538387587194
simulated_annealing,rastrigin,113,4900,44.499538387587194
simulated_annealing,rastrigin,113,5000,44.499538387587194
simulated_annealing,rastrigin,113,5100,44.499538387587194
simulated_annealing,rastrigin,113,5200,44.499538387587194
simulated_annealing,rastrigin,113,5300,44.499538387587194
simulated_annealing,rastrigin,113,5400,44.499538387587194
simulated_annealing,rastrigin,113,5500,44.499538387587194
simulated_annealing,rastrigin,113,5600,44.499538387587194
simulated_annealing,rastrigin,113,5700,44.499538387587194
simulated_annealing,rastrigin,113,5800,44.499538387587194
simulated_annealing,rastrigin,113,5900,44.499538387587194
simulated_annealing,rastrigin,113,6000,44.499538387587194
simulated_annealing,rastrigin,113,6100,44.499538387587194
simulated_annealing,rastrigin,113,6200,44.499538387587194
simulated_annealing,rastrigin,113,6300,44.499538387587194
simulated_annealing,rastrigin,113,6400,44.499538387587194
simulated_annealing,rastrigin,113,6500,44.499538387587194
simulated_annealing,rastrigin,113,6600,44.499538387587194
simulated_annealing,rastrigin,113,6700,44.499538387587194
simulated_annealing,rastrigin,113,6800,44.499538387587194
simulated_annealing,rastrigin,113,6900,44.499538387587194
simulated_annealing,rastrigin,113,7000,44.499538387587194
simulated_annealing,rastrigin,113,7100,44.499538387587194
simulated_annealing,rastrigin,113,7200,44.499538387587194
simulated_annealing,rastrigin,113,7300,44.499538387587194
simulated_annealing,rastrigin,113,7400,44.499538387587194
simulated_annealing,rastrigin,113,7500,44.499538387587194
simulated_annealing,rastrigin,113,7600,44.499538387587194
simulated_annealing,rastrigin,113,7700,44.499538387587194
simulated_annealing,rastrigin,113,7800,44.499538387587194
simulated_annealing,rastrigin,113,7900,44.499538387587194
simulated_annealing,rastrigin,113,8000,44.499538387587194
simulated_annealing,rastrigin,113,8100,44.499538387587194
simulated_annealing,rastrigin,113,8200,44.499538387587194
simulated_annealing,rastrigin,113,8300,44.499538387587194
simulated_annealing,rastrigin,113,8400,44.499538387587194
simulated_annealing,rastrigin,113,8500,44.499538387587194
simulated_annealing,rastrigin,113,8600,44.499538387587194
simulated_annealing,rastrigin,113,8700,44.499538387587194
simulated_annealing,rastrigin,113,8800,44.499538387587194
simulated_annealing,rastrigin,113,8900,44.499538387587194
simulated_annealing,rastrigin,113,9000,44.499538387587194
simulated_annealing,rastrigin,113,9100,44.499538387587194
simulated_annealing,rastrigin,113,9200,44.499538387587194
simulated_annealing,rastrigin,113,9300,44.499538387587194
simulated_annealing,rastrigin,113,9400,44.499538387587194
simulated_annealing,rastrigin,113,9500,44.499538387587194
simulated_annealing,rastrigin,113,9600,44.499538387587194
simulated_annealing,rastrigin,113,9700,44.499538387587194
simulated_annealing,rastrigin,113,9800,44.499538387587194
simulated_annealing,rastrigin,113,9900,44.499538387587194
simulated_annealing,rastrigin,113,10000,44.499538387587194
simulated_annealing,rastrigin,113,10100,44.499538387587194
simulated_annealing,rastrigin,113,10200,44.499538387587194
simulated_annealing,rastrigin,113,10300,44.499538387587194
simulated_annealing,rastrigin,113,10400,44.499538387587194
simulated_annealing,rastrigin,113,10500,44.499538387587194
simulated_annealing,rastrigin,113,10600,44.499538387587194
simulated_annealing,rastrigin,113,10700,44.499538387587194
simulated_annealing,rastrigin,113,10800,44.499538387587194
simulated_annealing,rastrigin,113,10900,44.499538387587194
simulated_annealing,rastrigin,113,11000,44.499538387587194
simulated_annealing,rastrigin,113,11100,44.499538387587194
simulated_annealing,rastrigin,113,11200,44.499538387587194
simulated_annealing,rastrigin,113,11300,44.499538387587194
simulated_annealing,rastrigin,113,11400,44.499538387587194
simulated_annealing,rastrigin,113,11500,44.499538387587194
simulated_annealing,rastrigin,113,11600,44.499538387587194
simulated_annealing,rastrigin,113,11700,44.499538387587194
simulated_annealing,rastrigin,113,11800,44.499538387587194
simulated_annealing,rastrigin,113,11900,44.499538387587194
simulated_annealing,rastrigin,113,12000,44.499538387587194
simulated_annealing,rastrigin,113,12100,44.499538387587194
simulated_annealing,rastrigin,113,12200,44.499538387587194
simulated_annealing,rastrigin,113,12300,44.499538387587194
simulated_annealing,rastrigin,113,12400,44.499538387587194
simulated_annealing,rastrigin,113,12500,44.499538387587194
simulated_annealing,rastrigin,113,12600,44.499538387587194
simulated_annealing,rastrigin,113,12700,44.499538387587194
simulated_annealing,rastrigin,113,12800,44.499538387587194
simulated_annealing,rastrigin,113,12900,44.499538387587194
simulated_annealing,rastrigin,113,13000,44.499538387587194
simulated_annealing,rastrigin,113,13100,44.499538387587194
simulated_annealing,rastrigin,113,13200,44.499538387587194
simulated_annealing,rastrigin,113,13300,44.499538387587194
simulated_annealing,rastrigin,113,13400,44.499538387587194
simulated_annealing,rastrigin,113,13500,44.499538387587194
simulated_annealing,rastrigin,113,13600,44.499538387587194
simulated_annealing,rastrigin,113,13700,44.499538387587194
simulated_annealing,rastrigin,113,13800,44.499538387587194
simulated_annealing,rastrigin,113,13900,44.499538387587194
simulated_annealing,rastrigin,113,14000,44.499538387587194
simulated_annealing,rastrigin,113,14100,44.499538387587194
simulated_annealing,rastrigin,113,14200,44.499538387587194
simulated_annealing,rastrigin,113,14300,44.499538387587194
simulated_annealing,rastrigin,113,14400,44.499538387587194
simulated_annealing,rastrigin,113,14500,44.499538387587194
simulated_annealing,rastrigin,113,14600,44.499538387587194
simulated_annealing,rastrigin,113,14700,44.499538387587194
simulated_annealing,rastrigin,113,14800,44.499538387587194
simulated_annealing,rastrigin,113,14900,44.499538387587194
simulated_annealing,rastrigin,113,15000,44.499538387587194
simulated_annealing,rastrigin,113,15100,44.499538387587194
simulated_annealing,rastrigin,113,15200,44.499538387587194
simulated_annealing,rastrigin,113,15300,44.499538387587194
simulated_annealing,rastrigin,113,15400,44.499538387587194
simulated_annealing,rastrigin,113,15500,44.499538387587194
simulated_annealing,rastrigin,113,15600,44.499538387587194
simulated_annealing,rastrigin,113,15700,44.499538387587194
simulated_annealing,rastrigin,113,15800,44.499538387587194
simulated_annealing,rastrigin,113,15900,44.499538387587194
simulated_annealing,rastrigin,113,16000,44.499538387587194
simulated_annealing,rastrigin,113,16100,44.499538387587194
simulated_annealing,rastrigin,113,16200,44.499538387587194
simulated_annealing,rastrigin,113,16300,44.499538387587194
simulated_annealing,rastrigin,113,16400,44.499538387587194
simulated_annealing,rastrigin,113,16500,44.499538387587194
simulated_annealing,rastrigin,113,16600,44.499538387587194
simulated_annealing,rastrigin,113,16700,44.499538387587194
simulated_annealing,rastrigin,113,16800,44.499538387587194
simulated_annealing,rastrigin,113,16900,44.499538387587194
simulated_annealing,rastrigin,113,17000,44.499538387587194
simulated_annealing,rastrigin,113,17100,44.499538387587194
simulated_annealing,rastrigin,113,17200,44.499538387587194
simulated_annealing,rastrigin,113,17300,44.499538387587194
simulated_annealing,rastrigin,113,17400,44.499538387587194
simulated_annealing,rastrigin,113,17500,44.499538387587194
simulated_annealing,rastrigin,113,17600,44.499538387587194
simulated_annealing,rastrigin,113,17700,44.499538387587194
simulated_annealing,rastrigin,113,17800,44.499538387587194
simulated_annealing,rastrigin,113,17900,44.499538387587194
simulated_annealing,rastrigin,113,18000,44.499538387587194
simulated_annealing,rastrigin,113,18100,44.499538387587194
simulated_annealing,rastrigin,113,18200,44.499538387587194
simulated_annealing,rastrigin,113,18300,44.499538387587194
simulated_annealing,rastrigin,113,18400,44.499538387587194
simulated_annealing,rastrigin,113,18500,44.499538387587194
simulated_annealing,rastrigin,113,18600,44.499538387587194
simulated_annealing,rastrigin,113,18700,44.499538387587194
simulated_annealing,rastrigin,113,18800,44.499538387587194
simulated_annealing,rastrigin,113,18900,44.499538387587194
simulated_annealing,rastrigin,113,19000,44.499538387587194
simulated_annealing,rastrigin,113,19100,44.499538387587194
simulated_annealing,rastrigin,113,19200,44.499538387587194
simulated_annealing,rastrigin,113,19300,44.499538387587194
simulated_annealing,rastrigin,113,19400,44.499538387587194
simulated_annealing,rastrigin,113,19500,44.499538387587194
simulated_annealing,rastrigin,113,19600,44.499538387587194
simulated_annealing,rastrigin,113,19700,44.499538387587194
simulated_annealing,rastrigin,113,19800,44.499538387587194
simulated_annealing,rastrigin,113,19900,44.499538387587194
simulated_annealing,rastrigin,113,20000,44.499538387587194
simulated_annealing,rastrigin,114,100,108.80537156489399
simulated_annealing,rastrigin,114,200,89.71308381876595
simulated_annealing,rastrigin,114,300,75.80310020032975
simulated_annealing,rastrigin,114,400,75.80310020032975
simulated_annealing,rastrigin,114,500,75.80310020032975
simulated_annealing,rastrigin,114,600,75.80310020032975
simulated_annealing,rastrigin,114,700,75.80310020032975
simulated_annealing,rastrigin,114,800,75.80310020032975
simulated_annealing,rastrigin,114,900,75.80310020032975
simulated_annealing,rastrigin,114,1000,75.80310020032975
simulated_annealing,rastrigin,114,1100,75.80310020032975
simulated_annealing,rastrigin,114,1200,75.80310020032975
simulated_annealing,rastrigin,114,1300,75.80310020032975
simulated_annealing,rastrigin,114,1400,75.60347481648799
simulated_annealing,rastrigin,114,1500,75.60347481648799
simulated_annealing,rastrigin,114,1600,74.89519466669165
simulated_annealing,rastrigin,114,1700,74.89519466669165
simulated_annealing,rastrigin,114,1800,74.89519466669165
simulated_annealing,rastrigin,114,1900,74.89519466669165
simulated_annealing,rastrigin,114,2000,73.44982332451828
simulated_annealing,rastrigin,114,2100,73.44982332451828
simulated_annealing,rastrigin,114,2200,73.44982332451828
simulated_annealing,rastrigin,114,2300,73.44982332451828
simulated_annealing,rastrigin,114,2400,73.44982332451828
simulated_annealing,rastrigin,114,2500,73.44982332451828
simulated_annealing,rastrigin,114,2600,65.51194190583556
simulated_annealing,rastrigin,114,2700,65.51194190583556
simulated_annealing,rastrigin,114,2800,65.51194190583556
simulated_annealing,rastrigin,114,2900,62.43531041005131
simulated_annealing,rastrigin,114,3000,62.43531041005131
simulated_annealing,rastrigin,114,3100,60.892757732324064
simulated_annealing,rastrigin,114,3200,60.892757732324064
simulated_annealing,rastrigin,114,3300,60.892757732324064
simulated_annealing,rastrigin,114,3400,60.892757732324064
simulated_annealing,rastrigin,114,3500,60.892757732324064
simulated_annealing,rastrigin,114,3600,60.892757732324064
simulated_annealing,rastrigin,114,3700,54.42256862760718
simulated_annealing,rastrigin,114,3800,54.42256862760718
simulated_annealing,rastrigin,114,3900,54.42256862760718
simulated_annealing,rastrigin,114,4000,54.42256862760718
simulated_annealing,rastrigin,114,4100,54.42256862760718
simulated_annealing,rastrigin,114,4200,54.42256862760718
simulated_annealing,rastrigin,114,4300,54.42256862760718
simulated_annealing,rastrigin,114,4400,54.42256862760718
simulated_annealing,rastrigin,114,4500,54.42256862760718
simulated_annealing,rastrigin,114,4600,54.42256862760718
simulated_annealing,rastrigin,114,4700,54.42256862760718
simulated_annealing,rastrigin,114,4800,54.42256862760718
simulated_annealing,rastrigin,114,4900,54.42256862760718
simulated_annealing,rastrigin,114,5000,54.42256862760718
simulated_annealing,rastrigin,114,5100,54.42256862760718
simulated_annealing,rastrigin,114,5200,54.42256862760718
simulated_annealing,rastrigin,114,5300,54.42256862760718
simulated_annealing,rastrigin,114,5400,54.42256862760718
simulated_annealing,rastrigin,114,5500,54.42256862760718
simulated_annealing,rastrigin,114,5600,54.42256862760718
simulated_annealing,rastrigin,114,5700,50.84433594375291
simulated_annealing,rastrigin,114,5800,50.84433594375291
simulated_annealing,rastrigin,114,5900,50.84433594375291
simulated_annealing,rastrigin,114,6000,50.84433594375291
simulated_annealing,rastrigin,114,6100,50.84433594375291
simulated_annealing,rastrigin,114,6200,50.84433594375291
simulated_annealing,rastrigin,114,6300,50.84433594375291
simulated_annealing,rastrigin,114,6400,50.84433594375291
simulated_annealing,rastrigin,114,6500,50.84433594375291
simulated_annealing,rastrigin,114,6600,50.84433594375291
simulated_annealing,rastrigin,114,6700,50.84433594375291
simulated_annealing,rastrigin,114,6800,50.84433594375291
simulated_annealing,rastrigin,114,6900,50.84433594375291
simulated_annealing,rastrigin,114,7000,50.84433594375291
simulated_annealing,rastrigin,114,7100,50.84433594375291
simulated_annealing,rastrigin,114,7200,50.84433594375291
simulated_annealing,rastrigin,114,7300,49.58100896107356
simulated_annealing,rastrigin,114,7400,49.58100896107356
simulated_annealing,rastrigin,114,7500,45.008786644893924
simulated_annealing,rastrigin,114,7600,45.008786644893924
simulated_annealing,rastrigin,114,7700,45.008786644893924
simulated_annealing,rastrigin,114,7800,45.008786644893924
simulated_annealing,rastrigin,114,7900,45.008786644893924
simulated_annealing,rastrigin,114,8000,45.008786644893924
simulated_annealing,rastrigin,114,8100,45.008786644893924
simulated_annealing,rastrigin,114,8200,45.008786644893924
simulated_annealing,rastrigin,114,8300,45.008786644893924
simulated_annealing,rastrigin,114,8400,45.008786644893924
simulated_annealing,rastrigin,114,8500,45.008786644893924
simulated_annealing,rastrigin,114,8600,45.008786644893924
simulated_annealing,rastrigin,114,8700,45.008786644893924
simulated_annealing,rastrigin,114,8800,45.008786644893924
simulated_annealing,rastrigin,114,8900,45.008786644893924
simulated_annealing,rastrigin,114,9000,45.008786644893924
simulated_annealing,rastrigin,114,9100,45.008786644893924
simulated_annealing,rastrigin,114,9200,45.008786644893924
simulated_annealing,rastrigin,114,9300,45.008786644893924
simulated_annealing,rastrigin,114,9400,45.008786644893924
simulated_annealing,rastrigin,114,9500,45.008786644893924
simulated_annealing,rastrigin,114,9600,45.008786644893924
simulated_annealing,rastrigin,114,9700,45.008786644893924
simulated_annealing,rastrigin,114,9800,45.008786644893924
simulated_annealing,rastrigin,114,9900,45.008786644893924
simulated_annealing,rastrigin,114,10000,45.008786644893924
simulated_annealing,rastrigin,114,10100,45.008786644893924
simulated_annealing,rastrigin,114,10200,45.008786644893924
simulated_annealing,rastrigin,114,10300,45.008786644893924
simulated_annealing,rastrigin,114,10400,45.008786644893924
simulated_annealing,rastrigin,114,10500,45.008786644893924
simulated_annealing,rastrigin,114,10600,45.008786644893924
simulated_annealing,rastrigin,114,10700,45.008786644893924
simulated_annealing,rastrigin,114,10800,45.008786644893924
simulated_annealing,rastrigin,114,10900,45.008786644893924
simulated_annealing,rastrigin,114,11000,45.008786644893924
simulated_annealing,rastrigin,114,11100,45.008786644893924
simulated_annealing,rastrigin,114,11200,45.008786644893924
simulated_annealing,rastrigin,114,11300,45.008786644893924
simulated_annealing,rastrigin,114,11400,45.008786644893924
simulated_annealing,rastrigin,114,11500,45.008786644893924
simulated_annealing,rastrigin,114,11600,45.008786644893924
simulated_annealing,rastrigin,114,11700,45.008786644893924
simulated_annealing,rastrigin,114,11800,45.008786644893924
simulated_annealing,rastrigin,114,11900,45.008786644893924
simulated_annealing,rastrigin,114,12000,45.008786644893924
simulated_annealing,rastrigin,114,12100,45.008786644893924
simulated_annealing,rastrigin,114,12200,45.008786644893924
simulated_annealing,rastrigin,114,12300,45.008786644893924
simulated_annealing,rastrigin,114,12400,45.008786644893924
simulated_annealing,rastrigin,114,12500,45.008786644893924
simulated_annealing,rastrigin,114,12600,45.008786644893924
simulated_annealing,rastrigin,114,12700,45.008786644893924
simulated_annealing,rastrigin,114,12800,45.008786644893924
simulated_annealing,rastrigin,114,12900,45.008786644893924
simulated_annealing,rastrigin,114,13000,45.008786644893924
simulated_annealing,rastrigin,114,13100,45.008786644893924
simulated_annealing,rastrigin,114,13200,45.008786644893924
simulated_annealing,rastrigin,114,13300,45.008786644893924
simulated_annealing,rastrigin,114,13400,45.008786644893924
simulated_annealing,rastrigin,114,13500,45.008786644893924
simulated_annealing,rastrigin,114,13600,45.008786644893924
simulated_annealing,rastrigin,114,13700,45.008786644893924
simulated_annealing,rastrigin,114,13800,45.008786644893924
simulated_annealing,rastrigin,114,13900,45.008786644893924
simulated_annealing,rastrigin,114,14000,45.008786644893924
simulated_annealing,rastrigin,114,14100,45.008786644893924
simulated_annealing,rastrigin,114,14200,45.008786644893924
simulated_annealing,rastrigin,114,14300,45.008786644893924
simulated_annealing,rastrigin,114,14400,45.008786644893924
simulated_annealing,rastrigin,114,14500,45.008786644893924
simulated_annealing,rastrigin,114,14600,45.008786644893924
simulated_annealing,rastrigin,114,14700,45.008786644893924
simulated_annealing,rastrigin,114,14800,45.008786644893924
simulated_annealing,rastrigin,114,14900,45.008786644893924
simulated_annealing,rastrigin,114,15000,45.008786644893924
simulated_annealing,rastrigin,114,15100,45.008786644893924
simulated_annealing,rastrigin,114,15200,45.008786644893924
simulated_annealing,rastrigin,114,15300,45.008786644893924
simulated_annealing,rastrigin,114,15400,45.008786644893924
simulated_annealing,rastrigin,114,15500,45.008786644893924
simulated_annealing,rastrigin,114,15600,45.008786644893924
simulated_annealing,rastrigin,114,15700,45.008786644893924
simulated_annealing,rastrigin,114,15800,45.008786644893924
simulated_annealing,rastrigin,114,15900,45.008786644893924
simulated_annealing,rastrigin,114,16000,45.008786644893924
simulated_annealing,rastrigin,114,16100,45.008786644893924
simulated_annealing,rastrigin,114,16200,45.008786644893924
simulated_annealing,rastrigin,114,16300,45.008786644893924
simulated_annealing,rastrigin,114,16400,45.008786644893924
simulated_annealing,rastrigin,114,16500,45.008786644893924
simulated_annealing,rastrigin,114,16600,45.008786644893924
simulated_annealing,rastrigin,114,16700,45.008786644893924
simulated_annealing,rastrigin,114,16800,45.008786644893924
simulated_annealing,rastrigin,114,16900,45.008786644893924
simulated_annealing,rastrigin,114,17000,45.008786644893924
simulated_annealing,rastrigin,114,17100,45.008786644893924
simulated_annealing,rastrigin,114,17200,45.008786644893924
simulated_annealing,rastrigin,114,17300,45.008786644893924
simulated_annealing,rastrigin,114,17400,45.008786644893924
simulated_annealing,rastrigin,114,17500,45.008786644893924
simulated_annealing,rastrigin,114,17600,45.008786644893924
simulated_annealing,rastrigin,114,17700,45.008786644893924
simulated_annealing,rastrigin,114,17800,45.008786644893924
simulated_annealing,rastrigin,114,17900,45.008786644893924
simulated_annealing,rastrigin,114,18000,45.008786644893924
simulated_annealing,rastrigin,114,18100,45.008786644893924
simulated_annealing,rastrigin,114,18200,45.008786644893924
simulated_annealing,rastrigin,114,18300,45.008786644893924
simulated_annealing,rastrigin,114,18400,45.008786644893924
simulated_annealing,rastrigin,114,18500,45.008786644893924
simulated_annealing,rastrigin,114,18600,45.008786644893924
simulated_annealing,rastrigin,114,18700,45.008786644893924
simulated_annealing,rastrigin,114,18800,45.008786644893924
simulated_annealing,rastrigin,114,18900,45.008786644893924
simulated_annealing,rastrigin,114,19000,45.008786644893924
simulated_annealing,rastrigin,114,19100,45.008786644893924
simulated_annealing,rastrigin,114,19200,45.008786644893924
simulated_annealing,rastrigin,114,19300,45.008786644893924
simulated_annealing,rastrigin,114,19400,45.008786644893924
simulated_annealing,rastrigin,114,19500,45.008786644893924
simulated_annealing,rastrigin,114,19600,45.008786644893924
simulated_annealing,rastrigin,114,19700,45.008786644893924
simulated_annealing,rastrigin,114,19800,45.008786644893924
simulated_annealing,rastrigin,114,19900,45.008786644893924
simulated_annealing,rastrigin,114,20000,45.008786644893924
simulated_annealing,rastrigin,115,100,103.96794444207868
simulated_annealing,rastrigin,115,200,103.96794444207868
simulated_annealing,rastrigin,115,300,80.59491122607969
simulated_annealing,rastrigin,115,400,80.59491122607969
simulated_annealing,rastrigin,115,500,70.04334223077689
simulated_annealing,rastrigin,115,600,68.59444950981216
simulated_annealing,rastrigin,115,700,68.59444950981216
simulated_annealing,rastrigin,115,800,68.59444950981216
simulated_annealing,rastrigin,115,900,44.9680979633274
simulated_annealing,rastrigin,115,1000,44.9680979633274
simulated_annealing,rastrigin,115,1100,44.9680979633274
simulated_annealing,rastrigin,115,1200,44.9680979633274
simulated_annealing,rastrigin,115,1300,44.9680979633274
simulated_annealing,rastrigin,115,1400,44.9680979633274
simulated_annealing,rastrigin,115,1500,44.9680979633274
simulated_annealing,rastrigin,115,1600,44.9680979633274
simulated_annealing,rastrigin,115,1700,44.9680979633274
simulated_annealing,rastrigin,115,1800,44.9680979633274
simulated_annealing,rastrigin,115,1900,44.9680979633274
simulated_annealing,rastrigin,115,2000,44.9680979633274
simulated_annealing,rastrigin,115,2100,44.9680979633274
simulated_annealing,rastrigin,115,2200,44.9680979633274
simulated_annealing,rastrigin,115,2300,39.51498847962876
simulated_annealing,rastrigin,115,2400,39.51498847962876
simulated_annealing,rastrigin,115,2500,39.51498847962876
simulated_annealing,rastrigin,115,2600,39.51498847962876
simulated_annealing,rastrigin,115,2700,39.51498847962876
simulated_annealing,rastrigin,115,2800,39.51498847962876
simulated_annealing,rastrigin,115,2900,39.51498847962876
simulated_annealing,rastrigin,115,3000,39.51498847962876
simulated_annealing,rastrigin,115,3100,39.51498847962876
simulated_annealing,rastrigin,115,3200,39.51498847962876
simulated_annealing,rastrigin,115,3300,39.51498847962876
simulated_annealing,rastrigin,115,3400,39.51498847962876
simulated_annealing,rastrigin,115,3500,39.51498847962876
simulated_annealing,rastrigin,115,3600,39.51498847962876
simulated_annealing,rastrigin,115,3700,39.51498847962876
simulated_annealing,rastrigin,115,3800,39.51498847962876
simulated_annealing,rastrigin,115,3900,39.51498847962876
simulated_annealing,rastrigin,115,4000,39.51498847962876
simulated_annealing,rastrigin,115,4100,39.51498847962876
simulated_annealing,rastrigin,115,4200,39.51498847962876
simulated_annealing,rastrigin,115,4300,39.51498847962876
simulated_annealing,rastrigin,115,4400,39.51498847962876
simulated_annealing,rastrigin,115,4500,39.51498847962876
simulated_annealing,rastrigin,115,4600,39.51498847962876
simulated_annealing,rastrigin,115,4700,39.51498847962876
simulated_annealing,rastrigin,115,4800,39.51498847962876
simulated_annealing,rastrigin,115,4900,39.51498847962876
simulated_annealing,rastrigin,115,5000,39.51498847962876
simulated_annealing,rastrigin,115,5100,39.51498847962876
simulated_annealing,rastrigin,115,5200,39.51498847962876
simulated_annealing,rastrigin,115,5300,39.51498847962876
simulated_annealing,rastrigin,115,5400,39.51498847962876
simulated_annealing,rastrigin,115,5500,39.51498847962876
simulated_annealing,rastrigin,115,5600,39.51498847962876
simulated_annealing,rastrigin,115,5700,39.51498847962876
simulated_annealing,rastrigin,115,5800,39.51498847962876
simulated_annealing,rastrigin,115,5900,39.51498847962876
simulated_annealing,rastrigin,115,6000,39.51498847962876
simulated_annealing,rastrigin,115,6100,39.51498847962876
simulated_annealing,rastrigin,115,6200,39.51498847962876
simulated_annealing,rastrigin,115,6300,39.51498847962876
simulated_annealing,rastrigin,115,6400,39.51498847962876
simulated_annealing,rastrigin,115,6500,39.51498847962876
simulated_annealing,rastrigin,115,6600,39.51498847962876
simulated_annealing,rastrigin,115,6700,39.51498847962876
simulated_annealing,rastrigin,115,6800,39.51498847962876
simulated_annealing,rastrigin,115,6900,39.51498847962876
simulated_annealing,rastrigin,115,7000,39.51498847962876
simulated_annealing,rastrigin,115,7100,39.51498847962876
simulated_annealing,rastrigin,115,7200,39.51498847962876
simulated_annealing,rastrigin,115,7300,39.51498847962876
simulated_annealing,rastrigin,115,7400,39.51498847962876
simulated_annealing,rastrigin,115,7500,39.51498847962876
simulated_annealing,rastrigin,115,7600,39.51498847962876
simulated_annealing,rastrigin,115,7700,39.51498847962876
simulated_annealing,rastrigin,115,7800,39.51498847962876
simulated_annealing,rastrigin,115,7900,39.51498847962876
simulated_annealing,rastrigin,115,8000,39.51498847962876
simulated_annealing,rastrigin,115,8100,39.51498847962876
simulated_annealing,rastrigin,115,8200,39.51498847962876
simulated_annealing,rastrigin,115,8300,39.51498847962876
simulated_annealing,rastrigin,115,8400,39.51498847962876
simulated_annealing,rastrigin,115,8500,39.51498847962876
simulated_annealing,rastrigin,115,8600,39.51498847962876
simulated_annealing,rastrigin,115,8700,39.51498847962876
simulated_annealing,rastrigin,115,8800,39.51498847962876
simulated_annealing,rastrigin,115,8900,39.51498847962876
simulated_annealing,rastrigin,115,9000,39.51498847962876
simulated_annealing,rastrigin,115,9100,39.51498847962876
simulated_annealing,rastrigin,115,9200,39.51498847962876
simulated_annealing,rastrigin,115,9300,39.51498847962876
simulated_annealing,rastrigin,115,9400,39.51498847962876
simulated_annealing,rastrigin,115,9500,39.51498847962876
simulated_annealing,rastrigin,115,9600,39.51498847962876
simulated_annealing,rastrigin,115,9700,39.51498847962876
simulated_annealing,rastrigin,115,9800,39.51498847962876
simulated_annealing,rastrigin,115,9900,39.51498847962876
simulated_annealing,rastrigin,115,10000,39.51498847962876
simulated_annealing,rastrigin,115,10100,39.51498847962876
simulated_annealing,rastrigin,115,10200,39.51498847962876
simulated_annealing,rastrigin,115,10300,39.51498847962876
simulated_annealing,rastrigin,115,10400,39.51498847962876
simulated_annealing,rastrigin,115,10500,39.51498847962876
simulated_annealing,rastrigin,115,10600,39.51498847962876
simulated_annealing,rastrigin,115,10700,39.51498847962876
simulated_annealing,rastrigin,115,10800,39.51498847962876
simulated_annealing,rastrigin,115,10900,39.51498847962876
simulated_annealing,rastrigin,115,11000,39.51498847962876
simulated_annealing,rastrigin,115,11100,39.51498847962876
simulated_annealing,rastrigin,115,11200,39.51498847962876
simulated_annealing,rastrigin,115,11300,39.51498847962876
simulated_annealing,rastrigin,115,11400,39.51498847962876
simulated_annealing,rastrigin,115,11500,39.51498847962876
simulated_annealing,rastrigin,115,11600,39.51498847962876
simulated_annealing,rastrigin,115,11700,39.51498847962876
simulated_annealing,rastrigin,115,11800,39.51498847962876
simulated_annealing,rastrigin,115,11900,39.51498847962876
simulated_annealing,rastrigin,115,12000,39.51498847962876
simulated_annealing,rastrigin,115,12100,39.51498847962876
simulated_annealing,rastrigin,115,12200,39.51498847962876
simulated_annealing,rastrigin,115,12300,39.51498847962876
simulated_annealing,rastrigin,115,12400,39.51498847962876
simulated_annealing,rastrigin,115,12500,39.51498847962876
simulated_annealing,rastrigin,115,12600,39.51498847962876
simulated_annealing,rastrigin,115,12700,39.51498847962876
simulated_annealing,rastrigin,115,12800,39.51498847962876
simulated_annealing,rastrigin,115,12900,39.51498847962876
simulated_annealing,rastrigin,115,13000,39.18586745767094
simulated_annealing,rastrigin,115,13100,39.18586745767094
simulated_annealing,rastrigin,115,13200,39.18586745767094
simulated_annealing,rastrigin,115,13300,39.18586745767094
simulated_annealing,rastrigin,115,13400,39.18586745767094
simulated_annealing,rastrigin,115,13500,39.18586745767094
simulated_annealing,rastrigin,115,13600,39.18586745767094
simulated_annealing,rastrigin,115,13700,39.18586745767094
simulated_annealing,rastrigin,115,13800,39.18586745767094
simulated_annealing,rastrigin,115,13900,39.18586745767094
simulated_annealing,rastrigin,115,14000,39.18586745767094
simulated_annealing,rastrigin,115,14100,39.18586745767094
simulated_annealing,rastrigin,115,14200,39.18586745767094
simulated_annealing,rastrigin,115,14300,39.18586745767094
simulated_annealing,rastrigin,115,14400,39.18586745767094
simulated_annealing,rastrigin,115,14500,39.18586745767094
simulated_annealing,rastrigin,115,14600,39.18586745767094
simulated_annealing,rastrigin,115,14700,39.18586745767094
simulated_annealing,rastrigin,115,14800,39.18586745767094
simulated_annealing,rastrigin,115,14900,39.18586745767094
simulated_annealing,rastrigin,115,15000,39.18586745767094
simulated_annealing,rastrigin,115,15100,39.18586745767094
simulated_annealing,rastrigin,115,15200,39.18586745767094
simulated_annealing,rastrigin,115,15300,39.18586745767094
simulated_annealing,rastrigin,115,15400,39.18586745767094
simulated_annealing,rastrigin,115,15500,39.18586745767094
simulated_annealing,rastrigin,115,15600,39.18586745767094
simulated_annealing,rastrigin,115,15700,39.18586745767094
simulated_annealing,rastrigin,115,15800,39.18586745767094
simulated_annealing,rastrigin,115,15900,39.18586745767094
simulated_annealing,rastrigin,115,16000,38.69700133426438
simulated_annealing,rastrigin,115,16100,38.69700133426438
simulated_annealing,rastrigin,115,16200,38.69700133426438
simulated_annealing,rastrigin,115,16300,38.69700133426438
simulated_annealing,rastrigin,115,16400,38.69700133426438
simulated_annealing,rastrigin,115,16500,38.69700133426438
simulated_annealing,rastrigin,115,16600,38.69700133426438
simulated_annealing,rastrigin,115,16700,38.69700133426438
simulated_annealing,rastrigin,115,16800,38.69700133426438
simulated_annealing,rastrigin,115,16900,38.69700133426438
simulated_annealing,rastrigin,115,17000,38.69700133426438
simulated_annealing,rastrigin,115,17100,38.69700133426438
simulated_annealing,rastrigin,115,17200,38.69700133426438
simulated_annealing,rastrigin,115,17300,38.69700133426438
simulated_annealing,rastrigin,115,17400,38.69700133426438
simulated_annealing,rastrigin,115,17500,38.69700133426438
simulated_annealing,rastrigin,115,17600,38.69700133426438
simulated_annealing,rastrigin,115,17700,38.69700133426438
simulated_annealing,rastrigin,115,17800,38.69700133426438
simulated_annealing,rastrigin,115,17900,38.69700133426438
simulated_annealing,rastrigin,115,18000,38.69700133426438
simulated_annealing,rastrigin,115,18100,38.69700133426438
simulated_annealing,rastrigin,115,18200,38.69700133426438
simulated_annealing,rastrigin,115,18300,38.69700133426438
simulated_annealing,rastrigin,115,18400,38.69700133426438
simulated_annealing,rastrigin,115,18500,38.69700133426438
simulated_annealing,rastrigin,115,18600,38.69700133426438
simulated_annealing,rastrigin,115,18700,38.69700133426438
simulated_annealing,rastrigin,115,18800,38.69700133426438
simulated_annealing,rastrigin,115,18900,38.69700133426438
simulated_annealing,rastrigin,115,19000,38.69700133426438
simulated_annealing,rastrigin,115,19100,38.69700133426438
simulated_annealing,rastrigin,115,19200,38.69700133426438
simulated_annealing,rastrigin,115,19300,38.69700133426438
simulated_annealing,rastrigin,115,19400,38.69700133426438
simulated_annealing,rastrigin,115,19500,38.69700133426438
simulated_annealing,rastrigin,115,19600,38.69700133426438
simulated_annealing,rastrigin,115,19700,38.69700133426438
simulated_annealing,rastrigin,115,19800,38.69700133426438
simulated_annealing,rastrigin,115,19900,38.69700133426438
simulated_annealing,rastrigin,115,20000,38.69700133426438
simulated_annealing,rastrigin,116,100,91.3120672820717
simulated_annealing,rastrigin,116,200,91.3120672820717
simulated_annealing,rastrigin,116,300,91.3120672820717
simulated_annealing,rastrigin,116,400,91.3120672820717
simulated_annealing,rastrigin,116,500,91.25789466359349
simulated_annealing,rastrigin,116,600,50.52513799318896
simulated_annealing,rastrigin,116,700,50.52513799318896
simulated_annealing,rastrigin,116,800,50.52513799318896
simulated_annealing,rastrigin,116,900,50.52513799318896
simulated_annealing,rastrigin,116,1000,50.52513799318896
simulated_annealing,rastrigin,116,1100,50.52513799318896
simulated_annealing,rastrigin,116,1200,45.72405304458618
simulated_annealing,rastrigin,116,1300,45.72405304458618
simulated_annealing,rastrigin,116,1400,45.72405304458618
simulated_annealing,rastrigin,116,1500,45.72405304458618
simulated_annealing,rastrigin,116,1600,45.72405304458618
simulated_annealing,rastrigin,116,1700,45.72405304458618
simulated_annealing,rastrigin,116,1800,45.72405304458618
simulated_annealing,rastrigin,116,1900,45.72405304458618
simulated_annealing,rastrigin,116,2000,45.72405304458618
simulated_annealing,rastrigin,116,2100,45.72405304458618
simulated_annealing,rastrigin,116,2200,45.72405304458618
simulated_annealing,rastrigin,116,2300,45.72405304458618
simulated_annealing,rastrigin,116,2400,34.784138380949216
simulated_annealing,rastrigin,116,2500,34.784138380949216
simulated_annealing,rastrigin,116,2600,34.784138380949216
simulated_annealing,rastrigin,116,2700,34.784138380949216
simulated_annealing,rastrigin,116,2800,34.784138380949216
simulated_annealing,rastrigin,116,2900,34.784138380949216
simulated_annealing,rastrigin,116,3000,34.784138380949216
simulated_annealing,rastrigin,116,3100,34.784138380949216
simulated_annealing,rastrigin,116,3200,34.784138380949216
simulated_annealing,rastrigin,116,3300,34.784138380949216
simulated_annealing,rastrigin,116,3400,34.784138380949216
simulated_annealing,rastrigin,116,3500,34.784138380949216
simulated_annealing,rastrigin,116,3600,34.784138380949216
simulated_annealing,rastrigin,116,3700,34.784138380949216
simulated_annealing,rastrigin,116,3800,34.784138380949216
simulated_annealing,rastrigin,116,3900,34.784138380949216
simulated_annealing,rastrigin,116,4000,34.784138380949216
simulated_annealing,rastrigin,116,4100,34.784138380949216
simulated_annealing,rastrigin,116,4200,34.784138380949216
simulated_annealing,rastrigin,116,4300,34.784138380949216
simulated_annealing,rastrigin,116,4400,34.784138380949216
simulated_annealing,rastrigin,116,4500,34.784138380949216
simulated_annealing,rastrigin,116,4600,34.784138380949216
simulated_annealing,rastrigin,116,4700,34.784138380949216
simulated_annealing,rastrigin,116,4800,34.784138380949216
simulated_annealing,rastrigin,116,4900,34.784138380949216
simulated_annealing,rastrigin,116,5000,34.784138380949216
simulated_annealing,rastrigin,116,5100,34.784138380949216
simulated_annealing,rastrigin,116,5200,34.784138380949216
simulated_annealing,rastrigin,116,5300,34.784138380949216
simulated_annealing,rastrigin,116,5400,34.784138380949216
simulated_annealing,rastrigin,116,5500,34.784138380949216
simulated_annealing,rastrigin,116,5600,34.784138380949216
simulated_annealing,rastrigin,116,5700,34.784138380949216
simulated_annealing,rastrigin,116,5800,34.784138380949216
simulated_annealing,rastrigin,116,5900,34.784138380949216
simulated_annealing,rastrigin,116,6000,34.784138380949216
simulated_annealing,rastrigin,116,6100,34.784138380949216
simulated_annealing,rastrigin,116,6200,34.784138380949216
simulated_annealing,rastrigin,116,6300,34.784138380949216
simulated_annealing,rastrigin,116,6400,34.784138380949216
simulated_annealing,rastrigin,116,6500,34.784138380949216
simulated_annealing,rastrigin,116,6600,34.784138380949216
simulated_annealing,rastrigin,116,6700,34.784138380949216
simulated_annealing,rastrigin,116,6800,34.784138380949216
simulated_annealing,rastrigin,116,6900,34.784138380949216
simulated_annealing,rastrigin,116,7000,34.784138380949216
simulated_annealing,rastrigin,116,7100,34.784138380949216
simulated_annealing,rastrigin,116,7200,34.784138380949216
simulated_annealing,rastrigin,116,7300,34.784138380949216
simulated_annealing,rastrigin,116,7400,34.784138380949216
simulated_annealing,rastrigin,116,7500,34.784138380949216
simulated_annealing,rastrigin,116,7600,34.784138380949216
simulated_annealing,rastrigin,116,7700,34.784138380949216
simulated_annealing,rastrigin,116,7800,34.784138380949216
simulated_annealing,rastrigin,116,7900,34.784138380949216
simulated_annealing,rastrigin,116,8000,34.784138380949216
simulated_annealing,rastrigin,116,8100,34.784138380949216
simulated_annealing,rastrigin,116,8200,34.784138380949216
simulated_annealing,rastrigin,116,8300,34.784138380949216
simulated_annealing,rastrigin,116,8400,34.784138380949216
simulated_annealing,rastrigin,116,8500,34.784138380949216
simulated_annealing,rastrigin,116,8600,34.784138380949216
simulated_annealing,rastrigin,116,8700,34.784138380949216
simulated_annealing,rastrigin,116,8800,34.784138380949216
simulated_annealing,rastrigin,116,8900,34.784138380949216
simulated_annealing,rastrigin,116,9000,34.784138380949216
simulated_annealing,rastrigin,116,9100,34.784138380949216
simulated_annealing,rastrigin,116,9200,34.784138380949216
simulated_annealing,rastrigin,116,9300,34.784138380949216
simulated_annealing,rastrigin,116,9400,34.784138380949216
simulated_annealing,rastrigin,116,9500,34.784138380949216
simulated_annealing,rastrigin,116,9600,34.784138380949216
simulated_annealing,rastrigin,116,9700,34.784138380949216
simulated_annealing,rastrigin,116,9800,34.784138380949216
simulated_annealing,rastrigin,116,9900,34.784138380949216
simulated_annealing,rastrigin,116,10000,34.784138380949216
simulated_annealing,rastrigin,116,10100,34.784138380949216
simulated_annealing,rastrigin,116,10200,34.784138380949216
simulated_annealing,rastrigin,116,10300,34.784138380949216
simulated_annealing,rastrigin,116,10400,34.784138380949216
simulated_annealing,rastrigin,116,10500,34.784138380949216
simulated_annealing,rastrigin,116,10600,34.784138380949216
simulated_annealing,rastrigin,116,10700,34.784138380949216
simulated_annealing,rastrigin,116,10800,34.784138380949216
simulated_annealing,rastrigin,116,10900,30.837490159982067
simulated_annealing,rastrigin,116,11000,30.837490159982067
simulated_annealing,rastrigin,116,11100,30.837490159982067
simulated_annealing,rastrigin,116,11200,30.837490159982067
simulated_annealing,rastrigin,116,11300,30.837490159982067
simulated_annealing,rastrigin,116,11400,30.837490159982067
simulated_annealing,rastrigin,116,11500,30.837490159982067
simulated_annealing,rastrigin,116,11600,30.837490159982067
simulated_annealing,rastrigin,116,11700,30.837490159982067
simulated_annealing,rastrigin,116,11800,30.837490159982067
simulated_annealing,rastrigin,116,11900,30.837490159982067
simulated_annealing,rastrigin,116,12000,30.837490159982067
simulated_annealing,rastrigin,116,12100,30.837490159982067
simulated_annealing,rastrigin,116,12200,30.837490159982067
simulated_annealing,rastrigin,116,12300,30.837490159982067
simulated_annealing,rastrigin,116,12400,30.837490159982067
simulated_annealing,rastrigin,116,12500,30.837490159982067
simulated_annealing,rastrigin,116,12600,30.837490159982067
simulated_annealing,rastrigin,116,12700,30.837490159982067
simulated_annealing,rastrigin,116,12800,30.837490159982067
simulated_annealing,rastrigin,116,12900,30.837490159982067
simulated_annealing,rastrigin,116,13000,30.837490159982067
simulated_annealing,rastrigin,116,13100,30.837490159982067
simulated_annealing,rastrigin,116,13200,30.837490159982067
simulated_annealing,rastrigin,116,13300,30.837490159982067
simulated_annealing,rastrigin,116,13400,30.837490159982067
simulated_annealing,rastrigin,116,13500,30.837490159982067
simulated_annealing,rastrigin,116,13600,30.837490159982067
simulated_annealing,rastrigin,116,13700,30.837490159982067
simulated_annealing,rastrigin,116,13800,30.837490159982067
simulated_annealing,rastrigin,116,13900,30.837490159982067
simulated_annealing,rastrigin,116,14000,30.837490159982067
simulated_annealing,rastrigin,116,14100,30.837490159982067
simulated_annealing,rastrigin,116,14200,30.837490159982067
simulated_annealing,rastrigin,116,14300,30.837490159982067
simulated_annealing,rastrigin,116,14400,30.837490159982067
simulated_annealing,rastrigin,116,14500,30.837490159982067
simulated_annealing,rastrigin,116,14600,30.837490159982067
simulated_annealing,rastrigin,116,14700,30.837490159982067
simulated_annealing,rastrigin,116,14800,30.837490159982067
simulated_annealing,rastrigin,116,14900,30.837490159982067
simulated_annealing,rastrigin,116,15000,30.837490159982067
simulated_annealing,rastrigin,116,15100,30.837490159982067
simulated_annealing,rastrigin,116,15200,30.837490159982067
simulated_annealing,rastrigin,116,15300,30.837490159982067
simulated_annealing,rastrigin,116,15400,30.837490159982067
simulated_annealing,rastrigin,116,15500,30.837490159982067
simulated_annealing,rastrigin,116,15600,30.837490159982067
simulated_annealing,rastrigin,116,15700,30.837490159982067
simulated_annealing,rastrigin,116,15800,30.837490159982067
simulated_annealing,rastrigin,116,15900,30.837490159982067
simulated_annealing,rastrigin,116,16000,30.837490159982067
simulated_annealing,rastrigin,116,16100,30.837490159982067
simulated_annealing,rastrigin,116,16200,30.837490159982067
simulated_annealing,rastrigin,116,16300,30.837490159982067
simulated_annealing,rastrigin,116,16400,30.837490159982067
simulated_annealing,rastrigin,116,16500,30.837490159982067
simulated_annealing,rastrigin,116,16600,30.837490159982067
simulated_annealing,rastrigin,116,16700,30.837490159982067
simulated_annealing,rastrigin,116,16800,30.837490159982067
simulated_annealing,rastrigin,116,16900,25.554825888064016
simulated_annealing,rastrigin,116,17000,25.554825888064016
simulated_annealing,rastrigin,116,17100,25.554825888064016
simulated_annealing,rastrigin,116,17200,25.554825888064016
simulated_annealing,rastrigin,116,17300,25.554825888064016
simulated_annealing,rastrigin,116,17400,25.554825888064016
simulated_annealing,rastrigin,116,17500,25.554825888064016
simulated_annealing,rastrigin,116,17600,25.554825888064016
simulated_annealing,rastrigin,116,17700,25.554825888064016
simulated_annealing,rastrigin,116,17800,25.554825888064016
simulated_annealing,rastrigin,116,17900,25.554825888064016
simulated_annealing,rastrigin,116,18000,25.554825888064016
simulated_annealing,rastrigin,116,18100,25.554825888064016
simulated_annealing,rastrigin,116,18200,25.554825888064016
simulated_annealing,rastrigin,116,18300,25.554825888064016
simulated_annealing,rastrigin,116,18400,25.554825888064016
simulated_annealing,rastrigin,116,18500,25.554825888064016
simulated_annealing,rastrigin,116,18600,25.554825888064016
simulated_annealing,rastrigin,116,18700,25.554825888064016
simulated_annealing,rastrigin,116,18800,25.554825888064016
simulated_annealing,rastrigin,116,18900,25.554825888064016
simulated_annealing,rastrigin,116,19000,25.554825888064016
simulated_annealing,rastrigin,116,19100,25.554825888064016
simulated_annealing,rastrigin,116,19200,25.554825888064016
simulated_annealing,rastrigin,116,19300,25.554825888064016
simulated_annealing,rastrigin,116,19400,25.554825888064016
simulated_annealing,rastrigin,116,19500,25.554825888064016
simulated_annealing,rastrigin,116,19600,25.554825888064016
simulated_annealing,rastrigin,116,19700,25.554825888064016
simulated_annealing,rastrigin,116,19800,25.554825888064016
simulated_annealing,rastrigin,116,19900,25.554825888064016
simulated_annealing,rastrigin,116,20000,25.554825888064016
simulated_annealing,rastrigin,117,100,130.44488907973937
simulated_annealing,rastrigin,117,200,90.78088978799806
simulated_annealing,rastrigin,117,300,90.78088978799806
simulated_annealing,rastrigin,117,400,90.78088978799806
simulated_annealing,rastrigin,117,500,90.78088978799806
simulated_annealing,rastrigin,117,600,90.78088978799806
simulated_annealing,rastrigin,117,700,86.78270257379035
simulated_annealing,rastrigin,117,800,73.01105327119949
simulated_annealing,rastrigin,117,900,70.14897742356342
simulated_annealing,rastrigin,117,1000,70.14897742356342
simulated_annealing,rastrigin,117,1100,70.14897742356342
simulated_annealing,rastrigin,117,1200,70.14897742356342
simulated_annealing,rastrigin,117,1300,64.55508586357702
simulated_annealing,rastrigin,117,1400,64.55508586357702
simulated_annealing,rastrigin,117,1500,52.651133035975214
simulated_annealing,rastrigin,117,1600,52.651133035975214
simulated_annealing,rastrigin,117,1700,52.651133035975214
simulated_annealing,rastrigin,117,1800,52.651133035975214
simulated_annealing,rastrigin,117,1900,52.651133035975214
simulated_annealing,rastrigin,117,2000,52.651133035975214
simulated_annealing,rastrigin,117,2100,52.651133035975214
simulated_annealing,rastrigin,117,2200,52.651133035975214
simulated_annealing,rastrigin,117,2300,52.651133035975214
simulated_annealing,rastrigin,117,2400,52.651133035975214
simulated_annealing,rastrigin,117,2500,52.651133035975214
simulated_annealing,rastrigin,117,2600,52.651133035975214
simulated_annealing,rastrigin,117,2700,52.651133035975214
simulated_annealing,rastrigin,117,2800,52.651133035975214
simulated_annealing,rastrigin,117,2900,52.651133035975214
simulated_annealing,rastrigin,117,3000,52.651133035975214
simulated_annealing,rastrigin,117,3100,52.651133035975214
simulated_annealing,rastrigin,117,3200,52.651133035975214
simulated_annealing,rastrigin,117,3300,52.651133035975214
simulated_annealing,rastrigin,117,3400,52.651133035975214
simulated_annealing,rastrigin,117,3500,52.651133035975214
simulated_annealing,rastrigin,117,3600,52.651133035975214
simulated_annealing,rastrigin,117,3700,52.651133035975214
simulated_annealing,rastrigin,117,3800,52.651133035975214
simulated_annealing,rastrigin,117,3900,52.651133035975214
simulated_annealing,rastrigin,117,4000,52.651133035975214
simulated_annealing,rastrigin,117,4100,52.651133035975214
simulated_annealing,rastrigin,117,4200,52.651133035975214
simulated_annealing,rastrigin,117,4300,52.651133035975214
simulated_annealing,rastrigin,117,4400,52.651133035975214
simulated_annealing,rastrigin,117,4500,52.651133035975214
simulated_annealing,rastrigin,117,4600,52.651133035975214
simulated_annealing,rastrigin,117,4700,52.651133035975214
simulated_annealing,rastrigin,117,4800,52.651133035975214
simulated_annealing,rastrigin,117,4900,52.651133035975214
simulated_annealing,rastrigin,117,5000,52.651133035975214
simulated_annealing,rastrigin,117,5100,52.651133035975214
simulated_annealing,rastrigin,117,5200,52.651133035975214
simulated_annealing,rastrigin,117,5300,52.651133035975214
simulated_annealing,rastrigin,117,5400,52.651133035975214
simulated_annealing,rastrigin,117,5500,52.651133035975214
simulated_annealing,rastrigin,117,5600,52.651133035975214
simulated_annealing,rastrigin,117,5700,52.651133035975214
simulated_annealing,rastrigin,117,5800,52.651133035975214
simulated_annealing,rastrigin,117,5900,52.651133035975214
simulated_annealing,rastrigin,117,6000,52.651133035975214
simulated_annealing,rastrigin,117,6100,52.651133035975214
simulated_annealing,rastrigin,117,6200,52.651133035975214
simulated_annealing,rastrigin,117,6300,52.651133035975214
simulated_annealing,rastrigin,117,6400,52.651133035975214
simulated_annealing,rastrigin,117,6500,52.651133035975214
simulated_annealing,rastrigin,117,6600,52.651133035975214
simulated_annealing,rastrigin,117,6700,52.651133035975214
simulated_annealing,rastrigin,117,6800,52.651133035975214
simulated_annealing,rastrigin,117,6900,52.651133035975214
simulated_annealing,rastrigin,117,7000,52.651133035975214
simulated_annealing,rastrigin,117,7100,52.651133035975214
simulated_annealing,rastrigin,117,7200,52.651133035975214
simulated_annealing,rastrigin,117,7300,52.651133035975214
simulated_annealing,rastrigin,117,7400,52.651133035975214
simulated_annealing,rastrigin,117,7500,52.651133035975214
simulated_annealing,rastrigin,117,7600,52.651133035975214
simulated_annealing,rastrigin,117,7700,52.651133035975214
simulated_annealing,rastrigin,117,7800,52.651133035975214
simulated_annealing,rastrigin,117,7900,52.651133035975214
simulated_annealing,rastrigin,117,8000,52.651133035975214
simulated_annealing,rastrigin,117,8100,52.651133035975214
simulated_annealing,rastrigin,117,8200,52.651133035975214
simulated_annealing,rastrigin,117,8300,52.651133035975214
simulated_annealing,rastrigin,117,8400,52.651133035975214
simulated_annealing,rastrigin,117,8500,52.651133035975214
simulated_annealing,rastrigin,117,8600,52.651133035975214
simulated_annealing,rastrigin,117,8700,52.651133035975214
simulated_annealing,rastrigin,117,8800,52.651133035975214
simulated_annealing,rastrigin,117,8900,52.651133035975214
simulated_annealing,rastrigin,117,9000,52.651133035975214
simulated_annealing,rastrigin,117,9100,52.651133035975214
simulated_annealing,rastrigin,117,9200,52.651133035975214
simulated_annealing,rastrigin,117,9300,52.651133035975214
simulated_annealing,rastrigin,117,9400,52.651133035975214
simulated_annealing,rastrigin,117,9500,52.57241975199645
simulated_annealing,rastrigin,117,9600,52.57241975199645
simulated_annealing,rastrigin,117,9700,52.57241975199645
simulated_annealing,rastrigin,117,9800,52.57241975199645
simulated_annealing,rastrigin,117,9900,52.57241975199645
simulated_annealing,rastrigin,117,10000,52.57241975199645
simulated_annealing,rastrigin,117,10100,52.57241975199645
simulated_annealing,rastrigin,117,10200,52.57241975199645
simulated_annealing,rastrigin,117,10300,52.57241975199645
simulated_annealing,rastrigin,117,10400,52.57241975199645
simulated_annealing,rastrigin,117,10500,52.57241975199645
simulated_annealing,rastrigin,117,10600,52.57241975199645
simulated_annealing,rastrigin,117,10700,52.57241975199645
simulated_annealing,rastrigin,117,10800,52.57241975199645
simulated_annealing,rastrigin,117,10900,52.57241975199645
simulated_annealing,rastrigin,117,11000,52.57241975199645
simulated_annealing,rastrigin,117,11100,52.57241975199645
simulated_annealing,rastrigin,117,11200,52.57241975199645
simulated_annealing,rastrigin,117,11300,52.57241975199645
simulated_annealing,rastrigin,117,11400,52.57241975199645
simulated_annealing,rastrigin,117,11500,52.57241975199645
simulated_annealing,rastrigin,117,11600,52.57241975199645
simulated_annealing,rastrigin,117,11700,52.57241975199645
simulated_annealing,rastrigin,117,11800,52.57241975199645
simulated_annealing,rastrigin,117,11900,52.57241975199645
simulated_annealing,rastrigin,117,12000,52.57241975199645
simulated_annealing,rastrigin,117,12100,52.57241975199645
simulated_annealing,rastrigin,117,12200,52.57241975199645
simulated_annealing,rastrigin,117,12300,52.57241975199645
simulated_annealing,rastrigin,117,12400,52.57241975199645
simulated_annealing,rastrigin,117,12500,52.57241975199645
simulated_annealing,rastrigin,117,12600,52.57241975199645
simulated_annealing,rastrigin,117,12700,52.57241975199645
simulated_annealing,rastrigin,117,12800,52.57241975199645
simulated_annealing,rastrigin,117,12900,52.57241975199645
simulated_annealing,rastrigin,117,13000,52.57241975199645
simulated_annealing,rastrigin,117,13100,52.57241975199645
simulated_annealing,rastrigin,117,13200,51.269405487916664
simulated_annealing,rastrigin,117,13300,51.269405487916664
simulated_annealing,rastrigin,117,13400,47.484186054071834
simulated_annealing,rastrigin,117,13500,47.484186054071834
simulated_annealing,rastrigin,117,13600,47.484186054071834
simulated_annealing,rastrigin,117,13700,47.484186054071834
simulated_annealing,rastrigin,117,13800,47.484186054071834
simulated_annealing,rastrigin,117,13900,47.484186054071834
simulated_annealing,rastrigin,117,14000,47.484186054071834
simulated_annealing,rastrigin,117,14100,47.484186054071834
simulated_annealing,rastrigin,117,14200,47.484186054071834
simulated_annealing,rastrigin,117,14300,47.484186054071834
simulated_annealing,rastrigin,117,14400,45.79020905129726
simulated_annealing,rastrigin,117,14500,45.79020905129726
simulated_annealing,rastrigin,117,14600,45.79020905129726
simulated_annealing,rastrigin,117,14700,45.79020905129726
simulated_annealing,rastrigin,117,14800,45.79020905129726
simulated_annealing,rastrigin,117,14900,45.79020905129726
simulated_annealing,rastrigin,117,15000,45.79020905129726
simulated_annealing,rastrigin,117,15100,45.79020905129726
simulated_annealing,rastrigin,117,15200,45.79020905129726
simulated_annealing,rastrigin,117,15300,45.79020905129726
simulated_annealing,rastrigin,117,15400,45.79020905129726
simulated_annealing,rastrigin,117,15500,45.79020905129726
simulated_annealing,rastrigin,117,15600,45.79020905129726
simulated_annealing,rastrigin,117,15700,45.79020905129726
simulated_annealing,rastrigin,117,15800,45.79020905129726
simulated_annealing,rastrigin,117,15900,45.79020905129726
simulated_annealing,rastrigin,117,16000,45.79020905129726
simulated_annealing,rastrigin,117,16100,45.79020905129726
simulated_annealing,rastrigin,117,16200,45.79020905129726
simulated_annealing,rastrigin,117,16300,45.79020905129726
simulated_annealing,rastrigin,117,16400,45.79020905129726
simulated_annealing,rastrigin,117,16500,45.79020905129726
simulated_annealing,rastrigin,117,16600,45.79020905129726
simulated_annealing,rastrigin,117,16700,45.79020905129726
simulated_annealing,rastrigin,117,16800,45.79020905129726
simulated_annealing,rastrigin,117,16900,43.93263099019092
simulated_annealing,rastrigin,117,17000,43.93263099019092
simulated_annealing,rastrigin,117,17100,43.93263099019092
simulated_annealing,rastrigin,117,17200,43.93263099019092
simulated_annealing,rastrigin,117,17300,43.93263099019092
simulated_annealing,rastrigin,117,17400,43.93263099019092
simulated_annealing,rastrigin,117,17500,43.93263099019092
simulated_annealing,rastrigin,117,17600,43.93263099019092
simulated_annealing,rastrigin,117,17700,43.93263099019092
simulated_annealing,rastrigin,117,17800,43.93263099019092
simulated_annealing,rastrigin,117,17900,43.93263099019092
simulated_annealing,rastrigin,117,18000,43.93263099019092
simulated_annealing,rastrigin,117,18100,43.93263099019092
simulated_annealing,rastrigin,117,18200,43.93263099019092
simulated_annealing,rastrigin,117,18300,43.93263099019092
simulated_annealing,rastrigin,117,18400,43.93263099019092
simulated_annealing,rastrigin,117,18500,43.93263099019092
simulated_annealing,rastrigin,117,18600,43.93263099019092
simulated_annealing,rastrigin,117,18700,43.93263099019092
simulated_annealing,rastrigin,117,18800,43.93263099019092
simulated_annealing,rastrigin,117,18900,43.93263099019092
simulated_annealing,rastrigin,117,19000,43.93263099019092
simulated_annealing,rastrigin,117,19100,43.93263099019092
simulated_annealing,rastrigin,117,19200,43.93263099019092
simulated_annealing,rastrigin,117,19300,43.93263099019092
simulated_annealing,rastrigin,117,19400,43.93263099019092
simulated_annealing,rastrigin,117,19500,43.93263099019092
simulated_annealing,rastrigin,117,19600,43.93263099019092
simulated_annealing,rastrigin,117,19700,43.93263099019092
simulated_annealing,rastrigin,117,19800,43.93263099019092
simulated_annealing,rastrigin,117,19900,43.93263099019092
simulated_annealing,rastrigin,117,20000,43.93263099019092
simulated_annealing,rastrigin,118,100,82.8742902031513
simulated_annealing,rastrigin,118,200,82.8742902031513
simulated_annealing,rastrigin,118,300,82.8742902031513
simulated_annealing,rastrigin,118,400,82.8742902031513
simulated_annealing,rastrigin,118,500,82.8742902031513
simulated_annealing,rastrigin,118,600,82.8742902031513
simulated_annealing,rastrigin,118,700,69.64107497363172
simulated_annealing,rastrigin,118,800,69.64107497363172
simulated_annealing,rastrigin,118,900,52.75433214248476
simulated_annealing,rastrigin,118,1000,52.75433214248476
simulated_annealing,rastrigin,118,1100,52.75433214248476
simulated_annealing,rastrigin,118,1200,52.75433214248476
simulated_annealing,rastrigin,118,1300,52.75433214248476
simulated_annealing,rastrigin,118,1400,52.75433214248476
simulated_annealing,rastrigin,118,1500,52.75433214248476
simulated_annealing,rastrigin,118,1600,52.75433214248476
simulated_annealing,rastrigin,118,1700,52.75433214248476
simulated_annealing,rastrigin,118,1800,52.75433214248476
simulated_annealing,rastrigin,118,1900,52.75433214248476
simulated_annealing,rastrigin,118,2000,52.75433214248476
simulated_annealing,rastrigin,118,2100,52.75433214248476
simulated_annealing,rastrigin,118,2200,52.75433214248476
simulated_annealing,rastrigin,118,2300,52.75433214248476
simulated_annealing,rastrigin,118,2400,52.75433214248476
simulated_annealing,rastrigin,118,2500,52.75433214248476
simulated_annealing,rastrigin,118,2600,52.75433214248476
simulated_annealing,rastrigin,118,2700,52.75433214248476
simulated_annealing,rastrigin,118,2800,52.75433214248476
simulated_annealing,rastrigin,118,2900,52.75433214248476
simulated_annealing,rastrigin,118,3000,52.75433214248476
simulated_annealing,rastrigin,118,3100,52.75433214248476
simulated_annealing,rastrigin,118,3200,52.75433214248476
simulated_annealing,rastrigin,118,3300,52.75433214248476
simulated_annealing,rastrigin,118,3400,52.75433214248476
simulated_annealing,rastrigin,118,3500,52.75433214248476
simulated_annealing,rastrigin,118,3600,52.75433214248476
simulated_annealing,rastrigin,118,3700,52.75433214248476
simulated_annealing,rastrigin,118,3800,52.75433214248476
simulated_annealing,rastrigin,118,3900,52.75433214248476
simulated_annealing,rastrigin,118,4000,52.75433214248476
simulated_annealing,rastrigin,118,4100,52.75433214248476
simulated_annealing,rastrigin,118,4200,52.75433214248476
simulated_annealing,rastrigin,118,4300,52.75433214248476
simulated_annealing,rastrigin,118,4400,52.75433214248476
simulated_annealing,rastrigin,118,4500,52.75433214248476
simulated_annealing,rastrigin,118,4600,52.75433214248476
simulated_annealing,rastrigin,118,4700,52.75433214248476
simulated_annealing,rastrigin,118,4800,52.75433214248476
simulated_annealing,rastrigin,118,4900,52.75433214248476
simulated_annealing,rastrigin,118,5000,52.75433214248476
simulated_annealing,rastrigin,118,5100,52.75433214248476
simulated_annealing,rastrigin,118,5200,52.75433214248476
simulated_annealing,rastrigin,118,5300,52.75433214248476
simulated_annealing,rastrigin,118,5400,52.75433214248476
simulated_annealing,rastrigin,118,5500,52.75433214248476
simulated_annealing,rastrigin,118,5600,52.75433214248476
simulated_annealing,rastrigin,118,5700,52.75433214248476
simulated_annealing,rastrigin,118,5800,52.75433214248476
simulated_annealing,rastrigin,118,5900,52.75433214248476
simulated_annealing,rastrigin,118,6000,52.75433214248476
simulated_annealing,rastrigin,118,6100,52.75433214248476
simulated_annealing,rastrigin,118,6200,52.75433214248476
simulated_annealing,rastrigin,118,6300,52.75433214248476
simulated_annealing,rastrigin,118,6400,52.75433214248476
simulated_annealing,rastrigin,118,6500,52.75433214248476
simulated_annealing,rastrigin,118,6600,52.75433214248476
simulated_annealing,rastrigin,118,6700,52.75433214248476
simulated_annealing,rastrigin,118,6800,52.75433214248476
simulated_annealing,rastrigin,118,6900,52.75433214248476
simulated_annealing,rastrigin,118,7000,52.75433214248476
simulated_annealing,rastrigin,118,7100,52.75433214248476
simulated_annealing,rastrigin,118,7200,52.75433214248476
simulated_annealing,rastrigin,118,7300,52.75433214248476
simulated_annealing,rastrigin,118,7400,52.75433214248476
simulated_annealing,rastrigin,118,7500,52.75433214248476
simulated_annealing,rastrigin,118,7600,52.75433214248476
simulated_annealing,rastrigin,118,7700,52.75433214248476
simulated_annealing,rastrigin,118,7800,52.75433214248476
simulated_annealing,rastrigin,118,7900,52.75433214248476
simulated_annealing,rastrigin,118,8000,52.75433214248476
simulated_annealing,rastrigin,118,8100,52.75433214248476
simulated_annealing,rastrigin,118,8200,52.75433214248476
simulated_annealing,rastrigin,118,8300,51.30883944052901
simulated_annealing,rastrigin,118,8400,51.30883944052901
simulated_annealing,rastrigin,118,8500,51.30883944052901
simulated_annealing,rastrigin,118,8600,51.30883944052901
simulated_annealing,rastrigin,118,8700,51.30883944052901
simulated_annealing,rastrigin,118,8800,51.30883944052901
simulated_annealing,rastrigin,118,8900,51.30883944052901
simulated_annealing,rastrigin,118,9000,51.30883944052901
simulated_annealing,rastrigin,118,9100,50.668489407679616
simulated_annealing,rastrigin,118,9200,50.668489407679616
simulated_annealing,rastrigin,118,9300,50.668489407679616
simulated_annealing,rastrigin,118,9400,50.668489407679616
simulated_annealing,rastrigin,118,9500,50.668489407679616
simulated_annealing,rastrigin,118,9600,50.668489407679616
simulated_annealing,rastrigin,118,9700,50.668489407679616
simulated_annealing,rastrigin,118,9800,50.668489407679616
simulated_annealing,rastrigin,118,9900,50.668489407679616
simulated_annealing,rastrigin,118,10000,50.668489407679616
simulated_annealing,rastrigin,118,10100,50.668489407679616
simulated_annealing,rastrigin,118,10200,50.668489407679616
simulated_annealing,rastrigin,118,10300,50.668489407679616
simulated_annealing,rastrigin,118,10400,50.668489407679616
simulated_annealing,rastrigin,118,10500,50.668489407679616
simulated_annealing,rastrigin,118,10600,50.668489407679616
simulated_annealing,rastrigin,118,10700,50.668489407679616
simulated_annealing,rastrigin,118,10800,50.668489407679616
simulated_annealing,rastrigin,118,10900,50.668489407679616
simulated_annealing,rastrigin,118,11000,50.668489407679616
simulated_annealing,rastrigin,118,11100,50.668489407679616
simulated_annealing,rastrigin,118,11200,50.668489407679616
simulated_annealing,rastrigin,118,11300,50.668489407679616
simulated_annealing,rastrigin,118,11400,50.668489407679616
simulated_annealing,rastrigin,118,11500,50.668489407679616
simulated_annealing,rastrigin,118,11600,50.668489407679616
simulated_annealing,rastrigin,118,11700,50.668489407679616
simulated_annealing,rastrigin,118,11800,50.668489407679616
simulated_annealing,rastrigin,118,11900,50.668489407679616
simulated_annealing,rastrigin,118,12000,50.668489407679616
simulated_annealing,rastrigin,118,12100,50.668489407679616
simulated_annealing,rastrigin,118,12200,50.668489407679616
simulated_annealing,rastrigin,118,12300,50.668489407679616
simulated_annealing,rastrigin,118,12400,50.485758675929965
simulated_annealing,rastrigin,118,12500,50.485758675929965
simulated_annealing,rastrigin,118,12600,47.19968829339601
simulated_annealing,rastrigin,118,12700,47.19968829339601
simulated_annealing,rastrigin,118,12800,47.19968829339601
simulated_annealing,rastrigin,118,12900,47.19968829339601
simulated_annealing,rastrigin,118,13000,47.19968829339601
simulated_annealing,rastrigin,118,13100,47.19968829339601
simulated_annealing,rastrigin,118,13200,47.19968829339601
simulated_annealing,rastrigin,118,13300,47.19968829339601
simulated_annealing,rastrigin,118,13400,47.19968829339601
simulated_annealing,rastrigin,118,13500,47.19968829339601
simulated_annealing,rastrigin,118,13600,47.19968829339601
simulated_annealing,rastrigin,118,13700,47.19968829339601
simulated_annealing,rastrigin,118,13800,28.994929536050563
simulated_annealing,rastrigin,118,13900,28.994929536050563
simulated_annealing,rastrigin,118,14000,28.994929536050563
simulated_annealing,rastrigin,118,14100,28.994929536050563
simulated_annealing,rastrigin,118,14200,28.994929536050563
simulated_annealing,rastrigin,118,14300,28.994929536050563
simulated_annealing,rastrigin,118,14400,28.994929536050563
simulated_annealing,rastrigin,118,14500,28.994929536050563
simulated_annealing,rastrigin,118,14600,28.994929536050563
simulated_annealing,rastrigin,118,14700,28.994929536050563
simulated_annealing,rastrigin,118,14800,28.994929536050563
simulated_annealing,rastrigin,118,14900,28.994929536050563
simulated_annealing,rastrigin,118,15000,28.994929536050563
simulated_annealing,rastrigin,118,15100,28.994929536050563
simulated_annealing,rastrigin,118,15200,28.994929536050563
simulated_annealing,rastrigin,118,15300,28.994929536050563
simulated_annealing,rastrigin,118,15400,28.994929536050563
simulated_annealing,rastrigin,118,15500,28.994929536050563
simulated_annealing,rastrigin,118,15600,28.994929536050563
simulated_annealing,rastrigin,118,15700,28.994929536050563
simulated_annealing,rastrigin,118,15800,28.994929536050563
simulated_annealing,rastrigin,118,15900,28.994929536050563
simulated_annealing,rastrigin,118,16000,28.994929536050563
simulated_annealing,rastrigin,118,16100,28.994929536050563
simulated_annealing,rastrigin,118,16200,28.994929536050563
simulated_annealing,rastrigin,118,16300,28.994929536050563
simulated_annealing,rastrigin,118,16400,28.994929536050563
simulated_annealing,rastrigin,118,16500,28.994929536050563
simulated_annealing,rastrigin,118,16600,28.994929536050563
simulated_annealing,rastrigin,118,16700,28.994929536050563
simulated_annealing,rastrigin,118,16800,28.994929536050563
simulated_annealing,rastrigin,118,16900,28.994929536050563
simulated_annealing,rastrigin,118,17000,28.994929536050563
simulated_annealing,rastrigin,118,17100,28.994929536050563
simulated_annealing,rastrigin,118,17200,28.994929536050563
simulated_annealing,rastrigin,118,17300,28.994929536050563
simulated_annealing,rastrigin,118,17400,28.994929536050563
simulated_annealing,rastrigin,118,17500,28.994929536050563
simulated_annealing,rastrigin,118,17600,28.994929536050563
simulated_annealing,rastrigin,118,17700,28.994929536050563
simulated_annealing,rastrigin,118,17800,28.994929536050563
simulated_annealing,rastrigin,118,17900,28.994929536050563
simulated_annealing,rastrigin,118,18000,28.994929536050563
simulated_annealing,rastrigin,118,18100,28.994929536050563
simulated_annealing,rastrigin,118,18200,28.994929536050563
simulated_annealing,rastrigin,118,18300,28.994929536050563
simulated_annealing,rastrigin,118,18400,28.994929536050563
simulated_annealing,rastrigin,118,18500,28.994929536050563
simulated_annealing,rastrigin,118,18600,28.994929536050563
simulated_annealing,rastrigin,118,18700,28.994929536050563
simulated_annealing,rastrigin,118,18800,28.994929536050563
simulated_annealing,rastrigin,118,18900,28.994929536050563
simulated_annealing,rastrigin,118,19000,28.994929536050563
simulated_annealing,rastrigin,118,19100,28.994929536050563
simulated_annealing,rastrigin,118,19200,28.994929536050563
simulated_annealing,rastrigin,118,19300,28.994929536050563
simulated_annealing,rastrigin,118,19400,28.994929536050563
simulated_annealing,rastrigin,118,19500,28.994929536050563
simulated_annealing,rastrigin,118,19600,28.994929536050563
simulated_annealing,rastrigin,118,19700,28.994929536050563
simulated_annealing,rastrigin,118,19800,28.994929536050563
simulated_annealing,rastrigin,118,19900,28.994929536050563
simulated_annealing,rastrigin,118,20000,28.994929536050563
simulated_annealing,rastrigin,119,100,83.4505125728119
simulated_annealing,rastrigin,119,200,83.4505125728119
simulated_annealing,rastrigin,119,300,83.4505125728119
simulated_annealing,rastrigin,119,400,83.4505125728119
simulated_annealing,rastrigin,119,500,83.4505125728119
simulated_annealing,rastrigin,119,600,83.4505125728119
simulated_annealing,rastrigin,119,700,83.40307533378798
simulated_annealing,rastrigin,119,800,83.40307533378798
simulated_annealing,rastrigin,119,900,83.40307533378798
simulated_annealing,rastrigin,119,1000,83.40307533378798
simulated_annealing,rastrigin,119,1100,83.40307533378798
simulated_annealing,rastrigin,119,1200,83.40307533378798
simulated_annealing,rastrigin,119,1300,83.40307533378798
simulated_annealing,rastrigin,119,1400,73.68791957397683
simulated_annealing,rastrigin,119,1500,64.62042558752401
simulated_annealing,rastrigin,119,1600,64.62042558752401
simulated_annealing,rastrigin,119,1700,64.62042558752401
simulated_annealing,rastrigin,119,1800,61.62653729911605
simulated_annealing,rastrigin,119,1900,55.77332006268826
simulated_annealing,rastrigin,119,2000,55.77332006268826
simulated_annealing,rastrigin,119,2100,55.77332006268826
simulated_annealing,rastrigin,119,2200,55.77332006268826
simulated_annealing,rastrigin,119,2300,54.039004578232216
simulated_annealing,rastrigin,119,2400,54.039004578232216
simulated_annealing,rastrigin,119,2500,54.039004578232216
simulated_annealing,rastrigin,119,2600,54.039004578232216
simulated_annealing,rastrigin,119,2700,54.039004578232216
simulated_annealing,rastrigin,119,2800,54.039004578232216
simulated_annealing,rastrigin,119,2900,53.1113895602878
simulated_annealing,rastrigin,119,3000,53.1113895602878
simulated_annealing,rastrigin,119,3100,53.1113895602878
simulated_annealing,rastrigin,119,3200,53.1113895602878
simulated_annealing,rastrigin,119,3300,53.1113895602878
simulated_annealing,rastrigin,119,3400,53.1113895602878
simulated_annealing,rastrigin,119,3500,53.1113895602878
simulated_annealing,rastrigin,119,3600,53.1113895602878
simulated_annealing,rastrigin,119,3700,53.1113895602878
simulated_annealing,rastrigin,119,3800,53.1113895602878
simulated_annealing,rastrigin,119,3900,53.1113895602878
simulated_annealing,rastrigin,119,4000,53.1113895602878
simulated_annealing,rastrigin,119,4100,53.1113895602878
simulated_annealing,rastrigin,119,4200,53.1113895602878
simulated_annealing,rastrigin,119,4300,53.1113895602878
simulated_annealing,rastrigin,119,4400,53.1113895602878
simulated_annealing,rastrigin,119,4500,53.1113895602878
simulated_annealing,rastrigin,119,4600,53.1113895602878
simulated_annealing,rastrigin,119,4700,53.1113895602878
simulated_annealing,rastrigin,119,4800,53.1113895602878
simulated_annealing,rastrigin,119,4900,53.1113895602878
simulated_annealing,rastrigin,119,5000,53.1113895602878
simulated_annealing,rastrigin,119,5100,53.1113895602878
simulated_annealing,rastrigin,119,5200,53.1113895602878
simulated_annealing,rastrigin,119,5300,53.1113895602878
simulated_annealing,rastrigin,119,5400,53.1113895602878
simulated_annealing,rastrigin,119,5500,53.1113895602878
simulated_annealing,rastrigin,119,5600,53.1113895602878
simulated_annealing,rastrigin,119,5700,53.1113895602878
simulated_annealing,rastrigin,119,5800,53.1113895602878
simulated_annealing,rastrigin,119,5900,53.1113895602878
simulated_annealing,rastrigin,119,6000,53.1113895602878
simulated_annealing,rastrigin,119,6100,53.1113895602878
simulated_annealing,rastrigin,119,6200,53.1113895602878
simulated_annealing,rastrigin,119,6300,53.1113895602878
simulated_annealing,rastrigin,119,6400,53.1113895602878
simulated_annealing,rastrigin,119,6500,53.1113895602878
simulated_annealing,rastrigin,119,6600,53.1113895602878
simulated_annealing,rastrigin,119,6700,53.1113895602878
simulated_annealing,rastrigin,119,6800,53.1113895602878
simulated_annealing,rastrigin,119,6900,53.1113895602878
simulated_annealing,rastrigin,119,7000,53.1113895602878
simulated_annealing,rastrigin,119,7100,53.1113895602878
simulated_annealing,rastrigin,119,7200,53.1113895602878
simulated_annealing,rastrigin,119,7300,53.1113895602878
simulated_annealing,rastrigin,119,7400,53.1113895602878
simulated_annealing,rastrigin,119,7500,53.1113895602878
simulated_annealing,rastrigin,119,7600,53.1113895602878
simulated_annealing,rastrigin,119,7700,53.1113895602878
simulated_annealing,rastrigin,119,7800,53.1113895602878
simulated_annealing,rastrigin,119,7900,53.1113895602878
simulated_annealing,rastrigin,119,8000,53.1113895602878
simulated_annealing,rastrigin,119,8100,53.1113895602878
simulated_annealing,rastrigin,119,8200,53.1113895602878
simulated_annealing,rastrigin,119,8300,53.1113895602878
simulated_annealing,rastrigin,119,8400,53.1113895602878
simulated_annealing,rastrigin,119,8500,53.1113895602878
simulated_annealing,rastrigin,119,8600,53.1113895602878
simulated_annealing,rastrigin,119,8700,53.1113895602878
simulated_annealing,rastrigin,119,8800,53.1113895602878
simulated_annealing,rastrigin,119,8900,53.1113895602878
simulated_annealing,rastrigin,119,9000,53.1113895602878
simulated_annealing,rastrigin,119,9100,53.1113895602878
simulated_annealing,rastrigin,119,9200,53.1113895602878
simulated_annealing,rastrigin,119,9300,53.1113895602878
simulated_annealing,rastrigin,119,9400,53.1113895602878
simulated_annealing,rastrigin,119,9500,53.1113895602878
simulated_annealing,rastrigin,119,9600,53.1113895602878
simulated_annealing,rastrigin,119,9700,53.1113895602878
simulated_annealing,rastrigin,119,9800,53.1113895602878
simulated_annealing,rastrigin,119,9900,53.1113895602878
simulated_annealing,rastrigin,119,10000,53.1113895602878
simulated_annealing,rastrigin,119,10100,53.1113895602878
simulated_annealing,rastrigin,119,10200,53.1113895602878
simulated_annealing,rastrigin,119,10300,53.1113895602878
simulated_annealing,rastrigin,119,10400,53.1113895602878
simulated_annealing,rastrigin,119,10500,53.1113895602878
simulated_annealing,rastrigin,119,10600,53.1113895602878
simulated_annealing,rastrigin,119,10700,53.1113895602878
simulated_annealing,rastrigin,119,10800,53.1113895602878
simulated_annealing,rastrigin,119,10900,53.1113895602878
simulated_annealing,rastrigin,119,11000,53.1113895602878
simulated_annealing,rastrigin,119,11100,53.1113895602878
simulated_annealing,rastrigin,119,11200,53.1113895602878
simulated_annealing,rastrigin,119,11300,53.1113895602878
simulated_annealing,rastrigin,119,11400,53.1113895602878
simulated_annealing,rastrigin,119,11500,53.1113895602878
simulated_annealing,rastrigin,119,11600,53.1113895602878
simulated_annealing,rastrigin,119,11700,53.1113895602878
simulated_annealing,rastrigin,119,11800,53.1113895602878
simulated_annealing,rastrigin,119,11900,53.1113895602878
simulated_annealing,rastrigin,119,12000,53.1113895602878
simulated_annealing,rastrigin,119,12100,53.1113895602878
simulated_annealing,rastrigin,119,12200,53.1113895602878
simulated_annealing,rastrigin,119,12300,53.1113895602878
simulated_annealing,rastrigin,119,12400,53.1113895602878
simulated_annealing,rastrigin,119,12500,53.1113895602878
simulated_annealing,rastrigin,119,12600,53.1113895602878
simulated_annealing,rastrigin,119,12700,53.1113895602878
simulated_annealing,rastrigin,119,12800,53.1113895602878
simulated_annealing,rastrigin,119,12900,53.1113895602878
simulated_annealing,rastrigin,119,13000,53.1113895602878
simulated_annealing,rastrigin,119,13100,53.1113895602878
simulated_annealing,rastrigin,119,13200,53.1113895602878
simulated_annealing,rastrigin,119,13300,53.1113895602878
simulated_annealing,rastrigin,119,13400,53.1113895602878
simulated_annealing,rastrigin,119,13500,53.1113895602878
simulated_annealing,rastrigin,119,13600,53.1113895602878
simulated_annealing,rastrigin,119,13700,53.1113895602878
simulated_annealing,rastrigin,119,13800,53.1113895602878
simulated_annealing,rastrigin,119,13900,53.1113895602878
simulated_annealing,rastrigin,119,14000,53.1113895602878
simulated_annealing,rastrigin,119,14100,53.1113895602878
simulated_annealing,rastrigin,119,14200,53.1113895602878
simulated_annealing,rastrigin,119,14300,53.1113895602878
simulated_annealing,rastrigin,119,14400,53.1113895602878
simulated_annealing,rastrigin,119,14500,53.1113895602878
simulated_annealing,rastrigin,119,14600,53.1113895602878
simulated_annealing,rastrigin,119,14700,53.1113895602878
simulated_annealing,rastrigin,119,14800,53.1113895602878
simulated_annealing,rastrigin,119,14900,53.1113895602878
simulated_annealing,rastrigin,119,15000,53.1113895602878
simulated_annealing,rastrigin,119,15100,53.1113895602878
simulated_annealing,rastrigin,119,15200,53.1113895602878
simulated_annealing,rastrigin,119,15300,53.1113895602878
simulated_annealing,rastrigin,119,15400,53.1113895602878
simulated_annealing,rastrigin,119,15500,53.1113895602878
simulated_annealing,rastrigin,119,15600,53.1113895602878
simulated_annealing,rastrigin,119,15700,53.1113895602878
simulated_annealing,rastrigin,119,15800,53.1113895602878
simulated_annealing,rastrigin,119,15900,53.1113895602878
simulated_annealing,rastrigin,119,16000,53.1113895602878
simulated_annealing,rastrigin,119,16100,53.1113895602878
simulated_annealing,rastrigin,119,16200,53.1113895602878
simulated_annealing,rastrigin,119,16300,53.1113895602878
simulated_annealing,rastrigin,119,16400,53.1113895602878
simulated_annealing,rastrigin,119,16500,53.1113895602878
simulated_annealing,rastrigin,119,16600,53.1113895602878
simulated_annealing,rastrigin,119,16700,53.1113895602878
simulated_annealing,rastrigin,119,16800,53.1113895602878
simulated_annealing,rastrigin,119,16900,53.1113895602878
simulated_annealing,rastrigin,119,17000,53.1113895602878
simulated_annealing,rastrigin,119,17100,53.1113895602878
simulated_annealing,rastrigin,119,17200,53.1113895602878
simulated_annealing,rastrigin,119,17300,53.1113895602878
simulated_annealing,rastrigin,119,17400,53.1113895602878
simulated_annealing,rastrigin,119,17500,53.1113895602878
simulated_annealing,rastrigin,119,17600,53.1113895602878
simulated_annealing,rastrigin,119,17700,53.1113895602878
simulated_annealing,rastrigin,119,17800,53.1113895602878
simulated_annealing,rastrigin,119,17900,53.1113895602878
simulated_annealing,rastrigin,119,18000,53.1113895602878
simulated_annealing,rastrigin,119,18100,53.1113895602878
simulated_annealing,rastrigin,119,18200,53.1113895602878
simulated_annealing,rastrigin,119,18300,53.1113895602878
simulated_annealing,rastrigin,119,18400,53.1113895602878
simulated_annealing,rastrigin,119,18500,53.1113895602878
simulated_annealing,rastrigin,119,18600,53.1113895602878
simulated_annealing,rastrigin,119,18700,53.1113895602878
simulated_annealing,rastrigin,119,18800,53.1113895602878
simulated_annealing,rastrigin,119,18900,53.1113895602878
simulated_annealing,rastrigin,119,19000,53.1113895602878
simulated_annealing,rastrigin,119,19100,53.1113895602878
simulated_annealing,rastrigin,119,19200,53.1113895602878
simulated_annealing,rastrigin,119,19300,53.1113895602878
simulated_annealing,rastrigin,119,19400,53.1113895602878
simulated_annealing,rastrigin,119,19500,53.1113895602878
simulated_annealing,rastrigin,119,19600,53.1113895602878
simulated_annealing,rastrigin,119,19700,53.1113895602878
simulated_annealing,rastrigin,119,19800,53.1113895602878
simulated_annealing,rastrigin,119,19900,53.1113895602878
simulated_annealing,rastrigin,119,20000,53.1113895602878
